# Blender 5.1.2
# www.blender.org
mtllib MaxwellHighRes.mtl
o Maxwell
v 0.215289 0.491815 -0.319960
v 0.235996 0.355984 -0.414054
v 0.251061 0.425327 -0.224059
v 0.006356 0.052127 0.329701
v 0.018407 0.015498 0.302287
v -0.059461 0.031058 0.343981
v -0.091942 0.410721 0.463494
v -0.018693 0.423872 0.467835
v -0.048410 0.361301 0.415142
v 0.008813 0.363780 0.417436
v 0.149845 -0.004610 -0.133074
v 0.197273 -0.008890 0.007931
v 0.250615 0.018007 -0.064108
v 0.028972 -0.015310 0.038227
v -0.143202 -0.016973 -0.069895
v -0.139750 -0.022563 0.084083
v -0.115927 -0.010616 0.237580
v 0.179612 -0.002187 0.190144
v 0.059724 -0.002450 0.232542
v 0.245873 0.015025 0.141290
v 0.222569 0.036192 0.254345
v 0.173530 0.041547 0.303944
v 0.109094 0.038905 0.320375
v 0.062324 0.041085 0.327448
v 0.257897 0.345368 -0.192768
v 0.258223 0.409458 -0.010551
v 0.256007 0.330637 -0.000220
v 0.236343 0.368572 0.134663
v 0.243495 0.329732 0.163046
v 0.101201 0.659679 0.314222
v 0.045758 0.672061 0.339889
v 0.031730 0.664024 0.274471
v 0.116314 0.672136 0.347359
v 0.163968 0.671355 0.321273
v 0.220725 0.681949 0.330947
v 0.169165 0.650534 0.353993
v 0.082202 0.645584 0.374222
v 0.043153 0.627630 0.397963
v 0.134884 0.617706 0.364338
v 0.126021 0.577928 0.382167
v 0.182528 0.585419 0.334315
v 0.193967 0.630722 0.338601
v 0.175157 0.532580 0.353056
v 0.087228 0.572131 0.415779
v 0.136981 0.522295 0.394138
v 0.051145 0.537356 0.460053
v 0.135080 0.480025 0.402068
v 0.076967 0.482419 0.454768
v 0.031329 0.582479 0.448952
v 0.001837 0.652943 0.360187
v -0.027408 0.613068 0.423324
v 0.018235 0.610398 0.429561
v -0.005803 0.669259 0.310889
v 0.024494 0.673531 0.296807
v -0.008751 0.661651 0.250975
v -0.000593 0.562016 0.456780
v -0.050089 0.640047 0.372689
v 0.038329 0.501242 0.475318
v -0.004638 0.516335 0.475987
v 0.051595 0.449459 0.465708
v 0.092444 0.444337 0.438998
v -0.010606 0.482628 0.484568
v -0.092086 0.481446 0.478564
v -0.145881 0.482994 0.463947
v -0.127602 0.397219 0.440030
v -0.159289 0.398297 0.406506
v -0.063108 0.530622 0.450598
v -0.078727 0.581366 0.428842
v -0.102017 0.531822 0.446118
v -0.107384 0.613243 0.395464
v -0.125313 0.558746 0.430486
v -0.085844 0.640270 0.341986
v -0.080798 0.647648 0.267194
v -0.149177 0.613182 0.310813
v -0.153614 0.578195 0.361016
v -0.144802 0.529850 0.424473
v -0.074699 0.641068 0.206996
v -0.017584 0.638477 0.200506
v -0.057109 0.612036 0.130246
v -0.169809 0.476969 0.424231
v -0.164758 0.612827 0.244773
v -0.156510 0.521510 0.388344
v -0.204646 0.458626 0.352211
v -0.192560 0.410060 0.348911
v -0.220941 0.445494 0.295852
v -0.226352 0.481386 0.278195
v -0.183193 0.489752 0.380196
v -0.202321 0.498513 0.336798
v -0.190231 0.530108 0.313611
v -0.176064 0.569854 0.298902
v -0.173942 0.577530 0.261328
v -0.213468 0.514252 0.244896
v -0.188556 0.539885 0.215349
v -0.216716 0.489476 0.217326
v -0.219973 0.447269 0.239510
v -0.209549 0.458311 0.210114
v -0.178628 0.574757 0.217829
v -0.172670 0.559351 0.178539
v -0.173294 0.511885 0.181471
v -0.176435 0.604712 0.168636
v -0.155346 0.627430 0.178061
v -0.091691 0.639685 0.131593
v -0.150814 0.638821 0.105146
v -0.119641 0.652889 0.089086
v -0.142643 0.655253 0.071261
v -0.151761 0.585292 0.126177
v -0.157281 0.533845 0.145550
v -0.173307 0.455358 0.152574
v -0.184704 0.472037 0.186370
v -0.187046 0.412708 0.163699
v -0.177916 0.443545 0.193484
v -0.161947 0.427764 0.191323
v -0.158893 0.411180 0.209462
v -0.146986 0.353376 0.242642
v -0.137559 0.558091 0.098604
v -0.103436 0.592610 0.100977
v -0.102183 0.570273 0.074154
v -0.172111 0.510677 0.112650
v -0.191671 0.430124 0.111780
v -0.218682 0.402747 0.037347
v -0.145011 0.534278 0.026076
v -0.176388 0.485941 0.042992
v -0.194033 0.438504 0.036202
v -0.187674 0.481607 -0.075145
v -0.246553 0.483757 -0.257290
v -0.149552 0.527087 -0.118919
v -0.142178 0.566216 -0.286650
v -0.101544 0.552128 0.004404
v -0.091959 0.560011 -0.115982
v 0.000971 0.569180 -0.016564
v -0.039782 0.580250 0.069664
v 0.020611 0.566316 0.061114
v 0.077581 0.554340 0.027876
v -0.023917 0.596110 -0.161783
v 0.078225 0.574600 -0.033618
v 0.144121 0.552376 -0.011437
v 0.110052 0.550517 0.120191
v 0.159624 0.509078 0.117284
v 0.059608 0.599556 -0.129505
v 0.192106 0.516488 0.011111
v 0.202580 0.436840 0.123990
v 0.229176 0.487051 -0.033243
v 0.171415 0.566537 -0.191935
v 0.118472 0.598418 -0.218034
v 0.042258 0.619134 -0.278587
v 0.138851 0.583604 -0.330747
v 0.052440 0.598070 -0.399439
v -0.028652 0.603298 -0.377092
v -0.030621 0.611671 -0.286823
v -0.159456 0.556093 -0.395117
v -0.036601 0.565306 -0.467651
v -0.146272 0.520341 -0.477792
v -0.044170 0.516594 -0.541541
v -0.226941 0.493118 -0.433486
v -0.238905 0.509026 -0.358731
v -0.282113 0.443686 -0.374979
v -0.260130 0.382003 -0.487998
v -0.310728 0.342808 -0.407736
v -0.267651 0.282606 -0.512771
v -0.309722 0.222932 -0.425610
v -0.292356 0.427904 -0.266936
v -0.316926 0.367431 -0.257746
v -0.276968 0.400612 -0.121052
v -0.332516 0.262513 -0.292362
v -0.314272 0.120171 -0.319514
v -0.293513 0.107813 -0.427013
v -0.257487 0.027553 -0.395090
v -0.267310 0.026976 -0.299198
v -0.258858 0.037176 -0.181061
v -0.304821 0.169726 -0.147468
v -0.227035 0.030306 -0.051044
v -0.280053 0.219442 0.030970
v -0.320099 0.292549 -0.108682
v -0.306684 0.351715 -0.110878
v -0.279521 0.336199 0.002385
v -0.279229 0.284594 0.049010
v -0.235552 0.347429 0.098476
v -0.206123 0.317360 0.171952
v -0.132533 0.264415 0.304414
v -0.199999 0.257435 0.205691
v -0.106109 0.318010 0.301520
v -0.013400 0.260144 0.334013
v -0.110443 0.357556 0.321560
v -0.180416 0.401563 0.263744
v -0.147449 0.376569 0.349624
v -0.196837 0.408576 0.301462
v -0.196090 0.430842 0.220032
v 0.010315 0.331898 0.376010
v 0.080497 0.285896 0.366816
v 0.090163 0.357065 0.397116
v 0.164609 0.307828 0.365711
v 0.168861 0.376162 0.376772
v 0.116446 0.414251 0.408014
v 0.172549 0.229326 0.356901
v 0.070285 0.207576 0.360817
v 0.167624 0.118922 0.341898
v 0.004446 0.173160 0.336211
v -0.071299 0.156052 0.339438
v 0.089333 0.154012 0.356991
v 0.042336 0.148886 0.339664
v 0.096432 0.106217 0.355034
v 0.038230 0.109512 0.354238
v -0.000271 0.128511 0.329116
v -0.001635 0.100308 0.334974
v 0.018697 0.081819 0.341663
v -0.130429 0.103777 0.345254
v -0.126700 0.021321 0.334173
v -0.161494 0.029919 0.304039
v -0.170140 0.127539 0.292396
v -0.190766 0.076705 0.196122
v -0.174263 -0.000205 0.207171
v -0.192295 -0.002859 0.080093
v -0.211133 0.200552 0.178940
v -0.222961 0.080127 0.071395
v -0.237820 0.167679 0.101667
v -0.098883 0.365714 0.395731
v -0.122859 0.629462 0.084282
v 0.186429 0.483923 0.353045
v 0.194052 0.523174 0.300423
v 0.216935 0.456268 0.317207
v 0.215146 0.413478 0.338858
v 0.233895 0.417798 0.246839
v 0.249882 0.355129 0.273633
v 0.197898 0.465392 0.223846
v 0.170252 0.499836 0.211648
v 0.148054 0.578416 0.238004
v 0.171460 0.568285 0.276642
v 0.186895 0.599459 0.308193
v 0.155753 0.623826 0.296098
v 0.205655 0.630097 0.318923
v 0.184599 0.650953 0.310302
v 0.108627 0.619679 0.258084
v 0.020818 0.621179 0.196757
v 0.147976 0.435545 0.392520
v 0.060287 0.396676 0.427839
v -0.224426 -0.004453 -0.261738
v -0.164071 -0.008348 -0.337123
v -0.025369 -0.009941 -0.232164
v 0.137354 0.002328 -0.253657
v -0.050462 0.003327 -0.381416
v 0.107228 0.037495 -0.426014
v -0.184060 0.017273 -0.457586
v -0.087449 0.028415 -0.496293
v -0.251003 0.071779 -0.472272
v -0.194705 0.076603 -0.521831
v -0.262200 0.165226 -0.505938
v -0.182951 0.181498 -0.585780
v 0.075370 0.081451 -0.531969
v 0.149472 0.090910 -0.483912
v 0.167081 0.179763 -0.569426
v -0.118287 0.080144 -0.563658
v -0.051121 0.077272 -0.571729
v -0.190657 0.315847 -0.579845
v -0.093320 0.137787 -0.622001
v -0.195354 0.424506 -0.529171
v -0.100299 0.447487 -0.575237
v 0.101526 0.175822 -0.628289
v 0.017263 0.140266 -0.634910
v -0.048500 0.139400 -0.638077
v -0.054622 0.188692 -0.660943
v -0.068980 0.252886 -0.653436
v -0.065291 0.343516 -0.631886
v 0.039384 0.342375 -0.631986
v -0.028500 0.450603 -0.592586
v 0.029480 0.186864 -0.662813
v 0.031842 0.235370 -0.663638
v 0.121239 0.246841 -0.630251
v 0.177877 0.258279 -0.580897
v 0.132432 0.336863 -0.598457
v 0.190590 0.357364 -0.532654
v 0.118562 0.468463 -0.536016
v 0.178140 0.485385 -0.447965
v 0.113476 0.550072 -0.450114
v 0.033312 0.473604 -0.571013
v 0.044423 0.534543 -0.511702
v 0.199167 0.540052 -0.233229
v 0.239052 0.480356 -0.157139
v 0.227353 0.397949 0.136266
v 0.260935 0.250834 0.210685
v 0.242083 0.285688 0.323028
v 0.245015 0.187831 0.308871
v 0.249813 0.277733 0.040859
v 0.247127 0.251005 -0.074342
v 0.267031 0.173697 0.186194
v 0.231363 0.098242 0.287250
v 0.262722 0.080810 0.173663
v 0.260917 0.157709 0.002838
v 0.267585 0.069231 -0.004422
v 0.249793 0.108975 -0.173301
v 0.244502 0.243144 -0.279576
v 0.220365 0.240551 -0.486838
v 0.210669 0.166063 -0.435571
v 0.234777 0.158010 -0.275347
v 0.185574 0.084440 -0.394058
v 0.229609 0.069999 -0.244776
v 0.171412 0.034776 -0.347099
v 0.211461 0.018097 -0.221722
v -0.129431 0.375841 0.402099
v 0.222413 0.459161 -0.350949
v 0.227346 0.430132 -0.374703
v 0.231493 0.399541 -0.395176
v 0.229036 0.468970 -0.298825
v 0.237386 0.454096 -0.278380
v 0.244279 0.440282 -0.255466
v 0.242394 0.379468 -0.361018
v 0.245956 0.395838 -0.318531
v 0.248590 0.410852 -0.274779
v 0.010228 0.043042 0.325822
v 0.013885 0.034356 0.320697
v 0.016211 0.025979 0.314300
v -0.002018 0.044037 0.331822
v -0.014214 0.037292 0.335631
v -0.030748 0.032584 0.339712
v -0.004532 0.012375 0.309335
v -0.022164 0.013019 0.318922
v -0.039403 0.017256 0.329646
v -0.074587 0.413904 0.467558
v -0.059558 0.417157 0.469290
v -0.043421 0.420556 0.469499
v -0.076574 0.394306 0.453097
v -0.066594 0.382841 0.443126
v -0.057982 0.372642 0.431546
v -0.028892 0.403588 0.457018
v -0.035141 0.388758 0.446580
v -0.040904 0.375112 0.434222
v -0.030675 0.360650 0.418700
v -0.018777 0.360837 0.419363
v -0.006911 0.361995 0.418906
v -0.010218 0.402518 0.452414
v -0.005358 0.388260 0.440726
v 0.000177 0.375667 0.429430
v 0.171642 -0.006071 -0.094113
v 0.182344 -0.007532 -0.065468
v 0.189457 -0.008592 -0.034228
v 0.195279 -0.000626 -0.117830
v 0.217671 0.002784 -0.101239
v 0.234310 0.007497 -0.083464
v 0.216509 -0.005230 -0.009071
v 0.229652 -0.000803 -0.020945
v 0.240244 0.005492 -0.034307
v 0.165306 -0.011463 0.004194
v 0.131713 -0.012831 0.007332
v 0.092255 -0.013756 0.016525
v 0.114580 -0.008693 -0.090053
v 0.086963 -0.011269 -0.056176
v 0.059662 -0.013463 -0.018978
v -0.013711 -0.016693 0.000506
v -0.050581 -0.017432 -0.019419
v -0.089220 -0.017767 -0.037698
v 0.070250 -0.009092 -0.115641
v 0.004488 -0.012150 -0.099481
v -0.061615 -0.014874 -0.084244
v -0.036849 -0.018703 0.046205
v -0.076716 -0.021022 0.055590
v -0.109809 -0.022445 0.067551
v -0.141600 -0.020212 -0.012662
v -0.140424 -0.022112 0.018360
v -0.138776 -0.022977 0.047294
v -0.018243 -0.016139 0.091066
v -0.051483 -0.015963 0.133430
v -0.082177 -0.014826 0.177604
v -0.132327 -0.021300 0.116501
v -0.128691 -0.019275 0.148417
v -0.124559 -0.016195 0.184130
v 0.082032 -0.013408 0.073470
v 0.116595 -0.011604 0.105713
v 0.147389 -0.008739 0.141049
v 0.191549 -0.009761 0.050740
v 0.188296 -0.009263 0.090008
v 0.184742 -0.007349 0.132177
v 0.036604 -0.013586 0.099471
v 0.043305 -0.011576 0.142846
v 0.050366 -0.008595 0.184602
v -0.062813 -0.010995 0.223053
v -0.022708 -0.009758 0.219672
v 0.016301 -0.007393 0.220959
v 0.144244 -0.003974 0.195883
v 0.117772 -0.004269 0.203914
v 0.091188 -0.003766 0.214255
v 0.216146 -0.005885 0.044090
v 0.227927 -0.001892 0.076927
v 0.236945 0.004009 0.108606
v 0.205429 -0.000635 0.176457
v 0.220181 0.002208 0.169540
v 0.232231 0.006639 0.160451
v 0.252960 0.014107 -0.000947
v 0.252383 0.012844 0.044854
v 0.250161 0.013059 0.087958
v 0.240135 0.019014 0.186623
v 0.234838 0.023478 0.213338
v 0.229207 0.028956 0.233903
v 0.199747 0.006199 0.215891
v 0.208530 0.014184 0.232329
v 0.215158 0.023483 0.245099
v 0.211304 0.034904 0.268836
v 0.201512 0.034277 0.279065
v 0.190770 0.035414 0.288671
v 0.182765 0.007335 0.233991
v 0.181230 0.015297 0.259480
v 0.177951 0.025224 0.281524
v 0.156315 0.037295 0.307162
v 0.142894 0.036610 0.311457
v 0.128663 0.037494 0.315638
v 0.161608 0.004794 0.233264
v 0.146809 0.012581 0.263183
v 0.130564 0.022518 0.290494
v 0.085283 0.005547 0.257401
v 0.097748 0.013511 0.278104
v 0.105859 0.023197 0.297774
v 0.092939 0.038646 0.324654
v 0.082839 0.038628 0.326637
v 0.073254 0.039408 0.327150
v 0.066666 0.006821 0.267349
v 0.068931 0.015486 0.289777
v 0.068033 0.025876 0.309172
v 0.025105 0.006772 0.284355
v 0.032449 0.002237 0.269456
v 0.041328 -0.000515 0.253992
v 0.037946 0.021194 0.306290
v 0.048752 0.026469 0.312418
v 0.056163 0.032758 0.319122
v -0.010878 0.003834 0.287006
v -0.041074 -0.002323 0.274127
v -0.073155 -0.006728 0.259879
v -0.073613 0.011614 0.324344
v -0.087472 0.002353 0.303300
v -0.100990 -0.004079 0.278713
v 0.261367 0.366245 -0.146087
v 0.262909 0.380221 -0.106774
v 0.262719 0.393106 -0.066282
v 0.254922 0.404757 -0.219846
v 0.257014 0.387699 -0.215323
v 0.258074 0.369851 -0.208374
v 0.255801 0.423090 -0.172097
v 0.258816 0.419973 -0.127328
v 0.260352 0.415920 -0.080722
v 0.260533 0.384793 -0.009851
v 0.260230 0.367951 -0.008320
v 0.258705 0.351479 -0.005854
v 0.259467 0.342534 -0.135196
v 0.259713 0.339400 -0.093137
v 0.258862 0.335643 -0.051716
v 0.252762 0.391791 0.038626
v 0.246889 0.381900 0.071797
v 0.241154 0.374132 0.102044
v 0.251923 0.343714 0.043602
v 0.246901 0.351717 0.075710
v 0.241716 0.359298 0.104675
v 0.236744 0.359523 0.146139
v 0.237992 0.351710 0.152592
v 0.240138 0.343417 0.156894
v 0.251528 0.327648 0.046951
v 0.247939 0.326712 0.082423
v 0.244935 0.326858 0.117739
v 0.083657 0.666442 0.323027
v 0.072008 0.669817 0.328430
v 0.060706 0.671902 0.333076
v 0.074736 0.661454 0.303267
v 0.059433 0.662531 0.294287
v 0.046033 0.663287 0.285183
v 0.046418 0.672785 0.322782
v 0.044567 0.671380 0.309508
v 0.040781 0.668846 0.295097
v 0.102233 0.666307 0.327775
v 0.103461 0.669286 0.335056
v 0.106793 0.671289 0.340941
v 0.063311 0.671798 0.345128
v 0.076473 0.671649 0.347419
v 0.091533 0.671381 0.348427
v 0.122181 0.663437 0.320448
v 0.136235 0.665544 0.320976
v 0.149734 0.667932 0.320934
v 0.131853 0.674136 0.338788
v 0.143539 0.673997 0.332149
v 0.154445 0.673061 0.326261
v 0.179407 0.676101 0.322491
v 0.194598 0.680825 0.324602
v 0.208094 0.683782 0.327445
v 0.149414 0.677190 0.343544
v 0.176075 0.681620 0.339930
v 0.199876 0.684022 0.335991
v 0.133118 0.668709 0.351483
v 0.147222 0.664060 0.353082
v 0.159629 0.658466 0.353783
v 0.212924 0.677079 0.338111
v 0.202563 0.669395 0.343160
v 0.188459 0.660267 0.348028
v 0.101603 0.667092 0.355538
v 0.092683 0.662209 0.361549
v 0.086453 0.656184 0.367162
v 0.144886 0.648941 0.360168
v 0.123720 0.648452 0.365105
v 0.103355 0.647830 0.369493
v 0.054160 0.666524 0.354673
v 0.060207 0.661450 0.362915
v 0.068102 0.655213 0.369322
v 0.042781 0.662979 0.356833
v 0.041778 0.654303 0.368794
v 0.041654 0.644115 0.380789
v 0.069502 0.641684 0.379055
v 0.061997 0.638210 0.383245
v 0.055101 0.634136 0.388021
v 0.158739 0.641112 0.357836
v 0.148941 0.634077 0.360769
v 0.140239 0.627116 0.362991
v 0.097050 0.636243 0.374448
v 0.108106 0.629723 0.372909
v 0.120095 0.623658 0.369911
v 0.086868 0.629404 0.379696
v 0.095882 0.614762 0.382088
v 0.107830 0.599310 0.383000
v 0.128052 0.609019 0.368999
v 0.126175 0.600432 0.372772
v 0.126169 0.591209 0.376381
v 0.067134 0.615848 0.394817
v 0.084899 0.604851 0.392143
v 0.102561 0.593195 0.388851
v 0.144167 0.576750 0.369416
v 0.156616 0.578104 0.358969
v 0.168269 0.580532 0.348241
v 0.145220 0.608614 0.358905
v 0.156183 0.601442 0.352553
v 0.168218 0.594447 0.345150
v 0.150664 0.619439 0.357202
v 0.164476 0.621462 0.351133
v 0.178553 0.624584 0.345102
v 0.183843 0.599983 0.335341
v 0.185926 0.609383 0.336195
v 0.188673 0.618812 0.337289
v 0.180336 0.568061 0.338863
v 0.179070 0.556056 0.342838
v 0.177351 0.544928 0.347270
v 0.145275 0.561302 0.374046
v 0.156689 0.551170 0.367502
v 0.166150 0.542291 0.360878
v 0.059931 0.610027 0.404851
v 0.070579 0.597758 0.408434
v 0.079515 0.585799 0.411809
v 0.115491 0.574939 0.391519
v 0.107719 0.574129 0.398050
v 0.099079 0.573543 0.405171
v 0.100601 0.559586 0.411646
v 0.111418 0.548358 0.407536
v 0.122030 0.536904 0.402726
v 0.132891 0.559095 0.385479
v 0.135969 0.546651 0.387806
v 0.137423 0.535460 0.390233
v 0.080438 0.563245 0.426950
v 0.072248 0.556169 0.437290
v 0.063131 0.548732 0.447553
v 0.116023 0.525716 0.411074
v 0.097281 0.529626 0.425678
v 0.077704 0.533642 0.440546
v 0.076052 0.521725 0.444823
v 0.094606 0.509688 0.431947
v 0.112827 0.497259 0.418728
v 0.135608 0.510755 0.397590
v 0.134986 0.502462 0.399297
v 0.134714 0.493820 0.400560
v 0.060366 0.520272 0.458970
v 0.066946 0.508072 0.457397
v 0.072722 0.496048 0.455682
v 0.112950 0.483710 0.421654
v 0.099714 0.484233 0.433976
v 0.088180 0.483828 0.444682
v 0.071490 0.576501 0.426064
v 0.058882 0.578502 0.434722
v 0.046473 0.579994 0.442447
v 0.043216 0.613171 0.414711
v 0.041383 0.602872 0.426595
v 0.038164 0.593026 0.437501
v 0.044319 0.552742 0.459394
v 0.040672 0.561807 0.457744
v 0.037142 0.570518 0.454624
v 0.028032 0.638982 0.386160
v 0.019002 0.644667 0.377322
v 0.010818 0.649049 0.369089
v 0.032575 0.667892 0.345173
v 0.023393 0.664000 0.348480
v 0.014004 0.659352 0.352721
v -0.006134 0.643733 0.375640
v -0.013065 0.635430 0.389744
v -0.019893 0.626515 0.404326
v 0.021803 0.628190 0.403150
v 0.006722 0.625506 0.408569
v -0.007953 0.621267 0.414603
v 0.025921 0.593613 0.442941
v 0.022967 0.600810 0.438068
v 0.020296 0.606598 0.433211
v 0.031579 0.621284 0.412107
v 0.026047 0.617191 0.419859
v 0.021501 0.613314 0.425753
v -0.007535 0.612130 0.427605
v 0.003716 0.611678 0.428994
v 0.012536 0.611030 0.429486
v 0.016117 0.588110 0.447966
v 0.003544 0.594362 0.443567
v -0.009392 0.601717 0.436659
v 0.031515 0.673673 0.331410
v 0.022020 0.673861 0.324796
v 0.011672 0.672812 0.318354
v 0.001525 0.659659 0.346684
v 0.001041 0.664119 0.336160
v -0.000551 0.667296 0.326108
v 0.037581 0.674685 0.324528
v 0.033104 0.675134 0.315095
v 0.028934 0.674669 0.306103
v 0.008997 0.673188 0.304227
v 0.016193 0.674229 0.301626
v 0.021027 0.674186 0.299378
v -0.005213 0.669475 0.290679
v -0.005823 0.667877 0.277071
v -0.007132 0.665408 0.264887
v 0.019445 0.671870 0.286987
v 0.013269 0.669631 0.276655
v 0.005158 0.666626 0.265613
v 0.023347 0.575868 0.455127
v 0.017602 0.571862 0.457212
v 0.010970 0.568045 0.457607
v 0.034100 0.546279 0.465301
v 0.024775 0.551190 0.465186
v 0.015205 0.555740 0.462791
v -0.021356 0.598025 0.436321
v -0.014200 0.587261 0.443697
v -0.007330 0.576394 0.449924
v -0.011621 0.650191 0.362077
v -0.023172 0.647274 0.365136
v -0.035024 0.644002 0.368780
v -0.039446 0.622905 0.407762
v -0.044873 0.628753 0.396846
v -0.048337 0.634092 0.385822
v -0.018760 0.662083 0.329607
v -0.029128 0.655481 0.343568
v -0.039344 0.648423 0.357173
v 0.044477 0.526294 0.468230
v 0.042243 0.518683 0.471593
v 0.040711 0.510813 0.473602
v 0.066750 0.488530 0.461969
v 0.058459 0.493389 0.466918
v 0.049733 0.497590 0.471098
v 0.002187 0.548209 0.462762
v 0.002015 0.538119 0.466993
v -0.000137 0.528342 0.470900
v 0.033770 0.534302 0.469243
v 0.023579 0.529874 0.472632
v 0.012935 0.524443 0.474569
v 0.028517 0.508014 0.477459
v 0.020095 0.511571 0.478261
v 0.010458 0.513967 0.478098
v 0.072377 0.473254 0.459311
v 0.067959 0.465745 0.462158
v 0.062191 0.458519 0.464173
v 0.042820 0.488982 0.474190
v 0.046368 0.477527 0.472596
v 0.049111 0.465463 0.470291
v 0.083004 0.471472 0.450965
v 0.086142 0.463142 0.448396
v 0.088719 0.455003 0.445133
v 0.064595 0.444459 0.458960
v 0.072548 0.443047 0.454142
v 0.080308 0.443018 0.448480
v 0.027489 0.497169 0.478751
v 0.016744 0.493501 0.481338
v 0.004963 0.489003 0.483242
v 0.034255 0.458856 0.473318
v 0.019909 0.466889 0.478239
v 0.005597 0.474594 0.481894
v -0.008921 0.506630 0.480783
v -0.011543 0.499916 0.483410
v -0.012827 0.492765 0.484741
v -0.018646 0.445173 0.476999
v -0.017872 0.458661 0.481153
v -0.015775 0.470409 0.483502
v 0.004714 0.432236 0.468955
v 0.020995 0.436994 0.468437
v 0.035662 0.441830 0.467231
v -0.042827 0.440901 0.476672
v -0.060605 0.452683 0.479953
v -0.076486 0.464415 0.480998
v -0.031630 0.482307 0.485384
v -0.050138 0.481506 0.484859
v -0.068330 0.480593 0.483000
v -0.029490 0.507047 0.477465
v -0.050193 0.499667 0.478465
v -0.069921 0.492202 0.478872
v -0.094749 0.431222 0.473116
v -0.096882 0.446632 0.477244
v -0.097228 0.461869 0.479100
v -0.109436 0.429771 0.469397
v -0.122271 0.445577 0.470927
v -0.133730 0.461518 0.469758
v -0.111512 0.480688 0.476093
v -0.123145 0.481682 0.473976
v -0.133041 0.482775 0.470783
v -0.142628 0.451934 0.460704
v -0.138389 0.431955 0.455896
v -0.133477 0.414235 0.449474
v -0.104914 0.407720 0.458558
v -0.113188 0.404920 0.453898
v -0.120403 0.401874 0.448038
v -0.152543 0.456196 0.452553
v -0.155007 0.436197 0.440752
v -0.156641 0.417633 0.427038
v -0.136528 0.398370 0.435941
v -0.143134 0.397703 0.429711
v -0.149538 0.397260 0.421261
v -0.017144 0.553414 0.454683
v -0.031689 0.546200 0.452625
v -0.046517 0.539060 0.450995
v -0.022373 0.518734 0.470117
v -0.036265 0.521171 0.464194
v -0.049463 0.524623 0.457989
v -0.086218 0.497407 0.470655
v -0.079600 0.507697 0.463710
v -0.071946 0.517969 0.457090
v -0.066212 0.543936 0.443389
v -0.069395 0.555781 0.438283
v -0.072772 0.567503 0.434023
v -0.021860 0.569268 0.448158
v -0.039687 0.574500 0.441300
v -0.057623 0.578642 0.434946
v -0.044948 0.604734 0.426966
v -0.056260 0.598967 0.427524
v -0.066600 0.592281 0.427768
v -0.102225 0.495983 0.469633
v -0.103927 0.507190 0.461869
v -0.103342 0.518348 0.454218
v -0.077041 0.530557 0.447305
v -0.085566 0.531139 0.445709
v -0.092959 0.531804 0.445341
v -0.134055 0.502229 0.462336
v -0.123840 0.512978 0.457784
v -0.113425 0.522135 0.452380
v -0.087173 0.568258 0.431549
v -0.091751 0.557410 0.434712
v -0.095998 0.545916 0.439123
v -0.087286 0.592455 0.422676
v -0.093659 0.599457 0.417151
v -0.099513 0.605479 0.410107
v -0.053639 0.614558 0.417092
v -0.070993 0.615141 0.412014
v -0.087052 0.615007 0.406013
v -0.065456 0.633227 0.382562
v -0.077997 0.627944 0.388773
v -0.090387 0.622395 0.392991
v -0.094453 0.578740 0.427770
v -0.104575 0.574088 0.428743
v -0.113882 0.567920 0.429920
v -0.107815 0.539315 0.443079
v -0.113111 0.545108 0.440856
v -0.118614 0.550815 0.437931
v -0.140665 0.509852 0.457309
v -0.135660 0.525868 0.450379
v -0.130583 0.540584 0.442147
v -0.114961 0.599288 0.405617
v -0.118895 0.587822 0.413147
v -0.121912 0.575630 0.420374
v -0.105000 0.622671 0.380202
v -0.101236 0.628413 0.369108
v -0.095561 0.633722 0.357245
v -0.060017 0.640890 0.366704
v -0.068135 0.641164 0.361020
v -0.076009 0.641081 0.353697
v -0.030109 0.661710 0.318680
v -0.048517 0.655217 0.326363
v -0.066353 0.648339 0.333905
v -0.084712 0.643477 0.322728
v -0.083350 0.645661 0.305589
v -0.081925 0.647149 0.288258
v -0.024677 0.665052 0.296584
v -0.040568 0.660713 0.286485
v -0.057593 0.655433 0.277389
v -0.025553 0.659683 0.251424
v -0.040480 0.657357 0.253875
v -0.057009 0.654015 0.258327
v -0.103191 0.634513 0.336403
v -0.117298 0.629282 0.329721
v -0.131031 0.623310 0.321822
v -0.121748 0.615185 0.373249
v -0.131213 0.615585 0.354988
v -0.139490 0.615168 0.336068
v -0.104418 0.639103 0.278734
v -0.120591 0.631958 0.288275
v -0.134707 0.624265 0.298212
v -0.124701 0.604827 0.385909
v -0.135112 0.598139 0.377625
v -0.144006 0.590547 0.369536
v -0.132212 0.566933 0.414845
v -0.138134 0.572355 0.399778
v -0.144363 0.576408 0.383542
v -0.151991 0.605908 0.327130
v -0.153039 0.599612 0.337477
v -0.153476 0.591839 0.347454
v -0.133487 0.550106 0.429622
v -0.137739 0.543969 0.428333
v -0.141230 0.537783 0.426545
v -0.148667 0.501301 0.455319
v -0.147776 0.511733 0.447141
v -0.146187 0.520557 0.437446
v -0.148648 0.565294 0.382039
v -0.145746 0.554831 0.396719
v -0.144087 0.543691 0.410367
v -0.079650 0.646618 0.249700
v -0.078239 0.645358 0.237666
v -0.076821 0.643689 0.225757
v -0.025768 0.656163 0.237743
v -0.039495 0.651928 0.228844
v -0.054020 0.647386 0.220229
v -0.009970 0.657329 0.239179
v -0.011622 0.653213 0.230256
v -0.013950 0.647981 0.219911
v -0.052496 0.642173 0.205319
v -0.039831 0.641991 0.204680
v -0.029017 0.641021 0.203339
v -0.029470 0.630042 0.178219
v -0.037489 0.624004 0.162116
v -0.045687 0.618301 0.146874
v -0.063176 0.636907 0.186409
v -0.057979 0.631290 0.170234
v -0.055441 0.624044 0.153236
v -0.149746 0.516005 0.429709
v -0.155270 0.504278 0.431742
v -0.161444 0.492281 0.430978
v -0.155536 0.479587 0.454219
v -0.160576 0.477297 0.446441
v -0.164700 0.475890 0.437371
v -0.165456 0.421197 0.414493
v -0.168646 0.438960 0.419585
v -0.170548 0.456659 0.423120
v -0.102549 0.635892 0.219983
v -0.123574 0.630149 0.228994
v -0.143232 0.623530 0.236853
v -0.105427 0.638908 0.260532
v -0.124604 0.631514 0.257024
v -0.143028 0.623631 0.253322
v -0.153622 0.613944 0.290073
v -0.157412 0.613788 0.276845
v -0.160606 0.613328 0.263826
v -0.154399 0.561748 0.368081
v -0.153604 0.549410 0.374996
v -0.153592 0.536860 0.381797
v -0.146021 0.529397 0.415823
v -0.147287 0.528025 0.408876
v -0.149987 0.525771 0.400946
v -0.164258 0.491608 0.419767
v -0.159571 0.501576 0.413319
v -0.156328 0.510971 0.404141
v -0.179069 0.466483 0.408531
v -0.186487 0.461790 0.393223
v -0.193925 0.459068 0.376325
v -0.173169 0.412949 0.394053
v -0.183416 0.426364 0.382927
v -0.193161 0.440750 0.370661
v -0.202685 0.441960 0.351975
v -0.200392 0.430683 0.351998
v -0.197293 0.420500 0.351347
v -0.169155 0.397536 0.387536
v -0.176860 0.400275 0.375248
v -0.184288 0.404583 0.363283
v -0.202760 0.420655 0.335660
v -0.209869 0.429129 0.323463
v -0.215572 0.437055 0.310862
v -0.212613 0.454992 0.332898
v -0.216999 0.452639 0.319904
v -0.219769 0.449751 0.308198
v -0.214451 0.466559 0.329271
v -0.219883 0.471292 0.313498
v -0.223745 0.475629 0.298297
v -0.224836 0.455336 0.289311
v -0.226758 0.462758 0.285336
v -0.227367 0.470097 0.282212
v -0.199393 0.470406 0.362891
v -0.194579 0.477574 0.369501
v -0.189254 0.483767 0.375176
v -0.174465 0.481194 0.411273
v -0.177332 0.484358 0.401059
v -0.179994 0.487188 0.390662
v -0.163152 0.509952 0.389487
v -0.169511 0.502574 0.387740
v -0.176388 0.495970 0.384495
v -0.187394 0.492044 0.370033
v -0.192134 0.494134 0.360062
v -0.196912 0.496148 0.349806
v -0.208047 0.472526 0.343639
v -0.208593 0.481160 0.339261
v -0.207147 0.489210 0.336764
v -0.168205 0.515838 0.373118
v -0.179314 0.511002 0.360831
v -0.190602 0.505695 0.348965
v -0.221136 0.487066 0.297451
v -0.216534 0.491062 0.309975
v -0.210791 0.494742 0.322117
v -0.200412 0.505929 0.330050
v -0.197688 0.512503 0.324956
v -0.194309 0.519535 0.320132
v -0.163438 0.527521 0.368506
v -0.171050 0.529978 0.351994
v -0.179613 0.531080 0.335076
v -0.163038 0.566591 0.347490
v -0.170310 0.556318 0.337864
v -0.178197 0.545149 0.327942
v -0.219595 0.494717 0.285039
v -0.212174 0.505043 0.291714
v -0.203283 0.515680 0.299995
v -0.161617 0.580150 0.340679
v -0.166253 0.579184 0.328713
v -0.170474 0.576305 0.316877
v -0.159224 0.601254 0.310382
v -0.164250 0.592717 0.309636
v -0.168874 0.583498 0.307161
v -0.186482 0.542691 0.309214
v -0.183232 0.552175 0.307273
v -0.179963 0.560767 0.304784
v -0.160696 0.602893 0.295274
v -0.166262 0.594645 0.284872
v -0.170275 0.586582 0.274479
v -0.171060 0.601512 0.254691
v -0.172829 0.593278 0.258548
v -0.173346 0.585693 0.260493
v -0.173745 0.574237 0.289343
v -0.173124 0.575443 0.280611
v -0.173241 0.576081 0.271358
v -0.186654 0.553809 0.282755
v -0.195746 0.540730 0.268675
v -0.204422 0.527975 0.255814
v -0.199140 0.525478 0.292211
v -0.205238 0.521290 0.275920
v -0.210038 0.517595 0.260967
v -0.224753 0.490810 0.265111
v -0.222705 0.497318 0.256202
v -0.219323 0.504393 0.249349
v -0.177023 0.567779 0.251348
v -0.180076 0.559919 0.241275
v -0.183508 0.552013 0.230427
v -0.181074 0.561199 0.275976
v -0.184376 0.554138 0.256740
v -0.187167 0.547177 0.237603
v -0.209123 0.519894 0.235295
v -0.203837 0.525398 0.228700
v -0.197377 0.531522 0.223284
v -0.227567 0.482011 0.257254
v -0.226534 0.483445 0.243859
v -0.223756 0.485594 0.231716
v -0.218112 0.506177 0.233811
v -0.219804 0.500865 0.227822
v -0.219509 0.496234 0.223542
v -0.197107 0.524457 0.211228
v -0.203797 0.513597 0.211302
v -0.209941 0.503194 0.213220
v -0.222147 0.477559 0.224430
v -0.223522 0.468964 0.228411
v -0.223177 0.460160 0.232460
v -0.228139 0.472144 0.263907
v -0.227368 0.465397 0.254467
v -0.225151 0.458229 0.246567
v -0.216748 0.478790 0.214743
v -0.215695 0.471826 0.213085
v -0.213453 0.465405 0.211640
v -0.219520 0.451919 0.227104
v -0.218002 0.454336 0.220850
v -0.215082 0.456305 0.215841
v -0.222904 0.446884 0.279896
v -0.223218 0.447389 0.267131
v -0.222334 0.447412 0.255100
v -0.176047 0.574604 0.248649
v -0.177265 0.573511 0.239179
v -0.178140 0.573563 0.229774
v -0.183910 0.550535 0.214977
v -0.181673 0.557752 0.216026
v -0.179894 0.565201 0.217346
v -0.174222 0.600644 0.237955
v -0.176870 0.592086 0.231903
v -0.177964 0.583969 0.225400
v -0.178597 0.570593 0.206492
v -0.177815 0.567415 0.197800
v -0.176281 0.564243 0.189230
v -0.183264 0.544043 0.203107
v -0.179786 0.548101 0.195894
v -0.176563 0.552648 0.188989
v -0.171695 0.546877 0.179776
v -0.171100 0.537176 0.180253
v -0.171237 0.526768 0.180625
v -0.186270 0.531734 0.202536
v -0.182684 0.526369 0.195608
v -0.178672 0.520789 0.189509
v -0.178598 0.582443 0.207726
v -0.178655 0.589280 0.197142
v -0.178274 0.596136 0.185407
v -0.174089 0.609442 0.223838
v -0.177326 0.607990 0.206753
v -0.178100 0.606671 0.189429
v -0.173979 0.572413 0.175564
v -0.175122 0.582509 0.172691
v -0.175956 0.592429 0.170164
v -0.164198 0.617509 0.225527
v -0.163414 0.620405 0.211119
v -0.160716 0.623397 0.196200
v -0.175966 0.613746 0.170652
v -0.173638 0.618673 0.173379
v -0.167959 0.622782 0.176073
v -0.102414 0.636637 0.200869
v -0.122169 0.633278 0.195430
v -0.139472 0.630193 0.188593
v -0.080391 0.639359 0.185027
v -0.083210 0.639318 0.169039
v -0.086483 0.639307 0.153043
v -0.139243 0.632835 0.167223
v -0.123726 0.636775 0.157620
v -0.107903 0.639653 0.147129
v -0.109318 0.643251 0.126763
v -0.123463 0.643572 0.120595
v -0.137130 0.642546 0.113850
v -0.157470 0.629743 0.158882
v -0.156862 0.632488 0.142404
v -0.154387 0.635357 0.126012
v -0.172236 0.613750 0.150038
v -0.167540 0.620992 0.136062
v -0.161256 0.628267 0.122762
v -0.099369 0.645048 0.116478
v -0.105020 0.648313 0.106609
v -0.111840 0.650668 0.097620
v -0.139521 0.647783 0.097271
v -0.131284 0.651631 0.093763
v -0.124503 0.653310 0.091322
v -0.127667 0.655418 0.081228
v -0.134774 0.657044 0.075231
v -0.139908 0.656635 0.072119
v -0.148803 0.647579 0.087475
v -0.148064 0.652546 0.078173
v -0.145568 0.654820 0.073150
v -0.154351 0.625482 0.109495
v -0.154596 0.613977 0.114410
v -0.153837 0.601874 0.119879
v -0.171971 0.600955 0.153547
v -0.167221 0.596774 0.144572
v -0.161372 0.591969 0.136632
v -0.168595 0.566424 0.165399
v -0.164820 0.571732 0.154535
v -0.160210 0.577223 0.142947
v -0.167278 0.553259 0.169067
v -0.163210 0.548193 0.161968
v -0.159762 0.542472 0.154749
v -0.166824 0.516098 0.171842
v -0.163139 0.520403 0.164400
v -0.160357 0.525471 0.156651
v -0.153691 0.570249 0.133656
v -0.154315 0.559890 0.137858
v -0.155074 0.549375 0.141509
v -0.161041 0.512544 0.148232
v -0.164395 0.494200 0.149692
v -0.168181 0.476263 0.150934
v -0.169779 0.497157 0.172938
v -0.169126 0.483624 0.166591
v -0.170062 0.470423 0.160445
v -0.176609 0.498690 0.182921
v -0.179171 0.490170 0.184044
v -0.181897 0.482004 0.185106
v -0.174630 0.456087 0.162430
v -0.176539 0.460801 0.169837
v -0.179367 0.466616 0.177140
v -0.182347 0.458627 0.179376
v -0.182730 0.446663 0.174483
v -0.184065 0.433575 0.169795
v -0.178023 0.440482 0.154900
v -0.181503 0.432436 0.157025
v -0.184697 0.425611 0.159226
v -0.184589 0.463976 0.187529
v -0.183503 0.457904 0.188623
v -0.181888 0.451516 0.190221
v -0.181530 0.429093 0.174364
v -0.179047 0.436510 0.180418
v -0.177462 0.441446 0.186199
v -0.170008 0.437703 0.191921
v -0.165371 0.433925 0.191764
v -0.162850 0.430407 0.191593
v -0.175636 0.421041 0.177283
v -0.168990 0.424576 0.183707
v -0.164418 0.426698 0.188425
v -0.172904 0.409685 0.182301
v -0.164772 0.408729 0.192372
v -0.159420 0.408669 0.200968
v -0.159578 0.425837 0.193645
v -0.157576 0.422598 0.196917
v -0.157351 0.418138 0.201028
v -0.177088 0.392367 0.183390
v -0.168134 0.378928 0.199171
v -0.159014 0.366532 0.216390
v -0.156336 0.398025 0.215701
v -0.154091 0.386173 0.221856
v -0.151897 0.373228 0.229264
v -0.153113 0.542913 0.132905
v -0.149302 0.548595 0.122752
v -0.144989 0.553235 0.112304
v -0.145556 0.575318 0.120358
v -0.141862 0.569522 0.114671
v -0.139007 0.564336 0.108314
v -0.128319 0.567535 0.098354
v -0.121004 0.574331 0.098502
v -0.113528 0.581522 0.099036
v -0.138430 0.586330 0.114121
v -0.127854 0.587382 0.107506
v -0.117161 0.589109 0.102744
v -0.101286 0.585307 0.096902
v -0.101101 0.580647 0.092081
v -0.101444 0.576333 0.085909
v -0.128215 0.561813 0.088092
v -0.121076 0.564381 0.082432
v -0.113599 0.566903 0.078115
v -0.173706 0.466166 0.143201
v -0.174391 0.479064 0.135937
v -0.174439 0.493415 0.127432
v -0.159658 0.526486 0.137777
v -0.163406 0.521912 0.131861
v -0.167516 0.517180 0.124818
v -0.147423 0.547549 0.101543
v -0.155449 0.538694 0.105189
v -0.163178 0.528243 0.108797
v -0.190739 0.415912 0.145314
v -0.191890 0.417615 0.134991
v -0.192389 0.420952 0.125044
v -0.178584 0.443785 0.144438
v -0.183009 0.437489 0.137264
v -0.187242 0.433554 0.128172
v -0.179118 0.487345 0.115283
v -0.183402 0.468269 0.115995
v -0.186965 0.449996 0.115134
v -0.198187 0.405381 0.134012
v -0.204395 0.401735 0.111403
v -0.210333 0.399473 0.085535
v -0.197455 0.417610 0.102934
v -0.202192 0.411164 0.091287
v -0.207579 0.406754 0.074276
v -0.138957 0.552306 0.084238
v -0.140408 0.547681 0.070552
v -0.142055 0.542527 0.054605
v -0.165789 0.521967 0.092078
v -0.159639 0.527543 0.074035
v -0.153118 0.531211 0.054371
v -0.115269 0.561030 0.062933
v -0.124200 0.553932 0.053486
v -0.132812 0.546320 0.042868
v -0.174215 0.504717 0.095724
v -0.174649 0.499649 0.080623
v -0.174926 0.493653 0.064154
v -0.188314 0.445808 0.096033
v -0.184735 0.459240 0.081442
v -0.180902 0.472393 0.064958
v -0.156537 0.521641 0.027861
v -0.163497 0.511836 0.031056
v -0.169791 0.500977 0.035318
v -0.181600 0.471149 0.037712
v -0.185872 0.459267 0.035840
v -0.189990 0.448435 0.035303
v -0.193878 0.428240 0.091165
v -0.194559 0.429290 0.074407
v -0.194551 0.432838 0.056529
v -0.207714 0.414405 0.041100
v -0.202382 0.421601 0.040833
v -0.198058 0.429515 0.038588
v -0.193137 0.445881 0.012855
v -0.191949 0.454896 -0.012602
v -0.190467 0.465794 -0.039777
v -0.176634 0.487179 0.012731
v -0.178477 0.486593 -0.014299
v -0.181470 0.484741 -0.040730
v -0.155399 0.520664 -0.008791
v -0.164211 0.509838 -0.034244
v -0.173933 0.498264 -0.056549
v -0.212047 0.426835 -0.010097
v -0.206174 0.444286 -0.040342
v -0.199304 0.461323 -0.063809
v -0.200468 0.480812 -0.119750
v -0.213106 0.481583 -0.158318
v -0.226601 0.482711 -0.197860
v -0.227368 0.425324 -0.045849
v -0.234450 0.443641 -0.111826
v -0.240968 0.461625 -0.176881
v -0.144625 0.530393 -0.012598
v -0.145028 0.527968 -0.042492
v -0.146331 0.526350 -0.074025
v -0.180515 0.496182 -0.099812
v -0.172566 0.505914 -0.109804
v -0.163429 0.515163 -0.115070
v -0.216202 0.501717 -0.228587
v -0.194037 0.511018 -0.198924
v -0.172870 0.518621 -0.164936
v -0.222950 0.509378 -0.274824
v -0.202504 0.526555 -0.280448
v -0.179562 0.543132 -0.283322
v -0.152565 0.534390 -0.167893
v -0.153458 0.542538 -0.205315
v -0.152162 0.551779 -0.241287
v -0.134023 0.540758 0.017798
v -0.126071 0.544371 0.014016
v -0.117077 0.547657 0.009993
v -0.103597 0.563872 0.058093
v -0.104336 0.559491 0.044648
v -0.103913 0.555705 0.029270
v -0.134734 0.534129 -0.077248
v -0.125600 0.539432 -0.048886
v -0.116223 0.544956 -0.023580
v -0.134277 0.537717 -0.121155
v -0.122726 0.545107 -0.121912
v -0.110295 0.552174 -0.121057
v -0.126712 0.565167 -0.230646
v -0.115533 0.563552 -0.192876
v -0.104421 0.561773 -0.156689
v -0.098800 0.551616 -0.027633
v -0.096668 0.552838 -0.054554
v -0.094231 0.555274 -0.082313
v -0.077875 0.556757 -0.000025
v -0.056307 0.560313 -0.003856
v -0.033049 0.564029 -0.008817
v -0.070332 0.563175 -0.087350
v -0.050559 0.565312 -0.064245
v -0.029505 0.567323 -0.042401
v -0.087343 0.572822 0.070431
v -0.074437 0.574397 0.067473
v -0.060364 0.576365 0.066028
v -0.084204 0.558645 0.023619
v -0.070540 0.563820 0.035187
v -0.056802 0.569766 0.047003
v -0.015330 0.567053 0.009886
v -0.024959 0.568253 0.025806
v -0.033071 0.571421 0.042319
v -0.066566 0.598795 0.110346
v -0.076495 0.589435 0.097749
v -0.087496 0.580693 0.086627
v -0.051842 0.603553 0.116624
v -0.048732 0.596402 0.103003
v -0.045896 0.589275 0.088967
v -0.022804 0.577229 0.064087
v -0.010637 0.574475 0.061550
v 0.002456 0.571421 0.060887
v 0.007025 0.565767 0.010678
v 0.010175 0.564685 0.025443
v 0.013920 0.564671 0.040288
v 0.026484 0.565237 0.000430
v 0.042966 0.561785 0.009936
v 0.058770 0.558460 0.018173
v 0.035744 0.559740 0.049448
v 0.048888 0.556260 0.042492
v 0.062280 0.554454 0.036519
v -0.076557 0.568724 -0.128705
v -0.061893 0.576620 -0.136786
v -0.045937 0.584919 -0.145490
v -0.106163 0.578621 -0.247856
v -0.080561 0.585295 -0.218632
v -0.055000 0.590736 -0.190940
v -0.006094 0.576921 -0.057488
v -0.011183 0.583004 -0.087138
v -0.016708 0.588945 -0.118449
v 0.030440 0.572707 -0.024093
v 0.048024 0.574649 -0.029308
v 0.063462 0.575456 -0.032934
v 0.079730 0.559077 0.010869
v 0.080432 0.564035 -0.003596
v 0.079953 0.569176 -0.018013
v 0.092969 0.571680 -0.030338
v 0.107614 0.567122 -0.024538
v 0.122542 0.561343 -0.018023
v 0.097664 0.552569 0.025897
v 0.113251 0.551628 0.021232
v 0.127341 0.551357 0.012622
v 0.087530 0.549763 0.045849
v 0.095365 0.547079 0.063189
v 0.102219 0.546351 0.083628
v 0.138850 0.543038 0.035877
v 0.132252 0.540332 0.062045
v 0.123870 0.541163 0.086215
v 0.129951 0.539031 0.118396
v 0.140277 0.530686 0.117719
v 0.149040 0.522443 0.117597
v 0.153250 0.536654 0.033785
v 0.156073 0.526784 0.060909
v 0.157668 0.518223 0.085626
v 0.075232 0.580374 -0.051349
v 0.071233 0.586106 -0.071041
v 0.066411 0.591679 -0.093475
v 0.018740 0.579777 -0.050718
v 0.030599 0.587497 -0.076072
v 0.042613 0.594014 -0.100667
v 0.001325 0.599605 -0.147228
v 0.018814 0.601360 -0.141647
v 0.036053 0.601853 -0.137756
v 0.122930 0.569182 -0.053251
v 0.104603 0.580594 -0.080892
v 0.085123 0.590601 -0.106012
v 0.169271 0.506019 0.087632
v 0.177180 0.507975 0.065602
v 0.184569 0.511396 0.042486
v 0.162591 0.543037 -0.006828
v 0.173144 0.536544 -0.003114
v 0.182128 0.528921 0.001412
v 0.170089 0.489319 0.117588
v 0.178604 0.473277 0.118938
v 0.187946 0.457855 0.120857
v 0.196389 0.496473 0.043594
v 0.198283 0.478158 0.068164
v 0.199636 0.459625 0.091399
v 0.213956 0.446527 0.079852
v 0.221792 0.456871 0.050049
v 0.227470 0.469144 0.017371
v 0.202693 0.509444 0.001232
v 0.211488 0.502348 -0.005429
v 0.219540 0.494993 -0.014595
v 0.190285 0.531055 -0.037357
v 0.186100 0.542635 -0.083531
v 0.180341 0.553297 -0.131045
v 0.155848 0.558085 -0.066970
v 0.161206 0.562679 -0.110771
v 0.165479 0.566008 -0.151221
v 0.138798 0.568374 -0.080460
v 0.133105 0.579426 -0.128823
v 0.126564 0.589240 -0.173226
v 0.156647 0.578858 -0.210321
v 0.145942 0.586056 -0.216690
v 0.134569 0.591875 -0.218172
v 0.077830 0.601404 -0.155886
v 0.091480 0.601490 -0.175964
v 0.104380 0.600465 -0.195093
v 0.101172 0.606343 -0.238837
v 0.085081 0.611659 -0.252121
v 0.067615 0.615624 -0.263090
v 0.053409 0.607975 -0.172572
v 0.049552 0.613011 -0.204529
v 0.046393 0.616483 -0.235585
v -0.003194 0.606247 -0.188483
v 0.010978 0.612404 -0.213532
v 0.024320 0.616817 -0.240949
v 0.122179 0.599903 -0.252637
v 0.125818 0.598691 -0.276993
v 0.130013 0.594934 -0.299083
v 0.069487 0.614476 -0.296151
v 0.089846 0.608476 -0.307491
v 0.110293 0.600182 -0.317994
v 0.111550 0.593728 -0.350101
v 0.093049 0.598130 -0.363482
v 0.075130 0.599849 -0.377933
v 0.047535 0.617044 -0.316721
v 0.050242 0.613726 -0.341819
v 0.052079 0.608441 -0.366539
v 0.031731 0.604258 -0.392338
v 0.015758 0.606231 -0.389147
v -0.001733 0.606036 -0.385564
v 0.025213 0.619241 -0.313220
v 0.012074 0.616890 -0.336469
v -0.003078 0.612363 -0.356786
v 0.017890 0.619904 -0.280628
v 0.002257 0.618952 -0.282999
v -0.013249 0.616237 -0.284991
v -0.027980 0.602712 -0.203365
v -0.029496 0.607046 -0.233358
v -0.030476 0.609979 -0.261087
v -0.028036 0.608683 -0.351026
v -0.028382 0.611332 -0.331076
v -0.029593 0.612220 -0.310062
v -0.100562 0.585739 -0.289632
v -0.074093 0.596788 -0.289893
v -0.050966 0.605244 -0.288695
v -0.112268 0.581081 -0.322321
v -0.086920 0.589886 -0.343211
v -0.061003 0.596957 -0.360382
v -0.063800 0.591586 -0.386518
v -0.093490 0.581773 -0.389640
v -0.123370 0.571029 -0.391498
v -0.151374 0.565041 -0.327860
v -0.155835 0.563383 -0.350240
v -0.158456 0.560824 -0.370391
v -0.029254 0.595462 -0.404788
v -0.030546 0.587729 -0.424831
v -0.033020 0.578617 -0.443452
v -0.125203 0.562691 -0.415593
v -0.097445 0.565296 -0.432525
v -0.069766 0.566333 -0.448868
v -0.070668 0.555235 -0.471147
v -0.096448 0.546966 -0.471445
v -0.120429 0.537123 -0.472258
v -0.158834 0.549645 -0.417121
v -0.156970 0.543227 -0.433755
v -0.153282 0.534803 -0.451719
v -0.116365 0.523158 -0.496391
v -0.093888 0.523196 -0.511213
v -0.071546 0.521332 -0.525681
v -0.039652 0.552145 -0.491466
v -0.042265 0.542205 -0.507687
v -0.044377 0.531612 -0.522556
v -0.186098 0.541453 -0.402707
v -0.201336 0.529541 -0.410359
v -0.213600 0.515621 -0.419477
v -0.173890 0.515720 -0.462091
v -0.191715 0.511030 -0.452372
v -0.207479 0.504401 -0.444127
v -0.188644 0.544258 -0.380635
v -0.207479 0.533501 -0.372459
v -0.223099 0.522369 -0.365766
v -0.181003 0.547914 -0.315081
v -0.204114 0.534672 -0.330594
v -0.222599 0.522235 -0.343889
v -0.233859 0.501912 -0.409157
v -0.238197 0.504769 -0.392746
v -0.240286 0.506380 -0.377264
v -0.247438 0.494972 -0.304261
v -0.246852 0.499751 -0.325914
v -0.244314 0.503796 -0.342232
v -0.253590 0.493885 -0.364003
v -0.262986 0.481243 -0.368495
v -0.270802 0.467362 -0.372416
v -0.244921 0.480465 -0.420873
v -0.257195 0.469995 -0.410193
v -0.268406 0.458690 -0.397825
v -0.263373 0.476514 -0.305112
v -0.271328 0.468811 -0.329875
v -0.276952 0.459567 -0.350039
v -0.238250 0.464349 -0.449640
v -0.245992 0.439911 -0.462250
v -0.252801 0.414470 -0.474300
v -0.278222 0.430086 -0.410049
v -0.274268 0.417031 -0.434592
v -0.269188 0.402490 -0.458006
v -0.276775 0.372811 -0.468904
v -0.288379 0.365703 -0.452571
v -0.298731 0.357437 -0.434430
v -0.292233 0.415572 -0.386921
v -0.299185 0.394512 -0.394174
v -0.305086 0.372674 -0.400346
v -0.301882 0.328767 -0.441457
v -0.293241 0.316717 -0.464855
v -0.283067 0.303093 -0.486539
v -0.264902 0.353803 -0.498065
v -0.267027 0.333589 -0.504030
v -0.267904 0.312740 -0.508585
v -0.282408 0.270868 -0.490476
v -0.292044 0.259016 -0.472459
v -0.300420 0.244837 -0.453083
v -0.313117 0.311543 -0.414801
v -0.313254 0.286360 -0.419285
v -0.312171 0.259700 -0.422649
v -0.288086 0.440203 -0.340802
v -0.291052 0.436479 -0.316759
v -0.292518 0.432308 -0.292758
v -0.267194 0.464886 -0.269235
v -0.277742 0.452145 -0.271128
v -0.285711 0.439927 -0.269519
v -0.315894 0.353456 -0.370223
v -0.317905 0.359115 -0.339777
v -0.318435 0.363172 -0.307080
v -0.295564 0.421463 -0.350547
v -0.303886 0.405173 -0.327694
v -0.310683 0.388695 -0.301146
v -0.298400 0.416099 -0.265266
v -0.303891 0.404006 -0.264037
v -0.309075 0.390394 -0.262267
v -0.258074 0.457831 -0.212697
v -0.263634 0.439938 -0.178966
v -0.268800 0.422209 -0.148398
v -0.290460 0.423411 -0.238416
v -0.287114 0.418456 -0.207163
v -0.282668 0.412222 -0.172112
v -0.307960 0.379849 -0.218048
v -0.299440 0.387419 -0.187518
v -0.290063 0.394025 -0.157676
v -0.236945 0.402114 -0.013075
v -0.249607 0.402575 -0.047450
v -0.261918 0.402728 -0.081009
v -0.320528 0.322795 -0.378060
v -0.326201 0.305804 -0.354160
v -0.330080 0.287579 -0.328697
v -0.319511 0.235462 -0.392870
v -0.325512 0.244203 -0.365495
v -0.329815 0.252299 -0.335764
v -0.324639 0.340120 -0.270644
v -0.328878 0.318429 -0.278150
v -0.331516 0.295482 -0.284519
v -0.316347 0.196947 -0.397086
v -0.319323 0.175609 -0.375001
v -0.319733 0.153132 -0.352068
v -0.331172 0.225337 -0.300942
v -0.328647 0.195489 -0.307052
v -0.324083 0.164351 -0.312291
v -0.306878 0.186114 -0.426545
v -0.304026 0.159297 -0.426326
v -0.300038 0.134437 -0.426086
v -0.311788 0.116612 -0.360158
v -0.307434 0.112593 -0.383591
v -0.301559 0.109460 -0.404355
v -0.289138 0.084510 -0.417601
v -0.282793 0.066658 -0.411534
v -0.273911 0.049928 -0.405625
v -0.303047 0.089145 -0.347007
v -0.291840 0.068190 -0.364254
v -0.278457 0.048971 -0.379096
v -0.264727 0.027134 -0.365832
v -0.267281 0.026815 -0.344785
v -0.268047 0.026982 -0.323119
v -0.299755 0.082507 -0.311329
v -0.288638 0.060051 -0.306994
v -0.277739 0.041767 -0.302847
v -0.265261 0.026334 -0.272517
v -0.262704 0.026589 -0.244348
v -0.260459 0.029559 -0.215531
v -0.301378 0.095603 -0.270731
v -0.288305 0.075784 -0.236319
v -0.274538 0.057136 -0.206872
v -0.269063 0.063640 -0.164050
v -0.279662 0.091981 -0.156516
v -0.291039 0.124400 -0.152750
v -0.315320 0.136467 -0.270234
v -0.313693 0.147602 -0.233054
v -0.310331 0.157756 -0.195826
v -0.330388 0.237765 -0.252660
v -0.325790 0.218845 -0.221328
v -0.318566 0.198918 -0.189315
v -0.249644 0.032290 -0.148530
v -0.242618 0.029678 -0.122205
v -0.236225 0.029535 -0.095443
v -0.284901 0.132582 -0.111398
v -0.267646 0.101052 -0.088692
v -0.249936 0.069453 -0.070061
v -0.245098 0.080532 -0.028945
v -0.258798 0.123001 -0.013769
v -0.271018 0.166063 0.002266
v -0.300367 0.183493 -0.099637
v -0.296615 0.194843 -0.062837
v -0.291343 0.205507 -0.025088
v -0.331786 0.272325 -0.243550
v -0.329732 0.279120 -0.204688
v -0.326370 0.285234 -0.164581
v -0.314147 0.211394 -0.137848
v -0.318501 0.238895 -0.129976
v -0.320660 0.263462 -0.121855
v -0.322308 0.343771 -0.221387
v -0.324070 0.327798 -0.190737
v -0.323844 0.312275 -0.157514
v -0.298671 0.242003 -0.013804
v -0.308159 0.256935 -0.044139
v -0.314673 0.271109 -0.072699
v -0.315182 0.362135 -0.205041
v -0.313080 0.358866 -0.170630
v -0.310257 0.355454 -0.139737
v -0.287091 0.383951 -0.112694
v -0.294535 0.372806 -0.110605
v -0.301034 0.362263 -0.110379
v -0.317951 0.315729 -0.111632
v -0.315174 0.329328 -0.111575
v -0.311426 0.340925 -0.111287
v -0.302384 0.347699 -0.083791
v -0.297104 0.343657 -0.058024
v -0.290362 0.339832 -0.032235
v -0.274771 0.383431 -0.072191
v -0.275133 0.368953 -0.042218
v -0.276524 0.354439 -0.018768
v -0.311844 0.305282 -0.071013
v -0.303679 0.313424 -0.045255
v -0.294051 0.322256 -0.022089
v -0.236065 0.381303 0.034765
v -0.249340 0.366516 0.028994
v -0.262719 0.352855 0.019417
v -0.312145 0.288109 -0.058157
v -0.305077 0.285191 -0.025419
v -0.295674 0.283378 0.006891
v -0.283557 0.319123 0.013341
v -0.285648 0.307122 0.020143
v -0.285383 0.296479 0.028771
v -0.284885 0.247861 0.034488
v -0.285692 0.260640 0.036991
v -0.284195 0.271136 0.040782
v -0.266831 0.336455 0.035785
v -0.256883 0.338819 0.057701
v -0.247069 0.342336 0.076820
v -0.223007 0.384061 0.069388
v -0.226474 0.372656 0.083262
v -0.230427 0.361608 0.092249
v -0.269768 0.300388 0.062360
v -0.259816 0.314204 0.074523
v -0.248643 0.329037 0.086630
v -0.201696 0.390874 0.143795
v -0.211758 0.376663 0.130357
v -0.222008 0.362944 0.116564
v -0.231205 0.340565 0.114504
v -0.226372 0.333942 0.128562
v -0.219665 0.326933 0.144534
v -0.193176 0.382812 0.165406
v -0.197735 0.361738 0.166682
v -0.201913 0.341373 0.168193
v -0.259733 0.291068 0.086789
v -0.243918 0.297897 0.113989
v -0.227246 0.306008 0.140666
v -0.160403 0.343028 0.225071
v -0.173524 0.335312 0.210419
v -0.187426 0.327709 0.194965
v -0.186735 0.307177 0.208966
v -0.170949 0.298506 0.238693
v -0.154923 0.287495 0.267863
v -0.144378 0.331350 0.255289
v -0.142140 0.315034 0.268479
v -0.139022 0.297191 0.283008
v -0.261550 0.276934 0.087762
v -0.243318 0.272999 0.123421
v -0.223751 0.268638 0.160158
v -0.205702 0.299799 0.181765
v -0.203183 0.288252 0.191343
v -0.200787 0.275992 0.199752
v -0.261507 0.241860 0.083395
v -0.242753 0.250775 0.123133
v -0.223359 0.255738 0.161110
v -0.154201 0.261755 0.281483
v -0.167295 0.260262 0.262828
v -0.180631 0.258543 0.240900
v -0.118707 0.288714 0.304359
v -0.112508 0.300649 0.303548
v -0.108320 0.309782 0.302277
v -0.134900 0.340736 0.265810
v -0.126579 0.333423 0.279918
v -0.117688 0.326256 0.291666
v -0.100046 0.264530 0.316991
v -0.074459 0.262356 0.322413
v -0.048761 0.259978 0.326780
v -0.090388 0.307973 0.309496
v -0.071194 0.296146 0.316412
v -0.048730 0.282182 0.323431
v -0.139814 0.356169 0.263551
v -0.134653 0.358330 0.278990
v -0.127476 0.359320 0.295594
v -0.106173 0.326478 0.302232
v -0.107381 0.335195 0.304570
v -0.108640 0.344344 0.308993
v -0.037205 0.292407 0.329817
v -0.058863 0.314115 0.326733
v -0.081416 0.334383 0.324048
v -0.151118 0.368719 0.248538
v -0.158386 0.379375 0.253158
v -0.167207 0.389565 0.257887
v -0.136354 0.370592 0.302386
v -0.151374 0.379504 0.290191
v -0.164519 0.388345 0.278840
v -0.172081 0.393423 0.288408
v -0.164291 0.387345 0.306804
v -0.156369 0.381810 0.325137
v -0.126505 0.367194 0.325870
v -0.133669 0.370693 0.331684
v -0.139462 0.373190 0.338741
v -0.187065 0.404175 0.276111
v -0.190404 0.404974 0.284689
v -0.193165 0.406032 0.292752
v -0.163689 0.384867 0.333826
v -0.174906 0.391404 0.323483
v -0.185466 0.398705 0.313472
v -0.214891 0.435213 0.255882
v -0.209934 0.426146 0.269700
v -0.204291 0.417647 0.284136
v -0.211469 0.433687 0.244755
v -0.203950 0.424192 0.250086
v -0.195051 0.414716 0.256088
v -0.214537 0.441242 0.231782
v -0.209806 0.437255 0.227894
v -0.204143 0.433821 0.224602
v -0.188256 0.412596 0.246548
v -0.191912 0.418980 0.236680
v -0.194281 0.424555 0.228296
v -0.003700 0.285276 0.342834
v 0.001301 0.301410 0.351481
v 0.005393 0.316151 0.361415
v -0.073555 0.346316 0.339844
v -0.046222 0.339901 0.352096
v -0.019881 0.334728 0.363623
v 0.031729 0.319551 0.372440
v 0.046384 0.309735 0.370354
v 0.060484 0.299670 0.368519
v 0.018564 0.266967 0.345836
v 0.037814 0.272651 0.353482
v 0.055935 0.278525 0.360259
v 0.033986 0.336152 0.384044
v 0.050617 0.341145 0.389077
v 0.066991 0.346866 0.393297
v 0.083781 0.306968 0.374149
v 0.086246 0.322415 0.380865
v 0.088487 0.337344 0.387781
v 0.113060 0.344177 0.387902
v 0.129833 0.333717 0.380892
v 0.145926 0.322598 0.373843
v 0.106602 0.292525 0.368846
v 0.126165 0.297361 0.368889
v 0.144588 0.302057 0.368111
v 0.116227 0.363969 0.393375
v 0.133349 0.368558 0.389526
v 0.149426 0.372264 0.384676
v 0.169576 0.324278 0.367875
v 0.170987 0.338908 0.370444
v 0.170710 0.354330 0.373194
v 0.101165 0.375872 0.401367
v 0.107519 0.389214 0.403502
v 0.112505 0.401332 0.405394
v 0.150970 0.391428 0.387530
v 0.139505 0.400779 0.394289
v 0.128813 0.408131 0.400471
v 0.104700 0.271007 0.365931
v 0.124690 0.259022 0.364842
v 0.145300 0.246462 0.362624
v 0.169974 0.288242 0.361676
v 0.172322 0.271587 0.359935
v 0.173008 0.254235 0.358635
v 0.143797 0.220887 0.361291
v 0.121101 0.216596 0.363047
v 0.098640 0.212982 0.363238
v 0.076615 0.265041 0.363850
v 0.073857 0.249134 0.363128
v 0.071869 0.232224 0.362466
v 0.015933 0.243888 0.343024
v 0.032477 0.234113 0.349601
v 0.048021 0.224017 0.355589
v 0.172284 0.198653 0.354137
v 0.171996 0.173608 0.350943
v 0.171018 0.149223 0.347033
v 0.100636 0.186723 0.360102
v 0.122775 0.166593 0.356457
v 0.143716 0.145828 0.351199
v -0.005170 0.227937 0.336263
v -0.002157 0.208207 0.336941
v 0.000297 0.190935 0.337133
v 0.045935 0.202046 0.353494
v 0.031566 0.194103 0.347269
v 0.018798 0.184981 0.341427
v -0.032748 0.232085 0.332865
v -0.047934 0.211458 0.334089
v -0.061409 0.189555 0.336084
v -0.014651 0.170780 0.334988
v -0.031926 0.168495 0.335491
v -0.049162 0.165431 0.336744
v -0.112767 0.234296 0.322792
v -0.100959 0.211310 0.330616
v -0.089135 0.187219 0.335932
v 0.140151 0.130075 0.350069
v 0.122879 0.140059 0.353962
v 0.106744 0.148742 0.356362
v 0.080683 0.187996 0.359691
v 0.086673 0.176350 0.358434
v 0.090321 0.165469 0.357216
v 0.017666 0.165709 0.336600
v 0.027250 0.160633 0.337034
v 0.035363 0.155885 0.337884
v 0.059990 0.191633 0.355778
v 0.054842 0.179275 0.350696
v 0.050033 0.166109 0.345341
v 0.076985 0.158413 0.354278
v 0.066853 0.158314 0.350574
v 0.056140 0.155531 0.346147
v 0.091656 0.143578 0.358626
v 0.091542 0.134263 0.359483
v 0.092101 0.122859 0.358768
v 0.146741 0.109177 0.345780
v 0.129716 0.108029 0.349560
v 0.113388 0.108030 0.352666
v 0.150446 0.057056 0.322816
v 0.131889 0.072593 0.335759
v 0.114626 0.088620 0.346211
v 0.171872 0.059695 0.317428
v 0.171340 0.074704 0.325680
v 0.170542 0.091926 0.333061
v 0.103295 0.059121 0.336891
v 0.098179 0.075422 0.345666
v 0.095186 0.090622 0.351254
v 0.075188 0.146681 0.357152
v 0.062474 0.138014 0.357097
v 0.050344 0.126990 0.356403
v 0.078124 0.111469 0.358374
v 0.064789 0.112869 0.358880
v 0.053327 0.112038 0.357534
v 0.087718 0.058933 0.338714
v 0.071077 0.074894 0.347141
v 0.055406 0.090637 0.352091
v 0.042183 0.140041 0.343229
v 0.039749 0.132512 0.346955
v 0.037440 0.124064 0.350780
v 0.057671 0.057860 0.339494
v 0.051209 0.072972 0.346395
v 0.044246 0.088613 0.350948
v 0.030841 0.139634 0.333673
v 0.021969 0.133222 0.330577
v 0.011883 0.129306 0.329120
v 0.001134 0.156624 0.332960
v 0.000318 0.144829 0.330828
v -0.000039 0.135729 0.329616
v -0.047901 0.144638 0.335762
v -0.030773 0.136852 0.332715
v -0.014742 0.131228 0.330403
v 0.031792 0.133779 0.336606
v 0.022506 0.123290 0.335225
v 0.012306 0.113493 0.334654
v -0.000472 0.122420 0.329152
v -0.000949 0.117058 0.329957
v -0.001808 0.111495 0.331795
v 0.024450 0.112082 0.349418
v 0.016794 0.110657 0.344651
v 0.010043 0.107301 0.339751
v -0.054342 0.130331 0.338879
v -0.038651 0.116888 0.337335
v -0.021994 0.106666 0.335752
v 0.049805 0.053754 0.335555
v 0.038883 0.064652 0.339858
v 0.028549 0.074140 0.341781
v 0.027500 0.102029 0.352017
v 0.022508 0.097438 0.350102
v 0.019875 0.091461 0.347004
v 0.005098 0.096853 0.338050
v 0.008559 0.094858 0.340655
v 0.012426 0.090835 0.342313
v 0.026776 0.033862 0.315978
v 0.026198 0.050026 0.325771
v 0.023189 0.065620 0.334243
v 0.011039 0.060764 0.330415
v 0.013410 0.069025 0.333174
v 0.015185 0.076097 0.336910
v 0.003437 0.061504 0.332036
v 0.001044 0.071515 0.333492
v -0.001281 0.082950 0.334704
v -0.042002 0.051661 0.344583
v -0.029952 0.067495 0.341694
v -0.017962 0.083066 0.338003
v -0.065749 0.063835 0.348652
v -0.070504 0.091426 0.347646
v -0.073595 0.119958 0.344626
v -0.093684 0.146526 0.342972
v -0.106684 0.136193 0.345105
v -0.117497 0.123746 0.346153
v -0.082758 0.049909 0.351088
v -0.098517 0.066705 0.352551
v -0.113375 0.084113 0.350929
v -0.128445 0.071802 0.348150
v -0.127357 0.051662 0.347374
v -0.126616 0.034991 0.342934
v -0.085838 0.023627 0.342600
v -0.101867 0.021049 0.340970
v -0.115267 0.020726 0.337936
v -0.132370 0.215504 0.322154
v -0.132747 0.180307 0.331594
v -0.132306 0.145597 0.338757
v -0.141949 0.080322 0.340415
v -0.149149 0.062753 0.333697
v -0.155103 0.046753 0.323415
v -0.136236 0.021791 0.330374
v -0.144419 0.022760 0.325403
v -0.152048 0.025094 0.317774
v -0.145902 0.223768 0.306768
v -0.153994 0.191612 0.306210
v -0.161504 0.160803 0.302556
v -0.143426 0.112491 0.336235
v -0.151985 0.115433 0.326954
v -0.159928 0.118845 0.314480
v -0.164368 0.051043 0.306526
v -0.166187 0.069387 0.305429
v -0.167799 0.091556 0.301447
v -0.184808 0.229230 0.241702
v -0.178013 0.200171 0.262502
v -0.173764 0.168809 0.278031
v -0.169817 0.038350 0.283019
v -0.175497 0.047648 0.261800
v -0.181266 0.059047 0.236429
v -0.176300 0.107150 0.273524
v -0.180290 0.096640 0.254444
v -0.184427 0.088571 0.231840
v -0.166730 0.018749 0.280547
v -0.170051 0.012100 0.260978
v -0.172481 0.006527 0.238479
v -0.185222 0.045865 0.206432
v -0.182436 0.028105 0.210872
v -0.179395 0.013372 0.211713
v -0.191843 0.048693 0.167307
v -0.192836 0.030101 0.142960
v -0.193462 0.013812 0.116699
v -0.179285 -0.001509 0.176650
v -0.183244 -0.002937 0.148870
v -0.186918 -0.003524 0.119170
v -0.180350 0.146302 0.264034
v -0.188442 0.164784 0.239797
v -0.197569 0.183095 0.213314
v -0.202047 0.240631 0.203366
v -0.204603 0.229127 0.197757
v -0.207858 0.216648 0.189653
v -0.195580 0.116826 0.196838
v -0.199630 0.146103 0.193939
v -0.204408 0.172864 0.188610
v -0.259628 0.227434 0.082955
v -0.243360 0.226233 0.116249
v -0.227505 0.218674 0.146735
v -0.200159 0.075036 0.154150
v -0.206852 0.074039 0.126203
v -0.213935 0.075166 0.099973
v -0.200569 0.014046 0.078682
v -0.206382 0.030345 0.077056
v -0.212859 0.050388 0.074965
v -0.225884 0.043949 -0.005336
v -0.224971 0.054348 0.021994
v -0.224268 0.066057 0.045933
v -0.212926 0.012859 -0.011020
v -0.205532 0.004465 0.016865
v -0.199400 -0.000243 0.043873
v -0.264977 0.173197 0.036167
v -0.251459 0.140263 0.044309
v -0.237731 0.109999 0.054879
v -0.221776 0.197239 0.151566
v -0.229464 0.191320 0.131251
v -0.235024 0.181418 0.114631
v -0.204812 0.109153 0.163857
v -0.216318 0.131516 0.140629
v -0.227184 0.150751 0.120034
v -0.229393 0.108513 0.080425
v -0.234236 0.130867 0.085863
v -0.237337 0.150644 0.092390
v -0.266988 0.205265 0.057211
v -0.258212 0.195000 0.071128
v -0.248405 0.182549 0.085456
v -0.091057 0.392387 0.447261
v -0.091366 0.381153 0.432298
v -0.093119 0.372521 0.416315
v -0.065706 0.361500 0.408613
v -0.076740 0.362061 0.403492
v -0.086886 0.363484 0.399047
v -0.107997 0.361282 0.344111
v -0.104078 0.361623 0.360138
v -0.100348 0.362319 0.376045
v -0.061144 0.356365 0.391146
v -0.074335 0.356033 0.370931
v -0.088804 0.356679 0.350228
v -0.069160 0.606542 0.119229
v -0.079035 0.602019 0.112245
v -0.089551 0.597625 0.106226
v -0.063623 0.620065 0.135249
v -0.069836 0.626431 0.136533
v -0.077933 0.632461 0.136188
v -0.087803 0.628257 0.120928
v -0.089951 0.617543 0.113337
v -0.094615 0.606410 0.106784
v -0.095423 0.636847 0.114125
v -0.101793 0.634066 0.102542
v -0.110194 0.631339 0.092585
v -0.107975 0.601713 0.099051
v -0.111918 0.609505 0.095317
v -0.116293 0.617931 0.091082
v -0.117178 0.650294 0.086597
v -0.116961 0.645839 0.084335
v -0.118688 0.639673 0.083031
v -0.142697 0.598303 0.111304
v -0.135872 0.607679 0.100888
v -0.129525 0.617187 0.091949
v -0.141120 0.652997 0.070279
v -0.137427 0.648295 0.071199
v -0.131344 0.640913 0.075671
v -0.147946 0.636196 0.093410
v -0.142164 0.633734 0.087572
v -0.134640 0.631319 0.084207
v 0.167725 0.527349 0.363610
v 0.160354 0.524226 0.372310
v 0.151506 0.522418 0.381251
v 0.152782 0.509451 0.382818
v 0.163719 0.501001 0.374055
v 0.173781 0.493424 0.365166
v 0.178416 0.519716 0.352456
v 0.180768 0.509251 0.352450
v 0.182856 0.498783 0.352702
v 0.154757 0.479315 0.385203
v 0.166657 0.479144 0.374613
v 0.176604 0.479951 0.364972
v 0.191291 0.493381 0.340685
v 0.193323 0.502168 0.330397
v 0.194526 0.511159 0.319090
v 0.182602 0.530998 0.341410
v 0.187046 0.530020 0.331180
v 0.190474 0.528618 0.320035
v 0.187126 0.570299 0.326581
v 0.189354 0.558457 0.320466
v 0.191058 0.545539 0.313688
v 0.197954 0.474566 0.341843
v 0.205434 0.467986 0.333992
v 0.211572 0.462123 0.326080
v 0.203454 0.498157 0.306802
v 0.209180 0.482377 0.310678
v 0.213632 0.468498 0.313958
v 0.219027 0.445888 0.320855
v 0.219764 0.436807 0.324927
v 0.218949 0.427904 0.329708
v 0.193375 0.466215 0.351621
v 0.199733 0.451921 0.349099
v 0.206132 0.437087 0.345499
v 0.227089 0.414004 0.315352
v 0.231967 0.415330 0.297667
v 0.234629 0.416589 0.278541
v 0.221832 0.449858 0.306756
v 0.226144 0.442746 0.294225
v 0.229847 0.434294 0.278300
v 0.206248 0.492534 0.287569
v 0.215427 0.470574 0.277597
v 0.223941 0.448386 0.266306
v 0.231287 0.393706 0.318781
v 0.239412 0.382273 0.305309
v 0.245316 0.370632 0.291538
v 0.240132 0.400652 0.258594
v 0.243431 0.388956 0.264708
v 0.246267 0.375435 0.269368
v 0.196127 0.501922 0.274437
v 0.196892 0.488453 0.257172
v 0.197465 0.476375 0.240718
v 0.222283 0.438042 0.239991
v 0.213732 0.448918 0.234403
v 0.205609 0.457836 0.228915
v 0.186700 0.517523 0.274009
v 0.180951 0.511450 0.254872
v 0.175773 0.505504 0.235860
v 0.190804 0.471787 0.219624
v 0.184287 0.478069 0.216164
v 0.178064 0.485752 0.213321
v 0.199358 0.440987 0.163790
v 0.198559 0.447624 0.186434
v 0.198188 0.455780 0.205925
v 0.188832 0.451384 0.150159
v 0.181169 0.464003 0.167959
v 0.175234 0.478655 0.186323
v 0.161856 0.502721 0.146720
v 0.163757 0.499639 0.167291
v 0.166194 0.498440 0.187003
v 0.163245 0.521215 0.216747
v 0.158697 0.539643 0.223483
v 0.154443 0.557747 0.230296
v 0.153523 0.524266 0.151412
v 0.150759 0.540017 0.178831
v 0.149014 0.556792 0.205663
v 0.125012 0.557050 0.157484
v 0.133196 0.564640 0.185004
v 0.140000 0.572200 0.210635
v 0.186545 0.538818 0.289897
v 0.181660 0.548041 0.284303
v 0.176959 0.556929 0.279811
v 0.169044 0.520690 0.234828
v 0.169404 0.536233 0.250077
v 0.170303 0.551430 0.263483
v 0.155407 0.577880 0.254300
v 0.160577 0.575226 0.262571
v 0.165522 0.571745 0.268983
v 0.190291 0.550517 0.304256
v 0.188872 0.566842 0.306133
v 0.187742 0.581675 0.307330
v 0.188889 0.587079 0.324137
v 0.190220 0.589807 0.318536
v 0.189864 0.593334 0.313698
v 0.175747 0.576409 0.287527
v 0.179206 0.583170 0.295051
v 0.182545 0.590075 0.301511
v 0.149339 0.596211 0.262106
v 0.151013 0.606521 0.275374
v 0.152806 0.614639 0.285554
v 0.168553 0.584724 0.282476
v 0.165729 0.597470 0.287010
v 0.162238 0.609458 0.291121
v 0.180553 0.607252 0.304323
v 0.174453 0.613053 0.301873
v 0.167258 0.618266 0.299419
v 0.191079 0.598399 0.327450
v 0.196248 0.607737 0.323768
v 0.200647 0.617413 0.321041
v 0.191864 0.608396 0.311980
v 0.195942 0.614799 0.313993
v 0.200127 0.621360 0.315991
v 0.201523 0.630734 0.332343
v 0.205145 0.630643 0.327624
v 0.206697 0.630634 0.323435
v 0.186979 0.615157 0.308287
v 0.186903 0.626453 0.308243
v 0.186337 0.637420 0.308614
v 0.205113 0.637170 0.315636
v 0.201992 0.642304 0.313392
v 0.196499 0.646770 0.311707
v 0.161596 0.632345 0.302670
v 0.167399 0.638148 0.305668
v 0.173889 0.643476 0.307829
v 0.142520 0.626762 0.291490
v 0.132254 0.627019 0.285530
v 0.121750 0.625143 0.275991
v 0.139138 0.593816 0.245593
v 0.131078 0.603198 0.250629
v 0.121889 0.610905 0.254156
v 0.107644 0.571297 0.167005
v 0.106692 0.588099 0.199626
v 0.106425 0.603953 0.228944
v 0.222356 0.670722 0.333126
v 0.216730 0.658507 0.334560
v 0.207126 0.645170 0.336148
v 0.224297 0.671289 0.326505
v 0.220560 0.659271 0.323419
v 0.213813 0.645675 0.320879
v 0.218967 0.677951 0.323585
v 0.211381 0.670943 0.318494
v 0.200062 0.661984 0.314205
v 0.182675 0.646124 0.350069
v 0.188955 0.641828 0.346642
v 0.192065 0.637273 0.343123
v 0.171308 0.668749 0.317374
v 0.176770 0.665225 0.314554
v 0.180938 0.660430 0.312581
v 0.129696 0.657512 0.315042
v 0.148149 0.655652 0.313255
v 0.165286 0.653637 0.311296
v 0.121007 0.651056 0.310136
v 0.133519 0.644023 0.306495
v 0.144491 0.636004 0.301972
v 0.100051 0.649117 0.298811
v 0.101138 0.641167 0.287721
v 0.103562 0.632235 0.275189
v 0.088534 0.620719 0.245735
v 0.069150 0.621302 0.233260
v 0.048798 0.621331 0.218598
v 0.076489 0.652269 0.288517
v 0.058236 0.645171 0.265117
v 0.041071 0.636387 0.238644
v 0.083330 0.569248 0.141625
v 0.062335 0.585233 0.158502
v 0.042377 0.601553 0.175473
v 0.029211 0.656094 0.259612
v 0.025479 0.648156 0.245004
v 0.022025 0.638405 0.227453
v 0.040683 0.562644 0.075614
v 0.060359 0.558535 0.088101
v 0.081581 0.554801 0.101561
v 0.017188 0.575826 0.088774
v 0.015690 0.587107 0.117258
v 0.016294 0.600462 0.149461
v -0.024395 0.591686 0.101124
v -0.013567 0.601115 0.128855
v -0.000965 0.610363 0.157860
v -0.022493 0.623943 0.168267
v -0.027161 0.611007 0.139131
v -0.032351 0.597582 0.108983
v -0.009656 0.635008 0.198672
v -0.003666 0.631894 0.197743
v 0.004099 0.628026 0.196773
v 0.018374 0.658059 0.254058
v 0.007686 0.652975 0.238942
v -0.003275 0.647123 0.223054
v 0.021324 0.664312 0.265945
v 0.013346 0.663911 0.259974
v 0.004519 0.663050 0.254917
v 0.030662 0.668768 0.283906
v 0.029208 0.671098 0.289362
v 0.027179 0.672562 0.293543
v 0.159724 0.464317 0.382965
v 0.177120 0.450874 0.369919
v 0.193641 0.436215 0.357271
v 0.193698 0.421870 0.358259
v 0.178536 0.427622 0.369935
v 0.164010 0.432103 0.380647
v 0.142212 0.464649 0.397149
v 0.145242 0.454984 0.394873
v 0.147110 0.445817 0.393413
v 0.006600 0.414042 0.456943
v 0.023796 0.406836 0.447516
v 0.040176 0.400750 0.438120
v 0.020836 0.371118 0.421101
v 0.032360 0.377533 0.423153
v 0.044772 0.385097 0.425091
v 0.053870 0.433155 0.457115
v 0.055421 0.421121 0.448738
v 0.056869 0.410016 0.439760
v 0.083884 0.431244 0.438829
v 0.077809 0.420373 0.435818
v 0.071335 0.409723 0.432004
v 0.102606 0.409906 0.413269
v 0.090758 0.404945 0.417075
v 0.078158 0.400046 0.421163
v 0.098283 0.435519 0.430644
v 0.103949 0.429684 0.423383
v 0.109890 0.423358 0.415906
v 0.079802 0.369676 0.405918
v 0.073327 0.377207 0.411651
v 0.067231 0.385002 0.417805
v 0.125837 0.422289 0.405354
v 0.132806 0.427379 0.402168
v 0.139453 0.431240 0.398338
v 0.107720 0.445201 0.426655
v 0.120130 0.444348 0.415998
v 0.132806 0.441743 0.404981
v 0.165051 0.397480 0.380367
v 0.160988 0.411428 0.383206
v 0.155941 0.423362 0.386587
v 0.185310 0.382295 0.367082
v 0.196326 0.389064 0.359039
v 0.205786 0.397528 0.350662
v 0.122450 0.470715 0.414337
v 0.112671 0.463215 0.423569
v 0.103238 0.455303 0.431800
v -0.126982 -0.003333 0.279303
v -0.128632 0.002875 0.302536
v -0.127856 0.010791 0.320628
v -0.142131 -0.004047 0.263939
v -0.151604 0.003130 0.280436
v -0.157167 0.012790 0.293576
v -0.144883 -0.010448 0.228262
v -0.157765 -0.008727 0.223902
v -0.166492 -0.005670 0.217859
v -0.154420 -0.020017 0.119765
v -0.163310 -0.015986 0.149591
v -0.169598 -0.010000 0.177853
v -0.158468 -0.021603 0.079457
v -0.170955 -0.019039 0.078515
v -0.181298 -0.013976 0.079277
v -0.169728 -0.016635 -0.016750
v -0.180469 -0.015186 0.014559
v -0.187164 -0.011785 0.043137
v -0.180206 -0.011974 -0.062372
v -0.196441 -0.005332 -0.058824
v -0.209539 0.004992 -0.056164
v -0.221553 0.009303 -0.105764
v -0.220559 0.000957 -0.152521
v -0.221269 -0.003292 -0.200494
v -0.177940 -0.014244 -0.129373
v -0.194718 -0.012044 -0.175183
v -0.208336 -0.009222 -0.217983
v -0.246861 0.017369 -0.192229
v -0.239370 0.006877 -0.211270
v -0.233108 0.000516 -0.233842
v -0.257798 0.015778 -0.296283
v -0.248650 0.007590 -0.292043
v -0.238826 0.001519 -0.283544
v -0.246437 0.012679 -0.366936
v -0.238828 0.004843 -0.342532
v -0.231721 -0.000628 -0.312429
v -0.154263 -0.015989 -0.153748
v -0.158819 -0.014736 -0.214675
v -0.160983 -0.012566 -0.272619
v -0.211912 -0.007543 -0.286087
v -0.200162 -0.008778 -0.302730
v -0.186386 -0.009021 -0.317313
v -0.232706 0.011485 -0.388713
v -0.213379 0.003253 -0.379271
v -0.192901 -0.002906 -0.364810
v -0.104945 -0.015492 -0.126203
v -0.078710 -0.013986 -0.163351
v -0.053056 -0.012211 -0.197779
v -0.131652 -0.010643 -0.303884
v -0.103774 -0.011156 -0.279141
v -0.071815 -0.010895 -0.255753
v 0.097039 -0.006959 -0.158349
v 0.056142 -0.008469 -0.177839
v 0.016408 -0.009535 -0.199529
v 0.022449 -0.007916 -0.235101
v 0.061648 -0.005974 -0.236316
v 0.098365 -0.003165 -0.240224
v 0.153808 -0.003099 -0.171614
v 0.153038 -0.002376 -0.194185
v 0.147754 -0.001130 -0.217154
v -0.032759 -0.007910 -0.272875
v -0.038443 -0.005436 -0.306151
v -0.043260 -0.002155 -0.339051
v 0.090565 0.001683 -0.283012
v 0.048951 0.001953 -0.311974
v 0.005147 0.002644 -0.343266
v -0.136473 -0.006517 -0.356866
v -0.113577 -0.004257 -0.367582
v -0.088435 -0.001334 -0.374584
v -0.005424 0.010206 -0.391099
v 0.030356 0.016945 -0.400122
v 0.065258 0.024791 -0.410046
v 0.129005 0.009503 -0.300291
v 0.122347 0.016775 -0.339313
v 0.114552 0.025117 -0.378884
v -0.238013 0.021125 -0.417317
v -0.222847 0.018414 -0.431526
v -0.206654 0.017224 -0.443804
v -0.170254 -0.003040 -0.381507
v -0.175003 0.001715 -0.408373
v -0.179142 0.007578 -0.431279
v -0.096493 0.004084 -0.410119
v -0.126426 0.005861 -0.427921
v -0.153139 0.009302 -0.442702
v -0.062142 0.008944 -0.419252
v -0.071326 0.013287 -0.444357
v -0.079090 0.018652 -0.467257
v 0.053423 0.032908 -0.447366
v 0.009630 0.029769 -0.462479
v -0.034005 0.027665 -0.476803
v -0.161084 0.018057 -0.469193
v -0.142514 0.019467 -0.476956
v -0.121371 0.022236 -0.484350
v -0.257256 0.037928 -0.423435
v -0.256229 0.047246 -0.440735
v -0.254290 0.057858 -0.455800
v -0.208571 0.030152 -0.466142
v -0.224087 0.041848 -0.469769
v -0.237371 0.054767 -0.471532
v -0.283647 0.094812 -0.440982
v -0.274810 0.086658 -0.451768
v -0.264769 0.079943 -0.461750
v -0.238908 0.074012 -0.487022
v -0.227560 0.074863 -0.498100
v -0.214550 0.075647 -0.508493
v -0.188685 0.030094 -0.479434
v -0.191427 0.041842 -0.493455
v -0.193245 0.055505 -0.505943
v -0.127437 0.035026 -0.505661
v -0.150496 0.044212 -0.511737
v -0.170661 0.056335 -0.516917
v -0.288654 0.123465 -0.447876
v -0.282718 0.137125 -0.465711
v -0.274995 0.150622 -0.483447
v -0.255681 0.093372 -0.482305
v -0.258505 0.113322 -0.490308
v -0.260389 0.134634 -0.497557
v -0.216241 0.101630 -0.522698
v -0.231153 0.121624 -0.520889
v -0.245012 0.141343 -0.516603
v -0.195374 0.102339 -0.538818
v -0.194686 0.124056 -0.552020
v -0.192137 0.147343 -0.565423
v -0.245715 0.172859 -0.527761
v -0.231050 0.176134 -0.543979
v -0.213844 0.178431 -0.560220
v -0.298197 0.209183 -0.453418
v -0.288508 0.197691 -0.471891
v -0.277831 0.184821 -0.488165
v -0.266731 0.250210 -0.514594
v -0.265735 0.225158 -0.514199
v -0.264300 0.199328 -0.511880
v -0.249389 0.257445 -0.535548
v -0.233433 0.235841 -0.551119
v -0.214855 0.212995 -0.565798
v -0.037987 0.037007 -0.501751
v -0.001242 0.046748 -0.507530
v 0.034175 0.059234 -0.515432
v 0.093111 0.045878 -0.459128
v 0.085610 0.053354 -0.480294
v 0.079281 0.062987 -0.501194
v 0.104433 0.081669 -0.515272
v 0.120674 0.082964 -0.505497
v 0.134435 0.085837 -0.496283
v 0.124188 0.051529 -0.448013
v 0.132890 0.061699 -0.460543
v 0.140074 0.073376 -0.471652
v 0.108595 0.106459 -0.543841
v 0.128468 0.127702 -0.554080
v 0.146135 0.150045 -0.563184
v 0.152651 0.109979 -0.505629
v 0.156897 0.129048 -0.524845
v 0.161723 0.150145 -0.544002
v -0.104832 0.039280 -0.518868
v -0.110628 0.049348 -0.533695
v -0.114197 0.061810 -0.547682
v -0.171680 0.076186 -0.534850
v -0.153775 0.076054 -0.544164
v -0.136763 0.077187 -0.553018
v -0.165839 0.144391 -0.580916
v -0.150568 0.121096 -0.576546
v -0.135152 0.100647 -0.571394
v -0.100060 0.073274 -0.564363
v -0.086451 0.070647 -0.564801
v -0.072540 0.071328 -0.566203
v -0.074547 0.038856 -0.517887
v -0.066102 0.047906 -0.532932
v -0.058028 0.059236 -0.548762
v 0.032221 0.073583 -0.541017
v 0.002678 0.071037 -0.548986
v -0.023905 0.071526 -0.558209
v -0.190236 0.221590 -0.586341
v -0.193106 0.249311 -0.585446
v -0.193750 0.277125 -0.583759
v -0.250796 0.290412 -0.533220
v -0.236529 0.295814 -0.547558
v -0.219736 0.302104 -0.561298
v -0.247223 0.361108 -0.516201
v -0.234884 0.346150 -0.535880
v -0.219364 0.332442 -0.554484
v -0.111315 0.095809 -0.580333
v -0.106207 0.109588 -0.594177
v -0.101182 0.123234 -0.607203
v -0.066658 0.091082 -0.587258
v -0.075597 0.104969 -0.599849
v -0.083637 0.119968 -0.611439
v -0.151800 0.163915 -0.601748
v -0.131361 0.155113 -0.611122
v -0.112355 0.147091 -0.618043
v -0.195991 0.350836 -0.566163
v -0.196797 0.374143 -0.556731
v -0.196156 0.397118 -0.545791
v -0.242873 0.391542 -0.504471
v -0.229144 0.399635 -0.515032
v -0.214479 0.409479 -0.523017
v -0.219862 0.475397 -0.462279
v -0.213647 0.459135 -0.484756
v -0.206259 0.442650 -0.505998
v -0.163677 0.496014 -0.491950
v -0.174319 0.474396 -0.505004
v -0.183726 0.451888 -0.517425
v -0.134835 0.503053 -0.506535
v -0.123645 0.488589 -0.529035
v -0.112359 0.472214 -0.550721
v -0.173060 0.427855 -0.543958
v -0.151973 0.433646 -0.554533
v -0.129757 0.440186 -0.563692
v -0.164821 0.352259 -0.584024
v -0.143698 0.381392 -0.584609
v -0.122976 0.410838 -0.582666
v -0.063037 0.504863 -0.549197
v -0.074214 0.492302 -0.556611
v -0.084754 0.475976 -0.564460
v 0.091073 0.110340 -0.563055
v 0.098836 0.131359 -0.585146
v 0.102916 0.151809 -0.605863
v 0.148781 0.176284 -0.589545
v 0.136063 0.174770 -0.601735
v 0.122092 0.174134 -0.612961
v 0.059637 0.096438 -0.563126
v 0.047673 0.109282 -0.586832
v 0.034758 0.122925 -0.609663
v -0.027598 0.090590 -0.586026
v -0.011196 0.104208 -0.600536
v 0.003283 0.119644 -0.615926
v 0.083441 0.160909 -0.628432
v 0.065854 0.152477 -0.630239
v 0.045615 0.145862 -0.632145
v -0.079017 0.139555 -0.630114
v -0.068681 0.140137 -0.634557
v -0.058922 0.139890 -0.636822
v -0.050123 0.096860 -0.595248
v -0.049580 0.111825 -0.611806
v -0.048812 0.126071 -0.626123
v -0.007347 0.139121 -0.638286
v -0.023062 0.139151 -0.639578
v -0.036583 0.139201 -0.639223
v -0.090810 0.154556 -0.634785
v -0.084925 0.166203 -0.643792
v -0.075485 0.176334 -0.651391
v -0.049291 0.151337 -0.647186
v -0.050888 0.162199 -0.653576
v -0.052869 0.172908 -0.657678
v -0.144462 0.185064 -0.614309
v -0.117001 0.187375 -0.631984
v -0.089584 0.189052 -0.646978
v -0.001615 0.155453 -0.650132
v -0.017137 0.166194 -0.657128
v -0.032888 0.176268 -0.660899
v -0.159845 0.288667 -0.604500
v -0.133339 0.273372 -0.621930
v -0.105292 0.261933 -0.637458
v -0.154927 0.205809 -0.609588
v -0.130217 0.220476 -0.625767
v -0.103927 0.234712 -0.639952
v -0.063029 0.205015 -0.660104
v -0.066120 0.217431 -0.659265
v -0.067890 0.231231 -0.657285
v -0.091128 0.417540 -0.594853
v -0.084224 0.392921 -0.608290
v -0.076918 0.369073 -0.619836
v -0.150630 0.321175 -0.602058
v -0.121752 0.326000 -0.615536
v -0.094315 0.332598 -0.625589
v -0.068274 0.276462 -0.650075
v -0.067410 0.294794 -0.646489
v -0.066648 0.315133 -0.640803
v -0.036272 0.272597 -0.656602
v -0.013035 0.290157 -0.653756
v 0.009219 0.310068 -0.647163
v -0.040087 0.339199 -0.637834
v -0.018470 0.338402 -0.639257
v 0.004106 0.339695 -0.637794
v -0.051082 0.372673 -0.624763
v -0.042547 0.398634 -0.615771
v -0.035626 0.423926 -0.605243
v -0.075208 0.453085 -0.583992
v -0.059752 0.455590 -0.587661
v -0.045826 0.455075 -0.589982
v 0.016313 0.377376 -0.622149
v 0.001106 0.402858 -0.613147
v -0.013065 0.426452 -0.603613
v -0.040361 0.501942 -0.558302
v -0.036984 0.489790 -0.569171
v -0.033230 0.474567 -0.579517
v -0.025260 0.189960 -0.665812
v -0.005928 0.189436 -0.666673
v 0.011979 0.188369 -0.665606
v 0.023671 0.157198 -0.648798
v 0.026496 0.167927 -0.655819
v 0.028298 0.177474 -0.660098
v 0.080253 0.179874 -0.643123
v 0.063637 0.182636 -0.651987
v 0.046781 0.184942 -0.658359
v -0.037273 0.249303 -0.662078
v -0.015446 0.246854 -0.665090
v 0.005316 0.243480 -0.665600
v -0.032747 0.204758 -0.667028
v -0.014319 0.215354 -0.668808
v 0.005120 0.224846 -0.668064
v 0.030260 0.196636 -0.664743
v 0.030763 0.206909 -0.665718
v 0.031132 0.218159 -0.665448
v 0.088946 0.194941 -0.642813
v 0.074372 0.208370 -0.651345
v 0.057018 0.221033 -0.658004
v 0.036870 0.302002 -0.646833
v 0.035143 0.279134 -0.654170
v 0.033511 0.258676 -0.659448
v 0.112243 0.194663 -0.631146
v 0.116902 0.209440 -0.632532
v 0.119324 0.224840 -0.632512
v 0.058948 0.241305 -0.656245
v 0.078946 0.243629 -0.649543
v 0.098047 0.245176 -0.641730
v 0.065019 0.310624 -0.637075
v 0.082938 0.289878 -0.637708
v 0.100172 0.270475 -0.635978
v 0.158055 0.199367 -0.595172
v 0.149267 0.212918 -0.609140
v 0.138526 0.226707 -0.619854
v 0.174439 0.204878 -0.577782
v 0.177306 0.220696 -0.580498
v 0.178504 0.236756 -0.581204
v 0.140840 0.248069 -0.618150
v 0.153791 0.249625 -0.608049
v 0.165258 0.252598 -0.596611
v 0.167520 0.278075 -0.589519
v 0.157581 0.295632 -0.594572
v 0.146667 0.314063 -0.597481
v 0.123503 0.271528 -0.625092
v 0.125328 0.291310 -0.619245
v 0.127654 0.311600 -0.611257
v 0.073352 0.343204 -0.622099
v 0.093796 0.342995 -0.614990
v 0.112324 0.341596 -0.607493
v 0.183556 0.279318 -0.570133
v 0.187062 0.299972 -0.560525
v 0.189310 0.323247 -0.549494
v 0.148225 0.346377 -0.583602
v 0.161445 0.351721 -0.570209
v 0.174426 0.355330 -0.555036
v 0.173687 0.393238 -0.535133
v 0.159205 0.419092 -0.535231
v 0.143140 0.442467 -0.534962
v 0.128328 0.369094 -0.586542
v 0.125936 0.397926 -0.573478
v 0.123534 0.427529 -0.558354
v 0.065570 0.381013 -0.607400
v 0.082984 0.409411 -0.587042
v 0.099260 0.436512 -0.565642
v 0.189571 0.394821 -0.512541
v 0.187349 0.423257 -0.495229
v 0.183989 0.450814 -0.476016
v 0.140242 0.477536 -0.511392
v 0.153440 0.481416 -0.493690
v 0.164943 0.483481 -0.475228
v 0.159363 0.511488 -0.448406
v 0.145391 0.526711 -0.448769
v 0.131205 0.538803 -0.449042
v 0.119907 0.499581 -0.509629
v 0.118960 0.517570 -0.491590
v 0.116923 0.532932 -0.473485
v 0.040961 0.390792 -0.611335
v 0.040630 0.420956 -0.597597
v 0.038627 0.447524 -0.584660
v 0.092046 0.470267 -0.550365
v 0.073634 0.470456 -0.559154
v 0.055275 0.470730 -0.566123
v -0.012320 0.459201 -0.587544
v 0.001773 0.463952 -0.583582
v 0.016059 0.467508 -0.578979
v -0.020298 0.508271 -0.552171
v -0.002659 0.499561 -0.558888
v 0.014327 0.488953 -0.564731
v 0.098953 0.495218 -0.528307
v 0.083272 0.509332 -0.524234
v 0.066689 0.520936 -0.519736
v 0.038292 0.491151 -0.557612
v 0.040915 0.504376 -0.546027
v 0.042599 0.517190 -0.532824
v -0.019601 0.523174 -0.536474
v -0.000160 0.526684 -0.531593
v 0.019374 0.529793 -0.524635
v 0.097103 0.547925 -0.467437
v 0.082553 0.544645 -0.481681
v 0.066911 0.540453 -0.495234
v -0.010384 0.559802 -0.482975
v 0.006937 0.553548 -0.493091
v 0.023128 0.546110 -0.501698
v 0.030467 0.591508 -0.422681
v 0.012817 0.584500 -0.439535
v -0.006737 0.576301 -0.454332
v 0.050432 0.582733 -0.433120
v 0.048619 0.568839 -0.458780
v 0.046745 0.553905 -0.483374
v 0.072556 0.587617 -0.412346
v 0.086508 0.577574 -0.423813
v 0.099279 0.565834 -0.435757
v 0.130890 0.576099 -0.371643
v 0.125779 0.569084 -0.398268
v 0.120457 0.560881 -0.422868
v 0.152727 0.559238 -0.366649
v 0.161729 0.539185 -0.392023
v 0.169686 0.517148 -0.416795
v 0.196960 0.519275 -0.330169
v 0.181207 0.539830 -0.333472
v 0.164394 0.559076 -0.334255
v 0.205761 0.490682 -0.360981
v 0.198036 0.489753 -0.389434
v 0.189762 0.488131 -0.415888
v 0.160550 0.572490 -0.306788
v 0.173497 0.563828 -0.288279
v 0.185554 0.553749 -0.266493
v 0.208866 0.513715 -0.295789
v 0.204642 0.525897 -0.278586
v 0.201251 0.534554 -0.259636
v 0.178583 0.562356 -0.214122
v 0.184481 0.557344 -0.223852
v 0.190855 0.550445 -0.228838
v 0.162060 0.577400 -0.242488
v 0.155306 0.582605 -0.271929
v 0.148667 0.584970 -0.296225
v 0.211762 0.524408 -0.212390
v 0.221192 0.511283 -0.194477
v 0.229853 0.497434 -0.176464
v 0.223644 0.492108 -0.274802
v 0.229026 0.490464 -0.239183
v 0.233712 0.486971 -0.202769
v 0.249136 0.443700 -0.200007
v 0.246791 0.456633 -0.183951
v 0.243681 0.467927 -0.170505
v 0.222709 0.505334 -0.092757
v 0.215550 0.518536 -0.140083
v 0.207791 0.530013 -0.185732
v 0.215394 0.511868 -0.076192
v 0.202650 0.530619 -0.115576
v 0.188890 0.547985 -0.153679
v 0.236014 0.483656 -0.062070
v 0.238499 0.482727 -0.089412
v 0.239182 0.482048 -0.119858
v 0.252030 0.432451 -0.006904
v 0.246569 0.448066 -0.006908
v 0.239783 0.464182 -0.012547
v 0.256685 0.433287 -0.055418
v 0.252719 0.449287 -0.086614
v 0.247111 0.464049 -0.118175
v 0.244851 0.417653 0.033893
v 0.232593 0.421915 0.062326
v 0.219654 0.426858 0.089270
v 0.213554 0.419402 0.128209
v 0.219080 0.410540 0.131097
v 0.223721 0.403890 0.133649
v 0.246805 0.403466 0.048125
v 0.238467 0.400134 0.081426
v 0.231695 0.398176 0.110007
v 0.233518 0.378433 0.140011
v 0.231332 0.385258 0.140781
v 0.229595 0.391724 0.139044
v 0.209969 0.427020 0.161690
v 0.217102 0.423724 0.188345
v 0.224547 0.421757 0.213908
v 0.230150 0.408413 0.209344
v 0.227510 0.403355 0.184876
v 0.226226 0.399786 0.161020
v 0.233746 0.375554 0.167862
v 0.233799 0.384912 0.192337
v 0.234605 0.396734 0.214743
v 0.241197 0.353517 0.192975
v 0.240089 0.372155 0.212281
v 0.238714 0.390877 0.229002
v 0.245639 0.337855 0.202463
v 0.247739 0.345002 0.228131
v 0.249396 0.350874 0.250475
v 0.254032 0.328870 0.263662
v 0.256895 0.305125 0.253395
v 0.259032 0.280707 0.239366
v 0.247885 0.309524 0.176122
v 0.252079 0.292375 0.187755
v 0.256318 0.275067 0.198064
v 0.260912 0.257220 0.257198
v 0.258904 0.263620 0.280847
v 0.254310 0.271726 0.300289
v 0.251677 0.339453 0.287672
v 0.252050 0.323354 0.297964
v 0.250211 0.306213 0.307971
v 0.246702 0.253427 0.317436
v 0.247697 0.232875 0.315242
v 0.246975 0.213527 0.312944
v 0.262309 0.230870 0.249444
v 0.260533 0.217657 0.271783
v 0.256016 0.205224 0.289707
v 0.256521 0.257870 0.147821
v 0.253380 0.263092 0.104604
v 0.250992 0.269641 0.068686
v 0.246155 0.308996 0.125101
v 0.247790 0.295794 0.094800
v 0.249130 0.285534 0.067178
v 0.258540 0.244114 0.137828
v 0.255092 0.244644 0.075670
v 0.251301 0.247175 0.011864
v 0.249497 0.272097 0.014879
v 0.248693 0.267799 -0.009928
v 0.247961 0.263349 -0.034234
v 0.253548 0.311524 0.005812
v 0.251686 0.298335 0.011668
v 0.250227 0.287235 0.022417
v 0.254715 0.312804 -0.037192
v 0.252050 0.297554 -0.058325
v 0.249215 0.280537 -0.072247
v 0.255120 0.320649 -0.168498
v 0.252049 0.301348 -0.146767
v 0.249054 0.280799 -0.121413
v 0.255394 0.182362 0.284417
v 0.261003 0.179080 0.261334
v 0.264652 0.176227 0.232998
v 0.263646 0.227177 0.201453
v 0.265492 0.211511 0.196228
v 0.266581 0.195980 0.190742
v 0.253426 0.230442 0.006350
v 0.259118 0.214611 0.066300
v 0.264066 0.197301 0.123225
v 0.262359 0.151191 0.227346
v 0.255292 0.134804 0.250509
v 0.246035 0.118807 0.268853
v 0.242583 0.161623 0.304327
v 0.239616 0.142088 0.300230
v 0.235890 0.122815 0.294946
v 0.267185 0.147405 0.186429
v 0.266630 0.126683 0.184779
v 0.265150 0.106365 0.180464
v 0.242569 0.093623 0.262685
v 0.250135 0.089228 0.240492
v 0.256529 0.085169 0.214606
v 0.224044 0.049987 0.267498
v 0.225956 0.062783 0.275463
v 0.228180 0.076952 0.280997
v 0.234347 0.045297 0.243765
v 0.244005 0.053644 0.229145
v 0.253073 0.063660 0.208870
v 0.252729 0.029847 0.158962
v 0.256965 0.042962 0.166434
v 0.260060 0.058030 0.170078
v 0.266568 0.104499 0.128005
v 0.266463 0.123731 0.089957
v 0.264666 0.141203 0.050811
v 0.266608 0.173532 0.131160
v 0.264946 0.172632 0.088851
v 0.262808 0.168651 0.047920
v 0.250069 0.219090 -0.055525
v 0.253218 0.199660 -0.038849
v 0.256767 0.180554 -0.020175
v 0.256719 0.027369 0.106392
v 0.262627 0.038894 0.072475
v 0.266261 0.051891 0.036691
v 0.266471 0.077369 0.122772
v 0.268121 0.075232 0.081519
v 0.268472 0.073153 0.041160
v 0.263226 0.133980 -0.007245
v 0.265419 0.113525 -0.011939
v 0.267041 0.092623 -0.011821
v 0.259472 0.029954 -0.040646
v 0.263614 0.040914 -0.030124
v 0.266009 0.053201 -0.020233
v 0.265004 0.076254 -0.053630
v 0.261164 0.082124 -0.091886
v 0.256317 0.090355 -0.127366
v 0.257627 0.150685 -0.050820
v 0.255114 0.138686 -0.091942
v 0.252821 0.124652 -0.129295
v 0.246389 0.214151 -0.118707
v 0.246953 0.182285 -0.142654
v 0.248168 0.150017 -0.160188
v 0.255136 0.037552 -0.095410
v 0.254771 0.054189 -0.122686
v 0.252913 0.074156 -0.148215
v 0.254242 0.320658 -0.224953
v 0.251458 0.299897 -0.242693
v 0.248508 0.277050 -0.258282
v 0.246292 0.248875 -0.143824
v 0.246489 0.247133 -0.185003
v 0.246537 0.245522 -0.223904
v 0.247308 0.149034 -0.200644
v 0.246459 0.179750 -0.218859
v 0.245764 0.209644 -0.239292
v 0.241706 0.319437 -0.384128
v 0.243873 0.296524 -0.353407
v 0.244755 0.274585 -0.320407
v 0.245695 0.348585 -0.354601
v 0.250793 0.346952 -0.307155
v 0.254587 0.346391 -0.257323
v 0.239565 0.245089 -0.345644
v 0.235129 0.242962 -0.392553
v 0.229608 0.240968 -0.436853
v 0.233778 0.317617 -0.440016
v 0.231228 0.291693 -0.454291
v 0.227433 0.268117 -0.466912
v 0.238007 0.222931 -0.324698
v 0.231682 0.206790 -0.359723
v 0.223852 0.189543 -0.394717
v 0.220324 0.217280 -0.471150
v 0.218724 0.201751 -0.460809
v 0.215853 0.186961 -0.450111
v 0.219589 0.168515 -0.385410
v 0.225405 0.169612 -0.346630
v 0.230116 0.167360 -0.310926
v 0.242752 0.213396 -0.274049
v 0.241269 0.195890 -0.271170
v 0.238925 0.178716 -0.271303
v 0.246274 0.124683 -0.209183
v 0.243879 0.138839 -0.228082
v 0.240658 0.150950 -0.246779
v 0.225395 0.142696 -0.303809
v 0.215249 0.126109 -0.331514
v 0.203320 0.107540 -0.360600
v 0.204147 0.142073 -0.423773
v 0.198547 0.123755 -0.415246
v 0.192733 0.106106 -0.405805
v 0.247081 0.091287 -0.191205
v 0.244028 0.083761 -0.203288
v 0.239502 0.078179 -0.217386
v 0.234406 0.135898 -0.263274
v 0.233746 0.116171 -0.256820
v 0.232263 0.095315 -0.252359
v 0.198210 0.083313 -0.354252
v 0.208273 0.081366 -0.321532
v 0.217988 0.078206 -0.288199
v 0.248942 0.031623 -0.118759
v 0.245117 0.043195 -0.158097
v 0.239335 0.055353 -0.197117
v 0.213202 0.059094 -0.282859
v 0.199143 0.050750 -0.310043
v 0.185633 0.042990 -0.331578
v 0.178951 0.066432 -0.386561
v 0.174525 0.055055 -0.379505
v 0.171742 0.045297 -0.367942
v 0.241351 0.017136 -0.114070
v 0.233337 0.017434 -0.150455
v 0.223944 0.018078 -0.185246
v 0.226750 0.051331 -0.236321
v 0.223551 0.039321 -0.231998
v 0.218875 0.028673 -0.227954
v 0.182071 0.029640 -0.316315
v 0.192006 0.025874 -0.288933
v 0.201820 0.022445 -0.258897
v 0.186289 0.001020 -0.158889
v 0.200722 0.005517 -0.177640
v 0.208361 0.010593 -0.196555
v 0.168917 0.004841 -0.240035
v 0.185760 0.008057 -0.235474
v 0.198362 0.012250 -0.231668
v 0.156610 0.009904 -0.281152
v 0.162968 0.016680 -0.306172
v 0.166459 0.024417 -0.329126
v 0.134348 0.035706 -0.400420
v 0.147550 0.034684 -0.385359
v 0.158447 0.034254 -0.369290
v 0.136806 0.048322 -0.425564
v 0.152637 0.057166 -0.421754
v 0.166959 0.067429 -0.413550
v 0.157942 0.085825 -0.463342
v 0.165688 0.083801 -0.445749
v 0.174073 0.083666 -0.425835
v 0.165639 0.108172 -0.480236
v 0.179576 0.124397 -0.473129
v 0.193578 0.142120 -0.461282
v 0.182136 0.173704 -0.536887
v 0.191950 0.170261 -0.510081
v 0.200593 0.167445 -0.480004
v 0.186977 0.195818 -0.550528
v 0.199326 0.206975 -0.533073
v 0.209708 0.219501 -0.513420
v 0.190735 0.251124 -0.562201
v 0.200589 0.246208 -0.543587
v 0.209537 0.242908 -0.521907
v 0.203751 0.321149 -0.524779
v 0.211282 0.294474 -0.515773
v 0.216632 0.269519 -0.504399
v 0.224554 0.353601 -0.461635
v 0.215417 0.354242 -0.487597
v 0.205297 0.355823 -0.508491
v 0.225702 0.378442 0.333839
v 0.232740 0.350887 0.330320
v 0.238219 0.323022 0.326738
v 0.191495 0.354173 0.362797
v 0.208933 0.334425 0.351147
v 0.224776 0.313901 0.339217
v 0.187258 0.301004 0.357441
v 0.205262 0.294945 0.348964
v 0.221877 0.289651 0.339310
v 0.198076 0.241522 0.349296
v 0.215091 0.251813 0.341861
v 0.229198 0.263775 0.333685
v 0.197840 0.214311 0.347317
v 0.214874 0.204842 0.338209
v 0.229605 0.196576 0.327109
v 0.194420 0.134146 0.335475
v 0.212038 0.149589 0.329902
v 0.227647 0.166478 0.322542
v 0.191764 0.106429 0.328300
v 0.205895 0.102062 0.317760
v 0.217920 0.100127 0.306000
v 0.190540 0.052309 0.303499
v 0.203050 0.064197 0.301764
v 0.215298 0.078272 0.297679
v -0.163397 0.405919 0.222709
v -0.168859 0.403694 0.233911
v -0.174754 0.402450 0.245784
v -0.167491 0.416503 0.213851
v -0.176340 0.420736 0.216322
v -0.185636 0.425138 0.218402
v -0.170891 0.435664 0.197762
v -0.165674 0.428796 0.201159
v -0.161768 0.421425 0.204691
v -0.182510 0.440431 0.200567
v -0.186914 0.437169 0.206319
v -0.191262 0.433969 0.212399
v -0.201947 0.455389 0.205417
v -0.194805 0.452760 0.201449
v -0.187262 0.449426 0.197641
v -0.208386 0.450573 0.212423
v -0.205996 0.444324 0.214455
v -0.202187 0.438233 0.216697
v -0.204315 0.464104 0.204723
v -0.198597 0.468275 0.199791
v -0.192323 0.471269 0.194380
v -0.207569 0.487033 0.207449
v -0.199963 0.484475 0.200822
v -0.192455 0.480546 0.194399
v -0.203800 0.498079 0.206394
v -0.193462 0.503461 0.198765
v -0.183633 0.507840 0.191234
v -0.130700 0.369982 0.360025
v -0.119467 0.366669 0.368919
v -0.109538 0.364953 0.379149
v -0.108542 0.367942 0.396587
v -0.115644 0.370380 0.398343
v -0.122654 0.373190 0.400269
v -0.138154 0.373515 0.369489
v -0.133916 0.373304 0.381692
v -0.131152 0.374149 0.392288
v -0.118212 0.387037 0.432397
v -0.110783 0.379351 0.423141
v -0.104304 0.372705 0.412140
v -0.127948 0.387448 0.429101
v -0.128185 0.382048 0.420337
v -0.128560 0.378380 0.411431
v -0.148584 0.385592 0.405804
v -0.141813 0.380722 0.404861
v -0.135684 0.378011 0.403642
v -0.155916 0.385958 0.391044
v -0.153095 0.381096 0.379364
v -0.150424 0.378415 0.367232
v -0.181610 0.398684 0.352377
v -0.171630 0.390632 0.352977
v -0.161344 0.383856 0.352027
v -0.193860 0.407778 0.337536
v -0.194640 0.406659 0.327388
v -0.195338 0.406721 0.316209
v -0.216779 0.435460 0.295254
v -0.211718 0.426639 0.296566
v -0.205446 0.418004 0.298725
v -0.036207 0.352517 0.400872
v -0.024088 0.346849 0.391666
v -0.010376 0.341237 0.383626
v 0.009517 0.354347 0.407724
v 0.011026 0.347775 0.399209
v 0.012103 0.341594 0.389953
v 0.222035 0.392674 -0.437770
v 0.210108 0.421683 -0.445206
v 0.196944 0.450532 -0.447720
v 0.027141 0.360232 0.410885
v 0.044421 0.358859 0.406646
v 0.063196 0.358254 0.402755
v 0.237909 0.425604 -0.328717
v 0.230597 0.449938 -0.327518
v 0.237618 0.439147 -0.306740
v 0.243582 0.425657 -0.289904
v 0.241654 0.411694 -0.326623
v 0.237799 0.401590 -0.362873
v 0.233768 0.426351 -0.350119
v -0.004188 0.025022 0.326386
v 0.001990 0.035610 0.327925
v -0.009351 0.029468 0.331174
v -0.023002 0.023635 0.332835
v -0.010330 0.019544 0.324452
v 0.003924 0.020215 0.317335
v 0.005130 0.027957 0.322930
v -0.052727 0.395835 0.455264
v -0.066929 0.400768 0.459420
v -0.059066 0.389891 0.450536
v -0.050398 0.381544 0.441818
v -0.044676 0.393003 0.451791
v -0.041686 0.406265 0.461227
v -0.054919 0.404975 0.462071
v -0.021122 0.379124 0.436749
v -0.010828 0.372376 0.429101
v -0.014869 0.383682 0.439293
v -0.020367 0.394644 0.448847
v -0.026943 0.383489 0.441115
v -0.030639 0.371567 0.430605
v -0.020816 0.370530 0.429123
v 0.214438 -0.002557 -0.066513
v 0.196990 -0.003204 -0.093056
v 0.216212 -0.000263 -0.081149
v 0.230341 0.002769 -0.061912
v 0.222009 -0.001883 -0.048361
v 0.208767 -0.005644 -0.040521
v 0.202162 -0.004960 -0.067992
v 0.137403 -0.010965 -0.044951
v 0.163487 -0.010695 -0.028848
v 0.133300 -0.012014 -0.023276
v 0.099161 -0.012749 -0.019460
v 0.118226 -0.010960 -0.051246
v 0.143735 -0.008741 -0.077283
v 0.158295 -0.009638 -0.056284
v 0.014244 -0.013377 -0.058654
v 0.019970 -0.014389 -0.028039
v -0.015881 -0.015140 -0.041198
v -0.043996 -0.015269 -0.059250
v 0.010323 -0.012765 -0.076136
v 0.065627 -0.010387 -0.087413
v 0.047846 -0.012274 -0.058265
v -0.092651 -0.021085 0.014859
v -0.113294 -0.022565 0.039960
v -0.115527 -0.021801 0.014801
v -0.109806 -0.020104 -0.010908
v -0.077110 -0.019640 0.000376
v -0.050405 -0.019166 0.018890
v -0.083345 -0.021236 0.031094
v -0.086117 -0.019643 0.109705
v -0.098634 -0.017400 0.154623
v -0.106382 -0.019819 0.127157
v -0.108251 -0.021506 0.097402
v -0.079542 -0.020436 0.084742
v -0.048478 -0.018447 0.081861
v -0.071614 -0.018061 0.119100
v 0.145081 -0.012288 0.064954
v 0.107637 -0.013411 0.050866
v 0.137353 -0.012862 0.039408
v 0.166223 -0.011687 0.039914
v 0.165399 -0.011191 0.075417
v 0.159117 -0.010064 0.109829
v 0.132099 -0.012125 0.082134
v -0.013404 -0.012898 0.163219
v 0.000559 -0.014221 0.118153
v 0.011286 -0.012363 0.151721
v 0.015438 -0.010108 0.187628
v -0.019614 -0.011727 0.189559
v -0.053022 -0.013156 0.186977
v -0.030289 -0.014199 0.149670
v 0.095321 -0.010235 0.147790
v 0.072814 -0.012545 0.106997
v 0.103909 -0.010960 0.129421
v 0.128667 -0.008294 0.160624
v 0.106840 -0.008156 0.172718
v 0.080999 -0.008156 0.179416
v 0.073631 -0.010893 0.142919
v 0.215862 -0.004442 0.114539
v 0.228643 0.001095 0.128975
v 0.218228 -0.001962 0.139640
v 0.204382 -0.004744 0.140615
v 0.205780 -0.006832 0.104312
v 0.209653 -0.007074 0.072078
v 0.221400 -0.003525 0.098580
v 0.238896 0.001665 0.036304
v 0.242499 0.005274 0.077574
v 0.234363 -0.000092 0.054386
v 0.225709 -0.003412 0.024039
v 0.235538 0.000383 0.010732
v 0.244771 0.006076 0.003521
v 0.245321 0.005862 0.042181
v 0.221988 0.011722 0.209937
v 0.222176 0.020353 0.230164
v 0.216010 0.012507 0.219837
v 0.210365 0.005434 0.202576
v 0.221448 0.007251 0.194415
v 0.231348 0.011744 0.189478
v 0.227809 0.016384 0.212442
v 0.197437 0.018810 0.256877
v 0.207237 0.024692 0.257761
v 0.198879 0.024999 0.267697
v 0.189369 0.024910 0.274707
v 0.190930 0.016482 0.256510
v 0.194088 0.010294 0.236120
v 0.202035 0.016424 0.245971
v 0.160123 0.018743 0.277785
v 0.141839 0.025018 0.294436
v 0.155501 0.015914 0.271294
v 0.169315 0.009803 0.249243
v 0.169923 0.016397 0.268319
v 0.165393 0.025344 0.288195
v 0.153191 0.025592 0.293469
v 0.123578 0.006165 0.250655
v 0.120815 0.016334 0.279134
v 0.111360 0.009264 0.263153
v 0.102055 0.002345 0.241926
v 0.122921 0.001103 0.231683
v 0.143914 0.001997 0.228480
v 0.134774 0.008934 0.255934
v 0.083845 0.020927 0.299916
v 0.093975 0.026646 0.308232
v 0.084810 0.027933 0.312624
v 0.076243 0.027593 0.312073
v 0.077312 0.018270 0.294719
v 0.078928 0.011085 0.276376
v 0.088682 0.017614 0.291207
v 0.054823 0.012357 0.289525
v 0.055866 0.005810 0.270698
v 0.061121 0.013336 0.288521
v 0.060762 0.022133 0.305078
v 0.052870 0.017619 0.300107
v 0.042152 0.012428 0.292912
v 0.047820 0.007538 0.280261
v -0.012267 -0.004835 0.255357
v 0.000367 0.000868 0.274305
v -0.026476 -0.004036 0.262796
v -0.049792 -0.007921 0.247240
v -0.018740 -0.007281 0.242153
v 0.013644 -0.004856 0.244422
v 0.009137 -0.002160 0.260834
v -0.052769 0.002427 0.298976
v -0.024233 0.005253 0.298540
v -0.038483 0.006752 0.308944
v -0.055550 0.009079 0.317390
v -0.069195 0.001977 0.299945
v -0.076770 -0.003235 0.279794
v -0.049537 -0.000042 0.287710
v 0.260911 0.396891 -0.146441
v 0.260594 0.379087 -0.165635
v 0.259441 0.393254 -0.175656
v 0.257887 0.407984 -0.176415
v 0.260353 0.407012 -0.136087
v 0.261967 0.401964 -0.098667
v 0.262045 0.389765 -0.128833
v 0.262895 0.363557 -0.070566
v 0.262965 0.380062 -0.049672
v 0.262419 0.366013 -0.043232
v 0.261021 0.351260 -0.044652
v 0.261867 0.353318 -0.081771
v 0.261905 0.358138 -0.115777
v 0.263214 0.370779 -0.085986
v 0.252316 0.367751 0.047814
v 0.245383 0.366948 0.083547
v 0.249873 0.360213 0.059754
v 0.254645 0.355098 0.029882
v 0.256241 0.368250 0.024449
v 0.255796 0.381332 0.027166
v 0.250311 0.374668 0.058165
v 0.243515 0.341791 0.105614
v 0.240303 0.352111 0.119209
v 0.240692 0.345181 0.126950
v 0.242569 0.337159 0.126454
v 0.245653 0.335622 0.095943
v 0.248755 0.337621 0.067835
v 0.244668 0.345372 0.092600
v 0.059670 0.668840 0.312853
v 0.072686 0.666092 0.314071
v 0.060849 0.666548 0.305676
v 0.049790 0.667488 0.299106
v 0.052470 0.670064 0.311530
v 0.055761 0.671386 0.323056
v 0.065234 0.669292 0.320237
v 0.083044 0.671077 0.338385
v 0.089221 0.668291 0.330952
v 0.078247 0.670541 0.334733
v 0.069357 0.672029 0.339243
v 0.079880 0.671926 0.342275
v 0.092490 0.671556 0.342818
v 0.091706 0.670224 0.337263
v 0.125004 0.669097 0.329696
v 0.116180 0.666369 0.326407
v 0.115510 0.668966 0.332172
v 0.120182 0.671268 0.336413
v 0.131690 0.670895 0.331043
v 0.141185 0.669742 0.325719
v 0.129151 0.667598 0.325670
v 0.172961 0.681204 0.332393
v 0.169694 0.677524 0.327199
v 0.159410 0.678086 0.332487
v 0.152141 0.678349 0.338177
v 0.174382 0.682309 0.335775
v 0.194269 0.684427 0.332028
v 0.184017 0.681791 0.328932
v 0.178671 0.673941 0.345709
v 0.177302 0.665154 0.349003
v 0.190897 0.672791 0.344608
v 0.198297 0.679621 0.340371
v 0.177868 0.678171 0.343438
v 0.155162 0.673905 0.347094
v 0.165089 0.669512 0.348840
v 0.119648 0.657842 0.361013
v 0.103139 0.654284 0.366140
v 0.121585 0.653854 0.363039
v 0.140409 0.654989 0.358715
v 0.130897 0.660093 0.357600
v 0.117184 0.664096 0.356717
v 0.107300 0.659664 0.361755
v 0.073150 0.666693 0.357599
v 0.086600 0.668786 0.354340
v 0.074014 0.669495 0.353107
v 0.063110 0.668953 0.352669
v 0.066800 0.664818 0.359518
v 0.074352 0.660309 0.364577
v 0.080618 0.664857 0.359809
v 0.052504 0.652942 0.372426
v 0.049411 0.661005 0.361908
v 0.047877 0.653665 0.371055
v 0.049250 0.644765 0.380443
v 0.055608 0.647143 0.377874
v 0.061617 0.650766 0.373914
v 0.055263 0.657041 0.367900
v 0.125360 0.638340 0.367197
v 0.142350 0.642528 0.362283
v 0.124801 0.642825 0.366560
v 0.108411 0.641202 0.370617
v 0.116262 0.635319 0.369817
v 0.127357 0.630536 0.367161
v 0.135914 0.636440 0.364602
v 0.107195 0.614569 0.377424
v 0.096241 0.626291 0.377680
v 0.102539 0.614212 0.379526
v 0.113091 0.601791 0.379414
v 0.115078 0.607843 0.376153
v 0.116388 0.615663 0.373031
v 0.105728 0.621768 0.375680
v 0.080106 0.619152 0.386868
v 0.078152 0.629701 0.382629
v 0.071378 0.627795 0.386097
v 0.067591 0.623062 0.390143
v 0.082124 0.612732 0.389116
v 0.096173 0.604243 0.386527
v 0.087409 0.616859 0.384801
v 0.145950 0.592598 0.361991
v 0.160168 0.589285 0.352210
v 0.150184 0.596393 0.357634
v 0.139412 0.602586 0.363577
v 0.137387 0.595290 0.367273
v 0.139206 0.586704 0.369279
v 0.150604 0.586491 0.360697
v 0.168153 0.610211 0.346333
v 0.154695 0.612568 0.353821
v 0.162757 0.606400 0.348663
v 0.173300 0.601727 0.342172
v 0.176411 0.609315 0.341760
v 0.177717 0.617065 0.343022
v 0.165789 0.615230 0.348657
v 0.165392 0.561952 0.356457
v 0.171695 0.569875 0.348128
v 0.161947 0.569065 0.357463
v 0.152611 0.566340 0.366290
v 0.161390 0.557355 0.361408
v 0.169853 0.550396 0.354958
v 0.172017 0.559564 0.350495
v 0.088601 0.593080 0.398666
v 0.072657 0.606155 0.399080
v 0.080467 0.595945 0.402347
v 0.089547 0.585058 0.404410
v 0.097480 0.584951 0.398414
v 0.102084 0.587276 0.393194
v 0.087263 0.597938 0.395638
v 0.120943 0.555354 0.397126
v 0.108709 0.562244 0.403801
v 0.117867 0.551888 0.400936
v 0.127339 0.542741 0.396467
v 0.127569 0.551397 0.393230
v 0.123749 0.562330 0.391714
v 0.115971 0.563352 0.397540
v 0.093370 0.544778 0.424242
v 0.078096 0.542754 0.437583
v 0.094405 0.538283 0.425600
v 0.109762 0.536038 0.413391
v 0.101984 0.546033 0.416433
v 0.091895 0.555305 0.421081
v 0.083709 0.549942 0.430345
v 0.108094 0.514108 0.419931
v 0.087426 0.523044 0.435135
v 0.101680 0.512544 0.425414
v 0.118011 0.502488 0.413426
v 0.120263 0.508794 0.410716
v 0.119316 0.516490 0.410289
v 0.102682 0.520870 0.423185
v 0.086800 0.501666 0.441404
v 0.082927 0.494478 0.446990
v 0.093586 0.493876 0.437349
v 0.103620 0.494823 0.427709
v 0.089585 0.505551 0.437608
v 0.074224 0.514580 0.448705
v 0.077391 0.505044 0.448989
v 0.056614 0.594319 0.423073
v 0.068675 0.586501 0.420251
v 0.062230 0.596658 0.416311
v 0.053076 0.606056 0.414409
v 0.049476 0.598456 0.424701
v 0.047549 0.589425 0.434141
v 0.058098 0.587270 0.428160
v 0.056681 0.565225 0.445508
v 0.068923 0.568209 0.433936
v 0.058052 0.570700 0.441075
v 0.047231 0.571223 0.448373
v 0.049386 0.563484 0.451636
v 0.054150 0.556138 0.451641
v 0.062818 0.561540 0.442600
v 0.029084 0.655237 0.364173
v 0.033060 0.646848 0.376299
v 0.034867 0.654927 0.366164
v 0.034777 0.662141 0.355661
v 0.026727 0.659458 0.357191
v 0.018944 0.654962 0.361628
v 0.025264 0.650666 0.369608
v 0.004020 0.634939 0.392396
v -0.007739 0.627785 0.403702
v 0.004937 0.630538 0.399930
v 0.017389 0.634059 0.393949
v 0.010949 0.639064 0.385706
v 0.002974 0.642209 0.379641
v -0.003639 0.635107 0.391444
v 0.031670 0.607530 0.428862
v 0.032234 0.598377 0.436764
v 0.035388 0.605943 0.428085
v 0.035645 0.614332 0.418983
v 0.030247 0.612456 0.424222
v 0.025588 0.609213 0.429419
v 0.028570 0.603877 0.433756
v 0.011535 0.619388 0.419022
v -0.001495 0.617933 0.420654
v 0.006832 0.616386 0.423330
v 0.014959 0.615336 0.424279
v 0.018680 0.619285 0.418537
v 0.021274 0.623300 0.411690
v 0.009279 0.621765 0.415132
v 0.008715 0.601810 0.438608
v 0.016300 0.594505 0.443805
v 0.015393 0.600550 0.439381
v 0.013352 0.606088 0.434555
v 0.005223 0.606230 0.434640
v -0.003126 0.605125 0.434990
v 0.005977 0.598846 0.440747
v 0.016504 0.669056 0.334613
v 0.026696 0.670812 0.336622
v 0.019173 0.671529 0.330157
v 0.010112 0.670356 0.326015
v 0.010048 0.667269 0.334346
v 0.011300 0.663640 0.343258
v 0.019691 0.667348 0.340331
v 0.025030 0.675664 0.315498
v 0.025437 0.675260 0.308186
v 0.021074 0.675284 0.309925
v 0.016243 0.674532 0.313097
v 0.024071 0.675248 0.319588
v 0.031511 0.675243 0.324007
v 0.029155 0.675661 0.316239
v 0.009027 0.671259 0.284467
v 0.005161 0.671722 0.292527
v 0.012050 0.672728 0.292135
v 0.016330 0.672585 0.289865
v 0.010759 0.670555 0.280444
v 0.003205 0.668138 0.271848
v 0.003399 0.669997 0.281192
v 0.028237 0.561161 0.462190
v 0.019320 0.561561 0.461515
v 0.027040 0.556929 0.463527
v 0.035015 0.553762 0.463160
v 0.033316 0.561141 0.461201
v 0.029630 0.568403 0.458570
v 0.024027 0.565595 0.460482
v 0.003107 0.584536 0.449268
v 0.003044 0.576759 0.452543
v 0.009807 0.578838 0.453072
v 0.013780 0.582734 0.451354
v 0.002905 0.589017 0.446808
v -0.008662 0.594440 0.441485
v -0.003884 0.585820 0.447057
v -0.027595 0.636887 0.384950
v -0.016044 0.643297 0.374764
v -0.026043 0.641451 0.376372
v -0.036640 0.638149 0.380543
v -0.034723 0.633076 0.390788
v -0.029098 0.628992 0.398980
v -0.021630 0.636150 0.387280
v -0.016209 0.656762 0.346229
v -0.009051 0.656021 0.350520
v -0.008558 0.660211 0.340957
v -0.011388 0.662338 0.333744
v -0.021172 0.656564 0.344568
v -0.029244 0.650392 0.356394
v -0.019379 0.652842 0.354189
v 0.055085 0.508756 0.466787
v 0.052726 0.518917 0.465571
v 0.049540 0.513884 0.469078
v 0.048939 0.506577 0.470640
v 0.056686 0.502235 0.466927
v 0.064143 0.498834 0.462224
v 0.059377 0.509137 0.463499
v 0.018318 0.540077 0.469277
v 0.013103 0.547756 0.465550
v 0.011845 0.539437 0.468759
v 0.011453 0.531465 0.471871
v 0.020695 0.535522 0.470911
v 0.028384 0.540407 0.468433
v 0.021528 0.545036 0.467427
v 0.029020 0.521054 0.474942
v 0.018459 0.519978 0.476103
v 0.025333 0.516912 0.476424
v 0.032742 0.514252 0.475558
v 0.034843 0.520838 0.473698
v 0.035268 0.527463 0.471473
v 0.026640 0.524799 0.474099
v 0.059409 0.478004 0.467294
v 0.066255 0.479537 0.463213
v 0.059414 0.484572 0.467097
v 0.051789 0.487570 0.470712
v 0.054402 0.477452 0.469557
v 0.057812 0.467442 0.467334
v 0.063349 0.472361 0.465071
v 0.075404 0.456913 0.456827
v 0.076894 0.466373 0.456260
v 0.072243 0.460347 0.459291
v 0.068101 0.453244 0.460386
v 0.074228 0.451185 0.456297
v 0.080834 0.451918 0.451442
v 0.079699 0.459496 0.453797
v 0.028340 0.479828 0.478189
v 0.013853 0.481458 0.481348
v 0.025058 0.474279 0.478318
v 0.037321 0.468571 0.474406
v 0.036622 0.478635 0.475822
v 0.032856 0.488446 0.477376
v 0.022934 0.486182 0.479869
v 0.009351 0.502910 0.481850
v 0.004595 0.507807 0.480611
v 0.001159 0.501982 0.482675
v 0.001060 0.495959 0.483623
v 0.012167 0.499349 0.481957
v 0.021302 0.503208 0.479779
v 0.014213 0.506644 0.480327
v 0.008380 0.454095 0.477465
v -0.000058 0.465817 0.481298
v -0.002643 0.455856 0.479298
v -0.001148 0.444397 0.475312
v 0.013718 0.446701 0.474126
v 0.025629 0.451556 0.473410
v 0.013701 0.459628 0.477998
v -0.045812 0.465152 0.483210
v -0.036792 0.451435 0.479703
v -0.033804 0.462202 0.482582
v -0.032907 0.472592 0.484505
v -0.049377 0.472660 0.484304
v -0.064209 0.470102 0.482907
v -0.052623 0.460042 0.481826
v -0.039307 0.494276 0.483824
v -0.059641 0.489373 0.482662
v -0.045568 0.489125 0.484613
v -0.029302 0.490480 0.485178
v -0.026783 0.496975 0.483859
v -0.026606 0.502282 0.481369
v -0.044472 0.496405 0.482036
v -0.072866 0.438486 0.477199
v -0.080386 0.428146 0.473669
v -0.066600 0.429273 0.474512
v -0.053935 0.433671 0.475307
v -0.067834 0.444739 0.478466
v -0.082572 0.453951 0.479525
v -0.083631 0.441614 0.477435
v -0.117129 0.458450 0.476181
v -0.108321 0.440715 0.473868
v -0.108951 0.452996 0.476881
v -0.110451 0.466615 0.477863
v -0.120917 0.468874 0.476032
v -0.128674 0.467696 0.473374
v -0.119773 0.453279 0.474250
v -0.125393 0.428878 0.463264
v -0.126611 0.416018 0.455220
v -0.119867 0.418012 0.460180
v -0.113994 0.422520 0.464822
v -0.124235 0.436491 0.466982
v -0.134116 0.447546 0.465597
v -0.131530 0.431626 0.460830
v -0.146764 0.421772 0.443080
v -0.147946 0.442891 0.452305
v -0.150520 0.428050 0.442165
v -0.151019 0.411827 0.431240
v -0.145415 0.410205 0.437068
v -0.139802 0.411900 0.443370
v -0.143659 0.427419 0.449210
v -0.019630 0.534803 0.461428
v -0.037080 0.532667 0.456876
v -0.026137 0.528873 0.462393
v -0.013401 0.527596 0.467305
v -0.009660 0.536308 0.464111
v -0.010912 0.544851 0.459947
v -0.024325 0.539493 0.457704
v -0.057320 0.507919 0.469233
v -0.060151 0.515718 0.461773
v -0.068124 0.507084 0.467048
v -0.071771 0.498979 0.473132
v -0.054721 0.503943 0.473572
v -0.037567 0.510670 0.472314
v -0.047997 0.513543 0.466852
v -0.047226 0.559310 0.443442
v -0.053315 0.548098 0.445389
v -0.040240 0.553540 0.447379
v -0.029229 0.560698 0.448523
v -0.043640 0.566008 0.442582
v -0.058938 0.568464 0.437440
v -0.057659 0.558100 0.440777
v -0.035770 0.588203 0.437695
v -0.052378 0.587103 0.433575
v -0.037060 0.582506 0.439471
v -0.021641 0.578829 0.445079
v -0.026016 0.588100 0.440283
v -0.033982 0.597011 0.433982
v -0.044659 0.593262 0.433174
v -0.091053 0.514066 0.456749
v -0.094045 0.502579 0.465405
v -0.087269 0.510623 0.459832
v -0.081328 0.519938 0.453580
v -0.088525 0.521250 0.451713
v -0.095461 0.520776 0.452078
v -0.096460 0.510930 0.458995
v -0.119041 0.501016 0.465698
v -0.112430 0.493124 0.470830
v -0.112381 0.503705 0.464295
v -0.112544 0.513181 0.457958
v -0.121641 0.505915 0.462284
v -0.129330 0.495896 0.466876
v -0.121891 0.493113 0.469873
v -0.082950 0.549271 0.437560
v -0.089996 0.543124 0.439801
v -0.083788 0.541431 0.440647
v -0.076348 0.541809 0.441723
v -0.078012 0.552444 0.437278
v -0.081535 0.561692 0.433850
v -0.086626 0.553341 0.435939
v -0.075267 0.606145 0.418753
v -0.076976 0.598201 0.422519
v -0.067350 0.603492 0.422439
v -0.059290 0.608815 0.421067
v -0.073629 0.610208 0.416201
v -0.087330 0.609307 0.412100
v -0.083858 0.603798 0.417533
v -0.065555 0.623690 0.401361
v -0.080743 0.620621 0.400893
v -0.068070 0.619998 0.406502
v -0.053740 0.620445 0.409296
v -0.056336 0.625577 0.400317
v -0.060497 0.629812 0.391261
v -0.071617 0.625522 0.396065
v -0.102558 0.560226 0.434224
v -0.111080 0.559976 0.434147
v -0.106941 0.554012 0.436715
v -0.101755 0.549655 0.438139
v -0.097638 0.559627 0.434242
v -0.095164 0.569261 0.431074
v -0.103340 0.566250 0.432027
v -0.125190 0.527814 0.450323
v -0.125097 0.539088 0.444239
v -0.130314 0.526668 0.450909
v -0.133632 0.513943 0.456885
v -0.124930 0.521125 0.453551
v -0.116037 0.529710 0.448579
v -0.119875 0.535531 0.446046
v -0.106749 0.588183 0.420738
v -0.114025 0.578018 0.424177
v -0.105894 0.582123 0.424571
v -0.097211 0.587127 0.423562
v -0.101666 0.593572 0.418726
v -0.107491 0.597652 0.413086
v -0.112047 0.588159 0.418301
v -0.084283 0.632375 0.375397
v -0.093393 0.626218 0.383473
v -0.082291 0.630449 0.381392
v -0.071414 0.635233 0.375554
v -0.077894 0.636021 0.369577
v -0.085817 0.635485 0.363898
v -0.091640 0.630646 0.373795
v -0.047603 0.651423 0.344320
v -0.062331 0.647400 0.344560
v -0.056835 0.646894 0.351760
v -0.048860 0.647322 0.355596
v -0.039063 0.653474 0.343790
v -0.032139 0.658582 0.331547
v -0.047296 0.653462 0.336922
v -0.056356 0.655194 0.305780
v -0.068291 0.649689 0.320161
v -0.052208 0.655674 0.314874
v -0.037231 0.661035 0.306759
v -0.049281 0.657966 0.297139
v -0.064584 0.653173 0.290846
v -0.068122 0.651186 0.305517
v -0.027424 0.662952 0.270827
v -0.045960 0.658121 0.268228
v -0.032724 0.662370 0.277065
v -0.018675 0.666209 0.284701
v -0.017329 0.665301 0.273261
v -0.019871 0.662938 0.262206
v -0.033157 0.660552 0.263227
v -0.118509 0.624533 0.353185
v -0.107207 0.630535 0.350042
v -0.118893 0.626426 0.343128
v -0.129972 0.621247 0.338105
v -0.124412 0.620750 0.354217
v -0.115788 0.621167 0.368972
v -0.111102 0.626242 0.361110
v -0.108298 0.635860 0.306966
v -0.099864 0.637856 0.321258
v -0.097856 0.640130 0.306193
v -0.098901 0.640662 0.291582
v -0.113291 0.634361 0.298443
v -0.124427 0.628335 0.308554
v -0.113018 0.632860 0.316624
v -0.131257 0.586937 0.397711
v -0.124170 0.596925 0.397113
v -0.132732 0.592187 0.389284
v -0.139757 0.585195 0.384110
v -0.134742 0.580625 0.398124
v -0.128822 0.577198 0.410746
v -0.125913 0.587427 0.405211
v -0.140908 0.605702 0.355981
v -0.130016 0.608921 0.371131
v -0.137072 0.610176 0.355533
v -0.144629 0.609150 0.340141
v -0.146623 0.603249 0.347279
v -0.146222 0.597085 0.357125
v -0.138293 0.602884 0.365440
v -0.140449 0.527147 0.444703
v -0.135173 0.538647 0.440101
v -0.138731 0.534699 0.438307
v -0.142239 0.528526 0.437512
v -0.143562 0.520272 0.446379
v -0.143540 0.513474 0.453206
v -0.138956 0.526296 0.447899
v -0.140728 0.558319 0.407288
v -0.135774 0.558715 0.416769
v -0.140004 0.564384 0.403456
v -0.144723 0.566858 0.391052
v -0.143305 0.557396 0.401943
v -0.141742 0.547751 0.414183
v -0.138837 0.552452 0.416772
v -0.051699 0.652292 0.238542
v -0.061927 0.651351 0.247619
v -0.047003 0.654451 0.244973
v -0.034870 0.656048 0.241753
v -0.046101 0.652371 0.233967
v -0.059848 0.648368 0.228278
v -0.062638 0.649592 0.237593
v -0.029907 0.649662 0.221434
v -0.024478 0.646697 0.215641
v -0.034658 0.646519 0.214789
v -0.044578 0.646843 0.216154
v -0.033741 0.650884 0.224514
v -0.021942 0.654315 0.231876
v -0.021731 0.651151 0.224807
v -0.044856 0.633007 0.181701
v -0.034831 0.635010 0.188619
v -0.040979 0.629681 0.174440
v -0.048073 0.625686 0.162423
v -0.050875 0.631873 0.176913
v -0.053133 0.637255 0.191462
v -0.043119 0.637058 0.192396
v -0.155560 0.498567 0.444478
v -0.150834 0.511122 0.438355
v -0.155795 0.501038 0.439016
v -0.160761 0.489647 0.439046
v -0.158126 0.490135 0.446508
v -0.153921 0.493882 0.452270
v -0.152208 0.504057 0.446301
v -0.161894 0.449723 0.438118
v -0.165737 0.459779 0.434284
v -0.164427 0.443781 0.430529
v -0.161295 0.429461 0.427684
v -0.159098 0.443916 0.439443
v -0.157424 0.461513 0.448901
v -0.161742 0.462144 0.442878
v -0.108859 0.635953 0.241038
v -0.096425 0.638505 0.229493
v -0.115103 0.633189 0.236031
v -0.131065 0.628097 0.243928
v -0.116035 0.634128 0.247874
v -0.098521 0.640510 0.249531
v -0.095300 0.640290 0.239226
v -0.136317 0.626409 0.273959
v -0.116848 0.634674 0.270815
v -0.131815 0.628723 0.266520
v -0.147301 0.621554 0.264544
v -0.146641 0.621088 0.275709
v -0.142092 0.622043 0.286705
v -0.129289 0.629012 0.279717
v -0.147388 0.545998 0.393605
v -0.149818 0.558013 0.381484
v -0.149541 0.548242 0.385771
v -0.149221 0.537250 0.392699
v -0.146696 0.538290 0.400596
v -0.145402 0.540605 0.405908
v -0.146871 0.550442 0.394253
v -0.152829 0.510695 0.419836
v -0.149258 0.518164 0.422199
v -0.149804 0.518062 0.415740
v -0.152208 0.515409 0.409786
v -0.155566 0.506388 0.417457
v -0.159066 0.498594 0.424145
v -0.153929 0.507823 0.425014
v -0.179813 0.440537 0.398671
v -0.188857 0.446294 0.382532
v -0.181350 0.433767 0.391528
v -0.173007 0.424350 0.402281
v -0.174545 0.438499 0.407939
v -0.176861 0.453328 0.409974
v -0.183299 0.450397 0.396239
v -0.187444 0.417708 0.371106
v -0.194393 0.432517 0.364976
v -0.193319 0.423644 0.363024
v -0.189852 0.414094 0.363049
v -0.182931 0.409564 0.373834
v -0.177142 0.408715 0.383975
v -0.185705 0.420812 0.375864
v -0.210535 0.438729 0.331910
v -0.204497 0.427575 0.339422
v -0.206563 0.435887 0.340639
v -0.209197 0.445426 0.338619
v -0.213509 0.445116 0.326960
v -0.215592 0.442094 0.317697
v -0.210591 0.434584 0.328105
v -0.222489 0.463138 0.305982
v -0.217215 0.461966 0.321915
v -0.221502 0.466610 0.309272
v -0.224989 0.469465 0.295860
v -0.224782 0.463335 0.296831
v -0.222951 0.456937 0.301141
v -0.220297 0.458976 0.312142
v -0.187387 0.474939 0.388859
v -0.193816 0.468752 0.376633
v -0.187639 0.470167 0.390691
v -0.181168 0.474380 0.402911
v -0.183166 0.478791 0.395130
v -0.185902 0.481485 0.385453
v -0.190715 0.475706 0.380130
v -0.167247 0.496072 0.403546
v -0.173597 0.493294 0.394370
v -0.171447 0.490765 0.403657
v -0.168405 0.489759 0.412306
v -0.163786 0.498073 0.408216
v -0.161588 0.505235 0.400284
v -0.167370 0.499424 0.397126
v -0.199891 0.483824 0.355082
v -0.193050 0.486246 0.365620
v -0.197189 0.488366 0.356639
v -0.201917 0.489314 0.347239
v -0.203747 0.482464 0.348548
v -0.202772 0.475852 0.353630
v -0.197885 0.480755 0.360679
v -0.179410 0.503568 0.369968
v -0.180707 0.497901 0.374560
v -0.174364 0.503755 0.377778
v -0.169914 0.509815 0.377679
v -0.179042 0.506861 0.366583
v -0.188567 0.502168 0.356973
v -0.185294 0.499621 0.365269
v -0.216661 0.480607 0.320184
v -0.213672 0.473435 0.330460
v -0.213352 0.480620 0.328737
v -0.212608 0.487628 0.325551
v -0.217319 0.484946 0.314955
v -0.220998 0.480876 0.305702
v -0.218230 0.476437 0.317328
v -0.182036 0.517953 0.346502
v -0.190681 0.510482 0.342022
v -0.180558 0.515003 0.353232
v -0.171089 0.520305 0.362474
v -0.176910 0.522710 0.349149
v -0.185009 0.522634 0.334568
v -0.188972 0.516013 0.336862
v -0.163997 0.546173 0.354873
v -0.173221 0.541239 0.339959
v -0.166582 0.538822 0.353881
v -0.159727 0.537611 0.368105
v -0.159052 0.548284 0.363709
v -0.160528 0.558245 0.356428
v -0.166974 0.550830 0.347025
v -0.210457 0.503240 0.307425
v -0.217368 0.495385 0.296755
v -0.213758 0.497814 0.307671
v -0.208190 0.501573 0.318463
v -0.205395 0.507639 0.314488
v -0.203462 0.512506 0.308725
v -0.211212 0.504100 0.300907
v -0.161521 0.592247 0.325511
v -0.159211 0.588922 0.337132
v -0.158213 0.595672 0.330096
v -0.158090 0.600032 0.321009
v -0.162692 0.593086 0.318650
v -0.166562 0.585190 0.317658
v -0.163400 0.586903 0.327551
v -0.173163 0.564033 0.325681
v -0.178988 0.551730 0.321307
v -0.172311 0.561057 0.330538
v -0.166413 0.570576 0.337392
v -0.169925 0.570857 0.327670
v -0.174219 0.567517 0.317219
v -0.177312 0.559251 0.318279
v -0.167548 0.600544 0.274311
v -0.161759 0.605624 0.286272
v -0.164375 0.606278 0.276032
v -0.167597 0.604901 0.265290
v -0.170179 0.597429 0.267292
v -0.170587 0.591342 0.270216
v -0.166900 0.597995 0.279104
v -0.167518 0.588361 0.293478
v -0.169712 0.582848 0.297482
v -0.166032 0.590709 0.300585
v -0.162793 0.597408 0.299742
v -0.166634 0.591191 0.290080
v -0.170054 0.583918 0.281067
v -0.169992 0.582767 0.288782
v -0.195064 0.538320 0.284072
v -0.203133 0.528368 0.267365
v -0.199517 0.530780 0.280073
v -0.193695 0.535700 0.294491
v -0.189843 0.544443 0.294489
v -0.187575 0.550691 0.290857
v -0.195555 0.539625 0.277744
v -0.214668 0.506623 0.273103
v -0.215371 0.508746 0.260850
v -0.218751 0.502078 0.265464
v -0.219986 0.497435 0.274041
v -0.213596 0.505856 0.281288
v -0.206421 0.515178 0.287178
v -0.210784 0.512632 0.273624
v -0.178594 0.563095 0.260176
v -0.182667 0.554471 0.243308
v -0.180554 0.559681 0.259116
v -0.177503 0.566359 0.275231
v -0.176208 0.568356 0.269773
v -0.176303 0.568360 0.261046
v -0.179345 0.561245 0.251237
v -0.194789 0.540667 0.250163
v -0.193185 0.539966 0.236917
v -0.198865 0.533910 0.239670
v -0.202718 0.530030 0.246307
v -0.195397 0.540949 0.258390
v -0.187742 0.551808 0.268997
v -0.189897 0.546940 0.253166
v -0.225216 0.492692 0.241536
v -0.226591 0.488355 0.253854
v -0.224841 0.494165 0.247588
v -0.222059 0.499960 0.240603
v -0.223357 0.495846 0.235030
v -0.223690 0.491303 0.232475
v -0.226072 0.488749 0.242834
v -0.210965 0.512243 0.219436
v -0.202766 0.521949 0.216907
v -0.208364 0.512771 0.215813
v -0.214100 0.504019 0.218078
v -0.215198 0.506952 0.222331
v -0.213413 0.512183 0.227429
v -0.208221 0.517629 0.222001
v -0.226580 0.472674 0.241898
v -0.224656 0.478390 0.233030
v -0.225296 0.471067 0.235499
v -0.225337 0.464138 0.239905
v -0.227060 0.469391 0.247351
v -0.227791 0.475451 0.253794
v -0.226725 0.477533 0.243173
v -0.220652 0.465228 0.220093
v -0.220522 0.473567 0.219539
v -0.219095 0.468379 0.217103
v -0.217317 0.462519 0.216042
v -0.219856 0.460361 0.220482
v -0.221576 0.459417 0.225735
v -0.221979 0.466852 0.223126
v -0.227398 0.459240 0.266945
v -0.225620 0.455369 0.255828
v -0.226013 0.454362 0.266044
v -0.225861 0.454534 0.277217
v -0.227584 0.461109 0.274528
v -0.228210 0.466931 0.270404
v -0.227568 0.461843 0.261431
v -0.180016 0.562056 0.230893
v -0.179444 0.566151 0.226231
v -0.181049 0.559734 0.224201
v -0.182578 0.554637 0.224936
v -0.180223 0.560477 0.234433
v -0.177879 0.567190 0.242524
v -0.178648 0.566840 0.234633
v -0.176001 0.585929 0.244756
v -0.177327 0.581251 0.234585
v -0.176484 0.580449 0.242783
v -0.175243 0.582031 0.251205
v -0.174842 0.589056 0.250606
v -0.174302 0.595476 0.246455
v -0.176323 0.588612 0.239977
v -0.180209 0.557060 0.203256
v -0.179681 0.563529 0.208841
v -0.178947 0.561273 0.201255
v -0.177944 0.557799 0.194476
v -0.180280 0.553286 0.199934
v -0.182609 0.550631 0.206547
v -0.181185 0.556992 0.208589
v -0.177260 0.537613 0.190148
v -0.175260 0.545396 0.186486
v -0.174577 0.537435 0.185891
v -0.175381 0.529072 0.186834
v -0.179018 0.532835 0.192417
v -0.181822 0.537920 0.197829
v -0.178510 0.542356 0.192425
v -0.178383 0.597236 0.212403
v -0.178472 0.588521 0.215241
v -0.177749 0.595173 0.221498
v -0.176209 0.602456 0.224726
v -0.178012 0.602239 0.210220
v -0.178613 0.600230 0.196385
v -0.178750 0.593965 0.205168
v -0.177614 0.579872 0.188728
v -0.176183 0.572601 0.184808
v -0.177518 0.574306 0.193002
v -0.178287 0.577678 0.200240
v -0.178195 0.584086 0.191633
v -0.177616 0.589189 0.181357
v -0.176840 0.581154 0.181732
v -0.175097 0.615465 0.198754
v -0.172779 0.614202 0.216114
v -0.171592 0.617404 0.205049
v -0.169967 0.620015 0.191466
v -0.174996 0.616519 0.187843
v -0.177261 0.612238 0.187043
v -0.176469 0.612552 0.202529
v -0.138736 0.627405 0.214236
v -0.115973 0.632983 0.212462
v -0.131502 0.630064 0.206369
v -0.147124 0.626789 0.201355
v -0.150808 0.624157 0.213962
v -0.149405 0.622796 0.226022
v -0.132378 0.628228 0.221055
v -0.108587 0.637558 0.175286
v -0.097007 0.638353 0.186956
v -0.096732 0.639096 0.173122
v -0.100663 0.639323 0.159766
v -0.115357 0.637062 0.167821
v -0.128331 0.633867 0.177398
v -0.114023 0.635954 0.184162
v -0.136042 0.637911 0.139310
v -0.118501 0.640360 0.137667
v -0.130193 0.640380 0.130680
v -0.142727 0.638826 0.126429
v -0.145917 0.635835 0.140345
v -0.144840 0.633715 0.154161
v -0.131145 0.637249 0.147222
v -0.168985 0.624865 0.148840
v -0.162987 0.629781 0.132500
v -0.168815 0.623814 0.142562
v -0.173036 0.618182 0.155407
v -0.171445 0.621935 0.159220
v -0.166491 0.625759 0.160309
v -0.164842 0.628420 0.145616
v -0.117252 0.648830 0.107211
v -0.107683 0.646410 0.116522
v -0.110671 0.649122 0.107687
v -0.116855 0.651207 0.099441
v -0.123512 0.649889 0.101492
v -0.130239 0.646772 0.105853
v -0.119026 0.646714 0.112435
v -0.140757 0.656066 0.080496
v -0.131923 0.655758 0.083616
v -0.138212 0.657317 0.077734
v -0.143082 0.656840 0.074663
v -0.145068 0.654995 0.079391
v -0.144052 0.651405 0.087373
v -0.137461 0.654227 0.085895
v -0.164058 0.611224 0.130327
v -0.160527 0.621531 0.120623
v -0.160163 0.612324 0.123198
v -0.160320 0.602127 0.128818
v -0.165571 0.604886 0.136533
v -0.169524 0.609126 0.143306
v -0.165765 0.616079 0.132031
v -0.169769 0.583714 0.157317
v -0.170968 0.574724 0.165721
v -0.172438 0.583345 0.163899
v -0.172793 0.592057 0.159997
v -0.168757 0.589204 0.152009
v -0.164296 0.584158 0.146336
v -0.167624 0.578535 0.156050
v -0.165113 0.536503 0.169423
v -0.167793 0.545317 0.172855
v -0.164269 0.541626 0.166477
v -0.161578 0.535403 0.160934
v -0.163924 0.530348 0.167230
v -0.167187 0.527490 0.173839
v -0.167623 0.536884 0.174258
v -0.160725 0.559929 0.151941
v -0.165317 0.559860 0.161850
v -0.162361 0.565022 0.153095
v -0.158394 0.568621 0.143429
v -0.157935 0.559925 0.145819
v -0.158485 0.551182 0.149711
v -0.161900 0.554818 0.156578
v -0.164277 0.497696 0.160008
v -0.166941 0.481041 0.157186
v -0.166345 0.490689 0.162843
v -0.166319 0.503090 0.167766
v -0.163383 0.508014 0.161816
v -0.161485 0.510915 0.155193
v -0.163901 0.495319 0.155455
v -0.173613 0.477756 0.173296
v -0.172777 0.490532 0.176175
v -0.171648 0.479466 0.170379
v -0.172455 0.467698 0.165712
v -0.174704 0.470255 0.171694
v -0.177509 0.475896 0.178190
v -0.175298 0.483867 0.177915
v -0.180142 0.445427 0.167308
v -0.180483 0.456323 0.174265
v -0.178537 0.451877 0.168311
v -0.177553 0.446268 0.161844
v -0.180451 0.439220 0.163025
v -0.182920 0.434985 0.165738
v -0.181592 0.445812 0.170520
v -0.181853 0.447790 0.180692
v -0.182672 0.456937 0.182390
v -0.182578 0.447464 0.178077
v -0.182834 0.437315 0.174996
v -0.181146 0.442306 0.180113
v -0.180379 0.447294 0.185185
v -0.181890 0.452959 0.184131
v -0.171461 0.431952 0.184344
v -0.172919 0.436997 0.187042
v -0.175108 0.433270 0.182252
v -0.176427 0.427478 0.178321
v -0.170739 0.428633 0.183343
v -0.166350 0.430063 0.187799
v -0.168781 0.433560 0.187713
v -0.162983 0.419105 0.190044
v -0.170331 0.417091 0.182808
v -0.164242 0.415360 0.190134
v -0.159492 0.415613 0.196715
v -0.159788 0.420324 0.193659
v -0.161830 0.423698 0.190641
v -0.165795 0.421284 0.186590
v -0.160441 0.391818 0.204028
v -0.156271 0.377821 0.215964
v -0.156400 0.388554 0.212063
v -0.157999 0.399097 0.206493
v -0.162881 0.399777 0.197978
v -0.169459 0.398343 0.190275
v -0.163126 0.386935 0.202309
v -0.148225 0.559687 0.124632
v -0.151596 0.551286 0.132497
v -0.150799 0.559814 0.130237
v -0.149293 0.568082 0.126037
v -0.145959 0.564255 0.120063
v -0.144169 0.559258 0.115393
v -0.148081 0.554798 0.123735
v -0.130496 0.576781 0.107312
v -0.132533 0.569946 0.104757
v -0.135932 0.573846 0.110206
v -0.138089 0.579228 0.113911
v -0.129359 0.581135 0.108200
v -0.120810 0.581877 0.103314
v -0.126115 0.575608 0.103423
v -0.114297 0.572690 0.090577
v -0.109826 0.579154 0.094853
v -0.108878 0.575935 0.090433
v -0.110173 0.571904 0.085143
v -0.117150 0.569083 0.087639
v -0.122987 0.567583 0.092225
v -0.116911 0.573304 0.093894
v -0.167476 0.498274 0.139881
v -0.169533 0.480407 0.144529
v -0.165907 0.495773 0.144170
v -0.162846 0.511775 0.142074
v -0.166043 0.509139 0.136701
v -0.170017 0.503179 0.131727
v -0.170447 0.490065 0.138271
v -0.156091 0.538018 0.121330
v -0.149738 0.546196 0.112563
v -0.156034 0.538452 0.115012
v -0.162307 0.529164 0.119244
v -0.159594 0.531973 0.126194
v -0.156081 0.536498 0.130528
v -0.152601 0.542669 0.122010
v -0.185134 0.425826 0.144767
v -0.186634 0.421862 0.150308
v -0.183357 0.427789 0.150384
v -0.180619 0.434541 0.148122
v -0.184173 0.429652 0.141400
v -0.188128 0.425431 0.134090
v -0.187960 0.421978 0.141647
v -0.181089 0.459511 0.131169
v -0.178033 0.455424 0.139393
v -0.178285 0.467812 0.133445
v -0.178857 0.478944 0.125728
v -0.182511 0.463133 0.125305
v -0.185229 0.447262 0.125867
v -0.181976 0.448886 0.133777
v -0.199508 0.410006 0.114386
v -0.196167 0.410721 0.131234
v -0.196123 0.413242 0.124636
v -0.196790 0.415301 0.114976
v -0.201080 0.410096 0.104039
v -0.205452 0.405500 0.093140
v -0.201288 0.407073 0.113102
v -0.152469 0.538779 0.083260
v -0.146726 0.546059 0.089246
v -0.147297 0.542831 0.076774
v -0.149454 0.537874 0.064841
v -0.155736 0.534029 0.079382
v -0.160512 0.530647 0.094607
v -0.154030 0.538851 0.093372
v -0.128484 0.555639 0.068264
v -0.134102 0.548677 0.055534
v -0.133615 0.552283 0.068161
v -0.131621 0.556678 0.079370
v -0.125215 0.559519 0.075047
v -0.119710 0.560977 0.069788
v -0.126643 0.554892 0.061715
v -0.181887 0.476355 0.094694
v -0.179482 0.480939 0.076311
v -0.183141 0.468522 0.089206
v -0.185879 0.457998 0.102414
v -0.182962 0.473070 0.104627
v -0.179138 0.489412 0.102397
v -0.179022 0.487126 0.089017
v -0.165536 0.515449 0.063816
v -0.158471 0.523096 0.050132
v -0.163992 0.514468 0.050554
v -0.169560 0.504979 0.055485
v -0.169637 0.509554 0.071416
v -0.168601 0.515082 0.083591
v -0.163094 0.520909 0.068425
v -0.188131 0.447551 0.066843
v -0.183641 0.462571 0.057812
v -0.186980 0.452753 0.054465
v -0.190679 0.442590 0.054814
v -0.190900 0.439080 0.071126
v -0.190047 0.439913 0.084809
v -0.186583 0.451862 0.073395
v -0.200852 0.416719 0.072409
v -0.198348 0.424416 0.058113
v -0.202013 0.417418 0.060162
v -0.205501 0.411377 0.064696
v -0.201883 0.413618 0.080333
v -0.197965 0.419252 0.089089
v -0.198169 0.421355 0.074520
v -0.185435 0.467971 -0.002138
v -0.189260 0.455051 0.013123
v -0.185426 0.464608 0.014630
v -0.181379 0.475457 0.013867
v -0.182784 0.476084 -0.009417
v -0.185821 0.472939 -0.028832
v -0.188127 0.462824 -0.009147
v -0.168232 0.504030 -0.008142
v -0.160154 0.515358 0.002921
v -0.166605 0.506733 -0.019416
v -0.174218 0.496468 -0.035389
v -0.172960 0.496713 -0.012761
v -0.171092 0.498381 0.011379
v -0.165441 0.507861 0.009165
v -0.199617 0.437939 -0.001597
v -0.197093 0.436965 0.015864
v -0.196152 0.445512 -0.008354
v -0.196360 0.453715 -0.033576
v -0.201749 0.439867 -0.015167
v -0.205862 0.425742 0.011549
v -0.201215 0.429686 0.017727
v -0.219042 0.456816 -0.107653
v -0.229381 0.467037 -0.161611
v -0.225870 0.451173 -0.110236
v -0.219349 0.436993 -0.056283
v -0.212918 0.450866 -0.075987
v -0.207251 0.465995 -0.099637
v -0.217763 0.468221 -0.134330
v -0.159038 0.514860 -0.061826
v -0.152946 0.521907 -0.029221
v -0.152749 0.520963 -0.053678
v -0.155681 0.518541 -0.082104
v -0.163854 0.510733 -0.081871
v -0.170070 0.503795 -0.072833
v -0.161315 0.512730 -0.049728
v -0.194934 0.499570 -0.163120
v -0.212991 0.495164 -0.198769
v -0.204069 0.492508 -0.166079
v -0.192483 0.492756 -0.132476
v -0.184468 0.502082 -0.139990
v -0.178092 0.510255 -0.149591
v -0.195515 0.503980 -0.179274
v -0.183957 0.527730 -0.231821
v -0.207383 0.514002 -0.246568
v -0.189341 0.520015 -0.217977
v -0.170463 0.527054 -0.190965
v -0.170014 0.534908 -0.220891
v -0.172551 0.540945 -0.252803
v -0.192012 0.527712 -0.254450
v -0.119359 0.552638 0.039627
v -0.128459 0.546939 0.034550
v -0.121625 0.553141 0.045703
v -0.113532 0.558871 0.053347
v -0.113348 0.555762 0.042034
v -0.114401 0.551984 0.028098
v -0.122395 0.548971 0.029852
v -0.132406 0.537150 -0.023392
v -0.122845 0.542766 -0.011819
v -0.129662 0.537850 -0.034356
v -0.137368 0.532665 -0.055724
v -0.137796 0.533558 -0.031377
v -0.136767 0.536297 -0.005995
v -0.129659 0.540135 -0.005879
v -0.131011 0.550615 -0.176316
v -0.116648 0.554518 -0.153881
v -0.125494 0.556272 -0.186007
v -0.136772 0.555991 -0.215890
v -0.139919 0.547781 -0.189130
v -0.138503 0.541353 -0.156414
v -0.127251 0.547740 -0.152374
v -0.116520 0.544712 -0.073604
v -0.111660 0.546680 -0.042551
v -0.108877 0.548387 -0.065012
v -0.108217 0.550034 -0.091029
v -0.119074 0.544284 -0.093657
v -0.127948 0.538675 -0.089151
v -0.120783 0.542056 -0.063003
v -0.068105 0.558891 -0.038458
v -0.044318 0.562864 -0.029170
v -0.059997 0.561294 -0.049310
v -0.077310 0.558910 -0.067181
v -0.081387 0.556472 -0.044999
v -0.081391 0.555744 -0.021800
v -0.062541 0.559265 -0.022356
v -0.084898 0.565216 0.048986
v -0.092113 0.567030 0.058666
v -0.080349 0.568878 0.056881
v -0.068710 0.569789 0.053242
v -0.079470 0.564432 0.043076
v -0.091582 0.559917 0.035152
v -0.093842 0.562780 0.047060
v -0.049852 0.563858 0.020500
v -0.069793 0.559757 0.015916
v -0.059411 0.563656 0.027041
v -0.046598 0.567957 0.035594
v -0.038203 0.566178 0.022727
v -0.032877 0.564890 0.008591
v -0.052080 0.562052 0.010999
v -0.065829 0.586103 0.087669
v -0.079456 0.580090 0.081753
v -0.070626 0.587751 0.092585
v -0.061193 0.595513 0.103515
v -0.057977 0.590153 0.092748
v -0.057517 0.583521 0.079908
v -0.069243 0.580770 0.078652
v -0.008847 0.568355 0.033767
v 0.001204 0.567786 0.042787
v -0.000997 0.566771 0.029147
v -0.005640 0.567074 0.018114
v -0.014984 0.568688 0.029763
v -0.020982 0.571695 0.044471
v -0.010197 0.570173 0.044403
v 0.032478 0.560334 0.024767
v 0.022120 0.563376 0.012471
v 0.022467 0.562247 0.024341
v 0.026936 0.561241 0.036437
v 0.039106 0.558657 0.032113
v 0.049746 0.557633 0.026295
v 0.036603 0.560544 0.018382
v -0.088558 0.575565 -0.185793
v -0.064919 0.583505 -0.174521
v -0.086114 0.579565 -0.200615
v -0.107703 0.573379 -0.221476
v -0.101498 0.570512 -0.191247
v -0.090545 0.569176 -0.159852
v -0.076776 0.576359 -0.164331
v -0.039323 0.574875 -0.092281
v -0.024910 0.572923 -0.063844
v -0.026750 0.578356 -0.088327
v -0.033661 0.582613 -0.115565
v -0.048544 0.575892 -0.110784
v -0.060434 0.569219 -0.101602
v -0.043436 0.570438 -0.079733
v 0.056275 0.566478 -0.006197
v 0.038222 0.567766 -0.008891
v 0.050322 0.564170 0.000965
v 0.064345 0.561450 0.007153
v 0.066762 0.565570 -0.005002
v 0.065775 0.570251 -0.018028
v 0.051853 0.569791 -0.015227
v 0.103830 0.560241 -0.001297
v 0.094008 0.566614 -0.015432
v 0.093975 0.561994 -0.002162
v 0.095180 0.557208 0.011266
v 0.108642 0.556329 0.007833
v 0.118789 0.557332 -0.001352
v 0.107128 0.562681 -0.010200
v 0.116488 0.545494 0.049772
v 0.115389 0.543852 0.072305
v 0.123931 0.543709 0.054692
v 0.128212 0.546355 0.033811
v 0.115846 0.547729 0.036850
v 0.102318 0.548656 0.041504
v 0.108085 0.545826 0.057110
v 0.143360 0.530331 0.079045
v 0.149578 0.523013 0.092884
v 0.148835 0.528452 0.070932
v 0.145571 0.535918 0.051077
v 0.139039 0.535015 0.071163
v 0.133279 0.535459 0.093187
v 0.141692 0.528946 0.095377
v 0.048571 0.584317 -0.060589
v 0.051915 0.590472 -0.084701
v 0.040746 0.585759 -0.066858
v 0.032935 0.579376 -0.045389
v 0.047391 0.580119 -0.046369
v 0.061226 0.580975 -0.049970
v 0.058036 0.586135 -0.067623
v 0.013132 0.591064 -0.097785
v 0.000219 0.593306 -0.118220
v 0.003013 0.587672 -0.091472
v 0.009070 0.583017 -0.068343
v 0.020671 0.589493 -0.087452
v 0.029614 0.595783 -0.110784
v 0.015491 0.595653 -0.116412
v 0.096599 0.578522 -0.057955
v 0.114395 0.569791 -0.042020
v 0.100301 0.579048 -0.065703
v 0.083667 0.587013 -0.084617
v 0.085493 0.582788 -0.065956
v 0.089512 0.577387 -0.047625
v 0.102909 0.573238 -0.042513
v 0.169648 0.524421 0.044397
v 0.165811 0.516656 0.071607
v 0.173050 0.518056 0.053917
v 0.178683 0.522265 0.031439
v 0.171492 0.529543 0.025932
v 0.162732 0.534178 0.026464
v 0.163764 0.525438 0.051577
v 0.184533 0.484713 0.085434
v 0.190214 0.466997 0.099142
v 0.190423 0.481192 0.078490
v 0.188481 0.496736 0.059467
v 0.181312 0.495356 0.076966
v 0.174987 0.492263 0.096411
v 0.181927 0.478489 0.100241
v 0.211890 0.477602 0.044381
v 0.208713 0.461112 0.072618
v 0.215887 0.468254 0.048844
v 0.220011 0.479874 0.020352
v 0.212733 0.488165 0.024811
v 0.204804 0.493436 0.032409
v 0.206173 0.477171 0.055805
v 0.173919 0.549067 -0.068074
v 0.181953 0.537920 -0.037118
v 0.178879 0.547325 -0.077853
v 0.173192 0.556649 -0.116675
v 0.168511 0.555042 -0.086531
v 0.165095 0.550175 -0.047582
v 0.173899 0.543769 -0.038540
v 0.148201 0.576500 -0.153482
v 0.148420 0.567891 -0.101930
v 0.153929 0.570545 -0.135281
v 0.156490 0.574496 -0.172847
v 0.147380 0.581105 -0.182583
v 0.137755 0.585624 -0.180895
v 0.142448 0.577377 -0.141066
v 0.111005 0.586973 -0.125011
v 0.124435 0.574976 -0.085604
v 0.121324 0.583267 -0.124379
v 0.114293 0.592117 -0.161967
v 0.102456 0.593695 -0.148027
v 0.092455 0.592946 -0.128334
v 0.108461 0.583804 -0.103792
v 0.074291 0.611307 -0.215548
v 0.092032 0.607205 -0.218238
v 0.078386 0.612052 -0.232336
v 0.062918 0.615242 -0.238313
v 0.063494 0.612640 -0.211841
v 0.068444 0.608087 -0.184737
v 0.081410 0.607724 -0.199914
v 0.025876 0.610275 -0.186762
v 0.031661 0.614902 -0.219655
v 0.019250 0.611258 -0.198311
v 0.008887 0.606008 -0.174126
v 0.022641 0.606682 -0.167187
v 0.037514 0.607539 -0.167223
v 0.035998 0.611965 -0.194903
v 0.100898 0.607539 -0.281398
v 0.113575 0.601638 -0.299331
v 0.096263 0.608084 -0.292715
v 0.080339 0.612917 -0.280909
v 0.093594 0.609870 -0.269539
v 0.107987 0.605316 -0.260468
v 0.112470 0.603682 -0.280448
v 0.077938 0.608784 -0.335788
v 0.099167 0.602028 -0.334190
v 0.084997 0.604597 -0.347500
v 0.068988 0.606781 -0.358069
v 0.065548 0.611499 -0.337548
v 0.065461 0.613939 -0.316578
v 0.083165 0.608871 -0.323152
v 0.026304 0.614335 -0.355222
v 0.036258 0.610230 -0.370104
v 0.022056 0.611305 -0.370193
v 0.008699 0.611807 -0.365709
v 0.020101 0.615701 -0.346750
v 0.032592 0.617504 -0.329358
v 0.036369 0.614632 -0.348773
v -0.002971 0.614608 -0.240799
v 0.012911 0.617673 -0.253195
v 0.000275 0.617100 -0.259281
v -0.013817 0.614476 -0.260413
v -0.013487 0.611747 -0.235387
v -0.010220 0.608711 -0.210896
v 0.003102 0.613782 -0.228906
v -0.001704 0.618088 -0.320320
v -0.012941 0.616621 -0.307404
v 0.001112 0.619141 -0.305014
v 0.013761 0.619869 -0.306289
v 0.004364 0.617853 -0.327274
v -0.009292 0.614114 -0.342951
v -0.012196 0.615760 -0.326699
v -0.063936 0.596782 -0.246253
v -0.050034 0.596979 -0.214048
v -0.048345 0.601544 -0.238634
v -0.049910 0.603944 -0.263940
v -0.070515 0.596474 -0.265683
v -0.090621 0.587539 -0.261176
v -0.071975 0.591765 -0.234830
v -0.063692 0.600280 -0.325957
v -0.050945 0.602414 -0.346438
v -0.073314 0.595879 -0.333704
v -0.091684 0.589761 -0.314694
v -0.070206 0.598525 -0.311511
v -0.049147 0.606091 -0.310951
v -0.047583 0.605567 -0.330041
v -0.113081 0.579799 -0.360517
v -0.080787 0.589541 -0.369129
v -0.104865 0.581194 -0.373198
v -0.131469 0.571642 -0.372980
v -0.132170 0.573088 -0.355185
v -0.125552 0.575967 -0.337924
v -0.101603 0.584192 -0.352961
v -0.072749 0.579300 -0.418281
v -0.058606 0.575260 -0.437066
v -0.083601 0.573159 -0.424859
v -0.105632 0.571879 -0.409312
v -0.081701 0.580883 -0.406107
v -0.055369 0.588829 -0.405229
v -0.053561 0.583126 -0.422396
v -0.118769 0.552778 -0.445026
v -0.088127 0.558110 -0.454753
v -0.108838 0.550515 -0.456475
v -0.131082 0.542755 -0.455041
v -0.136262 0.548927 -0.439487
v -0.134532 0.555297 -0.426415
v -0.110108 0.558131 -0.439625
v -0.078214 0.539338 -0.496778
v -0.104313 0.534331 -0.488389
v -0.085682 0.542933 -0.485996
v -0.063285 0.548968 -0.487512
v -0.062306 0.541131 -0.501866
v -0.065871 0.531939 -0.514137
v -0.086195 0.532784 -0.502407
v -0.185820 0.531101 -0.429505
v -0.178490 0.541170 -0.416233
v -0.174476 0.536827 -0.430443
v -0.172934 0.528581 -0.445630
v -0.188812 0.523450 -0.438689
v -0.202020 0.519131 -0.430179
v -0.192555 0.531120 -0.420941
v -0.191821 0.544484 -0.349872
v -0.212401 0.530519 -0.352757
v -0.196948 0.540663 -0.341044
v -0.176436 0.552490 -0.331539
v -0.177261 0.552859 -0.348962
v -0.181553 0.549866 -0.365533
v -0.199327 0.539631 -0.359998
v -0.217902 0.523439 -0.392080
v -0.222162 0.514881 -0.406056
v -0.227237 0.515403 -0.392585
v -0.227671 0.517691 -0.379326
v -0.214048 0.527806 -0.383844
v -0.199602 0.536102 -0.391679
v -0.210809 0.526503 -0.399933
v -0.220139 0.520997 -0.314653
v -0.229621 0.515895 -0.332843
v -0.232891 0.511462 -0.319097
v -0.230829 0.509309 -0.300182
v -0.212870 0.523841 -0.301516
v -0.195445 0.537093 -0.305999
v -0.212965 0.527347 -0.321554
v -0.254923 0.486288 -0.390549
v -0.251076 0.494836 -0.378189
v -0.248123 0.494330 -0.391862
v -0.245656 0.490249 -0.405824
v -0.256073 0.480249 -0.398420
v -0.264876 0.472012 -0.387229
v -0.259252 0.483610 -0.381254
v -0.263523 0.482268 -0.343138
v -0.270916 0.470228 -0.355490
v -0.266975 0.476460 -0.337999
v -0.259494 0.484432 -0.319881
v -0.257474 0.489446 -0.335205
v -0.255819 0.492108 -0.349730
v -0.264246 0.481175 -0.354748
v -0.259616 0.444167 -0.435789
v -0.260794 0.421840 -0.455301
v -0.266000 0.432246 -0.435684
v -0.268453 0.445027 -0.415831
v -0.258551 0.456399 -0.424173
v -0.248408 0.463099 -0.435230
v -0.253898 0.442753 -0.447248
v -0.288603 0.393044 -0.429149
v -0.279262 0.389511 -0.451552
v -0.288948 0.381116 -0.439493
v -0.297631 0.375866 -0.422419
v -0.293465 0.394417 -0.414620
v -0.286817 0.412377 -0.410553
v -0.282542 0.403115 -0.432089
v -0.284425 0.339795 -0.475013
v -0.295112 0.342447 -0.452046
v -0.286609 0.350938 -0.465481
v -0.276438 0.354742 -0.480882
v -0.277193 0.337398 -0.487902
v -0.279285 0.320309 -0.489765
v -0.288480 0.330301 -0.470785
v -0.300607 0.289135 -0.453870
v -0.289708 0.288515 -0.476362
v -0.297023 0.276191 -0.462334
v -0.304589 0.266385 -0.444440
v -0.306400 0.288382 -0.439411
v -0.305502 0.309516 -0.438211
v -0.297629 0.301651 -0.458801
v -0.280473 0.454673 -0.311524
v -0.281905 0.452285 -0.334903
v -0.285179 0.447217 -0.315807
v -0.286206 0.443679 -0.294229
v -0.279196 0.454721 -0.295358
v -0.271151 0.465805 -0.298452
v -0.276421 0.460960 -0.320249
v -0.307790 0.388766 -0.354561
v -0.312423 0.381315 -0.322869
v -0.306027 0.396652 -0.342493
v -0.299212 0.408659 -0.363958
v -0.304329 0.392118 -0.372254
v -0.309979 0.373445 -0.374393
v -0.312390 0.376169 -0.348184
v -0.301218 0.415399 -0.305786
v -0.298344 0.420783 -0.290170
v -0.296949 0.424799 -0.312251
v -0.295575 0.425708 -0.332142
v -0.302352 0.411580 -0.314888
v -0.307369 0.399006 -0.291321
v -0.303352 0.409612 -0.288536
v -0.276764 0.439326 -0.221192
v -0.268175 0.454610 -0.236062
v -0.277043 0.445996 -0.243709
v -0.284183 0.435060 -0.241941
v -0.281268 0.430026 -0.212916
v -0.276184 0.426074 -0.182625
v -0.271397 0.440761 -0.205688
v -0.298001 0.401560 -0.217006
v -0.305243 0.390589 -0.231717
v -0.298537 0.395231 -0.204202
v -0.290713 0.402284 -0.182607
v -0.293292 0.408388 -0.210163
v -0.296376 0.412332 -0.238054
v -0.301454 0.401668 -0.237690
v -0.248783 0.429978 -0.112138
v -0.249578 0.449700 -0.166455
v -0.255326 0.435367 -0.143397
v -0.258975 0.419437 -0.113025
v -0.248487 0.417963 -0.081235
v -0.237819 0.419627 -0.057875
v -0.242666 0.435990 -0.112171
v -0.323262 0.280475 -0.380861
v -0.319870 0.304376 -0.391229
v -0.319323 0.283401 -0.397949
v -0.319083 0.260280 -0.398359
v -0.324471 0.265206 -0.374171
v -0.328163 0.274370 -0.350603
v -0.324930 0.291794 -0.369575
v -0.326078 0.328515 -0.325676
v -0.329796 0.305423 -0.314334
v -0.327664 0.324094 -0.305803
v -0.323777 0.343382 -0.303001
v -0.322878 0.341868 -0.331810
v -0.321806 0.335070 -0.356846
v -0.326548 0.319002 -0.338294
v -0.326261 0.205176 -0.351254
v -0.321488 0.212336 -0.379567
v -0.323377 0.192207 -0.362119
v -0.324395 0.175695 -0.340076
v -0.327952 0.200755 -0.332988
v -0.329695 0.226574 -0.331197
v -0.326229 0.222330 -0.357404
v -0.312351 0.148704 -0.394466
v -0.312469 0.175857 -0.405707
v -0.309224 0.153758 -0.408484
v -0.305894 0.131448 -0.407130
v -0.311020 0.132732 -0.388472
v -0.315448 0.139671 -0.370000
v -0.315479 0.159951 -0.386451
v -0.295817 0.080345 -0.385565
v -0.283842 0.059884 -0.390093
v -0.294528 0.075318 -0.376279
v -0.304198 0.094336 -0.364967
v -0.301639 0.093732 -0.383429
v -0.296179 0.089716 -0.401068
v -0.290042 0.073252 -0.397105
v -0.284873 0.052372 -0.342905
v -0.277024 0.042946 -0.363110
v -0.277185 0.040399 -0.345349
v -0.278035 0.041070 -0.325673
v -0.287847 0.057254 -0.328796
v -0.296584 0.074287 -0.335480
v -0.288269 0.059554 -0.352367
v -0.280880 0.052685 -0.260689
v -0.275352 0.040525 -0.277088
v -0.272708 0.040369 -0.251319
v -0.272273 0.045531 -0.227885
v -0.284122 0.061796 -0.250608
v -0.294206 0.075710 -0.280179
v -0.285358 0.057183 -0.281395
v -0.295381 0.105197 -0.207051
v -0.299443 0.128357 -0.185837
v -0.303929 0.123531 -0.218248
v -0.304453 0.111976 -0.247357
v -0.292445 0.091882 -0.220071
v -0.280566 0.076390 -0.191791
v -0.288976 0.100424 -0.184172
v -0.325415 0.188246 -0.255870
v -0.329724 0.215932 -0.269848
v -0.327552 0.191220 -0.278752
v -0.323009 0.164459 -0.279228
v -0.321233 0.171001 -0.246572
v -0.319417 0.182587 -0.216329
v -0.325763 0.201847 -0.241208
v -0.261719 0.070357 -0.115925
v -0.249116 0.055005 -0.092690
v -0.263916 0.082328 -0.104410
v -0.278259 0.106596 -0.124795
v -0.269560 0.080281 -0.132113
v -0.259473 0.054674 -0.138108
v -0.252518 0.050750 -0.114889
v -0.275449 0.140747 -0.054253
v -0.257626 0.098395 -0.050857
v -0.268127 0.133286 -0.035874
v -0.279819 0.170550 -0.026398
v -0.285385 0.165534 -0.057285
v -0.286934 0.152284 -0.086570
v -0.272071 0.122879 -0.070055
v -0.326086 0.246400 -0.185251
v -0.329887 0.252228 -0.225185
v -0.326032 0.234865 -0.200992
v -0.320487 0.220768 -0.171501
v -0.322963 0.242846 -0.161134
v -0.325033 0.264362 -0.158496
v -0.328216 0.260856 -0.193512
v -0.329087 0.309664 -0.225293
v -0.326050 0.330551 -0.238995
v -0.329349 0.313355 -0.248738
v -0.331418 0.293735 -0.250247
v -0.329891 0.296716 -0.216386
v -0.327164 0.303267 -0.184621
v -0.326993 0.318253 -0.210078
v -0.310166 0.234287 -0.077460
v -0.315663 0.256283 -0.089641
v -0.314013 0.236209 -0.099851
v -0.309230 0.212287 -0.103083
v -0.305268 0.218979 -0.070523
v -0.301751 0.229614 -0.040175
v -0.309667 0.245471 -0.062550
v -0.302591 0.374766 -0.158234
v -0.308562 0.372802 -0.193295
v -0.307548 0.368349 -0.165900
v -0.304737 0.365434 -0.138030
v -0.298878 0.374887 -0.137408
v -0.293586 0.384371 -0.143396
v -0.301076 0.380184 -0.170860
v -0.319251 0.339251 -0.159776
v -0.319514 0.348417 -0.194869
v -0.321403 0.335014 -0.172787
v -0.320945 0.323442 -0.143919
v -0.318079 0.334218 -0.138634
v -0.314690 0.344924 -0.138956
v -0.317164 0.348133 -0.166962
v -0.289146 0.362316 -0.066591
v -0.285739 0.352516 -0.039163
v -0.283573 0.365004 -0.056423
v -0.283933 0.376181 -0.081730
v -0.291220 0.367686 -0.084919
v -0.297130 0.357988 -0.084328
v -0.292427 0.354051 -0.060713
v -0.306383 0.327333 -0.068175
v -0.307147 0.337538 -0.085259
v -0.310720 0.327293 -0.086166
v -0.312314 0.316247 -0.082220
v -0.305331 0.321215 -0.058394
v -0.297704 0.329148 -0.040786
v -0.302342 0.334111 -0.061796
v -0.257199 0.377887 -0.013392
v -0.265025 0.361958 -0.002810
v -0.253564 0.372581 0.006437
v -0.243538 0.385980 0.005209
v -0.253176 0.388154 -0.024483
v -0.263920 0.387248 -0.051017
v -0.265286 0.373686 -0.025965
v -0.300210 0.300698 -0.018751
v -0.308472 0.298022 -0.048817
v -0.303039 0.293979 -0.023369
v -0.295196 0.293223 0.003270
v -0.294267 0.302924 -0.001280
v -0.293540 0.312755 -0.009407
v -0.301962 0.305968 -0.030777
v -0.303451 0.268387 -0.014532
v -0.310904 0.276116 -0.047973
v -0.305993 0.264513 -0.027204
v -0.297575 0.254210 0.000394
v -0.297011 0.264229 0.006790
v -0.296513 0.273662 0.007948
v -0.305058 0.275935 -0.021241
v -0.243474 0.358616 0.059953
v -0.256854 0.349373 0.040993
v -0.249287 0.350077 0.059707
v -0.240247 0.354380 0.076316
v -0.235760 0.364654 0.069974
v -0.234155 0.373474 0.056589
v -0.245775 0.361636 0.047890
v -0.269054 0.318495 0.051767
v -0.273383 0.323769 0.035529
v -0.276463 0.312999 0.038974
v -0.275411 0.305025 0.047530
v -0.265621 0.316208 0.061170
v -0.256071 0.328954 0.070992
v -0.264105 0.327227 0.054584
v -0.212922 0.385857 0.109756
v -0.204376 0.394709 0.128812
v -0.208789 0.393596 0.110452
v -0.214748 0.390076 0.089840
v -0.218391 0.380324 0.098016
v -0.220827 0.371644 0.107098
v -0.212212 0.382797 0.119599
v -0.211817 0.358747 0.143998
v -0.220867 0.354697 0.127107
v -0.217573 0.347688 0.138491
v -0.211354 0.343296 0.152155
v -0.206076 0.360627 0.153799
v -0.202790 0.377451 0.151309
v -0.211740 0.367393 0.138777
v -0.245640 0.313333 0.103196
v -0.242411 0.326332 0.101424
v -0.252402 0.313282 0.089998
v -0.259016 0.301344 0.083576
v -0.246166 0.306163 0.105921
v -0.232432 0.314617 0.127214
v -0.237014 0.321645 0.114976
v -0.180378 0.359424 0.190687
v -0.167134 0.356525 0.209270
v -0.174722 0.368519 0.194645
v -0.183578 0.378007 0.180162
v -0.188219 0.360941 0.180046
v -0.189916 0.343675 0.184189
v -0.177909 0.348593 0.198130
v -0.162186 0.315133 0.239773
v -0.178273 0.316074 0.215593
v -0.166099 0.307445 0.239539
v -0.152450 0.300680 0.263277
v -0.152894 0.314802 0.253382
v -0.155739 0.328696 0.240073
v -0.167547 0.323491 0.226164
v -0.231092 0.286186 0.142462
v -0.218797 0.277889 0.167126
v -0.218817 0.287419 0.164037
v -0.222434 0.296561 0.153755
v -0.237750 0.290944 0.128434
v -0.250645 0.284326 0.106770
v -0.236120 0.280302 0.135106
v -0.258389 0.260972 0.095455
v -0.236046 0.262129 0.137862
v -0.251690 0.266184 0.108511
v -0.268429 0.268661 0.075425
v -0.271123 0.260085 0.069663
v -0.268590 0.250748 0.072307
v -0.251560 0.256468 0.107741
v -0.178767 0.285704 0.234358
v -0.189679 0.297462 0.210323
v -0.188854 0.287530 0.216625
v -0.185304 0.275606 0.227212
v -0.172878 0.276663 0.247683
v -0.162790 0.280149 0.261279
v -0.175379 0.291081 0.236844
v -0.128154 0.317149 0.285198
v -0.119361 0.318079 0.292727
v -0.127532 0.324811 0.281806
v -0.135207 0.329287 0.269692
v -0.133633 0.316134 0.279287
v -0.129053 0.302166 0.291721
v -0.122796 0.309833 0.293829
v -0.083858 0.286498 0.315465
v -0.099883 0.280866 0.313178
v -0.078819 0.276869 0.318534
v -0.059876 0.276587 0.321787
v -0.076193 0.289819 0.316130
v -0.093230 0.300481 0.309916
v -0.097484 0.292408 0.311013
v -0.124366 0.344562 0.286626
v -0.132558 0.347450 0.272025
v -0.125501 0.340346 0.282365
v -0.117329 0.334049 0.292772
v -0.118282 0.341705 0.294999
v -0.121213 0.350080 0.296371
v -0.128435 0.350525 0.283143
v -0.078936 0.315031 0.316029
v -0.055175 0.296841 0.322564
v -0.070758 0.314146 0.320207
v -0.089982 0.330881 0.316246
v -0.092384 0.324859 0.311736
v -0.091072 0.316576 0.309865
v -0.073576 0.305934 0.316243
v -0.149393 0.372934 0.272915
v -0.147050 0.366123 0.261709
v -0.142616 0.366536 0.275323
v -0.138780 0.368372 0.289045
v -0.150557 0.376428 0.280140
v -0.160628 0.383424 0.269597
v -0.154262 0.375493 0.263982
v -0.150663 0.379927 0.309159
v -0.162417 0.387322 0.292749
v -0.151293 0.380393 0.300777
v -0.138884 0.373297 0.312021
v -0.143207 0.375611 0.319044
v -0.148963 0.378320 0.323592
v -0.156843 0.383371 0.307969
v -0.176284 0.393441 0.305377
v -0.178634 0.396723 0.290632
v -0.171237 0.390825 0.305954
v -0.165686 0.386566 0.320873
v -0.175089 0.392005 0.313753
v -0.184362 0.398468 0.304199
v -0.182555 0.398142 0.296216
v -0.202529 0.418468 0.266673
v -0.209703 0.428749 0.255558
v -0.203379 0.421191 0.259040
v -0.195802 0.412830 0.265811
v -0.197589 0.412457 0.274083
v -0.200417 0.414054 0.280078
v -0.205931 0.421804 0.267629
v -0.203393 0.427117 0.237709
v -0.210045 0.433933 0.237513
v -0.206591 0.431766 0.233145
v -0.201301 0.428361 0.230588
v -0.198711 0.423264 0.237818
v -0.196547 0.418726 0.246241
v -0.203931 0.426160 0.242587
v -0.034805 0.318453 0.341840
v -0.025186 0.299015 0.337906
v -0.018480 0.310218 0.346236
v -0.017141 0.323013 0.354542
v -0.040496 0.328996 0.345304
v -0.062729 0.332877 0.334687
v -0.045534 0.316044 0.334792
v 0.030098 0.293340 0.358102
v 0.023575 0.308496 0.363747
v 0.018496 0.295858 0.355569
v 0.016510 0.281754 0.349119
v 0.033454 0.284268 0.355401
v 0.048028 0.290471 0.361885
v 0.037390 0.300405 0.363530
v 0.061516 0.325713 0.380863
v 0.043854 0.327511 0.379401
v 0.055071 0.318925 0.376560
v 0.068095 0.311870 0.375066
v 0.071961 0.324419 0.381276
v 0.071969 0.336627 0.387349
v 0.057253 0.333177 0.384361
v 0.113738 0.318259 0.377204
v 0.105487 0.332679 0.384290
v 0.101602 0.320155 0.379162
v 0.101708 0.306712 0.373603
v 0.118799 0.309347 0.373184
v 0.133692 0.314710 0.373329
v 0.120826 0.325005 0.379094
v 0.144582 0.348562 0.381549
v 0.125513 0.352411 0.387796
v 0.138389 0.342279 0.381650
v 0.153146 0.333301 0.375137
v 0.155893 0.345266 0.377165
v 0.154239 0.358462 0.380372
v 0.139302 0.357375 0.385171
v 0.126839 0.387169 0.396238
v 0.115172 0.376563 0.397216
v 0.129181 0.379372 0.393483
v 0.141646 0.384180 0.390094
v 0.133030 0.393110 0.395386
v 0.123195 0.398739 0.400486
v 0.118175 0.388278 0.399501
v 0.141591 0.275624 0.364783
v 0.153016 0.259516 0.362528
v 0.155069 0.273508 0.363238
v 0.151835 0.287788 0.364873
v 0.134671 0.285101 0.366164
v 0.118837 0.279487 0.366349
v 0.134630 0.268344 0.364745
v 0.105595 0.243128 0.365276
v 0.130160 0.237597 0.363769
v 0.113964 0.250029 0.365167
v 0.095766 0.259230 0.365423
v 0.091347 0.246038 0.365051
v 0.092101 0.230895 0.364508
v 0.112022 0.232498 0.364672
v 0.046835 0.252729 0.355364
v 0.054508 0.237667 0.358098
v 0.058058 0.251422 0.359262
v 0.058626 0.264982 0.359543
v 0.042694 0.261347 0.353929
v 0.028063 0.254582 0.348099
v 0.040252 0.244986 0.352831
v 0.138447 0.183352 0.357916
v 0.150987 0.199578 0.358347
v 0.130829 0.198228 0.360493
v 0.113370 0.193555 0.360813
v 0.131176 0.174878 0.357208
v 0.150683 0.159029 0.352578
v 0.153315 0.178054 0.355278
v 0.021215 0.212989 0.344427
v 0.011578 0.227910 0.341024
v 0.011401 0.211787 0.340613
v 0.014035 0.197356 0.341052
v 0.026152 0.204499 0.346123
v 0.037494 0.213290 0.351172
v 0.025802 0.222356 0.346588
v -0.028006 0.195558 0.335371
v -0.046090 0.183802 0.336254
v -0.030941 0.183203 0.335709
v -0.015272 0.186092 0.335618
v -0.016672 0.201809 0.335416
v -0.021782 0.217400 0.334659
v -0.036020 0.201951 0.335124
v -0.074072 0.230861 0.329257
v -0.075382 0.204705 0.333653
v -0.062126 0.222300 0.331806
v -0.051901 0.240965 0.329719
v -0.073390 0.245342 0.326334
v -0.094743 0.244158 0.323446
v -0.086759 0.223627 0.329351
v 0.111795 0.160673 0.356677
v 0.131710 0.145106 0.352785
v 0.116156 0.162196 0.356426
v 0.097965 0.178004 0.359166
v 0.100141 0.169085 0.358131
v 0.104173 0.158877 0.356914
v 0.118450 0.150820 0.355097
v 0.038046 0.178273 0.345509
v 0.041176 0.167539 0.342978
v 0.045439 0.179176 0.347933
v 0.047432 0.190426 0.351820
v 0.035635 0.184826 0.346747
v 0.025631 0.176266 0.341439
v 0.033054 0.170617 0.341642
v 0.069899 0.174913 0.353946
v 0.059776 0.166822 0.348708
v 0.069317 0.167733 0.352116
v 0.078952 0.168075 0.355288
v 0.076326 0.177517 0.356537
v 0.069849 0.185912 0.356967
v 0.063668 0.177576 0.352786
v 0.116461 0.128375 0.355476
v 0.107481 0.121203 0.356399
v 0.122189 0.120171 0.353577
v 0.134582 0.122331 0.350963
v 0.120990 0.132625 0.354498
v 0.106499 0.140095 0.357027
v 0.105531 0.131713 0.357560
v 0.143836 0.083653 0.337937
v 0.124352 0.093159 0.345817
v 0.138306 0.078793 0.336938
v 0.154762 0.066700 0.326865
v 0.156030 0.078673 0.332558
v 0.153443 0.093353 0.339213
v 0.137565 0.094409 0.343611
v 0.123421 0.060882 0.334070
v 0.118701 0.052543 0.330577
v 0.131834 0.049836 0.325670
v 0.142199 0.051518 0.322896
v 0.126674 0.066023 0.334976
v 0.110926 0.079321 0.344356
v 0.112374 0.067129 0.339677
v 0.069563 0.131664 0.360483
v 0.056844 0.124947 0.358982
v 0.065934 0.124293 0.360303
v 0.077761 0.124005 0.360220
v 0.078512 0.133903 0.360477
v 0.077897 0.141243 0.359370
v 0.066063 0.134761 0.359446
v 0.074541 0.089079 0.352790
v 0.080583 0.097478 0.355050
v 0.068696 0.099861 0.356086
v 0.060219 0.097363 0.354741
v 0.072536 0.083070 0.350379
v 0.087209 0.070207 0.344338
v 0.084372 0.083418 0.350306
v 0.056990 0.143409 0.351385
v 0.069473 0.149645 0.354103
v 0.061940 0.149702 0.350601
v 0.052493 0.146300 0.346908
v 0.049327 0.138775 0.349546
v 0.048322 0.132303 0.352981
v 0.059351 0.141167 0.354018
v 0.069546 0.061399 0.342692
v 0.056729 0.079352 0.348964
v 0.061369 0.066612 0.344690
v 0.067719 0.052980 0.337875
v 0.076519 0.051044 0.337023
v 0.083288 0.052961 0.336954
v 0.070199 0.067019 0.344640
v 0.018648 0.144566 0.331385
v 0.028507 0.146269 0.333656
v 0.022309 0.151108 0.333388
v 0.013265 0.154340 0.333040
v 0.011503 0.144277 0.330779
v 0.011632 0.136139 0.329593
v 0.020943 0.139497 0.330887
v -0.023572 0.148128 0.332781
v -0.013837 0.138052 0.330777
v -0.012868 0.146314 0.331687
v -0.013709 0.157175 0.333345
v -0.028502 0.156036 0.334185
v -0.041040 0.152109 0.335108
v -0.028099 0.143276 0.332746
v 0.017428 0.122386 0.330523
v 0.027177 0.131124 0.332967
v 0.020322 0.126947 0.330395
v 0.011192 0.123398 0.329130
v 0.010296 0.118702 0.329865
v 0.010589 0.115436 0.331663
v 0.020076 0.122768 0.332208
v 0.025404 0.122101 0.342037
v 0.032727 0.131597 0.340483
v 0.024214 0.122960 0.338920
v 0.016185 0.114562 0.338774
v 0.021217 0.116676 0.343181
v 0.028171 0.119545 0.347280
v 0.031245 0.126538 0.344175
v -0.025057 0.123971 0.332451
v -0.016892 0.114712 0.332881
v -0.014212 0.119716 0.331048
v -0.014307 0.125091 0.330374
v -0.028858 0.129703 0.332528
v -0.042847 0.133313 0.335392
v -0.031414 0.122686 0.334328
v 0.036308 0.081029 0.347951
v 0.047340 0.065583 0.342390
v 0.042249 0.078142 0.347617
v 0.035201 0.091117 0.351020
v 0.029894 0.089251 0.349679
v 0.028117 0.083432 0.346675
v 0.037521 0.074266 0.344991
v 0.013249 0.103380 0.346368
v 0.008913 0.103120 0.341741
v 0.010550 0.100349 0.343945
v 0.014079 0.097023 0.345962
v 0.016653 0.102010 0.348574
v 0.020123 0.106498 0.349704
v 0.014074 0.106311 0.345847
v 0.038745 0.046791 0.327966
v 0.048259 0.044242 0.328461
v 0.039293 0.054575 0.333542
v 0.030484 0.061869 0.335032
v 0.032819 0.048347 0.327002
v 0.035405 0.034199 0.317735
v 0.043422 0.037504 0.322181
v 0.019288 0.051433 0.325539
v 0.014657 0.051691 0.326703
v 0.018252 0.043455 0.322333
v 0.021670 0.037517 0.318404
v 0.021798 0.051047 0.325325
v 0.019090 0.064371 0.332008
v 0.016843 0.059541 0.329361
v 0.008168 0.081237 0.335530
v 0.004509 0.087471 0.335683
v 0.005853 0.077902 0.334027
v 0.008081 0.069361 0.332625
v 0.010339 0.076648 0.335053
v 0.011373 0.083937 0.338443
v 0.008039 0.087707 0.337616
v -0.013870 0.056158 0.337499
v -0.010684 0.072540 0.336621
v -0.020510 0.059583 0.339561
v -0.028174 0.045698 0.341298
v -0.015110 0.047264 0.337448
v -0.004427 0.053428 0.333972
v -0.006525 0.063093 0.335205
v -0.047400 0.091666 0.343177
v -0.051725 0.069077 0.346036
v -0.039885 0.079911 0.342899
v -0.030213 0.093776 0.339306
v -0.044175 0.104376 0.340711
v -0.058698 0.113384 0.342576
v -0.057497 0.091067 0.345284
v -0.092765 0.095766 0.350356
v -0.107444 0.100412 0.349977
v -0.095034 0.082422 0.351676
v -0.080985 0.069804 0.351001
v -0.083319 0.093362 0.349526
v -0.087794 0.119038 0.346782
v -0.099220 0.112622 0.348574
v -0.107917 0.045121 0.351389
v -0.116082 0.065829 0.351493
v -0.116795 0.049060 0.350305
v -0.115727 0.033849 0.346233
v -0.103970 0.033826 0.348655
v -0.092233 0.038601 0.350269
v -0.103421 0.053530 0.352538
v -0.116587 0.180196 0.336596
v -0.102082 0.172837 0.338639
v -0.111189 0.195010 0.333662
v -0.121410 0.210694 0.327966
v -0.124027 0.182276 0.334680
v -0.122705 0.152657 0.340862
v -0.112854 0.161110 0.340683
v -0.141724 0.045920 0.339106
v -0.149621 0.039134 0.328890
v -0.143254 0.035184 0.334314
v -0.135770 0.034799 0.339008
v -0.136137 0.049628 0.343328
v -0.138131 0.065396 0.343488
v -0.145004 0.053260 0.337287
v -0.146489 0.163164 0.324378
v -0.141892 0.200208 0.319183
v -0.149498 0.175680 0.317276
v -0.155542 0.147492 0.315636
v -0.148980 0.141501 0.326040
v -0.141293 0.141954 0.333611
v -0.140752 0.172167 0.327962
v -0.156490 0.078945 0.325507
v -0.158814 0.058776 0.320282
v -0.153350 0.071738 0.329526
v -0.148083 0.089211 0.334683
v -0.154697 0.093277 0.326774
v -0.161391 0.093625 0.315916
v -0.160951 0.073923 0.317951
v -0.164763 0.217734 0.281705
v -0.154725 0.234737 0.291246
v -0.164868 0.237746 0.274849
v -0.175233 0.234761 0.258104
v -0.170722 0.208507 0.274134
v -0.166312 0.183212 0.288762
v -0.159614 0.206746 0.293267
v -0.174026 0.067447 0.276394
v -0.169782 0.051802 0.289184
v -0.170790 0.067312 0.290027
v -0.172828 0.085716 0.284660
v -0.176588 0.078911 0.267182
v -0.179448 0.070394 0.250300
v -0.174686 0.058455 0.270117
v -0.176581 0.029042 0.248413
v -0.171574 0.028172 0.271024
v -0.176209 0.036978 0.254343
v -0.180845 0.043988 0.232310
v -0.179263 0.029529 0.232870
v -0.176541 0.016875 0.235607
v -0.173927 0.021128 0.255493
v -0.187036 0.017795 0.169473
v -0.187986 0.036565 0.181199
v -0.189422 0.023076 0.158115
v -0.189407 0.009059 0.137335
v -0.185981 0.007904 0.161098
v -0.182684 0.010035 0.186164
v -0.185223 0.023111 0.187810
v -0.188733 0.198514 0.238333
v -0.181139 0.171543 0.260772
v -0.184255 0.197716 0.249514
v -0.190790 0.222134 0.230389
v -0.194542 0.213596 0.222198
v -0.196835 0.200462 0.216768
v -0.188444 0.183765 0.240268
v -0.188388 0.134092 0.231845
v -0.181848 0.128097 0.256384
v -0.188370 0.146940 0.236328
v -0.195790 0.162001 0.213431
v -0.192806 0.138923 0.215735
v -0.188939 0.113516 0.221417
v -0.184607 0.117194 0.241802
v -0.229551 0.240229 0.146847
v -0.221759 0.228168 0.160710
v -0.217872 0.237856 0.169920
v -0.218056 0.247103 0.170552
v -0.234880 0.245250 0.137193
v -0.249733 0.238034 0.106169
v -0.236317 0.234520 0.132375
v -0.200796 0.042411 0.117552
v -0.197184 0.054064 0.146003
v -0.202793 0.055402 0.123120
v -0.208156 0.053972 0.099358
v -0.203196 0.036597 0.100064
v -0.198289 0.023442 0.105304
v -0.197025 0.036880 0.128421
v -0.211694 0.023667 0.037440
v -0.215585 0.043257 0.051545
v -0.216723 0.034533 0.029520
v -0.216174 0.024157 0.008359
v -0.209394 0.014273 0.028642
v -0.204412 0.011260 0.052260
v -0.209382 0.025651 0.054463
v -0.244659 0.104595 0.018422
v -0.235812 0.093350 0.038619
v -0.248155 0.121392 0.030578
v -0.259923 0.146617 0.019624
v -0.250434 0.112407 0.005407
v -0.238335 0.076324 -0.003975
v -0.235539 0.080936 0.018781
v -0.214420 0.159007 0.156215
v -0.225001 0.164702 0.131658
v -0.215217 0.146908 0.150170
v -0.205080 0.130199 0.172052
v -0.207741 0.153736 0.172281
v -0.213194 0.176820 0.165334
v -0.220496 0.174364 0.146049
v -0.218366 0.109879 0.118483
v -0.227228 0.135214 0.110223
v -0.224959 0.117989 0.103450
v -0.220013 0.097535 0.101061
v -0.212900 0.094085 0.123322
v -0.207911 0.097849 0.145115
v -0.217455 0.118403 0.128677
v -0.251688 0.159717 0.062853
v -0.240899 0.128527 0.065067
v -0.244216 0.146703 0.071578
v -0.247507 0.165535 0.077121
v -0.256368 0.176918 0.064042
v -0.262635 0.180785 0.051200
v -0.252517 0.153331 0.055248
v -0.247614 0.210856 0.101171
v -0.233856 0.211333 0.130368
v -0.247040 0.218002 0.105690
v -0.259574 0.216780 0.079240
v -0.254064 0.206462 0.085838
v -0.245266 0.195246 0.098621
v -0.239687 0.204118 0.114480
v -0.077122 0.373291 0.427504
v -0.084583 0.369163 0.415127
v -0.075866 0.367466 0.417580
v -0.067059 0.368407 0.423340
v -0.072835 0.376903 0.434607
v -0.081233 0.385396 0.442448
v -0.083323 0.376793 0.429622
v -0.085974 0.358864 0.376492
v -0.090554 0.360771 0.382911
v -0.094165 0.359874 0.368487
v -0.094900 0.359059 0.356926
v -0.082298 0.357940 0.373440
v -0.071884 0.358299 0.391084
v -0.081075 0.359426 0.388348
v -0.085277 0.590369 0.100980
v -0.073897 0.598111 0.109955
v -0.081639 0.590189 0.100336
v -0.091246 0.582835 0.091829
v -0.092326 0.585968 0.096377
v -0.091498 0.590742 0.101165
v -0.082123 0.595175 0.106146
v -0.077631 0.615512 0.120704
v -0.069661 0.614205 0.124763
v -0.077561 0.609535 0.117342
v -0.086211 0.606786 0.111721
v -0.083013 0.616310 0.117910
v -0.080119 0.625251 0.125713
v -0.073584 0.620578 0.126878
v -0.067775 0.633639 0.158536
v -0.069496 0.636903 0.175955
v -0.063706 0.632274 0.163588
v -0.061756 0.626576 0.149363
v -0.067950 0.630991 0.148423
v -0.075653 0.635819 0.149762
v -0.073206 0.636923 0.163501
v -0.100417 0.620503 0.102591
v -0.094372 0.628438 0.112152
v -0.096046 0.619117 0.107470
v -0.100707 0.609913 0.102249
v -0.105069 0.615627 0.098139
v -0.108185 0.623121 0.095025
v -0.100821 0.626722 0.102870
v -0.104884 0.643681 0.098680
v -0.109753 0.648272 0.094813
v -0.103541 0.646135 0.102826
v -0.098807 0.642581 0.109800
v -0.103173 0.640037 0.100769
v -0.110170 0.638643 0.091613
v -0.109729 0.644248 0.092250
v -0.125202 0.600223 0.100278
v -0.135114 0.594747 0.108291
v -0.130021 0.603039 0.100610
v -0.123652 0.610775 0.093964
v -0.119321 0.603971 0.096823
v -0.117083 0.596678 0.100230
v -0.126325 0.594374 0.104054
v -0.129949 0.651649 0.073511
v -0.124995 0.652903 0.079159
v -0.124485 0.648965 0.077453
v -0.126799 0.644604 0.075927
v -0.133140 0.650169 0.071632
v -0.137018 0.654343 0.070762
v -0.131890 0.654709 0.073673
v -0.144182 0.618188 0.100298
v -0.148635 0.626327 0.100614
v -0.142777 0.625111 0.094747
v -0.136377 0.621906 0.092097
v -0.140890 0.613374 0.100605
v -0.146974 0.606456 0.109948
v -0.148761 0.616185 0.106130
v -0.144671 0.646388 0.075979
v -0.144866 0.651799 0.072106
v -0.141765 0.647164 0.072971
v -0.137562 0.640208 0.077309
v -0.143389 0.641459 0.080510
v -0.147869 0.644136 0.084271
v -0.147370 0.649382 0.076669
v 0.151111 0.539762 0.376637
v 0.147129 0.532472 0.382563
v 0.155151 0.532846 0.374956
v 0.161211 0.536333 0.367804
v 0.153245 0.544660 0.372912
v 0.143549 0.552348 0.378959
v 0.144575 0.542469 0.381699
v 0.169607 0.509956 0.366487
v 0.159061 0.513181 0.376329
v 0.167343 0.505792 0.369704
v 0.175565 0.500696 0.361801
v 0.174986 0.509018 0.360528
v 0.172281 0.517934 0.361246
v 0.165677 0.515936 0.369151
v 0.155915 0.493931 0.382288
v 0.149088 0.489328 0.388821
v 0.160105 0.487943 0.379231
v 0.168255 0.489283 0.371411
v 0.159521 0.496816 0.378625
v 0.149020 0.503797 0.387090
v 0.147578 0.497249 0.389219
v 0.187483 0.513566 0.337347
v 0.187411 0.502388 0.343165
v 0.189751 0.509080 0.334061
v 0.190612 0.517821 0.325755
v 0.187308 0.520505 0.334173
v 0.183465 0.520684 0.343175
v 0.185045 0.511234 0.343999
v 0.186609 0.547991 0.330168
v 0.189587 0.541005 0.321213
v 0.188107 0.552212 0.325488
v 0.185446 0.561394 0.331351
v 0.184026 0.551741 0.335525
v 0.183005 0.541568 0.338713
v 0.186878 0.540072 0.330033
v 0.202137 0.486165 0.325882
v 0.197306 0.485109 0.335856
v 0.203420 0.478346 0.329930
v 0.208690 0.473552 0.322629
v 0.204958 0.485832 0.319516
v 0.199895 0.498971 0.317894
v 0.198049 0.493578 0.327663
v 0.209917 0.450246 0.337316
v 0.213772 0.451967 0.329239
v 0.207974 0.457764 0.336406
v 0.201415 0.462397 0.343562
v 0.206366 0.450204 0.342148
v 0.212358 0.438187 0.337870
v 0.214452 0.443742 0.332732
v 0.227485 0.429522 0.305448
v 0.225084 0.423645 0.316528
v 0.229302 0.423407 0.301985
v 0.231143 0.426313 0.288065
v 0.227682 0.434104 0.299505
v 0.223702 0.440160 0.310721
v 0.224463 0.432006 0.314656
v 0.218315 0.466100 0.293851
v 0.210046 0.485657 0.296224
v 0.214251 0.474437 0.301356
v 0.218464 0.461818 0.304093
v 0.222409 0.455027 0.292944
v 0.224512 0.450268 0.280038
v 0.217451 0.468480 0.287063
v 0.238669 0.399157 0.290983
v 0.232738 0.403266 0.308114
v 0.238695 0.393334 0.297989
v 0.243371 0.384366 0.285158
v 0.241230 0.395628 0.280024
v 0.238214 0.406090 0.277241
v 0.235584 0.406629 0.293882
v 0.209775 0.470495 0.259312
v 0.204517 0.488492 0.274115
v 0.212495 0.471051 0.267518
v 0.218950 0.453126 0.256337
v 0.212219 0.460226 0.249391
v 0.204864 0.468646 0.244881
v 0.204087 0.479601 0.259621
v 0.186074 0.494024 0.244331
v 0.189104 0.504741 0.264116
v 0.190432 0.492850 0.250951
v 0.190687 0.482041 0.235958
v 0.184802 0.487329 0.232257
v 0.179768 0.494930 0.232043
v 0.183661 0.501434 0.249149
v 0.187054 0.461113 0.187721
v 0.191347 0.462316 0.202640
v 0.191826 0.454782 0.185284
v 0.191279 0.450547 0.167226
v 0.184632 0.461505 0.178931
v 0.180065 0.473581 0.194801
v 0.185325 0.468349 0.199971
v 0.173654 0.474773 0.150257
v 0.182728 0.460176 0.140668
v 0.175592 0.472553 0.136857
v 0.168421 0.486852 0.138405
v 0.168965 0.484941 0.156801
v 0.171416 0.482151 0.172746
v 0.177015 0.469111 0.157671
v 0.157124 0.527369 0.191349
v 0.161529 0.516123 0.198199
v 0.159641 0.515250 0.180379
v 0.157239 0.518670 0.164812
v 0.154593 0.533720 0.186609
v 0.153636 0.547103 0.209327
v 0.157546 0.532819 0.206250
v 0.141441 0.544227 0.160471
v 0.132742 0.545691 0.145657
v 0.137838 0.552899 0.170673
v 0.143481 0.557490 0.191210
v 0.145858 0.543191 0.168985
v 0.147542 0.530550 0.144017
v 0.140489 0.537078 0.141641
v 0.177158 0.530394 0.263210
v 0.183137 0.528831 0.275655
v 0.178665 0.521984 0.259821
v 0.173912 0.518662 0.245317
v 0.173726 0.532008 0.256532
v 0.174938 0.544884 0.268510
v 0.179252 0.537890 0.273220
v 0.162306 0.550320 0.246240
v 0.164399 0.531312 0.233367
v 0.160528 0.545888 0.237431
v 0.157508 0.561964 0.244725
v 0.161424 0.561542 0.253574
v 0.165691 0.557325 0.258887
v 0.165287 0.543462 0.247073
v 0.189925 0.571635 0.315095
v 0.189337 0.581701 0.312348
v 0.189662 0.579954 0.316946
v 0.188862 0.576174 0.321522
v 0.189907 0.565690 0.317002
v 0.190720 0.556555 0.311200
v 0.189890 0.569167 0.311272
v 0.184172 0.566010 0.296431
v 0.179499 0.566461 0.288801
v 0.182167 0.573643 0.295712
v 0.185081 0.578569 0.301743
v 0.186592 0.565981 0.300761
v 0.187246 0.552465 0.297499
v 0.183341 0.558277 0.292183
v 0.159524 0.595038 0.276416
v 0.155179 0.590997 0.265811
v 0.156235 0.600396 0.276024
v 0.158494 0.606387 0.284383
v 0.162113 0.596392 0.281404
v 0.164300 0.584996 0.276358
v 0.159967 0.587150 0.270801
v 0.173067 0.598534 0.295295
v 0.178446 0.598802 0.300313
v 0.175858 0.592114 0.295046
v 0.172497 0.587465 0.289039
v 0.169789 0.598188 0.291933
v 0.167844 0.608506 0.295605
v 0.173479 0.604937 0.298516
v 0.194468 0.604026 0.318790
v 0.191791 0.596890 0.323240
v 0.192263 0.598248 0.318967
v 0.192298 0.602093 0.315110
v 0.195422 0.608523 0.316510
v 0.198352 0.613448 0.318461
v 0.195402 0.605407 0.320988
v 0.196689 0.613928 0.328389
v 0.195982 0.620037 0.332142
v 0.192879 0.611317 0.331444
v 0.191419 0.603993 0.329993
v 0.196690 0.610892 0.326370
v 0.201290 0.619661 0.324232
v 0.199927 0.620576 0.327857
v 0.194874 0.627076 0.311094
v 0.191543 0.617242 0.310361
v 0.191580 0.626675 0.309808
v 0.192693 0.636379 0.310178
v 0.197302 0.633298 0.311815
v 0.199753 0.628127 0.313707
v 0.195619 0.621599 0.312102
v 0.177533 0.626523 0.305279
v 0.181759 0.617006 0.306060
v 0.176098 0.620843 0.304109
v 0.169723 0.626091 0.302706
v 0.174021 0.631835 0.305081
v 0.179709 0.635533 0.306947
v 0.181793 0.626497 0.306613
v 0.138851 0.614647 0.273908
v 0.144769 0.619162 0.283913
v 0.144522 0.611641 0.274843
v 0.142431 0.603385 0.262769
v 0.135310 0.610530 0.265554
v 0.128431 0.617624 0.269821
v 0.136310 0.620227 0.279171
v 0.125117 0.585547 0.212897
v 0.120353 0.571439 0.180446
v 0.118253 0.586010 0.206248
v 0.118691 0.599590 0.231703
v 0.127600 0.593751 0.230726
v 0.134513 0.584601 0.223571
v 0.128677 0.576571 0.200695
v 0.217187 0.651397 0.328238
v 0.209877 0.643212 0.331852
v 0.211928 0.642237 0.327831
v 0.213591 0.643407 0.324235
v 0.219772 0.655571 0.326194
v 0.223056 0.665208 0.329216
v 0.217858 0.655306 0.330908
v 0.214441 0.659957 0.318078
v 0.212082 0.648788 0.317958
v 0.208854 0.652320 0.315787
v 0.205023 0.657052 0.314619
v 0.214174 0.665594 0.318334
v 0.221038 0.670762 0.322474
v 0.218231 0.660523 0.320401
v 0.208531 0.658152 0.341136
v 0.196242 0.655208 0.345989
v 0.200764 0.650705 0.343366
v 0.204271 0.647711 0.340066
v 0.213234 0.659117 0.338270
v 0.217004 0.669449 0.337610
v 0.208114 0.663721 0.341922
v 0.167548 0.631246 0.353328
v 0.170306 0.638493 0.353807
v 0.160106 0.632212 0.356641
v 0.153137 0.626076 0.357901
v 0.165634 0.627097 0.352683
v 0.178683 0.630565 0.347627
v 0.176763 0.635098 0.350373
v 0.199345 0.674220 0.318083
v 0.210876 0.679836 0.322572
v 0.205686 0.673670 0.318250
v 0.195043 0.666456 0.314697
v 0.190152 0.669985 0.316041
v 0.185792 0.673401 0.318675
v 0.199315 0.677799 0.320673
v 0.152704 0.661703 0.315334
v 0.135193 0.661020 0.316858
v 0.145129 0.663394 0.317384
v 0.157430 0.665574 0.317189
v 0.163113 0.662583 0.314571
v 0.165446 0.658639 0.312840
v 0.150134 0.659289 0.314518
v 0.149492 0.647159 0.309392
v 0.151867 0.639408 0.305245
v 0.142050 0.646028 0.308773
v 0.133809 0.652167 0.312155
v 0.148335 0.651175 0.311343
v 0.162334 0.648419 0.309518
v 0.158035 0.643595 0.307519
v 0.122925 0.638915 0.296866
v 0.136105 0.634614 0.297672
v 0.127261 0.633854 0.292121
v 0.116778 0.633193 0.285012
v 0.114185 0.640500 0.294425
v 0.115152 0.646591 0.303260
v 0.126979 0.641437 0.301981
v 0.073878 0.638113 0.265209
v 0.087264 0.631715 0.263655
v 0.070243 0.631703 0.252095
v 0.054097 0.633002 0.242808
v 0.066525 0.641264 0.265086
v 0.082660 0.646771 0.284504
v 0.086052 0.640090 0.276479
v 0.078760 0.597765 0.196877
v 0.090352 0.607100 0.222693
v 0.091704 0.592836 0.196994
v 0.089849 0.579571 0.169275
v 0.071746 0.592061 0.180387
v 0.056789 0.606681 0.197348
v 0.073166 0.608533 0.213008
v 0.047458 0.652566 0.268268
v 0.065556 0.655616 0.286256
v 0.051616 0.649354 0.266551
v 0.036529 0.643202 0.245862
v 0.037355 0.650515 0.257490
v 0.041407 0.657356 0.270992
v 0.053732 0.657312 0.280346
v 0.045322 0.576084 0.120916
v 0.069159 0.566151 0.120705
v 0.052312 0.567427 0.105828
v 0.034475 0.571481 0.096088
v 0.031740 0.581816 0.120537
v 0.034345 0.592119 0.147680
v 0.052608 0.579596 0.136896
v 0.069124 0.551494 0.063739
v 0.084292 0.549705 0.081716
v 0.080896 0.549170 0.064613
v 0.073001 0.551217 0.049650
v 0.060052 0.553452 0.054056
v 0.049584 0.556825 0.062098
v 0.066065 0.553302 0.073318
v -0.006316 0.587782 0.101549
v -0.018265 0.585293 0.088460
v -0.010144 0.593459 0.113205
v 0.001150 0.599465 0.134952
v 0.002226 0.588569 0.109434
v 0.002529 0.578849 0.084053
v -0.009054 0.581321 0.082946
v -0.016163 0.614856 0.155538
v -0.024422 0.601762 0.122793
v -0.021297 0.612926 0.147486
v -0.016351 0.624304 0.173604
v -0.010852 0.622539 0.174802
v -0.005740 0.617954 0.169980
v -0.015509 0.608926 0.144184
v 0.008987 0.645522 0.229153
v -0.000847 0.643241 0.218652
v 0.008478 0.649133 0.234070
v 0.018206 0.653215 0.247062
v 0.015515 0.646558 0.235368
v 0.010847 0.638140 0.218987
v 0.003492 0.640089 0.216844
v -0.036254 0.610211 0.132649
v -0.037700 0.599167 0.109750
v -0.041096 0.603903 0.118351
v -0.043385 0.610672 0.131616
v -0.036111 0.616620 0.146226
v -0.029315 0.620964 0.158249
v -0.032364 0.610219 0.134337
v 0.004451 0.657529 0.243541
v 0.000433 0.659426 0.245566
v 0.008621 0.660520 0.250903
v 0.014646 0.660216 0.254242
v 0.006186 0.655885 0.242042
v -0.003390 0.651588 0.230047
v -0.002205 0.655638 0.237366
v 0.019560 0.668638 0.274615
v 0.022240 0.671020 0.284263
v 0.024110 0.669753 0.280736
v 0.024041 0.667567 0.274763
v 0.017221 0.666792 0.268456
v 0.010631 0.666378 0.265121
v 0.016672 0.669030 0.274917
v 0.036039 0.673241 0.305928
v 0.039824 0.673863 0.317756
v 0.039092 0.672552 0.307538
v 0.035955 0.670735 0.295821
v 0.033380 0.672412 0.298671
v 0.031400 0.673718 0.302616
v 0.035314 0.674238 0.310858
v 0.182260 0.460022 0.364229
v 0.184287 0.468084 0.360443
v 0.175074 0.468749 0.368996
v 0.166644 0.467534 0.376712
v 0.180436 0.455641 0.366569
v 0.194226 0.444702 0.355866
v 0.190603 0.455902 0.357285
v 0.168577 0.445402 0.376923
v 0.185378 0.435101 0.364209
v 0.172675 0.447475 0.373701
v 0.157737 0.457971 0.384935
v 0.158298 0.450516 0.384653
v 0.160843 0.441817 0.382834
v 0.173903 0.437661 0.373060
v 0.015465 0.390885 0.437658
v 0.004031 0.402285 0.449032
v 0.005907 0.390368 0.439668
v 0.011609 0.379690 0.429969
v 0.022583 0.384606 0.430961
v 0.032268 0.391781 0.433653
v 0.018666 0.397939 0.442132
v 0.034500 0.420756 0.455252
v 0.041626 0.430873 0.459756
v 0.028653 0.427572 0.461335
v 0.016380 0.422258 0.460642
v 0.029783 0.414894 0.452159
v 0.043789 0.410501 0.444751
v 0.044359 0.420365 0.452028
v 0.069229 0.426673 0.446460
v 0.066267 0.415253 0.439513
v 0.072608 0.423345 0.441815
v 0.077187 0.432961 0.445181
v 0.070749 0.433899 0.450264
v 0.063471 0.433832 0.453910
v 0.063975 0.423663 0.447061
v 0.090230 0.418634 0.425934
v 0.080359 0.409634 0.426169
v 0.090409 0.412835 0.421960
v 0.100270 0.417881 0.418950
v 0.096071 0.423888 0.425418
v 0.090343 0.428042 0.432052
v 0.084444 0.419012 0.430138
v 0.091213 0.390249 0.410316
v 0.079863 0.391295 0.415762
v 0.084087 0.384203 0.410854
v 0.090962 0.379083 0.406129
v 0.098005 0.389843 0.407348
v 0.101701 0.400221 0.409573
v 0.091096 0.396716 0.412985
v 0.118583 0.435478 0.415015
v 0.118240 0.428383 0.412489
v 0.124847 0.432555 0.409173
v 0.129479 0.436663 0.406820
v 0.118926 0.439195 0.415966
v 0.108375 0.438963 0.424415
v 0.112155 0.433655 0.419281
v 0.145364 0.414348 0.393020
v 0.153588 0.402124 0.387448
v 0.151869 0.412982 0.389084
v 0.147021 0.422894 0.392532
v 0.140165 0.420580 0.396569
v 0.134516 0.415560 0.399091
v 0.143574 0.408586 0.393467
v 0.179360 0.410719 0.370395
v 0.167467 0.421777 0.378476
v 0.171175 0.410817 0.376251
v 0.176728 0.398128 0.372686
v 0.186516 0.402586 0.365547
v 0.192846 0.410616 0.360026
v 0.179956 0.417998 0.369471
v 0.124982 0.455496 0.412313
v 0.112166 0.452409 0.423609
v 0.122516 0.450465 0.414396
v 0.134103 0.448684 0.404239
v 0.133318 0.456263 0.404931
v 0.129487 0.463828 0.408186
v 0.119591 0.459035 0.417167
v 0.100540 0.469897 0.435128
v 0.112012 0.474547 0.423904
v 0.101448 0.475750 0.433794
v 0.091576 0.474576 0.443062
v 0.093953 0.466953 0.441342
v 0.097529 0.460557 0.437677
v 0.105814 0.467073 0.430128
v -0.107936 0.005287 0.315987
v -0.113505 -0.001479 0.291833
v -0.100705 0.003515 0.309862
v -0.090368 0.011616 0.327882
v -0.104290 0.011044 0.328347
v -0.116780 0.010601 0.324932
v -0.117547 0.003395 0.308852
v -0.143597 0.006752 0.303183
v -0.151097 0.013373 0.305566
v -0.147000 0.004923 0.293259
v -0.139009 -0.000729 0.282794
v -0.137848 0.004307 0.301605
v -0.137029 0.011625 0.317650
v -0.144533 0.012747 0.313738
v -0.161222 0.000398 0.259636
v -0.162116 0.009277 0.278579
v -0.165525 0.004798 0.261823
v -0.166946 -0.000200 0.241907
v -0.159876 -0.003869 0.245701
v -0.150931 -0.005008 0.252299
v -0.157027 0.001420 0.268708
v -0.153630 -0.015955 0.176649
v -0.163614 -0.011373 0.191247
v -0.158030 -0.016097 0.164759
v -0.148376 -0.019431 0.140037
v -0.144902 -0.017794 0.165812
v -0.143600 -0.014786 0.196579
v -0.155696 -0.013093 0.198160
v -0.173687 -0.015147 0.125301
v -0.174639 -0.010068 0.158472
v -0.178530 -0.010907 0.135667
v -0.180726 -0.012241 0.108739
v -0.172563 -0.017216 0.104815
v -0.163413 -0.019469 0.108517
v -0.169120 -0.015772 0.135479
v -0.167733 -0.020514 0.035094
v -0.162160 -0.019740 0.003398
v -0.158213 -0.021636 0.026541
v -0.156967 -0.022268 0.051614
v -0.169441 -0.020201 0.053532
v -0.178997 -0.016542 0.051147
v -0.173327 -0.018532 0.025982
v -0.194591 -0.007414 -0.005565
v -0.182566 -0.012279 -0.025311
v -0.188316 -0.011234 0.003370
v -0.194092 -0.007547 0.026175
v -0.200018 -0.003084 0.004612
v -0.205101 0.001864 -0.022029
v -0.194852 -0.006369 -0.026710
v -0.204276 -0.006457 -0.127910
v -0.211356 0.001541 -0.097735
v -0.211979 -0.003191 -0.140206
v -0.211164 -0.006810 -0.180379
v -0.200032 -0.009480 -0.147238
v -0.188631 -0.011007 -0.105958
v -0.200319 -0.005718 -0.096599
v -0.232546 0.007789 -0.161082
v -0.229548 0.013121 -0.121910
v -0.235884 0.015044 -0.141080
v -0.241536 0.016451 -0.165175
v -0.235147 0.006718 -0.183985
v -0.228920 0.000817 -0.198002
v -0.227606 0.004539 -0.158853
v -0.248600 0.009844 -0.248703
v -0.240252 0.003178 -0.256305
v -0.244339 0.007997 -0.233905
v -0.250987 0.016615 -0.219185
v -0.254173 0.015885 -0.244834
v -0.256243 0.015555 -0.270765
v -0.248134 0.008069 -0.267556
v -0.252054 0.010388 -0.331476
v -0.241676 0.003309 -0.312518
v -0.250344 0.008584 -0.315245
v -0.258866 0.016195 -0.319412
v -0.258371 0.016359 -0.339152
v -0.254675 0.015428 -0.355333
v -0.247098 0.007850 -0.336988
v -0.186231 -0.013429 -0.231986
v -0.174830 -0.015049 -0.173226
v -0.189938 -0.013302 -0.206710
v -0.201594 -0.010878 -0.246325
v -0.192005 -0.011795 -0.265116
v -0.178873 -0.012300 -0.272973
v -0.175519 -0.014276 -0.222999
v -0.218430 -0.001049 -0.348084
v -0.232439 0.006896 -0.368663
v -0.216532 0.000869 -0.362145
v -0.200510 -0.004505 -0.346190
v -0.210088 -0.004797 -0.331530
v -0.220827 -0.003389 -0.320178
v -0.228057 0.001502 -0.346620
v -0.120467 -0.014198 -0.215095
v -0.129451 -0.015563 -0.164454
v -0.138501 -0.014642 -0.212893
v -0.138339 -0.012919 -0.261395
v -0.113498 -0.013010 -0.244539
v -0.086277 -0.012811 -0.221578
v -0.105857 -0.014392 -0.189435
v -0.007182 -0.011686 -0.143645
v -0.057306 -0.014043 -0.116795
v -0.040988 -0.012885 -0.148807
v -0.014946 -0.011285 -0.177266
v 0.022097 -0.010204 -0.159544
v 0.051836 -0.009317 -0.139502
v -0.002065 -0.011833 -0.124061
v 0.097985 -0.006174 -0.200475
v 0.116666 -0.004023 -0.216219
v 0.124260 -0.004732 -0.196259
v 0.118943 -0.005556 -0.177973
v 0.082642 -0.007130 -0.191684
v 0.050116 -0.007952 -0.210556
v 0.083022 -0.006273 -0.214879
v 0.022974 -0.004126 -0.282246
v 0.004594 -0.006760 -0.264048
v -0.004664 -0.004697 -0.292818
v -0.004362 -0.001673 -0.319213
v 0.034272 -0.001922 -0.294253
v 0.068887 -0.002503 -0.267155
v 0.039687 -0.005153 -0.261247
v -0.087799 -0.007373 -0.323427
v -0.117592 -0.008402 -0.330199
v -0.099146 -0.006174 -0.343453
v -0.075015 -0.003966 -0.346219
v -0.067933 -0.006497 -0.317111
v -0.066741 -0.008791 -0.287898
v -0.094688 -0.009110 -0.306711
v 0.072369 0.011573 -0.348579
v 0.085623 0.020069 -0.377501
v 0.096738 0.013826 -0.342990
v 0.098487 0.007443 -0.310614
v 0.062855 0.007028 -0.332004
v 0.027282 0.008186 -0.360394
v 0.054758 0.014179 -0.371918
v -0.205761 0.006337 -0.409076
v -0.225290 0.012107 -0.406143
v -0.213663 0.011081 -0.419576
v -0.198366 0.009496 -0.428125
v -0.193064 0.003903 -0.409292
v -0.191142 -0.000025 -0.387718
v -0.209425 0.005026 -0.396411
v -0.139234 0.000170 -0.404291
v -0.110145 0.000679 -0.397797
v -0.128197 -0.001968 -0.389367
v -0.148573 -0.003370 -0.383636
v -0.155311 0.000488 -0.406592
v -0.156622 0.004931 -0.425977
v -0.133405 0.002648 -0.414824
v -0.012796 0.019265 -0.438393
v -0.027126 0.012928 -0.418500
v -0.039435 0.016279 -0.440975
v -0.041900 0.021129 -0.460326
v -0.003398 0.023567 -0.449296
v 0.033015 0.025233 -0.433373
v 0.005661 0.018497 -0.423456
v -0.116628 0.011041 -0.451234
v -0.094234 0.007706 -0.428709
v -0.120785 0.008731 -0.441194
v -0.143039 0.012015 -0.454985
v -0.128497 0.014021 -0.463207
v -0.107881 0.016097 -0.467278
v -0.098622 0.011501 -0.448265
v -0.235725 0.034197 -0.448858
v -0.242541 0.047607 -0.458585
v -0.230506 0.037236 -0.458229
v -0.218441 0.026921 -0.453525
v -0.230672 0.026930 -0.441938
v -0.243904 0.030481 -0.431462
v -0.245097 0.039429 -0.445290
v -0.272564 0.063775 -0.434806
v -0.268595 0.050003 -0.422269
v -0.276760 0.063780 -0.425075
v -0.281720 0.078744 -0.431278
v -0.273994 0.073152 -0.441981
v -0.264984 0.066287 -0.449938
v -0.266026 0.056103 -0.437109
v -0.215098 0.051246 -0.488708
v -0.229845 0.059033 -0.483341
v -0.220534 0.060760 -0.493199
v -0.208427 0.059636 -0.500896
v -0.205325 0.047016 -0.491123
v -0.205060 0.037309 -0.479402
v -0.218775 0.046926 -0.480785
v -0.163620 0.033599 -0.495580
v -0.139783 0.029735 -0.495680
v -0.155085 0.026786 -0.488312
v -0.171523 0.026895 -0.482977
v -0.176261 0.036910 -0.494981
v -0.175902 0.047176 -0.505988
v -0.158074 0.038227 -0.502536
v -0.273443 0.112599 -0.470633
v -0.281942 0.109944 -0.454428
v -0.277479 0.122825 -0.469056
v -0.270272 0.131947 -0.483916
v -0.267422 0.113897 -0.479739
v -0.265770 0.096454 -0.471951
v -0.274484 0.101142 -0.462357
v -0.240252 0.103815 -0.504359
v -0.224994 0.093979 -0.511766
v -0.234812 0.090828 -0.502049
v -0.245140 0.091356 -0.492545
v -0.248550 0.108992 -0.498949
v -0.248578 0.125911 -0.506651
v -0.236590 0.111427 -0.511246
v -0.220036 0.140385 -0.540658
v -0.211546 0.115868 -0.534813
v -0.225166 0.132147 -0.531823
v -0.236401 0.151061 -0.529665
v -0.224666 0.155587 -0.543039
v -0.209704 0.154548 -0.555502
v -0.209409 0.133561 -0.546190
v -0.292673 0.164921 -0.455943
v -0.282718 0.166882 -0.475429
v -0.288348 0.152586 -0.460737
v -0.294179 0.142036 -0.444279
v -0.297921 0.163036 -0.443468
v -0.299280 0.185873 -0.446372
v -0.291070 0.179099 -0.462860
v -0.283175 0.229210 -0.487710
v -0.275960 0.206537 -0.496121
v -0.285655 0.215900 -0.481009
v -0.293721 0.228364 -0.466531
v -0.287088 0.242159 -0.481570
v -0.278172 0.249827 -0.497687
v -0.276097 0.228367 -0.499485
v -0.244233 0.213495 -0.538583
v -0.225703 0.202267 -0.554842
v -0.238383 0.197311 -0.541918
v -0.251394 0.196757 -0.527610
v -0.254063 0.219345 -0.528320
v -0.253352 0.239631 -0.530721
v -0.239505 0.223092 -0.544323
v 0.033056 0.042344 -0.483604
v 0.049016 0.053752 -0.498987
v 0.058084 0.047149 -0.481750
v 0.059919 0.040237 -0.464589
v 0.022991 0.036574 -0.474665
v -0.011337 0.035429 -0.487400
v 0.017244 0.044116 -0.494390
v 0.115540 0.063342 -0.481090
v 0.129273 0.072325 -0.482794
v 0.123179 0.061939 -0.471787
v 0.112802 0.053425 -0.463321
v 0.105043 0.058956 -0.480310
v 0.101617 0.068024 -0.497738
v 0.117036 0.070739 -0.491590
v 0.134515 0.111782 -0.529908
v 0.116627 0.099654 -0.529604
v 0.131667 0.118492 -0.540257
v 0.146906 0.136056 -0.546040
v 0.144459 0.119538 -0.529101
v 0.139708 0.102250 -0.512395
v 0.127592 0.098332 -0.519487
v -0.138023 0.053727 -0.529415
v -0.124380 0.042232 -0.518337
v -0.143274 0.049545 -0.521589
v -0.159130 0.060753 -0.527183
v -0.145126 0.062394 -0.535850
v -0.129718 0.062420 -0.542474
v -0.125561 0.050998 -0.530868
v -0.167345 0.106127 -0.558354
v -0.147568 0.094663 -0.560991
v -0.161761 0.092279 -0.552316
v -0.177993 0.094900 -0.545083
v -0.179328 0.113870 -0.556141
v -0.175388 0.131319 -0.568066
v -0.160428 0.113085 -0.566179
v -0.089339 0.052061 -0.542422
v -0.100277 0.060384 -0.550706
v -0.087870 0.059438 -0.552016
v -0.074978 0.058949 -0.551268
v -0.081232 0.049173 -0.537867
v -0.090764 0.042380 -0.526691
v -0.098008 0.049932 -0.538085
v -0.024226 0.052307 -0.527909
v 0.012129 0.060295 -0.527322
v -0.015663 0.049555 -0.519297
v -0.046438 0.042042 -0.516072
v -0.044329 0.049379 -0.529477
v -0.035625 0.059294 -0.543120
v -0.011304 0.059882 -0.536126
v -0.223469 0.259985 -0.561812
v -0.211208 0.232423 -0.570941
v -0.227897 0.249289 -0.557368
v -0.240957 0.269128 -0.544849
v -0.229506 0.276064 -0.555930
v -0.214078 0.278590 -0.568704
v -0.211362 0.254734 -0.571805
v -0.247519 0.325776 -0.530600
v -0.230584 0.320333 -0.548349
v -0.243058 0.313434 -0.538312
v -0.255496 0.311053 -0.525054
v -0.256317 0.329261 -0.519417
v -0.253418 0.345757 -0.516347
v -0.242098 0.334418 -0.533202
v -0.087487 0.093194 -0.587034
v -0.090077 0.110802 -0.601644
v -0.081987 0.097997 -0.592343
v -0.075922 0.084688 -0.580298
v -0.086501 0.083049 -0.577564
v -0.097968 0.086885 -0.578171
v -0.094871 0.099702 -0.590744
v -0.131023 0.129817 -0.595060
v -0.126004 0.109841 -0.583459
v -0.139760 0.126768 -0.587158
v -0.149975 0.145920 -0.592782
v -0.132908 0.141626 -0.601789
v -0.116206 0.133682 -0.606803
v -0.119760 0.120725 -0.595423
v -0.222683 0.369443 -0.538384
v -0.214245 0.350382 -0.553064
v -0.228042 0.358825 -0.537768
v -0.237558 0.372813 -0.521468
v -0.226151 0.381936 -0.528731
v -0.212599 0.389248 -0.537068
v -0.212343 0.369596 -0.547138
v -0.230915 0.433028 -0.488640
v -0.230112 0.456884 -0.468160
v -0.223627 0.444481 -0.487204
v -0.218566 0.428277 -0.505692
v -0.230646 0.418398 -0.500400
v -0.242145 0.413953 -0.489663
v -0.237666 0.436177 -0.477391
v -0.195054 0.483024 -0.480085
v -0.207319 0.488307 -0.462794
v -0.193938 0.495911 -0.467724
v -0.179398 0.498166 -0.477521
v -0.186689 0.479233 -0.490707
v -0.195606 0.460580 -0.500311
v -0.203368 0.473057 -0.482076
v -0.149338 0.467208 -0.530680
v -0.130724 0.461226 -0.548087
v -0.149468 0.453370 -0.542021
v -0.167484 0.450074 -0.531599
v -0.160483 0.470249 -0.519634
v -0.149701 0.488355 -0.510526
v -0.138217 0.477092 -0.529635
v -0.164557 0.395107 -0.568130
v -0.139971 0.414686 -0.572322
v -0.156117 0.389351 -0.575130
v -0.175511 0.366633 -0.573180
v -0.179073 0.384439 -0.564067
v -0.177292 0.405218 -0.554916
v -0.158168 0.412159 -0.563483
v -0.098101 0.503488 -0.532010
v -0.097985 0.485853 -0.548519
v -0.109186 0.497900 -0.530204
v -0.116308 0.510529 -0.512001
v -0.097455 0.512550 -0.522373
v -0.079075 0.510211 -0.535581
v -0.087208 0.498533 -0.543550
v 0.123684 0.143777 -0.579934
v 0.109220 0.120543 -0.562437
v 0.113148 0.137281 -0.581188
v 0.117900 0.155615 -0.598578
v 0.130339 0.157706 -0.589995
v 0.139741 0.156259 -0.578196
v 0.125884 0.136824 -0.568592
v 0.014949 0.092886 -0.577581
v 0.035786 0.086975 -0.560533
v 0.011323 0.083072 -0.564476
v -0.010522 0.084472 -0.573522
v 0.002838 0.097475 -0.587903
v 0.017953 0.110394 -0.600038
v 0.029784 0.099382 -0.581006
v 0.073329 0.129771 -0.600569
v 0.075690 0.112094 -0.576038
v 0.063193 0.120487 -0.594246
v 0.053217 0.132591 -0.613972
v 0.070603 0.140259 -0.614493
v 0.086970 0.146233 -0.611193
v 0.084545 0.129283 -0.592892
v -0.065829 0.117889 -0.615128
v -0.075719 0.125419 -0.619168
v -0.067530 0.127753 -0.624057
v -0.058801 0.127102 -0.625502
v -0.059369 0.114138 -0.612747
v -0.061675 0.101892 -0.599442
v -0.069945 0.112241 -0.608353
v -0.028384 0.116935 -0.618272
v -0.035615 0.101286 -0.600602
v -0.038048 0.113510 -0.614558
v -0.037316 0.126434 -0.627707
v -0.024880 0.126747 -0.628255
v -0.011638 0.124628 -0.624741
v -0.021960 0.111306 -0.611312
v -0.067773 0.158677 -0.648087
v -0.065354 0.169614 -0.653593
v -0.060924 0.161140 -0.651287
v -0.059357 0.151324 -0.645594
v -0.068555 0.151219 -0.643117
v -0.078293 0.152253 -0.639787
v -0.073880 0.162322 -0.647478
v -0.114182 0.171089 -0.629835
v -0.137653 0.173684 -0.615867
v -0.116944 0.177964 -0.630223
v -0.094847 0.178815 -0.642646
v -0.100455 0.169255 -0.636877
v -0.106901 0.159114 -0.628463
v -0.123576 0.165246 -0.621578
v -0.029845 0.157796 -0.653030
v -0.038374 0.169138 -0.657982
v -0.024686 0.161600 -0.654955
v -0.013400 0.151660 -0.648599
v -0.025656 0.150250 -0.648246
v -0.037818 0.150664 -0.647999
v -0.039354 0.160549 -0.654029
v -0.154438 0.245596 -0.611443
v -0.123256 0.246611 -0.629270
v -0.144135 0.233452 -0.617630
v -0.166955 0.224215 -0.602864
v -0.172064 0.246327 -0.600068
v -0.169838 0.268656 -0.600561
v -0.145759 0.258209 -0.616143
v -0.105941 0.206632 -0.640367
v -0.093281 0.222547 -0.646556
v -0.088329 0.211447 -0.649691
v -0.087745 0.200293 -0.649366
v -0.112171 0.197863 -0.636223
v -0.134842 0.198651 -0.622378
v -0.116470 0.211448 -0.634161
v -0.117778 0.365646 -0.603919
v -0.110633 0.396598 -0.594983
v -0.102285 0.377470 -0.606655
v -0.097792 0.355416 -0.616564
v -0.121116 0.347656 -0.608669
v -0.144377 0.346716 -0.597086
v -0.129486 0.372544 -0.595399
v -0.109522 0.295100 -0.630614
v -0.139875 0.300493 -0.613748
v -0.116548 0.307326 -0.623933
v -0.091697 0.311606 -0.633481
v -0.090991 0.293771 -0.638860
v -0.095304 0.277849 -0.640216
v -0.120084 0.286099 -0.627292
v -0.030170 0.304606 -0.649996
v -0.043335 0.284581 -0.653499
v -0.045600 0.299173 -0.649965
v -0.043830 0.317199 -0.644817
v -0.023772 0.318265 -0.646058
v -0.005803 0.316647 -0.646182
v -0.022484 0.298338 -0.651718
v -0.061142 0.418031 -0.605550
v -0.062503 0.388382 -0.617047
v -0.069942 0.407658 -0.607526
v -0.074211 0.430059 -0.596109
v -0.060618 0.435258 -0.597768
v -0.048406 0.432822 -0.600714
v -0.053548 0.409878 -0.610250
v -0.018597 0.378890 -0.624335
v -0.022139 0.408446 -0.612028
v -0.009485 0.388922 -0.619863
v 0.000463 0.365287 -0.628648
v -0.017358 0.360849 -0.631200
v -0.035007 0.363635 -0.629674
v -0.029517 0.387348 -0.620891
v -0.056706 0.483042 -0.571892
v -0.046138 0.473446 -0.579802
v -0.058229 0.472495 -0.578482
v -0.070811 0.472692 -0.573968
v -0.063576 0.487132 -0.566297
v -0.053590 0.496979 -0.560845
v -0.048491 0.487048 -0.570443
v -0.001021 0.173947 -0.661481
v -0.019849 0.179753 -0.663255
v -0.004465 0.180591 -0.664163
v 0.011611 0.179329 -0.662974
v 0.010628 0.170768 -0.659331
v 0.006278 0.162660 -0.654660
v -0.008378 0.170623 -0.659679
v 0.054943 0.167651 -0.648484
v 0.044938 0.175961 -0.655905
v 0.060248 0.173883 -0.649970
v 0.073362 0.169455 -0.641289
v 0.060108 0.161912 -0.641991
v 0.042874 0.157568 -0.644600
v 0.042807 0.167169 -0.651945
v -0.031419 0.226073 -0.667467
v -0.008199 0.231115 -0.667988
v -0.023887 0.221314 -0.668345
v -0.041798 0.212705 -0.666133
v -0.045832 0.222599 -0.665208
v -0.044458 0.234649 -0.663910
v -0.024741 0.234497 -0.666983
v 0.001903 0.205218 -0.669048
v 0.011880 0.216057 -0.668341
v 0.014336 0.206915 -0.668264
v 0.013442 0.197680 -0.667387
v -0.002834 0.198442 -0.668418
v -0.018409 0.200558 -0.668124
v -0.005074 0.209615 -0.669149
v 0.058647 0.199895 -0.657381
v 0.076265 0.191984 -0.648574
v 0.062282 0.192237 -0.654913
v 0.046856 0.194420 -0.660466
v 0.046918 0.203820 -0.661567
v 0.049879 0.212708 -0.660668
v 0.065397 0.203333 -0.654810
v 0.002522 0.273098 -0.659049
v -0.022121 0.265284 -0.660032
v -0.004066 0.280852 -0.656668
v 0.015774 0.294566 -0.651831
v 0.016817 0.277039 -0.657171
v 0.013221 0.259621 -0.661861
v -0.005419 0.261155 -0.662139
v 0.091407 0.219464 -0.645893
v 0.098088 0.203590 -0.640706
v 0.083997 0.214335 -0.648272
v 0.070526 0.226676 -0.653585
v 0.086226 0.229447 -0.648020
v 0.102885 0.228830 -0.640972
v 0.103003 0.215061 -0.640436
v 0.066127 0.271931 -0.648581
v 0.087261 0.262952 -0.643028
v 0.071685 0.259263 -0.649582
v 0.053672 0.258543 -0.655068
v 0.052949 0.276403 -0.651146
v 0.056609 0.294249 -0.644908
v 0.073425 0.279829 -0.643984
v 0.137246 0.199795 -0.616656
v 0.148587 0.192669 -0.602295
v 0.138024 0.189621 -0.611109
v 0.126025 0.190284 -0.620839
v 0.129153 0.203964 -0.623942
v 0.132896 0.216183 -0.623365
v 0.142706 0.205528 -0.613507
v 0.160807 0.226010 -0.601619
v 0.164569 0.210517 -0.593091
v 0.155885 0.220219 -0.605010
v 0.147809 0.232639 -0.613377
v 0.157902 0.235744 -0.605092
v 0.168088 0.236859 -0.594518
v 0.167996 0.223005 -0.593198
v 0.146412 0.277429 -0.609357
v 0.159269 0.269175 -0.599920
v 0.149655 0.264928 -0.609421
v 0.137884 0.265760 -0.617842
v 0.137836 0.283165 -0.613999
v 0.140761 0.299316 -0.607034
v 0.151198 0.285041 -0.603323
v 0.099884 0.306818 -0.626576
v 0.107602 0.283774 -0.629830
v 0.092526 0.299538 -0.631558
v 0.079923 0.319058 -0.629523
v 0.096039 0.321660 -0.622830
v 0.112165 0.318949 -0.616801
v 0.111312 0.299912 -0.623796
v 0.169653 0.315434 -0.577289
v 0.173739 0.292067 -0.579643
v 0.164397 0.306708 -0.585149
v 0.155915 0.324631 -0.586404
v 0.166485 0.330518 -0.574724
v 0.177857 0.330451 -0.562354
v 0.177483 0.309373 -0.570574
v 0.150052 0.392285 -0.560004
v 0.165733 0.381362 -0.551048
v 0.155371 0.374531 -0.564726
v 0.142905 0.371444 -0.576065
v 0.139953 0.396702 -0.565288
v 0.139943 0.420869 -0.551408
v 0.154134 0.404149 -0.549548
v 0.099664 0.385497 -0.592784
v 0.079856 0.370548 -0.607500
v 0.092273 0.395970 -0.590298
v 0.107157 0.416401 -0.573098
v 0.111208 0.392768 -0.583908
v 0.112190 0.367274 -0.595999
v 0.095903 0.366659 -0.603480
v 0.167438 0.443940 -0.508757
v 0.176823 0.413033 -0.518760
v 0.164047 0.433542 -0.520428
v 0.151470 0.455430 -0.517933
v 0.161347 0.461119 -0.502261
v 0.172158 0.459646 -0.488179
v 0.176277 0.435561 -0.503066
v 0.140507 0.510402 -0.479128
v 0.154607 0.503018 -0.468686
v 0.146051 0.498882 -0.485399
v 0.134316 0.497596 -0.499182
v 0.131465 0.513727 -0.484825
v 0.130692 0.526880 -0.468360
v 0.143218 0.517226 -0.466590
v 0.067447 0.432983 -0.582183
v 0.055316 0.449252 -0.578340
v 0.071359 0.450324 -0.571535
v 0.086158 0.446700 -0.566622
v 0.074182 0.422837 -0.584227
v 0.058643 0.402183 -0.600269
v 0.055816 0.425770 -0.590231
v 0.015312 0.428784 -0.599878
v -0.002136 0.438457 -0.597292
v 0.009700 0.445084 -0.592660
v 0.023210 0.446729 -0.589189
v 0.026067 0.423490 -0.600279
v 0.024105 0.399543 -0.611580
v 0.009776 0.417510 -0.605848
v -0.013544 0.488226 -0.569876
v -0.024639 0.499996 -0.560582
v -0.009299 0.493455 -0.565140
v 0.004442 0.482938 -0.571144
v -0.006806 0.479101 -0.575503
v -0.019662 0.476678 -0.577996
v -0.024094 0.489886 -0.569198
v 0.068416 0.496702 -0.543338
v 0.086632 0.488918 -0.540641
v 0.071931 0.486631 -0.549492
v 0.055733 0.487472 -0.555086
v 0.056803 0.500311 -0.544677
v 0.060265 0.511145 -0.533084
v 0.075223 0.502014 -0.535513
v 0.012196 0.510696 -0.546945
v -0.008476 0.514182 -0.545783
v 0.006695 0.517798 -0.540606
v 0.023978 0.518850 -0.536175
v 0.024660 0.508106 -0.546853
v 0.021138 0.498013 -0.556323
v 0.005385 0.505820 -0.552380
v 0.095524 0.524271 -0.501250
v 0.104786 0.507789 -0.512897
v 0.090515 0.517640 -0.511668
v 0.077510 0.528334 -0.506134
v 0.089711 0.533154 -0.493555
v 0.102948 0.534677 -0.482622
v 0.105876 0.521438 -0.497467
v -0.011023 0.541197 -0.513845
v -0.019267 0.550677 -0.498281
v -0.003125 0.546158 -0.505885
v 0.009536 0.539121 -0.514578
v -0.006412 0.535108 -0.521944
v -0.024216 0.532875 -0.524614
v -0.023961 0.542009 -0.511913
v 0.023551 0.569789 -0.464359
v 0.003746 0.568942 -0.467621
v 0.018907 0.576615 -0.453147
v 0.034449 0.581427 -0.441029
v 0.034623 0.569690 -0.461817
v 0.030977 0.557375 -0.482746
v 0.016572 0.562459 -0.477577
v 0.072305 0.565222 -0.455418
v 0.065480 0.578664 -0.434580
v 0.078226 0.571141 -0.441746
v 0.088523 0.560574 -0.453328
v 0.076451 0.556405 -0.467446
v 0.062488 0.554110 -0.477399
v 0.062208 0.567160 -0.456657
v 0.002007 0.594785 -0.419813
v 0.021025 0.597672 -0.412132
v 0.006876 0.590937 -0.427954
v -0.010791 0.584420 -0.439082
v -0.010901 0.592019 -0.423230
v -0.007829 0.599257 -0.405429
v 0.008466 0.600159 -0.407059
v 0.102840 0.584512 -0.393357
v 0.084835 0.591443 -0.393861
v 0.099222 0.590839 -0.380200
v 0.114977 0.585882 -0.372063
v 0.113137 0.578712 -0.394362
v 0.107576 0.572192 -0.415503
v 0.095605 0.582249 -0.406320
v 0.145332 0.546812 -0.412953
v 0.157804 0.526938 -0.425725
v 0.145886 0.537823 -0.429034
v 0.133562 0.549292 -0.427425
v 0.137276 0.557239 -0.405697
v 0.143360 0.561020 -0.384870
v 0.152256 0.544144 -0.403938
v 0.180241 0.526310 -0.371152
v 0.166288 0.548474 -0.357676
v 0.180347 0.533073 -0.354143
v 0.193721 0.513932 -0.354992
v 0.188199 0.511439 -0.379012
v 0.180035 0.512528 -0.399840
v 0.172042 0.532559 -0.380220
v 0.185712 0.545761 -0.302498
v 0.170446 0.559765 -0.314313
v 0.179646 0.554720 -0.296897
v 0.190278 0.545715 -0.279291
v 0.194369 0.536863 -0.293587
v 0.196645 0.527983 -0.309895
v 0.183369 0.544113 -0.315435
v 0.169293 0.571661 -0.268544
v 0.180585 0.560739 -0.257923
v 0.170203 0.569528 -0.278174
v 0.159354 0.577518 -0.291374
v 0.162952 0.576865 -0.271643
v 0.169421 0.571808 -0.246514
v 0.175566 0.566418 -0.251548
v 0.143225 0.590917 -0.262687
v 0.134396 0.594668 -0.248067
v 0.144435 0.589474 -0.244974
v 0.153422 0.583721 -0.243169
v 0.148338 0.587677 -0.268306
v 0.141103 0.590949 -0.287012
v 0.136486 0.594312 -0.270436
v 0.218822 0.510478 -0.241830
v 0.211166 0.523038 -0.240046
v 0.219606 0.511684 -0.222705
v 0.227087 0.499593 -0.210117
v 0.223334 0.502011 -0.241275
v 0.217563 0.506057 -0.270635
v 0.213228 0.516753 -0.259186
v 0.238217 0.469685 -0.233805
v 0.230954 0.477503 -0.267341
v 0.234412 0.478850 -0.236271
v 0.238721 0.475258 -0.204287
v 0.242076 0.464309 -0.212864
v 0.243759 0.453277 -0.229819
v 0.237746 0.464464 -0.252315
v 0.201575 0.536159 -0.160993
v 0.200224 0.539278 -0.190947
v 0.194104 0.545993 -0.189890
v 0.190325 0.548764 -0.177503
v 0.202229 0.533663 -0.141597
v 0.213256 0.518550 -0.111359
v 0.207990 0.528205 -0.150430
v 0.225934 0.505067 -0.137552
v 0.231537 0.495948 -0.143306
v 0.223735 0.508475 -0.162762
v 0.215936 0.519511 -0.175943
v 0.221883 0.510504 -0.136466
v 0.228776 0.498299 -0.097013
v 0.231593 0.495633 -0.115303
v 0.201719 0.526809 -0.069998
v 0.212618 0.512123 -0.053265
v 0.202452 0.528366 -0.089650
v 0.191083 0.542700 -0.118016
v 0.194727 0.534662 -0.078726
v 0.199100 0.523451 -0.037793
v 0.206976 0.516449 -0.040898
v 0.248693 0.459370 -0.055656
v 0.243037 0.468218 -0.041541
v 0.248879 0.454219 -0.034064
v 0.253460 0.442271 -0.038457
v 0.250875 0.454623 -0.067481
v 0.245899 0.467975 -0.093875
v 0.244711 0.469524 -0.068477
v 0.254120 0.442326 -0.128965
v 0.257606 0.431131 -0.088594
v 0.256483 0.432790 -0.125987
v 0.253524 0.437105 -0.163677
v 0.251188 0.448647 -0.153120
v 0.249053 0.457360 -0.137776
v 0.253818 0.445118 -0.109502
v 0.235136 0.440000 0.038880
v 0.223510 0.436870 0.069126
v 0.234267 0.431482 0.049121
v 0.244516 0.429806 0.023485
v 0.241069 0.442988 0.019543
v 0.234980 0.456080 0.018130
v 0.229108 0.446793 0.045584
v 0.229519 0.409656 0.088774
v 0.220682 0.417421 0.101097
v 0.223809 0.409911 0.107196
v 0.228029 0.403870 0.108655
v 0.234235 0.405637 0.083168
v 0.240370 0.409916 0.057188
v 0.230790 0.414277 0.076881
v 0.239046 0.388599 0.096899
v 0.246478 0.394575 0.062207
v 0.239612 0.393749 0.088051
v 0.233631 0.392127 0.113837
v 0.235043 0.386156 0.116453
v 0.237615 0.380517 0.112632
v 0.242595 0.386375 0.086008
v 0.220394 0.411975 0.171536
v 0.214306 0.418562 0.155362
v 0.219179 0.416751 0.179227
v 0.225127 0.413872 0.198624
v 0.223898 0.408525 0.179291
v 0.222758 0.405384 0.157504
v 0.218581 0.411248 0.154426
v 0.230233 0.391084 0.178988
v 0.231819 0.398817 0.202441
v 0.231792 0.389270 0.186570
v 0.231834 0.381979 0.165468
v 0.229976 0.387579 0.163335
v 0.228395 0.393660 0.162612
v 0.229435 0.396723 0.183825
v 0.210938 0.437686 0.202450
v 0.207063 0.434479 0.176727
v 0.205576 0.441585 0.193824
v 0.205544 0.448932 0.211536
v 0.212836 0.441299 0.216975
v 0.219581 0.431927 0.218529
v 0.213946 0.431361 0.196598
v 0.236506 0.369733 0.190069
v 0.238736 0.356125 0.181662
v 0.236713 0.361104 0.175067
v 0.235205 0.368110 0.171215
v 0.235391 0.377221 0.192808
v 0.236674 0.385524 0.211833
v 0.237891 0.370977 0.199868
v 0.244244 0.371363 0.235301
v 0.243643 0.355737 0.211669
v 0.242472 0.372261 0.225273
v 0.241554 0.387780 0.241069
v 0.244288 0.379794 0.248414
v 0.246756 0.367497 0.251026
v 0.245653 0.360589 0.231659
v 0.252637 0.313994 0.226290
v 0.256169 0.290557 0.223414
v 0.252507 0.303844 0.211577
v 0.248828 0.319999 0.203954
v 0.250396 0.327826 0.226807
v 0.252296 0.330840 0.246433
v 0.254757 0.310206 0.238428
v 0.257861 0.296359 0.278413
v 0.259828 0.278447 0.259947
v 0.257978 0.300061 0.267860
v 0.255322 0.320416 0.277305
v 0.255754 0.307700 0.287547
v 0.255279 0.290956 0.294831
v 0.258593 0.281751 0.278817
v 0.258014 0.236117 0.290626
v 0.254823 0.218817 0.298162
v 0.259133 0.227692 0.282813
v 0.260907 0.240243 0.267828
v 0.258753 0.247334 0.285771
v 0.254425 0.252009 0.302420
v 0.254623 0.234490 0.302130
v 0.250939 0.280439 0.133251
v 0.250280 0.277492 0.092549
v 0.249080 0.287230 0.116500
v 0.248188 0.297825 0.145295
v 0.251452 0.284314 0.158227
v 0.254642 0.270107 0.160898
v 0.252397 0.271656 0.123671
v 0.251818 0.256598 0.050862
v 0.255539 0.252332 0.109139
v 0.252939 0.252093 0.059654
v 0.249905 0.255545 0.007823
v 0.249953 0.260552 0.019981
v 0.250649 0.264453 0.042663
v 0.252870 0.258272 0.076254
v 0.249374 0.307648 0.059568
v 0.249523 0.294214 0.048357
v 0.250744 0.303851 0.037868
v 0.251757 0.315444 0.037664
v 0.249086 0.316228 0.068908
v 0.246817 0.314350 0.097997
v 0.248221 0.302923 0.074145
v 0.250414 0.286409 -0.026832
v 0.248813 0.276783 -0.046824
v 0.250972 0.290575 -0.039794
v 0.252942 0.302390 -0.021297
v 0.251300 0.291813 -0.011625
v 0.249910 0.281465 -0.001975
v 0.249177 0.277591 -0.024449
v 0.254740 0.313466 -0.101366
v 0.250987 0.293041 -0.099237
v 0.253551 0.308654 -0.121394
v 0.256519 0.325335 -0.134492
v 0.257014 0.324943 -0.099557
v 0.256273 0.320407 -0.065904
v 0.253514 0.306235 -0.081578
v 0.264345 0.202056 0.249479
v 0.259650 0.196758 0.274838
v 0.263431 0.192360 0.254971
v 0.266050 0.191821 0.228251
v 0.265645 0.205713 0.229890
v 0.264114 0.218593 0.237038
v 0.262659 0.208521 0.259886
v 0.260537 0.224530 0.113724
v 0.264085 0.207018 0.142274
v 0.259854 0.220481 0.091711
v 0.255185 0.234448 0.045745
v 0.258057 0.234153 0.096291
v 0.261266 0.231625 0.150696
v 0.263273 0.218593 0.152301
v 0.253635 0.152931 0.273165
v 0.260537 0.160025 0.247171
v 0.257309 0.164619 0.268145
v 0.251529 0.165304 0.287539
v 0.248220 0.148474 0.286067
v 0.246066 0.132869 0.279665
v 0.254275 0.145295 0.263422
v 0.258779 0.115468 0.228800
v 0.263242 0.136507 0.216634
v 0.257158 0.123829 0.238321
v 0.249943 0.109247 0.253176
v 0.255265 0.103540 0.234201
v 0.260754 0.102259 0.210508
v 0.262965 0.119811 0.211494
v 0.240617 0.068149 0.251152
v 0.233522 0.055227 0.255322
v 0.242212 0.061929 0.241593
v 0.249951 0.071630 0.227243
v 0.244799 0.076690 0.246852
v 0.237504 0.078858 0.265318
v 0.234480 0.066233 0.262953
v 0.246277 0.038578 0.208465
v 0.237343 0.037282 0.229336
v 0.241514 0.031603 0.211768
v 0.246803 0.028966 0.188613
v 0.251243 0.040093 0.192272
v 0.253282 0.052008 0.198318
v 0.245474 0.045024 0.217708
v 0.267584 0.141506 0.126340
v 0.267116 0.118466 0.145692
v 0.266947 0.133908 0.111151
v 0.265460 0.150868 0.079080
v 0.266917 0.155183 0.112080
v 0.267963 0.153571 0.149104
v 0.267939 0.134919 0.153172
v 0.259011 0.200901 0.036023
v 0.263334 0.192225 0.093783
v 0.261858 0.189248 0.060148
v 0.259440 0.186564 0.021318
v 0.256259 0.203099 0.002121
v 0.254097 0.218180 -0.004595
v 0.258901 0.207566 0.047120
v 0.264261 0.050320 0.109822
v 0.266875 0.057430 0.065265
v 0.266489 0.060309 0.098045
v 0.264358 0.060421 0.134254
v 0.261596 0.046747 0.135688
v 0.258783 0.035861 0.126212
v 0.263587 0.045110 0.094054
v 0.267700 0.105528 0.052086
v 0.267422 0.096205 0.098589
v 0.268352 0.092114 0.064662
v 0.268297 0.091699 0.027544
v 0.267044 0.110126 0.024212
v 0.265521 0.126760 0.032544
v 0.266987 0.113504 0.068272
v 0.261495 0.029080 0.032530
v 0.265123 0.043304 0.017122
v 0.262063 0.033070 0.050260
v 0.257017 0.022763 0.075616
v 0.258113 0.021476 0.040097
v 0.259108 0.023797 0.000401
v 0.263019 0.033792 0.005246
v 0.260928 0.111339 -0.072792
v 0.264508 0.094556 -0.050368
v 0.261037 0.098544 -0.083973
v 0.256902 0.107906 -0.111086
v 0.258389 0.122246 -0.082828
v 0.260657 0.131534 -0.047427
v 0.263087 0.113240 -0.047301
v 0.250501 0.174525 -0.097429
v 0.254357 0.170130 -0.060575
v 0.252264 0.158248 -0.096730
v 0.250110 0.149902 -0.129862
v 0.248643 0.176971 -0.117626
v 0.248465 0.202104 -0.093312
v 0.251275 0.187747 -0.074240
v 0.261108 0.056237 -0.086471
v 0.264459 0.060869 -0.057646
v 0.262710 0.049029 -0.063214
v 0.259380 0.040923 -0.075129
v 0.258438 0.054649 -0.102280
v 0.257204 0.071275 -0.121335
v 0.261297 0.066822 -0.091332
v 0.249974 0.285242 -0.190418
v 0.253117 0.308329 -0.194568
v 0.250806 0.292759 -0.171660
v 0.248246 0.273355 -0.153826
v 0.248192 0.269869 -0.187515
v 0.248500 0.270943 -0.221604
v 0.250915 0.291695 -0.212088
v 0.245977 0.200599 -0.185087
v 0.246917 0.166336 -0.183874
v 0.246298 0.190092 -0.201699
v 0.246021 0.217352 -0.214995
v 0.245847 0.221361 -0.184737
v 0.245732 0.220019 -0.152055
v 0.246137 0.191473 -0.167014
v 0.249575 0.315094 -0.304168
v 0.248065 0.290612 -0.294554
v 0.247161 0.307410 -0.325853
v 0.246153 0.327079 -0.347823
v 0.250144 0.329181 -0.307846
v 0.253000 0.327037 -0.265647
v 0.250832 0.308388 -0.276920
v 0.252061 0.376209 -0.287226
v 0.247339 0.367864 -0.335471
v 0.249675 0.383660 -0.303223
v 0.252201 0.396006 -0.263626
v 0.254352 0.381343 -0.256325
v 0.255058 0.364943 -0.255010
v 0.251566 0.363832 -0.298477
v 0.238045 0.275577 -0.400813
v 0.241060 0.265334 -0.357041
v 0.237117 0.260810 -0.395519
v 0.232636 0.261399 -0.433365
v 0.235508 0.282130 -0.425627
v 0.238349 0.302217 -0.409645
v 0.240669 0.284713 -0.380544
v 0.229691 0.215733 -0.403037
v 0.223928 0.197986 -0.415760
v 0.225320 0.209146 -0.429115
v 0.227288 0.223287 -0.435031
v 0.232374 0.226933 -0.396537
v 0.235806 0.227231 -0.358578
v 0.230580 0.211831 -0.383876
v 0.234123 0.195808 -0.322060
v 0.226776 0.186244 -0.364782
v 0.233101 0.201159 -0.337398
v 0.238527 0.211873 -0.305800
v 0.237659 0.198560 -0.298192
v 0.234950 0.183702 -0.300656
v 0.230747 0.184999 -0.332823
v 0.245003 0.172234 -0.236953
v 0.246388 0.148673 -0.217105
v 0.244671 0.157079 -0.232006
v 0.242267 0.168800 -0.248811
v 0.243757 0.184801 -0.250010
v 0.244956 0.197854 -0.248522
v 0.245944 0.174290 -0.230358
v 0.213708 0.140881 -0.366635
v 0.222868 0.150876 -0.328831
v 0.214056 0.134749 -0.351261
v 0.203880 0.119370 -0.378232
v 0.207466 0.133564 -0.389175
v 0.212963 0.150201 -0.391933
v 0.219096 0.153526 -0.358663
v 0.241596 0.113113 -0.228181
v 0.244941 0.108953 -0.211210
v 0.242478 0.100302 -0.219063
v 0.238500 0.096744 -0.232092
v 0.238829 0.115373 -0.239112
v 0.239585 0.133014 -0.243291
v 0.242783 0.123450 -0.227180
v 0.220280 0.109373 -0.299946
v 0.226807 0.129374 -0.287645
v 0.226740 0.113450 -0.279676
v 0.223999 0.095559 -0.280087
v 0.215503 0.096716 -0.309049
v 0.208153 0.100550 -0.336029
v 0.217828 0.116911 -0.312977
v 0.248713 0.057612 -0.160748
v 0.251402 0.041943 -0.125373
v 0.247584 0.050730 -0.157632
v 0.243261 0.062782 -0.189847
v 0.246542 0.068327 -0.180951
v 0.249549 0.072111 -0.167492
v 0.251368 0.055470 -0.143934
v 0.193682 0.061125 -0.340810
v 0.207728 0.065556 -0.306470
v 0.195935 0.056665 -0.327438
v 0.183741 0.050120 -0.348581
v 0.185260 0.058504 -0.359231
v 0.190377 0.069162 -0.361126
v 0.200125 0.068905 -0.333259
v 0.237353 0.032736 -0.175624
v 0.243609 0.026806 -0.135471
v 0.236686 0.025535 -0.162814
v 0.228494 0.026704 -0.194557
v 0.232115 0.036197 -0.200272
v 0.235698 0.045794 -0.200304
v 0.241339 0.036886 -0.165843
v 0.205086 0.039229 -0.281900
v 0.214827 0.049669 -0.268708
v 0.213422 0.039968 -0.261548
v 0.208729 0.030753 -0.259643
v 0.199181 0.033224 -0.287153
v 0.191341 0.037350 -0.310593
v 0.202528 0.044352 -0.294040
v 0.219827 0.007626 -0.142150
v 0.202680 0.002782 -0.140152
v 0.211277 0.006681 -0.158762
v 0.218440 0.011499 -0.172944
v 0.226950 0.011249 -0.144132
v 0.232413 0.010031 -0.113270
v 0.219172 0.005544 -0.123782
v 0.185550 0.003055 -0.201004
v 0.178296 0.000342 -0.178475
v 0.174151 0.000499 -0.196745
v 0.170980 0.001886 -0.216562
v 0.186667 0.004989 -0.215013
v 0.198162 0.008048 -0.209486
v 0.192117 0.004118 -0.191990
v 0.181008 0.015239 -0.277634
v 0.176433 0.022061 -0.307325
v 0.185755 0.019430 -0.284257
v 0.193417 0.016107 -0.258238
v 0.183445 0.011814 -0.258847
v 0.170617 0.009625 -0.265507
v 0.173028 0.015410 -0.289147
v 0.147227 0.021747 -0.343855
v 0.156737 0.026093 -0.348663
v 0.153990 0.019148 -0.326627
v 0.146391 0.013667 -0.308670
v 0.139120 0.019551 -0.340671
v 0.134299 0.027046 -0.373411
v 0.146778 0.027173 -0.364013
v 0.156629 0.048578 -0.402760
v 0.143107 0.044298 -0.411438
v 0.154631 0.052330 -0.411258
v 0.166590 0.059886 -0.403197
v 0.164257 0.051384 -0.394646
v 0.161036 0.042840 -0.384516
v 0.151647 0.042424 -0.398243
v 0.150408 0.065358 -0.442947
v 0.138167 0.055028 -0.439222
v 0.142782 0.063136 -0.450442
v 0.149307 0.073199 -0.458448
v 0.157053 0.072601 -0.444309
v 0.163083 0.071041 -0.428779
v 0.151234 0.061684 -0.433468
v 0.181377 0.108422 -0.447443
v 0.168927 0.100248 -0.463270
v 0.180652 0.114985 -0.457987
v 0.192652 0.129143 -0.445599
v 0.188943 0.114594 -0.435470
v 0.182651 0.099027 -0.428883
v 0.174536 0.097046 -0.447052
v 0.176943 0.142000 -0.505822
v 0.165778 0.121070 -0.498560
v 0.168565 0.136877 -0.515745
v 0.174171 0.155184 -0.529412
v 0.183623 0.154763 -0.508627
v 0.190048 0.150260 -0.484709
v 0.178228 0.134275 -0.491131
v 0.204722 0.192749 -0.506137
v 0.192451 0.187938 -0.531743
v 0.202478 0.198852 -0.518672
v 0.211808 0.208361 -0.498832
v 0.211182 0.196116 -0.488175
v 0.207497 0.182877 -0.482037
v 0.199563 0.183559 -0.508886
v 0.193840 0.221920 -0.553895
v 0.185926 0.207671 -0.561410
v 0.186793 0.220563 -0.566056
v 0.188646 0.234634 -0.565579
v 0.197440 0.231477 -0.548885
v 0.204453 0.226675 -0.531444
v 0.196310 0.215214 -0.545579
v 0.201510 0.278806 -0.540198
v 0.198988 0.306032 -0.538670
v 0.205843 0.285321 -0.529672
v 0.209537 0.263629 -0.523194
v 0.201817 0.263775 -0.541001
v 0.193205 0.269619 -0.556709
v 0.195705 0.288378 -0.549393
v 0.220961 0.311587 -0.490664
v 0.211176 0.328146 -0.508402
v 0.219104 0.329567 -0.490097
v 0.226844 0.325972 -0.467911
v 0.225858 0.302489 -0.477034
v 0.222264 0.283662 -0.488965
v 0.216865 0.303926 -0.501978
v 0.243269 0.352772 0.312871
v 0.244946 0.328039 0.316060
v 0.247485 0.339875 0.306897
v 0.247068 0.355047 0.299057
v 0.241449 0.366765 0.310309
v 0.234532 0.374251 0.321924
v 0.239602 0.351277 0.320582
v 0.214777 0.356853 0.347003
v 0.226587 0.331383 0.338075
v 0.223385 0.353378 0.339862
v 0.216164 0.376507 0.344072
v 0.206817 0.371735 0.352288
v 0.198553 0.363962 0.358525
v 0.212853 0.346100 0.348733
v 0.198014 0.321810 0.356128
v 0.186789 0.316003 0.360004
v 0.202470 0.309828 0.352175
v 0.215513 0.308194 0.344954
v 0.203406 0.326234 0.353868
v 0.187950 0.342232 0.363696
v 0.186476 0.329857 0.362602
v 0.200611 0.271625 0.350009
v 0.191868 0.256354 0.352810
v 0.207155 0.263175 0.346476
v 0.217802 0.274247 0.341128
v 0.203993 0.281285 0.348746
v 0.187938 0.285753 0.355877
v 0.188867 0.271077 0.354822
v 0.228248 0.230357 0.333397
v 0.209714 0.229040 0.343408
v 0.222656 0.219859 0.335739
v 0.235553 0.214603 0.325749
v 0.237720 0.231401 0.326262
v 0.235598 0.248039 0.328823
v 0.222823 0.239803 0.337225
v 0.201315 0.174148 0.341006
v 0.190217 0.152270 0.341549
v 0.206296 0.162957 0.336333
v 0.219276 0.178519 0.331413
v 0.207271 0.187798 0.340077
v 0.191605 0.194134 0.347727
v 0.189253 0.172773 0.345707
v 0.220434 0.129879 0.318181
v 0.203598 0.122775 0.327382
v 0.213951 0.117582 0.318374
v 0.224864 0.117953 0.307965
v 0.229341 0.135118 0.311398
v 0.230432 0.151179 0.316112
v 0.217108 0.137837 0.323441
v 0.194377 0.076953 0.315240
v 0.186490 0.062284 0.312228
v 0.198416 0.071013 0.309242
v 0.208647 0.083927 0.307135
v 0.199074 0.087286 0.316541
v 0.186407 0.089480 0.325105
v 0.185007 0.074614 0.319609
v 0.209958 0.053109 0.289376
v 0.197757 0.046542 0.294649
v 0.205817 0.044595 0.286387
v 0.214608 0.046251 0.277839
v 0.217001 0.057622 0.284565
v 0.217469 0.068501 0.290621
v 0.207109 0.057739 0.294907
v -0.159418 0.388768 0.236368
v -0.158902 0.396810 0.225550
v -0.155906 0.386764 0.230416
v -0.153845 0.376872 0.237972
v -0.159646 0.384343 0.243321
v -0.166974 0.393321 0.246109
v -0.163328 0.395630 0.235475
v -0.178991 0.414325 0.229459
v -0.170038 0.412344 0.222378
v -0.174598 0.410175 0.231596
v -0.180832 0.410101 0.240319
v -0.184647 0.415955 0.233242
v -0.186008 0.420729 0.225745
v -0.177716 0.416931 0.223420
v -0.175463 0.428740 0.206790
v -0.168004 0.422441 0.207958
v -0.175589 0.425127 0.210478
v -0.183573 0.429112 0.211895
v -0.180428 0.432469 0.206387
v -0.175979 0.434744 0.201581
v -0.170873 0.428688 0.204072
v -0.159983 0.429187 0.197534
v -0.158533 0.423281 0.201109
v -0.161766 0.429063 0.198980
v -0.165839 0.434349 0.195915
v -0.162018 0.431953 0.195243
v -0.159761 0.428809 0.194880
v -0.157968 0.426068 0.197942
v -0.196975 0.444693 0.207252
v -0.189553 0.444983 0.201947
v -0.192903 0.441538 0.206720
v -0.197248 0.439220 0.211773
v -0.201113 0.444434 0.210470
v -0.202610 0.449816 0.208314
v -0.196252 0.448112 0.204669
v -0.212875 0.445123 0.220688
v -0.212790 0.450227 0.216569
v -0.210221 0.444644 0.218028
v -0.207350 0.439316 0.220564
v -0.211983 0.441932 0.223517
v -0.216090 0.446082 0.225824
v -0.215422 0.448906 0.220829
v -0.191554 0.461000 0.196306
v -0.198915 0.460466 0.201740
v -0.194492 0.464240 0.197616
v -0.189181 0.465852 0.192853
v -0.187430 0.460432 0.193009
v -0.186836 0.454888 0.194643
v -0.193011 0.457535 0.198452
v -0.206106 0.475418 0.204868
v -0.208416 0.468870 0.207037
v -0.210742 0.474245 0.208590
v -0.210629 0.480321 0.208948
v -0.203893 0.479283 0.203328
v -0.197619 0.476082 0.198322
v -0.202922 0.472349 0.202532
v -0.190693 0.494055 0.194897
v -0.200536 0.493309 0.202702
v -0.192143 0.498062 0.196683
v -0.183712 0.500405 0.190025
v -0.185137 0.493378 0.190208
v -0.188227 0.486686 0.191746
v -0.194942 0.489938 0.197653
v -0.193417 0.514495 0.201829
v -0.202337 0.505656 0.206933
v -0.198162 0.514214 0.206125
v -0.192289 0.523133 0.204772
v -0.188270 0.519695 0.199035
v -0.185438 0.514477 0.194555
v -0.193750 0.509521 0.200518
v -0.118906 0.365363 0.352622
v -0.118209 0.364509 0.340843
v -0.112801 0.363619 0.354914
v -0.109803 0.363794 0.367958
v -0.119042 0.365825 0.359876
v -0.128920 0.368871 0.350513
v -0.124976 0.367164 0.343671
v -0.121678 0.369028 0.382402
v -0.124574 0.371653 0.390913
v -0.127191 0.370866 0.381316
v -0.129403 0.370375 0.371034
v -0.120451 0.367832 0.376895
v -0.112970 0.366806 0.385670
v -0.118206 0.369091 0.389245
v -0.117129 0.376167 0.414371
v -0.109752 0.371838 0.407885
v -0.114332 0.377074 0.417632
v -0.120734 0.382692 0.425001
v -0.121921 0.378982 0.417638
v -0.122087 0.375717 0.409344
v -0.115704 0.373147 0.407515
v -0.104554 0.386798 0.437171
v -0.100509 0.377204 0.422563
v -0.098965 0.384525 0.435130
v -0.100255 0.394626 0.447723
v -0.107815 0.393864 0.445139
v -0.113716 0.390994 0.439545
v -0.107222 0.383038 0.430655
v -0.138280 0.384923 0.419560
v -0.145241 0.387883 0.415977
v -0.140087 0.382937 0.413533
v -0.134578 0.380395 0.412561
v -0.134052 0.383846 0.420682
v -0.134716 0.389293 0.428245
v -0.140475 0.389163 0.423668
v -0.142975 0.377201 0.388158
v -0.148746 0.381800 0.394729
v -0.146993 0.378479 0.384341
v -0.143695 0.375979 0.375319
v -0.139397 0.375428 0.384653
v -0.137081 0.376266 0.394192
v -0.142665 0.378580 0.395556
v -0.166389 0.388427 0.370586
v -0.176740 0.396064 0.363225
v -0.168344 0.389039 0.362949
v -0.159296 0.383081 0.363861
v -0.160321 0.384782 0.374475
v -0.163669 0.389427 0.383020
v -0.170846 0.392839 0.373566
v -0.179658 0.394611 0.336023
v -0.184758 0.399551 0.342154
v -0.186368 0.399549 0.332628
v -0.186227 0.399037 0.323276
v -0.176967 0.392593 0.331283
v -0.168283 0.387488 0.340818
v -0.175904 0.392656 0.343348
v -0.206713 0.420249 0.316275
v -0.213191 0.430301 0.307860
v -0.209024 0.422906 0.307955
v -0.203077 0.414934 0.311040
v -0.201926 0.414244 0.321303
v -0.201960 0.416253 0.329329
v -0.208380 0.423927 0.319296
v -0.216004 0.433576 0.275945
v -0.218916 0.438545 0.282529
v -0.219465 0.439711 0.271209
v -0.218091 0.438610 0.262069
v -0.213587 0.430410 0.272820
v -0.209291 0.423512 0.285375
v -0.214278 0.430545 0.284808
v -0.049480 0.349131 0.370928
v -0.070856 0.351624 0.353691
v -0.048965 0.346400 0.361937
v -0.027641 0.342579 0.372582
v -0.037353 0.347777 0.380727
v -0.049131 0.352439 0.386921
v -0.061595 0.352613 0.370377
v -0.010344 0.349259 0.403926
v -0.003523 0.353962 0.409782
v -0.014566 0.353463 0.410391
v -0.024693 0.352838 0.408019
v -0.015095 0.347550 0.399542
v -0.002773 0.343707 0.393331
v -0.001438 0.348117 0.401553
v 0.205679 0.399455 -0.479287
v 0.196491 0.432070 -0.469277
v 0.207806 0.408798 -0.465156
v 0.217416 0.382286 -0.462427
v 0.210375 0.379741 -0.483596
v 0.201046 0.384190 -0.500107
v 0.197992 0.409941 -0.486807
v 0.213232 0.446391 -0.407159
v 0.201124 0.461140 -0.423822
v 0.207026 0.465726 -0.399948
v 0.214302 0.464379 -0.376105
v 0.219765 0.438185 -0.394743
v 0.222360 0.413655 -0.415268
v 0.212075 0.435481 -0.424215
v 0.050467 0.369131 0.413247
v 0.033579 0.366246 0.414763
v 0.048111 0.364442 0.410536
v 0.064111 0.365338 0.407654
v 0.060768 0.371950 0.412503
v 0.054172 0.378274 0.418008
v 0.042519 0.372154 0.417019
v 0.035648 0.349553 0.398115
v 0.024439 0.354138 0.404989
v 0.024659 0.348507 0.398217
v 0.027994 0.343000 0.391003
v 0.042483 0.346585 0.394111
v 0.054579 0.351733 0.398194
v 0.039747 0.353531 0.402035
vn 0.8814 0.4305 -0.1944
vn 0.9728 0.1224 -0.1969
vn 0.9759 0.1973 -0.0934
vn 0.3338 -0.1933 0.9226
vn 0.1674 -0.8205 0.5466
vn 0.1279 -0.4464 0.8856
vn -0.1498 -0.5388 0.8290
vn 0.1203 -0.4608 0.8793
vn -0.1419 -0.8760 0.4610
vn 0.1449 -0.6702 0.7279
vn 0.0813 -0.9954 -0.0512
vn 0.1323 -0.9911 -0.0154
vn 0.7786 -0.6174 -0.1126
vn 0.0359 -0.9994 0.0037
vn -0.0598 -0.9979 -0.0267
vn -0.0252 -0.9992 0.0295
vn -0.0183 -0.9908 0.1344
vn 0.1080 -0.9827 0.1506
vn 0.0777 -0.9825 0.1692
vn 0.7474 -0.6560 0.1052
vn 0.6907 -0.5761 0.4371
vn 0.3260 -0.6321 0.7030
vn 0.1427 -0.7236 0.6753
vn -0.0787 -0.6730 0.7355
vn 0.9958 -0.0824 -0.0392
vn 0.9764 0.1733 0.1286
vn 0.9919 -0.1066 0.0684
vn 0.9788 0.1712 0.1126
vn 0.9804 0.1907 -0.0486
vn 0.1608 0.8416 -0.5156
vn -0.0410 0.9661 0.2549
vn 0.3734 0.8216 -0.4308
vn -0.0394 0.9509 0.3070
vn -0.1647 0.7220 -0.6720
vn 0.6635 0.7314 0.1576
vn 0.2454 0.1355 0.9599
vn 0.1665 0.4680 0.8679
vn 0.2493 0.7168 0.6512
vn 0.4171 0.0218 0.9086
vn 0.5453 0.3518 0.7609
vn 0.7658 -0.0273 0.6425
vn 0.5443 -0.3637 0.7560
vn 0.7933 0.1631 0.5866
vn 0.5727 0.4493 0.6857
vn 0.6430 0.1752 0.7455
vn 0.5145 0.2712 0.8135
vn 0.6545 0.0859 0.7512
vn 0.6334 0.1131 0.7655
vn 0.2853 0.5466 0.7873
vn -0.1309 0.8746 0.4668
vn -0.1187 0.7251 0.6783
vn 0.0963 0.7323 0.6742
vn -0.2440 0.9641 0.1050
vn 0.0863 0.9792 -0.1835
vn -0.0548 0.9535 -0.2964
vn -0.2484 0.3246 0.9126
vn -0.1399 0.9045 0.4028
vn 0.3166 0.0661 0.9463
vn -0.1329 0.4615 0.8772
vn 0.2996 -0.3130 0.9013
vn 0.6154 -0.2678 0.7413
vn 0.0747 -0.0616 0.9953
vn -0.1374 0.2575 0.9565
vn -0.5897 0.0999 0.8014
vn -0.3589 -0.6451 0.6746
vn -0.7531 -0.5058 0.4208
vn -0.2184 0.4855 0.8465
vn -0.1815 0.3233 0.9287
vn 0.0769 0.4614 0.8839
vn -0.4625 0.7340 0.4973
vn -0.4870 0.5213 0.7008
vn -0.3317 0.9286 0.1665
vn -0.3131 0.9490 -0.0375
vn -0.6544 0.7395 0.1578
vn -0.8682 0.3143 0.3841
vn -0.9243 0.3406 0.1722
vn -0.1128 0.9831 -0.1439
vn 0.1905 0.8747 -0.4456
vn 0.2530 0.8043 -0.5376
vn -0.9001 0.2077 0.3829
vn -0.6603 0.7371 0.1438
vn -0.8332 0.4146 0.3660
vn -0.9113 -0.0414 0.4096
vn -0.7997 -0.5492 0.2426
vn -0.9369 -0.3249 0.1288
vn -0.9642 0.2370 0.1192
vn -0.7671 0.5060 0.3943
vn -0.7882 0.4821 0.3826
vn -0.8438 0.4345 0.3149
vn -0.8842 0.4619 0.0695
vn -0.9771 0.1686 0.1295
vn -0.8432 0.5376 0.0037
vn -0.8481 0.4616 -0.2601
vn -0.8046 0.1409 -0.5769
vn -0.8803 -0.4458 -0.1625
vn -0.6156 -0.2438 -0.7493
vn -0.9974 0.0704 0.0169
vn -0.9241 -0.1220 -0.3621
vn -0.7933 0.1133 -0.5982
vn -0.9842 0.0001 -0.1769
vn -0.2989 0.9457 0.1273
vn 0.4122 0.9004 -0.1389
vn -0.8210 0.5673 -0.0648
vn 0.3635 0.9277 -0.0847
vn -0.3463 0.5251 -0.7774
vn -0.7614 -0.2272 -0.6072
vn -0.9782 0.1491 -0.1445
vn -0.9614 0.2643 0.0765
vn -0.7809 0.0461 -0.6229
vn -0.8871 0.2073 0.4125
vn -0.6968 -0.6483 -0.3068
vn -0.7389 -0.2341 0.6319
vn -0.9049 -0.3271 -0.2723
vn -0.9146 -0.0208 0.4039
vn -0.7160 0.6230 -0.3148
vn 0.0722 0.2427 -0.9674
vn -0.3091 0.8751 -0.3723
vn -0.9252 0.3713 0.0779
vn -0.9471 0.2941 0.1283
vn -0.7565 0.6143 0.2243
vn -0.6590 0.7434 -0.1149
vn -0.9374 0.3481 -0.0132
vn -0.9092 0.4061 0.0921
vn -0.7921 0.5901 0.1562
vn -0.6836 0.7022 0.1991
vn -0.5910 0.7985 0.1146
vn -0.4607 0.8810 0.1076
vn -0.2711 0.9571 -0.1026
vn -0.3853 0.9114 0.1445
vn -0.0811 0.9840 0.1587
vn -0.0082 0.9287 -0.3706
vn 0.2882 0.9349 -0.2072
vn 0.1056 0.9690 0.2235
vn -0.2833 0.9405 0.1875
vn 0.0958 0.9478 0.3040
vn 0.3548 0.9104 0.2128
vn 0.3962 0.8838 -0.2488
vn 0.8317 0.5497 0.0779
vn 0.0969 0.9770 0.1900
vn 0.6820 0.6860 0.2533
vn 0.8144 0.5577 0.1601
vn 0.8063 0.5723 0.1494
vn 0.6089 0.7895 0.0769
vn 0.3471 0.9324 0.1012
vn 0.0817 0.9966 0.0106
vn 0.5502 0.8069 -0.2148
vn 0.1922 0.9148 -0.3552
vn -0.2190 0.9507 -0.2198
vn -0.2813 0.9589 0.0374
vn -0.3903 0.8952 -0.2150
vn -0.1572 0.8737 -0.4604
vn -0.4201 0.7185 -0.5543
vn -0.1379 0.7519 -0.6447
vn -0.6615 0.5932 -0.4588
vn -0.6761 0.7366 -0.0163
vn -0.8867 0.4266 -0.1782
vn -0.7618 0.3580 -0.5400
vn -0.9487 0.1876 -0.2547
vn -0.8094 0.0393 -0.5859
vn -0.9478 -0.0521 -0.3146
vn -0.8689 0.4823 0.1111
vn -0.9507 0.3070 0.0443
vn -0.7764 0.5881 0.2264
vn -0.9999 -0.0049 -0.0163
vn -0.9594 -0.2817 0.0141
vn -0.9037 -0.2560 -0.3433
vn -0.6376 -0.7395 -0.2158
vn -0.7947 -0.6059 0.0356
vn -0.8450 -0.5099 0.1612
vn -0.9461 -0.2753 0.1704
vn -0.8545 -0.4989 0.1446
vn -0.9217 -0.2336 0.3098
vn -0.9894 0.0436 0.1388
vn -0.8869 0.4238 0.1840
vn -0.8411 0.4453 0.3072
vn -0.9050 0.1423 0.4010
vn -0.8539 0.3863 0.3487
vn -0.8273 0.2463 0.5050
vn -0.5630 0.2810 0.7772
vn -0.8814 0.0861 0.4645
vn -0.5183 0.0655 0.8527
vn -0.2741 -0.0533 0.9602
vn -0.5368 -0.7628 0.3605
vn -0.6200 -0.7695 -0.1532
vn -0.4217 -0.9067 0.0082
vn -0.6857 -0.7268 -0.0389
vn -0.4990 -0.6996 -0.5114
vn -0.2093 -0.7150 0.6671
vn -0.0978 -0.2219 0.9701
vn 0.1717 -0.4161 0.8929
vn 0.2424 -0.1852 0.9523
vn 0.4608 -0.0838 0.8835
vn 0.4419 -0.3041 0.8439
vn 0.2426 -0.0771 0.9671
vn -0.1749 -0.1011 0.9794
vn 0.3000 -0.2166 0.9290
vn -0.1228 -0.1475 0.9814
vn 0.1019 0.1054 0.9892
vn -0.0559 0.0883 0.9945
vn -0.4690 0.0720 0.8802
vn 0.1468 -0.2230 0.9637
vn -0.2385 0.0181 0.9710
vn 0.0422 -0.0299 0.9987
vn -0.1436 0.1781 0.9735
vn -0.4057 -0.4179 0.8128
vn -0.3796 0.0935 0.9204
vn -0.2903 -0.6376 0.7135
vn -0.8734 -0.2914 0.3903
vn -0.9199 0.0443 0.3897
vn -0.9686 -0.1303 0.2116
vn -0.7947 -0.5874 0.1533
vn -0.8117 -0.5730 0.1137
vn -0.9254 -0.0922 0.3677
vn -0.9247 -0.2971 0.2381
vn -0.9051 -0.2024 0.3740
vn -0.2230 -0.9392 0.2610
vn 0.2360 -0.4182 -0.8771
vn 0.7671 0.2268 0.6001
vn 0.9539 0.2865 -0.0894
vn 0.9072 0.3045 0.2903
vn 0.7836 0.1257 0.6084
vn 0.9273 0.3508 -0.1301
vn 0.9847 0.1727 0.0235
vn 0.7482 0.5776 -0.3265
vn 0.8876 0.3983 -0.2313
vn 0.7839 0.5039 -0.3627
vn 0.8173 0.2982 -0.4931
vn 0.7447 0.0223 -0.6670
vn 0.3869 0.5321 -0.7531
vn 0.8346 -0.3514 -0.4243
vn 0.0929 0.1981 -0.9758
vn 0.3533 0.8008 -0.4837
vn 0.3409 0.8308 -0.4400
vn 0.5962 -0.0294 0.8023
vn 0.3207 -0.5428 0.7762
vn -0.3464 -0.9381 0.0066
vn -0.0315 -0.9951 -0.0938
vn 0.0412 -0.9981 -0.0451
vn 0.1223 -0.9817 -0.1462
vn 0.0985 -0.9815 -0.1641
vn 0.2449 -0.9175 -0.3135
vn -0.1973 -0.9017 -0.3846
vn 0.0487 -0.9185 -0.3924
vn -0.6629 -0.4750 -0.5787
vn -0.4401 -0.5332 -0.7225
vn -0.7760 -0.1865 -0.6026
vn -0.5807 -0.2200 -0.7838
vn 0.2990 -0.7931 -0.5307
vn 0.6511 -0.6178 -0.4409
vn 0.7240 -0.4710 -0.5040
vn -0.3104 -0.6280 -0.7136
vn 0.0655 -0.7821 -0.6196
vn -0.5417 0.1917 -0.8184
vn -0.3674 -0.5534 -0.7475
vn -0.5549 0.4778 -0.6811
vn -0.4053 0.4689 -0.7848
vn 0.4664 -0.4714 -0.7485
vn 0.1633 -0.6912 -0.7039
vn -0.1024 -0.6360 -0.7648
vn -0.2434 -0.1665 -0.9555
vn -0.3109 0.1468 -0.9390
vn -0.2348 0.3087 -0.9217
vn 0.1935 0.3527 -0.9155
vn 0.0088 0.4517 -0.8921
vn 0.1745 -0.2491 -0.9526
vn 0.1828 0.1218 -0.9756
vn 0.4791 0.0926 -0.8728
vn 0.7927 0.0694 -0.6056
vn 0.4989 0.3321 -0.8005
vn 0.8028 0.2654 -0.5339
vn 0.4891 0.5019 -0.7134
vn 0.7882 0.4931 -0.3682
vn 0.4531 0.7652 -0.4573
vn 0.2197 0.5257 -0.8218
vn 0.1980 0.7749 -0.6003
vn 0.7889 0.6131 -0.0415
vn 0.9092 0.4150 -0.0323
vn 0.8853 0.4581 0.0795
vn 0.9915 0.1263 -0.0307
vn 0.7751 0.0035 0.6318
vn 0.8205 -0.1517 0.5512
vn 0.9995 0.0328 -0.0021
vn 0.9996 -0.0074 -0.0286
vn 0.9996 0.0080 0.0265
vn 0.8154 -0.2847 0.5041
vn 0.9855 -0.1230 0.1169
vn 0.9924 0.1056 -0.0632
vn 0.9988 -0.0393 -0.0279
vn 0.9942 0.0122 -0.1068
vn 0.9942 -0.0844 -0.0673
vn 0.9627 -0.1065 -0.2487
vn 0.9201 -0.3460 -0.1837
vn 0.9641 -0.1617 -0.2108
vn 0.8575 -0.4285 -0.2848
vn 0.9274 -0.2378 -0.2888
vn 0.6217 -0.7157 -0.3182
vn 0.6166 -0.7546 -0.2245
vn -0.2803 -0.9282 0.2448
vn 0.9109 0.3590 -0.2035
vn 0.9303 0.2990 -0.2125
vn 0.9478 0.2304 -0.2203
vn 0.9224 0.3497 -0.1641
vn 0.9459 0.2935 -0.1379
vn 0.9630 0.2439 -0.1148
vn 0.9767 0.1376 -0.1647
vn 0.9771 0.1661 -0.1330
vn 0.9765 0.1849 -0.1104
vn 0.4062 -0.2762 0.8710
vn 0.4386 -0.3990 0.8052
vn 0.3812 -0.5943 0.7082
vn 0.3865 -0.1775 0.9050
vn 0.3321 -0.2374 0.9129
vn 0.1980 -0.3580 0.9125
vn 0.2362 -0.8795 0.4132
vn 0.1627 -0.8653 0.4741
vn 0.0969 -0.7620 0.6403
vn -0.0634 -0.4885 0.8702
vn 0.0384 -0.4411 0.8966
vn 0.1056 -0.4184 0.9021
vn -0.1314 -0.6635 0.7365
vn -0.0828 -0.7384 0.6692
vn -0.0510 -0.8080 0.5869
vn 0.1495 -0.5589 0.8157
vn 0.1056 -0.6435 0.7581
vn 0.0093 -0.7406 0.6719
vn -0.0939 -0.8007 0.5916
vn 0.0304 -0.7438 0.6677
vn 0.1218 -0.6978 0.7059
vn 0.1687 -0.5628 0.8092
vn 0.1771 -0.6008 0.7796
vn 0.1690 -0.6282 0.7595
vn 0.0846 -0.9925 -0.0878
vn 0.0923 -0.9932 -0.0709
vn 0.1075 -0.9934 -0.0406
vn 0.1706 -0.9809 -0.0938
vn 0.3042 -0.9465 -0.1075
vn 0.5083 -0.8541 -0.1098
vn 0.2301 -0.9728 -0.0287
vn 0.3749 -0.9258 -0.0482
vn 0.5613 -0.8244 -0.0730
vn 0.0600 -0.9981 -0.0170
vn 0.0287 -0.9995 -0.0153
vn 0.0195 -0.9998 -0.0102
vn 0.0335 -0.9978 -0.0580
vn 0.0246 -0.9985 -0.0483
vn 0.0257 -0.9992 -0.0310
vn 0.0442 -0.9986 -0.0288
vn 0.0389 -0.9981 -0.0481
vn 0.0266 -0.9981 -0.0553
vn 0.0422 -0.9985 -0.0338
vn 0.0367 -0.9989 -0.0298
vn 0.0286 -0.9991 -0.0307
vn 0.0577 -0.9983 0.0077
vn 0.0549 -0.9984 0.0103
vn 0.0319 -0.9994 0.0158
vn -0.0449 -0.9969 -0.0646
vn -0.0249 -0.9986 -0.0475
vn -0.0155 -0.9998 -0.0082
vn 0.0522 -0.9979 0.0371
vn 0.0526 -0.9972 0.0534
vn 0.0405 -0.9964 0.0741
vn -0.0062 -0.9987 0.0503
vn 0.0133 -0.9973 0.0724
vn 0.0168 -0.9954 0.0944
vn 0.0212 -0.9995 0.0242
vn 0.0275 -0.9988 0.0412
vn 0.0494 -0.9963 0.0706
vn 0.1100 -0.9939 0.0054
vn 0.0887 -0.9954 0.0349
vn 0.0792 -0.9941 0.0737
vn 0.0304 -0.9990 0.0339
vn 0.0318 -0.9981 0.0528
vn 0.0433 -0.9952 0.0873
vn 0.0276 -0.9953 0.0927
vn 0.0468 -0.9950 0.0881
vn 0.0683 -0.9922 0.1043
vn 0.0681 -0.9880 0.1387
vn 0.0473 -0.9882 0.1460
vn 0.0411 -0.9865 0.1585
vn 0.2241 -0.9745 0.0047
vn 0.3557 -0.9341 0.0314
vn 0.5366 -0.8411 0.0676
vn 0.1858 -0.9721 0.1429
vn 0.3416 -0.9293 0.1404
vn 0.5384 -0.8324 0.1312
vn 0.7736 -0.6322 -0.0438
vn 0.7733 -0.6337 0.0228
vn 0.7659 -0.6386 0.0746
vn 0.7347 -0.6506 0.1924
vn 0.7133 -0.6302 0.3066
vn 0.6917 -0.5999 0.4021
vn 0.2197 -0.9456 0.2400
vn 0.3733 -0.8685 0.3261
vn 0.5343 -0.7451 0.3991
vn 0.6099 -0.6368 0.4717
vn 0.4966 -0.6830 0.5357
vn 0.3757 -0.6962 0.6116
vn 0.1499 -0.9579 0.2450
vn 0.2027 -0.9099 0.3620
vn 0.2638 -0.8153 0.5155
vn 0.2820 -0.6643 0.6922
vn 0.1979 -0.7134 0.6723
vn 0.1025 -0.7556 0.6469
vn 0.0930 -0.9677 0.2343
vn 0.0741 -0.9416 0.3283
vn 0.0787 -0.8873 0.4544
vn 0.0722 -0.9596 0.2718
vn 0.0951 -0.9305 0.3537
vn 0.1362 -0.8745 0.4655
vn 0.2021 -0.6712 0.7131
vn 0.0733 -0.7033 0.7071
vn -0.0629 -0.7164 0.6949
vn 0.1244 -0.9512 0.2824
vn 0.1166 -0.9064 0.4061
vn 0.0430 -0.8265 0.5613
vn 0.0950 -0.9149 0.3924
vn 0.1031 -0.9550 0.2783
vn 0.1176 -0.9725 0.2013
vn 0.0099 -0.7579 0.6523
vn -0.0026 -0.7466 0.6653
vn 0.0134 -0.7216 0.6922
vn 0.1231 -0.9452 0.3024
vn 0.0673 -0.9745 0.2139
vn 0.0301 -0.9871 0.1571
vn 0.0817 -0.8552 0.5118
vn 0.0452 -0.9537 0.2972
vn 0.0080 -0.9816 0.1908
vn 0.9981 -0.0466 -0.0394
vn 0.9998 0.0085 -0.0206
vn 0.9969 0.0769 0.0194
vn 0.9874 0.1347 -0.0832
vn 0.9950 0.0683 -0.0729
vn 0.9981 -0.0008 -0.0611
vn 0.9814 0.1794 -0.0690
vn 0.9861 0.1623 -0.0353
vn 0.9894 0.1444 0.0184
vn 0.9942 0.0499 0.0950
vn 0.9948 -0.0434 0.0922
vn 0.9912 -0.0993 0.0870
vn 0.9907 -0.1336 -0.0275
vn 0.9875 -0.1577 -0.0073
vn 0.9877 -0.1546 0.0234
vn 0.9624 0.1882 0.1961
vn 0.9676 0.1325 0.2148
vn 0.9728 0.1258 0.1946
vn 0.9909 -0.0251 0.1319
vn 0.9867 0.0257 0.1604
vn 0.9848 0.0737 0.1570
vn 0.9864 0.1571 0.0492
vn 0.9767 0.2147 0.0044
vn 0.9698 0.2422 -0.0276
vn 0.9950 -0.0198 0.0977
vn 0.9947 0.0422 0.0942
vn 0.9918 0.1149 0.0553
vn 0.1580 0.9363 -0.3138
vn 0.1359 0.9684 -0.2093
vn 0.0687 0.9955 -0.0654
vn 0.2694 0.8736 -0.4053
vn 0.3095 0.8623 -0.4008
vn 0.3261 0.8558 -0.4015
vn 0.1718 0.9839 -0.0503
vn 0.2417 0.9522 -0.1870
vn 0.3070 0.9031 -0.3002
vn 0.0165 0.9178 -0.3966
vn -0.0216 0.9418 -0.3355
vn -0.0478 0.9820 -0.1829
vn -0.0481 0.9778 0.2042
vn -0.0078 0.9768 0.2142
vn 0.0093 0.9681 0.2502
vn -0.0404 0.7915 -0.6099
vn -0.1192 0.7555 -0.6442
vn -0.1495 0.7380 -0.6580
vn -0.1735 0.9663 -0.1903
vn -0.1976 0.8818 -0.4283
vn -0.1899 0.8092 -0.5559
vn -0.1567 0.7365 -0.6580
vn -0.1042 0.8088 -0.5788
vn 0.0806 0.9442 -0.3195
vn -0.1011 0.9076 0.4075
vn -0.0477 0.8842 0.4646
vn 0.1167 0.8944 0.4318
vn 0.0388 0.6411 0.7665
vn 0.1026 0.4614 0.8812
vn 0.1586 0.3296 0.9307
vn 0.3609 0.4012 0.8419
vn 0.2611 0.2000 0.9444
vn 0.2346 0.1296 0.9634
vn 0.0527 0.7798 0.6238
vn 0.0755 0.6810 0.7284
vn 0.0864 0.5834 0.8075
vn 0.2201 0.2637 0.9392
vn 0.1963 0.3431 0.9186
vn 0.1656 0.3880 0.9066
vn -0.1340 0.8628 0.4874
vn -0.0534 0.7709 0.6347
vn 0.0541 0.6502 0.7578
vn -0.1569 0.8452 0.5108
vn -0.1380 0.7807 0.6095
vn -0.0160 0.7367 0.6760
vn 0.2055 0.5195 0.8294
vn 0.2153 0.5411 0.8129
vn 0.2273 0.5840 0.7792
vn 0.2894 0.0368 0.9565
vn 0.3071 -0.0552 0.9501
vn 0.3361 -0.0827 0.9382
vn 0.2308 0.2884 0.9293
vn 0.2862 0.1965 0.9378
vn 0.3388 0.1245 0.9326
vn 0.2858 0.3613 0.8875
vn 0.3617 0.3503 0.8640
vn 0.4285 0.3589 0.8292
vn 0.4661 0.2038 0.8609
vn 0.4877 0.2882 0.8240
vn 0.4965 0.3193 0.8072
vn 0.4054 0.5450 0.7339
vn 0.4396 0.4881 0.7540
vn 0.4713 0.4430 0.7627
vn 0.5818 0.2813 0.7631
vn 0.6160 0.2562 0.7449
vn 0.6504 0.1918 0.7349
vn 0.5031 0.0325 0.8636
vn 0.5395 0.0671 0.8393
vn 0.5790 0.0618 0.8130
vn 0.4219 -0.1652 0.8915
vn 0.4255 -0.2718 0.8632
vn 0.4534 -0.3201 0.8319
vn 0.6052 -0.1645 0.7789
vn 0.5518 -0.2267 0.8026
vn 0.5335 -0.2810 0.7978
vn 0.7987 0.1047 0.5925
vn 0.8052 0.1135 0.5821
vn 0.8026 0.1171 0.5849
vn 0.6129 0.2785 0.7394
vn 0.6623 0.2274 0.7139
vn 0.7164 0.1901 0.6713
vn 0.4629 0.6252 0.6283
vn 0.5041 0.5863 0.6342
vn 0.5341 0.5373 0.6527
vn 0.5512 0.4267 0.7170
vn 0.5525 0.4408 0.7074
vn 0.5564 0.4439 0.7024
vn 0.5979 0.3558 0.7183
vn 0.6120 0.2881 0.7365
vn 0.6253 0.2327 0.7449
vn 0.6113 0.3180 0.7247
vn 0.6306 0.2652 0.7294
vn 0.6367 0.2194 0.7392
vn 0.5979 0.3843 0.7034
vn 0.6021 0.3209 0.7311
vn 0.5888 0.2633 0.7642
vn 0.6324 0.1879 0.7515
vn 0.6232 0.1923 0.7581
vn 0.6081 0.2036 0.7673
vn 0.6261 0.2178 0.7487
vn 0.6454 0.1771 0.7431
vn 0.6542 0.1473 0.7418
vn 0.6436 0.1298 0.7543
vn 0.6416 0.1009 0.7604
vn 0.6443 0.0976 0.7585
vn 0.6143 0.2652 0.7432
vn 0.6376 0.2248 0.7368
vn 0.6410 0.1743 0.7475
vn 0.6743 0.1322 0.7265
vn 0.6745 0.1468 0.7235
vn 0.6621 0.1391 0.7364
vn 0.5586 0.4920 0.6678
vn 0.5198 0.5194 0.6783
vn 0.4544 0.5368 0.7109
vn 0.4407 0.6679 0.5997
vn 0.4657 0.6092 0.6418
vn 0.4232 0.5657 0.7077
vn 0.4568 0.2756 0.8458
vn 0.4177 0.3875 0.8218
vn 0.3566 0.4971 0.7910
vn 0.0075 0.8027 0.5964
vn -0.0659 0.8345 0.5470
vn -0.1005 0.8525 0.5130
vn -0.1525 0.8794 0.4509
vn -0.1990 0.8552 0.4786
vn -0.1868 0.8579 0.4787
vn -0.0819 0.8757 0.4758
vn -0.0652 0.8700 0.4887
vn -0.0706 0.8484 0.5247
vn 0.0847 0.8491 0.5215
vn -0.0088 0.8615 0.5076
vn -0.0726 0.8399 0.5379
vn 0.2269 0.5655 0.7929
vn 0.1723 0.6318 0.7557
vn 0.1240 0.6950 0.7083
vn 0.2410 0.7971 0.5536
vn 0.1866 0.7873 0.5876
vn 0.1308 0.7573 0.6398
vn -0.0953 0.7428 0.6626
vn -0.0247 0.7455 0.6661
vn 0.0446 0.7394 0.6718
vn 0.0567 0.5399 0.8398
vn -0.0826 0.5463 0.8335
vn -0.1555 0.5972 0.7869
vn -0.0898 0.9577 0.2735
vn -0.1908 0.9531 0.2350
vn -0.2448 0.9545 0.1703
vn -0.1826 0.8909 0.4159
vn -0.2155 0.9079 0.3597
vn -0.2441 0.9311 0.2711
vn 0.1337 0.9892 0.0601
vn 0.1522 0.9863 -0.0636
vn 0.1202 0.9829 -0.1395
vn -0.2046 0.9788 -0.0068
vn -0.1038 0.9910 -0.0843
vn 0.0090 0.9893 -0.1458
vn -0.2097 0.9762 -0.0549
vn -0.1639 0.9756 -0.1460
vn -0.1198 0.9686 -0.2177
vn 0.0543 0.9748 -0.2163
vn 0.0147 0.9684 -0.2491
vn -0.0270 0.9599 -0.2790
vn 0.0983 0.5086 0.8554
vn -0.0750 0.4167 0.9059
vn -0.1911 0.3407 0.9205
vn 0.2781 0.2650 0.9233
vn 0.0262 0.3061 0.9516
vn -0.1548 0.3320 0.9305
vn -0.1957 0.5216 0.8304
vn -0.2305 0.4027 0.8858
vn -0.2481 0.3356 0.9087
vn -0.1135 0.8908 0.4399
vn -0.1151 0.8971 0.4265
vn -0.1257 0.9007 0.4158
vn -0.0778 0.8362 0.5429
vn -0.0930 0.8710 0.4824
vn -0.1136 0.8899 0.4418
vn -0.2122 0.9446 0.2504
vn -0.1783 0.9283 0.3263
vn -0.1561 0.9150 0.3720
vn 0.4374 0.3131 0.8430
vn 0.3869 0.2221 0.8950
vn 0.3429 0.1273 0.9307
vn 0.5880 0.1086 0.8015
vn 0.5090 0.0892 0.8562
vn 0.4124 0.0678 0.9085
vn -0.2452 0.3634 0.8988
vn -0.2376 0.3901 0.8896
vn -0.2044 0.4162 0.8860
vn 0.2810 0.3310 0.9009
vn 0.0783 0.3258 0.9422
vn -0.0566 0.3462 0.9364
vn 0.2268 0.1342 0.9646
vn 0.1183 0.2339 0.9650
vn 0.0020 0.3365 0.9417
vn 0.5821 0.0394 0.8122
vn 0.4956 -0.0560 0.8668
vn 0.3879 -0.1797 0.9040
vn 0.3329 0.0063 0.9430
vn 0.3286 -0.0660 0.9422
vn 0.3144 -0.1616 0.9354
vn 0.6490 0.0559 0.7587
vn 0.6637 -0.0348 0.7472
vn 0.6602 -0.1457 0.7368
vn 0.3714 -0.3625 0.8547
vn 0.4913 -0.3674 0.7897
vn 0.5838 -0.3402 0.7372
vn 0.2547 0.0444 0.9660
vn 0.1939 0.0086 0.9810
vn 0.1309 -0.0305 0.9909
vn 0.2468 -0.2359 0.9399
vn 0.1938 -0.1758 0.9652
vn 0.1379 -0.1270 0.9823
vn -0.0646 0.4368 0.8973
vn -0.0123 0.2844 0.9586
vn 0.0353 0.0887 0.9954
vn 0.0615 -0.3447 0.9367
vn 0.0543 -0.2495 0.9669
vn 0.0629 -0.1560 0.9858
vn 0.1359 -0.4656 0.8745
vn 0.1854 -0.4388 0.8793
vn 0.2402 -0.3919 0.8881
vn 0.0523 -0.3059 0.9506
vn -0.0164 -0.2009 0.9795
vn -0.0959 -0.0739 0.9926
vn 0.0039 -0.0311 0.9995
vn -0.0747 0.0189 0.9970
vn -0.1583 0.1060 0.9817
vn -0.1685 0.5820 0.7955
vn -0.1903 0.5821 0.7906
vn -0.2110 0.4684 0.8580
vn -0.1458 -0.3574 0.9225
vn -0.1150 -0.2003 0.9730
vn -0.0988 -0.0356 0.9945
vn -0.2384 -0.3898 0.8895
vn -0.3660 -0.2857 0.8857
vn -0.5127 -0.1628 0.8430
vn -0.1198 0.2491 0.9610
vn -0.2178 0.2274 0.9491
vn -0.3892 0.1863 0.9021
vn -0.6299 -0.2141 0.7466
vn -0.5786 -0.3550 0.7343
vn -0.4954 -0.4793 0.7245
vn -0.1935 -0.5755 0.7946
vn -0.2794 -0.6041 0.7464
vn -0.3573 -0.6219 0.6968
vn -0.7008 -0.2074 0.6825
vn -0.7561 -0.3043 0.5794
vn -0.7857 -0.3644 0.4999
vn -0.4672 -0.5761 0.6707
vn -0.6094 -0.5330 0.5869
vn -0.7136 -0.5050 0.4855
vn -0.2845 0.3196 0.9039
vn -0.2806 0.3448 0.8958
vn -0.2561 0.4017 0.8792
vn -0.2238 0.5583 0.7989
vn -0.2350 0.5620 0.7931
vn -0.2256 0.5323 0.8159
vn -0.1654 0.5667 0.8072
vn -0.1654 0.6261 0.7620
vn -0.1835 0.5904 0.7860
vn -0.2356 0.3748 0.8967
vn -0.2344 0.2988 0.9251
vn -0.2116 0.2636 0.9411
vn -0.2699 0.2954 0.9165
vn -0.2670 0.2847 0.9207
vn -0.2497 0.2881 0.9245
vn -0.1716 0.5560 0.8133
vn -0.2182 0.4373 0.8725
vn -0.2306 0.3676 0.9010
vn -0.0645 0.5133 0.8558
vn 0.0007 0.5669 0.8238
vn 0.0426 0.5391 0.8411
vn -0.1712 0.4968 0.8508
vn -0.0663 0.4894 0.8695
vn 0.0416 0.4697 0.8818
vn -0.2530 0.3972 0.8822
vn -0.0379 0.4829 0.8748
vn 0.0427 0.4915 0.8698
vn -0.0769 0.2811 0.9566
vn 0.0139 0.3115 0.9502
vn 0.0673 0.3778 0.9234
vn -0.1968 0.4322 0.8801
vn -0.2607 0.5402 0.8001
vn -0.3584 0.6579 0.6624
vn -0.1336 0.7287 0.6716
vn -0.1996 0.7407 0.6415
vn -0.2992 0.7512 0.5883
vn -0.1518 0.8979 0.4131
vn -0.2011 0.8767 0.4370
vn -0.3015 0.8264 0.4756
vn -0.1022 0.3698 0.9235
vn -0.1346 0.4104 0.9019
vn -0.2719 0.4606 0.8450
vn 0.0787 0.4210 0.9036
vn 0.0361 0.4284 0.9029
vn -0.1202 0.4876 0.8647
vn -0.4022 0.3631 0.8405
vn -0.3356 0.5018 0.7972
vn -0.3750 0.5666 0.7337
vn -0.5440 0.6275 0.5571
vn -0.5829 0.5428 0.6047
vn -0.5791 0.4953 0.6475
vn -0.4265 0.8232 0.3748
vn -0.3785 0.8834 0.2762
vn -0.3460 0.9149 0.2079
vn -0.1774 0.9170 0.3572
vn -0.2282 0.9272 0.2969
vn -0.2837 0.9311 0.2294
vn -0.2540 0.9559 0.1475
vn -0.2802 0.9467 0.1590
vn -0.3069 0.9375 0.1641
vn -0.3437 0.9321 0.1147
vn -0.3449 0.9359 0.0721
vn -0.3375 0.9409 0.0277
vn -0.2504 0.9679 0.0209
vn -0.2722 0.9621 -0.0145
vn -0.2946 0.9550 -0.0360
vn -0.1499 0.9643 -0.2183
vn -0.2072 0.9644 -0.1642
vn -0.2601 0.9595 -0.1082
vn -0.3758 0.9160 0.1405
vn -0.4275 0.8950 0.1271
vn -0.4995 0.8570 0.1265
vn -0.5661 0.7342 0.3750
vn -0.5966 0.7509 0.2833
vn -0.6084 0.7678 0.2011
vn -0.3547 0.9345 0.0296
vn -0.3988 0.9140 0.0746
vn -0.4749 0.8724 0.1158
vn -0.6405 0.6311 0.4375
vn -0.7404 0.5320 0.4108
vn -0.8079 0.4422 0.3895
vn -0.7356 0.4539 0.5029
vn -0.8069 0.4017 0.4331
vn -0.8482 0.3586 0.3898
vn -0.7401 0.6358 0.2192
vn -0.7937 0.5283 0.3016
vn -0.8286 0.4315 0.3566
vn -0.7098 0.5065 0.4896
vn -0.8255 0.4308 0.3646
vn -0.8827 0.3744 0.2840
vn -0.6936 0.3413 0.6343
vn -0.8277 0.4327 0.3574
vn -0.8777 0.4239 0.2236
vn -0.9147 0.2158 0.3418
vn -0.9398 0.1795 0.2909
vn -0.9467 0.2200 0.2354
vn -0.2896 0.9514 -0.1042
vn -0.2746 0.9498 -0.1496
vn -0.2469 0.9548 -0.1654
vn -0.0877 0.9519 -0.2934
vn -0.1118 0.9481 -0.2976
vn -0.1318 0.9509 -0.2801
vn 0.0268 0.9218 -0.3868
vn 0.0934 0.8874 -0.4515
vn 0.1370 0.8728 -0.4684
vn -0.0276 0.9429 -0.3318
vn 0.0160 0.9207 -0.3900
vn 0.0596 0.9076 -0.4156
vn 0.1360 0.9039 -0.4054
vn 0.1328 0.9056 -0.4029
vn 0.1692 0.8882 -0.4271
vn 0.1380 0.9672 -0.2131
vn 0.3006 0.9118 -0.2798
vn 0.3715 0.8476 -0.3789
vn -0.9037 0.4125 0.1147
vn -0.8888 0.4430 0.1179
vn -0.8939 0.3995 0.2031
vn -0.7722 0.0289 0.6347
vn -0.8801 0.0591 0.4712
vn -0.9226 0.1124 0.3690
vn -0.8268 -0.3310 0.4548
vn -0.8626 -0.2372 0.4467
vn -0.8910 -0.1020 0.4424
vn -0.2423 0.9697 -0.0303
vn -0.2877 0.9577 0.0098
vn -0.3559 0.9325 0.0618
vn -0.3379 0.9406 -0.0332
vn -0.3698 0.9284 -0.0352
vn -0.4232 0.9060 0.0001
vn -0.6527 0.7349 0.1843
vn -0.6466 0.7473 0.1529
vn -0.6477 0.7552 0.1010
vn -0.9070 0.1760 0.3826
vn -0.9053 0.1797 0.3849
vn -0.8860 0.2672 0.3790
vn -0.9608 0.2517 0.1161
vn -0.9451 0.2760 0.1750
vn -0.8982 0.3411 0.2771
vn -0.8340 0.4863 0.2608
vn -0.8140 0.5311 0.2352
vn -0.8252 0.4889 0.2829
vn -0.8871 0.0229 0.4611
vn -0.9015 -0.0589 0.4287
vn -0.9112 -0.0760 0.4049
vn -0.8262 -0.3395 0.4496
vn -0.8610 -0.2490 0.4435
vn -0.8855 -0.1765 0.4298
vn -0.8951 -0.1465 0.4212
vn -0.8873 -0.2355 0.3965
vn -0.8670 -0.3696 0.3342
vn -0.7451 -0.5433 0.3869
vn -0.7668 -0.5574 0.3182
vn -0.7841 -0.5660 0.2545
vn -0.8596 -0.4445 0.2520
vn -0.9018 -0.3740 0.2165
vn -0.9267 -0.3358 0.1684
vn -0.9269 -0.0782 0.3672
vn -0.9431 -0.1382 0.3025
vn -0.9492 -0.2202 0.2247
vn -0.9293 0.0123 0.3692
vn -0.9502 0.0690 0.3039
vn -0.9633 0.1555 0.2189
vn -0.9618 -0.2377 0.1361
vn -0.9858 -0.1037 0.1324
vn -0.9914 0.0534 0.1193
vn -0.9043 0.1207 0.4094
vn -0.8687 0.2869 0.4037
vn -0.8190 0.4136 0.3977
vn -0.8327 0.3754 0.4071
vn -0.7934 0.4885 0.3632
vn -0.7723 0.5272 0.3545
vn -0.7668 0.5194 0.3772
vn -0.7347 0.5572 0.3869
vn -0.7344 0.5547 0.3911
vn -0.7650 0.4683 0.4422
vn -0.7652 0.4581 0.4522
vn -0.7717 0.4722 0.4261
vn -0.9073 0.0942 0.4098
vn -0.8868 0.2185 0.4072
vn -0.8488 0.3546 0.3922
vn -0.7492 0.5110 0.4213
vn -0.7127 0.5580 0.4252
vn -0.7270 0.5508 0.4099
vn -0.9251 0.3327 0.1830
vn -0.8894 0.3842 0.2476
vn -0.8422 0.4343 0.3196
vn -0.7615 0.5451 0.3506
vn -0.7505 0.5754 0.3250
vn -0.7738 0.5494 0.3152
vn -0.8157 0.3999 0.4180
vn -0.8101 0.3926 0.4355
vn -0.8174 0.3935 0.4207
vn -0.8796 0.2421 0.4095
vn -0.8764 0.2389 0.4181
vn -0.8703 0.2880 0.3995
vn -0.8800 0.4520 0.1460
vn -0.8308 0.5346 0.1551
vn -0.8174 0.5395 0.2021
vn -0.8714 0.3412 0.3526
vn -0.8897 0.3629 0.2770
vn -0.9010 0.3920 0.1860
vn -0.8171 0.5601 0.1363
vn -0.8834 0.4549 0.1124
vn -0.9056 0.4127 0.0978
vn -0.8877 0.3583 0.2893
vn -0.8945 0.3783 0.2384
vn -0.8884 0.4271 0.1686
vn -0.8386 0.5130 0.1832
vn -0.9318 0.3091 0.1904
vn -0.9640 0.2024 0.1722
vn -0.8891 0.4331 0.1478
vn -0.9628 0.2007 0.1810
vn -0.9765 0.1013 0.1901
vn -0.8924 0.4513 -0.0037
vn -0.9207 0.3900 0.0127
vn -0.9526 0.2969 0.0664
vn -0.8407 0.5404 0.0346
vn -0.8374 0.5456 0.0312
vn -0.8415 0.5396 0.0253
vn -0.8579 0.4644 0.2198
vn -0.8611 0.4772 0.1752
vn -0.8563 0.5044 0.1110
vn -0.9270 0.3586 0.1099
vn -0.8890 0.4494 0.0879
vn -0.8623 0.5039 0.0504
vn -0.9629 0.2603 0.0709
vn -0.9346 0.3548 0.0264
vn -0.9012 0.4323 -0.0304
vn -0.8200 0.5701 -0.0504
vn -0.7903 0.6056 -0.0933
vn -0.8010 0.5876 -0.1144
vn -0.8098 0.5792 -0.0931
vn -0.7706 0.6132 -0.1734
vn -0.7538 0.6128 -0.2372
vn -0.9909 0.1341 0.0149
vn -0.9889 0.0719 -0.1303
vn -0.9474 0.0801 -0.3097
vn -0.8619 0.4974 -0.0981
vn -0.8953 0.3583 -0.2647
vn -0.8780 0.1743 -0.4457
vn -0.7210 0.4801 -0.4997
vn -0.6873 0.3539 -0.6344
vn -0.7057 0.2101 -0.6766
vn -0.9277 0.0932 -0.3615
vn -0.9661 -0.0554 -0.2522
vn -0.9551 -0.2284 -0.1887
vn -0.9995 0.0301 0.0015
vn -0.9900 -0.1111 -0.0864
vn -0.9555 -0.2589 -0.1415
vn -0.7807 0.1128 -0.6147
vn -0.7223 -0.0083 -0.6915
vn -0.6639 -0.1330 -0.7359
vn -0.8909 -0.3768 -0.2536
vn -0.8249 -0.3330 -0.4567
vn -0.7072 -0.2852 -0.6469
vn -0.9246 -0.3781 0.0460
vn -0.9095 -0.4143 -0.0344
vn -0.8928 -0.4366 -0.1110
vn -0.9855 0.1191 0.1205
vn -0.9896 0.1007 0.1024
vn -0.9930 0.0934 0.0729
vn -0.9400 0.3277 -0.0951
vn -0.9637 0.2637 -0.0431
vn -0.9828 0.1843 -0.0135
vn -0.9214 0.3446 0.1796
vn -0.9858 0.1205 0.1169
vn -0.9967 0.0433 0.0682
vn -0.9961 0.0570 -0.0673
vn -0.9898 0.0259 -0.1401
vn -0.9726 -0.0266 -0.2308
vn -0.9175 0.2207 -0.3310
vn -0.9212 0.1124 -0.3724
vn -0.9261 0.0195 -0.3767
vn -0.8832 -0.0895 -0.4604
vn -0.8601 -0.0386 -0.5087
vn -0.8365 0.0457 -0.5460
vn -0.7977 0.3078 -0.5186
vn -0.7533 0.2040 -0.6253
vn -0.7483 0.1507 -0.6460
vn -1.0000 -0.0061 -0.0009
vn -0.9994 -0.0208 -0.0280
vn -0.9968 -0.0033 -0.0799
vn -0.8322 0.5135 0.2092
vn -0.9603 0.2614 0.0975
vn -0.9939 0.1069 -0.0269
vn -0.9410 -0.1782 -0.2877
vn -0.9531 -0.1628 -0.2551
vn -0.9694 -0.0989 -0.2246
vn -0.4759 0.8588 0.1897
vn -0.3856 0.9110 0.1459
vn -0.3368 0.9343 0.1169
vn -0.9631 0.2551 -0.0858
vn -0.7769 0.6293 0.0219
vn -0.4932 0.8640 0.1010
vn -0.1710 0.9841 0.0485
vn -0.2015 0.9749 0.0950
vn -0.2317 0.9663 0.1123
vn 0.0392 0.9986 -0.0356
vn 0.0988 0.9949 -0.0222
vn 0.1654 0.9847 -0.0556
vn -0.2043 0.9701 0.1307
vn -0.1408 0.9826 0.1211
vn -0.0295 0.9945 0.1008
vn 0.0152 0.9711 0.2384
vn -0.1393 0.9584 0.2491
vn -0.2664 0.9348 0.2347
vn -0.3161 0.9376 0.1450
vn -0.3608 0.9257 0.1138
vn -0.4822 0.8750 0.0423
vn -0.9644 0.0161 -0.2640
vn -0.9366 0.1395 -0.3216
vn -0.8802 0.3646 -0.3039
vn 0.5452 0.8376 0.0355
vn 0.4468 0.8946 -0.0037
vn 0.3771 0.9233 -0.0737
vn -0.3276 0.8607 0.3897
vn -0.1655 0.9075 0.3862
vn 0.0283 0.9685 0.2472
vn 0.3471 0.9323 -0.1019
vn 0.2399 0.9339 -0.2649
vn -0.0136 0.8289 -0.5593
vn -0.9174 0.3754 0.1320
vn -0.9228 0.3808 -0.0588
vn -0.7299 0.4926 -0.4739
vn -0.8583 -0.0921 -0.5049
vn -0.7699 -0.2760 -0.5754
vn -0.7241 -0.3346 -0.6031
vn -0.9342 -0.1423 -0.3272
vn -0.8750 -0.2357 -0.4229
vn -0.8198 -0.2855 -0.4965
vn -0.8923 -0.2160 -0.3964
vn -0.8694 -0.2377 -0.4332
vn -0.8466 -0.2291 -0.4803
vn -0.8947 -0.1609 -0.4166
vn -0.9113 -0.1257 -0.3920
vn -0.9416 -0.0405 -0.3343
vn -0.8834 0.0823 -0.4614
vn -0.9351 0.0641 -0.3485
vn -0.9697 0.0665 -0.2351
vn -0.8674 -0.1306 -0.4801
vn -0.9052 -0.0947 -0.4142
vn -0.9392 0.0020 -0.3433
vn -0.9809 0.1799 0.0740
vn -0.9644 0.2045 0.1675
vn -0.9575 0.2399 0.1600
vn -0.8620 0.1344 -0.4888
vn -0.9141 0.1843 -0.3612
vn -0.9529 0.2407 -0.1844
vn -0.7486 0.1203 -0.6520
vn -0.7226 0.1402 -0.6769
vn -0.7157 0.1502 -0.6821
vn -0.9190 0.2767 -0.2809
vn -0.8520 0.2584 -0.4554
vn -0.8198 0.2072 -0.5339
vn -0.9445 0.0821 -0.3181
vn -0.9850 0.1171 -0.1267
vn -0.9901 0.0865 0.1107
vn -0.9435 0.3281 -0.0465
vn -0.9157 0.3823 -0.1240
vn -0.9479 0.3173 -0.0293
vn -0.8946 -0.1661 -0.4148
vn -0.9039 -0.2617 -0.3384
vn -0.8687 -0.3822 -0.3151
vn -0.7820 -0.1820 0.5961
vn -0.7378 -0.3285 0.5897
vn -0.7754 -0.5052 0.3788
vn -0.6023 -0.7937 0.0854
vn -0.6517 -0.6741 0.3476
vn -0.7180 -0.4257 0.5507
vn -0.7034 -0.0723 0.7071
vn -0.6687 -0.1067 0.7358
vn -0.6938 -0.1738 0.6989
vn -0.7525 0.1924 0.6299
vn -0.7801 0.2307 0.5816
vn -0.9322 0.1435 0.3322
vn -0.8404 -0.1417 0.5231
vn -0.9743 -0.0172 0.2246
vn -0.9917 -0.0387 -0.1225
vn -0.7635 0.2158 0.6087
vn -0.7700 0.2272 0.5962
vn -0.8320 0.2031 0.5163
vn -0.9671 -0.2431 -0.0757
vn -0.9877 -0.1517 0.0389
vn -0.9821 -0.0840 0.1685
vn -0.9469 0.2750 -0.1666
vn -0.9145 0.3612 -0.1822
vn -0.8632 0.4476 -0.2335
vn -0.7683 0.0217 -0.6398
vn -0.7780 0.1901 -0.5988
vn -0.7800 0.3626 -0.5100
vn -0.5972 0.6155 -0.5143
vn -0.5127 0.5730 -0.6394
vn -0.3815 0.4666 -0.7980
vn -0.5817 -0.1825 -0.7927
vn -0.4569 -0.1424 -0.8780
vn -0.2893 -0.0297 -0.9568
vn -0.1602 0.6276 -0.7619
vn -0.2491 0.7564 -0.6048
vn -0.3007 0.8231 -0.4817
vn -0.5714 0.7595 -0.3107
vn -0.4949 0.8109 -0.3122
vn -0.4258 0.8419 -0.3316
vn -0.8960 0.2208 0.3854
vn -0.8800 0.2178 0.4220
vn -0.9171 0.2636 0.2992
vn -0.9262 0.3344 0.1739
vn -0.8845 0.3806 0.2698
vn -0.9043 0.3771 0.2002
vn -0.7522 0.6471 -0.1244
vn -0.7841 0.6179 -0.0592
vn -0.8552 0.5181 -0.0102
vn -0.8885 0.4162 0.1932
vn -0.8746 0.4498 0.1808
vn -0.9055 0.3811 0.1867
vn -0.9259 0.2594 0.2747
vn -0.9118 0.2545 0.3224
vn -0.9307 0.2568 0.2604
vn -0.9557 0.2647 0.1284
vn -0.9712 0.2034 0.1240
vn -0.9741 0.1917 0.1197
vn -0.8892 0.4045 0.2140
vn -0.8730 0.4592 0.1641
vn -0.8397 0.5159 0.1694
vn -0.9038 0.4139 0.1088
vn -0.8558 0.5058 0.1088
vn -0.8051 0.5765 0.1395
vn -0.6461 0.7382 -0.1941
vn -0.6342 0.7513 -0.1827
vn -0.6377 0.7511 -0.1712
vn -0.8691 0.4891 -0.0733
vn -0.8103 0.5705 -0.1342
vn -0.7547 0.6402 -0.1435
vn -0.3904 0.8774 -0.2788
vn -0.4529 0.8601 -0.2347
vn -0.5243 0.8296 -0.1919
vn -0.9346 0.3533 -0.0404
vn -0.9416 0.3243 -0.0903
vn -0.9448 0.3181 -0.0789
vn -0.9695 0.2449 0.0119
vn -0.9704 0.2399 -0.0267
vn -0.9636 0.2662 -0.0258
vn -0.7917 0.6063 -0.0744
vn -0.8496 0.5244 -0.0557
vn -0.8945 0.4457 -0.0356
vn -0.9439 0.3280 0.0376
vn -0.9381 0.3407 0.0617
vn -0.9270 0.3671 0.0772
vn -0.9328 0.3555 0.0590
vn -0.9196 0.3870 0.0675
vn -0.9123 0.4008 0.0841
vn -0.7610 0.6251 0.1738
vn -0.8219 0.5508 0.1456
vn -0.8767 0.4673 0.1141
vn -0.9047 0.4137 0.1012
vn -0.8915 0.4360 0.1234
vn -0.8646 0.4792 0.1513
vn -0.9128 0.4066 0.0384
vn -0.8956 0.4409 0.0593
vn -0.8733 0.4795 0.0861
vn -0.7305 0.6818 -0.0391
vn -0.7643 0.6448 -0.0024
vn -0.7946 0.6050 0.0510
vn -0.6952 0.6749 0.2474
vn -0.7195 0.6495 0.2458
vn -0.7646 0.6033 0.2266
vn -0.7078 0.6702 0.2233
vn -0.6706 0.7010 0.2428
vn -0.6609 0.7113 0.2395
vn -0.6843 0.6811 0.2605
vn -0.6661 0.6980 0.2630
vn -0.6673 0.7025 0.2474
vn -0.6177 0.7836 -0.0665
vn -0.6064 0.7944 -0.0357
vn -0.6038 0.7969 0.0197
vn -0.7160 0.6835 0.1421
vn -0.6796 0.7213 0.1339
vn -0.6564 0.7436 0.1272
vn -0.6298 0.7442 0.2227
vn -0.6115 0.7611 0.2164
vn -0.6077 0.7713 0.1892
vn -0.6256 0.7541 0.1999
vn -0.5804 0.7920 0.1894
vn -0.5360 0.8274 0.1679
vn -0.5656 0.8055 0.1767
vn -0.5517 0.8118 0.1915
vn -0.5270 0.8317 0.1745
vn -0.5083 0.8518 -0.1270
vn -0.4290 0.8930 -0.1358
vn -0.3664 0.9212 -0.1311
vn -0.2851 0.9088 -0.3046
vn -0.2697 0.9266 -0.2619
vn -0.2613 0.9433 -0.2048
vn -0.5280 0.8488 0.0266
vn -0.4736 0.8806 -0.0156
vn -0.3962 0.9171 -0.0438
vn -0.5329 0.8386 0.1134
vn -0.5115 0.8507 0.1212
vn -0.4640 0.8764 0.1291
vn -0.4819 0.8614 0.1603
vn -0.4717 0.8630 0.1810
vn -0.4426 0.8791 0.1770
vn -0.2971 0.9548 -0.0060
vn -0.3142 0.9486 0.0381
vn -0.3365 0.9383 0.0802
vn -0.1849 0.9807 -0.0637
vn -0.1673 0.9854 -0.0331
vn -0.1574 0.9875 0.0081
vn -0.2988 0.9435 0.1435
vn -0.2607 0.9544 0.1456
vn -0.2231 0.9638 0.1462
vn -0.2178 0.8941 -0.3913
vn -0.1839 0.9004 -0.3942
vn -0.1437 0.9093 -0.3906
vn -0.1835 0.9655 -0.1847
vn -0.1683 0.9529 -0.2525
vn -0.1467 0.9398 -0.3085
vn -0.0462 0.9984 -0.0317
vn -0.0486 0.9862 -0.1585
vn -0.0470 0.9645 -0.2597
vn -0.0200 0.8269 -0.5619
vn -0.1519 0.8460 -0.5110
vn -0.2161 0.8603 -0.4617
vn 0.0045 0.8769 -0.4807
vn -0.0147 0.8870 -0.4616
vn -0.0063 0.8949 -0.4462
vn 0.1138 0.9457 -0.3043
vn 0.1807 0.9448 -0.2733
vn 0.2303 0.9411 -0.2474
vn 0.1083 0.9914 0.0740
vn 0.1811 0.9834 -0.0062
vn 0.2319 0.9671 -0.1048
vn 0.0495 0.9732 0.2244
vn 0.0702 0.9661 0.2483
vn 0.0812 0.9666 0.2433
vn 0.2679 0.9592 -0.0905
vn 0.2072 0.9779 0.0288
vn 0.1408 0.9806 0.1360
vn -0.3777 0.9067 0.1877
vn -0.3696 0.9070 0.2019
vn -0.3436 0.9178 0.1991
vn -0.4274 0.8943 0.1328
vn -0.3928 0.9057 0.1591
vn -0.3534 0.9186 0.1766
vn -0.2268 0.9472 0.2265
vn -0.2623 0.9368 0.2313
vn -0.2773 0.9371 0.2118
vn -0.0280 0.9553 0.2943
vn 0.0050 0.9503 0.3113
vn 0.0474 0.9492 0.3109
vn 0.0894 0.9486 0.3036
vn 0.0891 0.9400 0.3293
vn 0.0923 0.9418 0.3233
vn 0.1507 0.9441 0.2932
vn 0.2150 0.9374 0.2740
vn 0.2792 0.9281 0.2464
vn 0.1233 0.9628 0.2403
vn 0.1506 0.9575 0.2461
vn 0.2228 0.9449 0.2399
vn 0.1249 0.9825 0.1382
vn 0.1471 0.9885 0.0358
vn 0.2108 0.9731 -0.0932
vn 0.3461 0.9156 0.2045
vn 0.3612 0.9214 0.1434
vn 0.3779 0.9258 0.0010
vn 0.5736 0.8054 -0.1494
vn 0.6522 0.7506 -0.1062
vn 0.7180 0.6941 -0.0523
vn 0.4339 0.8681 0.2410
vn 0.5159 0.8191 0.2510
vn 0.6429 0.7401 0.1972
vn 0.1002 0.9563 0.2745
vn 0.1060 0.9665 0.2337
vn 0.1060 0.9741 0.1997
vn -0.1078 0.9614 0.2530
vn -0.0725 0.9670 0.2442
vn -0.0105 0.9759 0.2178
vn -0.1998 0.9611 0.1909
vn -0.1158 0.9739 0.1953
vn -0.0236 0.9801 0.1972
vn 0.3329 0.9241 0.1876
vn 0.2847 0.9417 0.1792
vn 0.2161 0.9598 0.1790
vn 0.7524 0.6016 0.2682
vn 0.7197 0.6140 0.3243
vn 0.7131 0.6329 0.3015
vn 0.4285 0.8798 0.2057
vn 0.5170 0.8310 0.2055
vn 0.6264 0.7513 0.2077
vn 0.8702 0.4583 0.1807
vn 0.8372 0.5007 0.2199
vn 0.7928 0.5659 0.2264
vn 0.7180 0.6079 0.3391
vn 0.7296 0.5623 0.3893
vn 0.7515 0.5520 0.3613
vn 0.8158 0.4619 0.3481
vn 0.8173 0.4568 0.3513
vn 0.8190 0.5063 0.2700
vn 0.6877 0.6855 0.2391
vn 0.7437 0.6335 0.2137
vn 0.7978 0.5750 0.1813
vn 0.6484 0.7441 0.1613
vn 0.6240 0.7734 0.1116
vn 0.6143 0.7844 0.0855
vn 0.4226 0.8917 0.1622
vn 0.4760 0.8690 0.1351
vn 0.5391 0.8353 0.1081
vn 0.3829 0.9072 0.1740
vn 0.3788 0.9122 0.1562
vn 0.3661 0.9206 0.1358
vn 0.5514 0.8303 0.0814
vn 0.4817 0.8716 0.0910
vn 0.4069 0.9081 0.0988
vn 0.1955 0.9658 0.1701
vn 0.2580 0.9543 0.1511
vn 0.3086 0.9424 0.1290
vn 0.2992 0.9515 0.0715
vn 0.2359 0.9709 0.0411
vn 0.1605 0.9869 0.0181
vn 0.0805 0.9827 0.1668
vn 0.0567 0.9903 0.1270
vn 0.0463 0.9959 0.0779
vn -0.1986 0.9657 0.1671
vn -0.1157 0.9835 0.1390
vn -0.0297 0.9950 0.0956
vn 0.3589 0.9323 0.0444
vn 0.3809 0.9238 -0.0381
vn 0.4275 0.8932 -0.1392
vn 0.1938 0.9797 -0.0521
vn 0.2805 0.9549 -0.0969
vn 0.3768 0.9142 -0.1489
vn 0.4257 0.8801 -0.2101
vn 0.3379 0.9101 -0.2400
vn 0.2589 0.9225 -0.2864
vn 0.1324 0.9886 -0.0724
vn 0.1612 0.9751 -0.1522
vn 0.1853 0.9519 -0.2439
vn 0.1153 0.9391 -0.3238
vn -0.0023 0.9569 -0.2904
vn -0.1189 0.9590 -0.2574
vn 0.0423 0.9972 -0.0615
vn -0.0351 0.9905 -0.1329
vn -0.1301 0.9732 -0.1897
vn -0.0154 0.9993 0.0355
vn -0.1211 0.9919 0.0393
vn -0.2194 0.9749 0.0389
vn -0.2873 0.9429 0.1687
vn -0.2877 0.9484 0.1333
vn -0.2852 0.9545 0.0874
vn -0.2431 0.9557 -0.1660
vn -0.2624 0.9601 -0.0965
vn -0.2747 0.9613 -0.0225
vn -0.4050 0.9129 0.0508
vn -0.3663 0.9297 0.0390
vn -0.3240 0.9453 0.0368
vn -0.3808 0.9246 0.0039
vn -0.3401 0.9377 -0.0713
vn -0.2994 0.9432 -0.1436
vn -0.2701 0.9389 -0.2134
vn -0.3020 0.9274 -0.2208
vn -0.3380 0.9128 -0.2293
vn -0.4230 0.9049 0.0473
vn -0.4146 0.9097 -0.0226
vn -0.4094 0.9054 -0.1125
vn -0.2036 0.9321 -0.2994
vn -0.1915 0.9053 -0.3791
vn -0.1773 0.8800 -0.4406
vn -0.3212 0.8928 -0.3159
vn -0.2853 0.8807 -0.3780
vn -0.2459 0.8736 -0.4200
vn -0.2404 0.8671 -0.4362
vn -0.2958 0.8418 -0.4515
vn -0.3538 0.7965 -0.4904
vn -0.3654 0.8748 -0.3181
vn -0.3670 0.8334 -0.4132
vn -0.3847 0.7810 -0.4920
vn -0.3945 0.7370 -0.5488
vn -0.3438 0.7490 -0.5664
vn -0.2702 0.7568 -0.5952
vn -0.1484 0.8666 -0.4764
vn -0.1550 0.8343 -0.5291
vn -0.1609 0.7897 -0.5920
vn -0.4638 0.8555 -0.2303
vn -0.5439 0.7820 -0.3044
vn -0.6086 0.6907 -0.3905
vn -0.4537 0.6944 -0.5586
vn -0.5141 0.6685 -0.5374
vn -0.5886 0.6356 -0.4996
vn -0.4808 0.8680 -0.1244
vn -0.5595 0.8262 -0.0655
vn -0.6236 0.7813 -0.0254
vn -0.5137 0.8503 0.1149
vn -0.5677 0.8184 0.0894
vn -0.6176 0.7852 0.0455
vn -0.6803 0.6390 -0.3591
vn -0.6957 0.6796 -0.2327
vn -0.6961 0.7099 -0.1069
vn -0.7081 0.6877 0.1601
vn -0.7031 0.7036 0.1030
vn -0.6886 0.7243 0.0354
vn -0.7502 0.6585 -0.0599
vn -0.8216 0.5603 -0.1056
vn -0.8707 0.4689 -0.1485
vn -0.7336 0.5361 -0.4176
vn -0.7977 0.4819 -0.3627
vn -0.8505 0.4387 -0.2900
vn -0.7683 0.6286 0.1208
vn -0.8323 0.5530 0.0386
vn -0.8757 0.4798 -0.0541
vn -0.7041 0.5150 -0.4889
vn -0.7348 0.4607 -0.4978
vn -0.7553 0.4118 -0.5099
vn -0.8535 0.4203 -0.3080
vn -0.8204 0.4144 -0.3940
vn -0.7914 0.3961 -0.4655
vn -0.8065 0.3388 -0.4846
vn -0.8598 0.2930 -0.4182
vn -0.9100 0.2368 -0.3404
vn -0.8942 0.3957 -0.2092
vn -0.9133 0.3440 -0.2182
vn -0.9341 0.2727 -0.2306
vn -0.9245 0.1439 -0.3529
vn -0.8950 0.1060 -0.4333
vn -0.8597 0.0729 -0.5056
vn -0.7687 0.2928 -0.5687
vn -0.7908 0.2052 -0.5766
vn -0.8088 0.1119 -0.5773
vn -0.8610 0.0180 -0.5083
vn -0.8968 -0.0120 -0.4423
vn -0.9235 -0.0370 -0.3819
vn -0.9548 0.0993 -0.2800
vn -0.9552 0.0279 -0.2947
vn -0.9521 -0.0232 -0.3047
vn -0.8918 0.4455 -0.0785
vn -0.8869 0.4619 -0.0079
vn -0.8781 0.4749 0.0581
vn -0.7449 0.6491 0.1546
vn -0.7992 0.5864 0.1320
vn -0.8428 0.5250 0.1181
vn -0.9618 0.2268 -0.1533
vn -0.9635 0.2557 -0.0793
vn -0.9616 0.2737 -0.0208
vn -0.9147 0.3895 -0.1076
vn -0.9368 0.3444 -0.0607
vn -0.9505 0.3104 -0.0123
vn -0.8902 0.4435 0.1039
vn -0.9163 0.3900 0.0912
vn -0.9359 0.3446 0.0730
vn -0.6947 0.6813 0.2307
vn -0.7211 0.6497 0.2405
vn -0.7563 0.6086 0.2399
vn -0.8591 0.4886 0.1524
vn -0.8457 0.5002 0.1859
vn -0.8239 0.5269 0.2087
vn -0.9019 0.4171 0.1121
vn -0.8687 0.4730 0.1470
vn -0.8378 0.5166 0.1768
vn -0.7234 0.6356 0.2696
vn -0.7211 0.6367 0.2731
vn -0.7356 0.6246 0.2621
vn -0.9728 0.1413 -0.1834
vn -0.9875 0.0907 -0.1291
vn -0.9960 0.0433 -0.0780
vn -0.9706 -0.0412 -0.2372
vn -0.9850 -0.0268 -0.1702
vn -0.9953 -0.0115 -0.0961
vn -0.9738 0.2274 0.0100
vn -0.9884 0.1521 -0.0009
vn -0.9974 0.0708 -0.0116
vn -0.9667 -0.0692 -0.2463
vn -0.9782 -0.1057 -0.1789
vn -0.9814 -0.1682 -0.0926
vn -0.9984 -0.0548 -0.0132
vn -0.9935 -0.1133 -0.0126
vn -0.9827 -0.1850 -0.0067
vn -0.9427 -0.0800 -0.3239
vn -0.9340 -0.1266 -0.3341
vn -0.9218 -0.1844 -0.3410
vn -0.9634 -0.2556 -0.0805
vn -0.9502 -0.2549 -0.1794
vn -0.9283 -0.2567 -0.2689
vn -0.8873 -0.3506 -0.2995
vn -0.8497 -0.4636 -0.2511
vn -0.7838 -0.5841 -0.2108
vn -0.9258 -0.3772 -0.0271
vn -0.8788 -0.4701 -0.0815
vn -0.8119 -0.5659 -0.1434
vn -0.7243 -0.6716 -0.1562
vn -0.7700 -0.6344 -0.0677
vn -0.7890 -0.6144 0.0010
vn -0.9191 -0.3911 0.0481
vn -0.8818 -0.4694 0.0456
vn -0.8421 -0.5378 0.0404
vn -0.7981 -0.5993 0.0620
vn -0.8054 -0.5838 0.1028
vn -0.8197 -0.5544 0.1439
vn -0.9291 -0.3552 0.1030
vn -0.9060 -0.3985 0.1425
vn -0.8814 -0.4433 0.1634
vn -0.8892 -0.4192 0.1836
vn -0.9096 -0.3660 0.1965
vn -0.9251 -0.3242 0.1976
vn -0.9570 -0.2750 0.0919
vn -0.9548 -0.2629 0.1389
vn -0.9519 -0.2565 0.1677
vn -0.9960 -0.0725 0.0530
vn -0.9859 -0.1335 0.1005
vn -0.9709 -0.1966 0.1370
vn -0.8392 -0.5183 0.1646
vn -0.8234 -0.5357 0.1871
vn -0.8157 -0.5439 0.1969
vn -0.9216 -0.3341 0.1976
vn -0.9068 -0.3640 0.2127
vn -0.8917 -0.3987 0.2143
vn -0.9050 -0.3796 0.1921
vn -0.9118 -0.3523 0.2109
vn -0.9208 -0.3141 0.2311
vn -0.9394 -0.2945 0.1754
vn -0.9345 -0.2950 0.1990
vn -0.9291 -0.2862 0.2341
vn -0.9994 -0.0099 0.0346
vn -0.9976 -0.0005 0.0691
vn -0.9950 0.0139 0.0987
vn -0.9654 -0.2206 0.1391
vn -0.9790 -0.1596 0.1272
vn -0.9890 -0.0820 0.1230
vn -0.9648 0.2584 0.0495
vn -0.9806 0.1846 0.0666
vn -0.9891 0.1128 0.0947
vn -0.9457 -0.2193 0.2398
vn -0.9707 -0.1505 0.1871
vn -0.9865 -0.0554 0.1539
vn -0.9206 0.3830 0.0762
vn -0.9031 0.4156 0.1079
vn -0.8935 0.4245 0.1465
vn -0.7862 0.5820 0.2077
vn -0.8146 0.5457 0.1965
vn -0.8528 0.4866 0.1896
vn -0.9765 0.1524 0.1525
vn -0.9544 0.2480 0.1662
vn -0.9212 0.3466 0.1771
vn -0.8791 0.4207 0.2242
vn -0.8675 0.4179 0.2699
vn -0.8542 0.4215 0.3043
vn -0.7520 0.6046 0.2626
vn -0.7636 0.5771 0.2897
vn -0.7942 0.5248 0.3063
vn -0.9646 0.1701 0.2015
vn -0.9335 0.2549 0.2522
vn -0.8966 0.3359 0.2886
vn -0.7674 0.5806 0.2721
vn -0.7721 0.5643 0.2923
vn -0.7927 0.5291 0.3027
vn -0.9794 0.0921 0.1797
vn -0.9611 0.1266 0.2455
vn -0.9374 0.1331 0.3220
vn -0.8774 0.3670 0.3089
vn -0.8997 0.2908 0.3256
vn -0.9132 0.2019 0.3540
vn -0.9185 -0.1753 0.3545
vn -0.9257 -0.0693 0.3719
vn -0.9218 0.0553 0.3837
vn -0.8286 0.4622 0.3158
vn -0.8255 0.4551 0.3339
vn -0.8326 0.4309 0.3481
vn -0.8222 0.5259 0.2178
vn -0.8313 0.5049 0.2325
vn -0.8417 0.4675 0.2702
vn -0.8815 0.2164 0.4198
vn -0.8631 0.2800 0.4203
vn -0.8532 0.3342 0.4005
vn -0.8869 0.3236 0.3296
vn -0.8854 0.3484 0.3079
vn -0.8766 0.3655 0.3130
vn -0.8656 0.2988 0.4019
vn -0.8620 0.2471 0.4425
vn -0.8506 0.2201 0.4776
vn -0.8233 0.2189 0.5237
vn -0.8132 0.2123 0.5419
vn -0.8172 0.2167 0.5341
vn -0.8801 0.1709 0.4429
vn -0.8632 0.2032 0.4622
vn -0.8512 0.2205 0.4763
vn -0.8019 0.2675 0.5342
vn -0.7784 0.2982 0.5524
vn -0.7878 0.2913 0.5427
vn -0.7987 0.3184 0.5105
vn -0.7754 0.3410 0.5316
vn -0.7463 0.3070 0.5905
vn -0.7972 0.2731 0.5384
vn -0.7600 0.3335 0.5578
vn -0.7200 0.3051 0.6233
vn -0.8883 0.1064 0.4468
vn -0.8796 0.0785 0.4692
vn -0.8776 0.0601 0.4756
vn -0.8389 0.2424 0.4874
vn -0.8518 0.1948 0.4863
vn -0.8628 0.1443 0.4845
vn -0.8953 -0.1470 0.4205
vn -0.8850 -0.0970 0.4553
vn -0.8859 -0.0247 0.4632
vn -0.7613 0.2598 0.5941
vn -0.8272 0.1985 0.5257
vn -0.8588 0.1548 0.4883
vn -0.4705 0.2611 0.8429
vn -0.4138 0.2805 0.8661
vn -0.4147 0.2508 0.8747
vn -0.8635 0.0218 0.5039
vn -0.8103 0.0711 0.5817
vn -0.6978 0.0789 0.7119
vn -0.2574 0.2431 0.9352
vn -0.1592 0.2112 0.9644
vn -0.1694 0.1573 0.9729
vn -0.3649 0.0478 0.9298
vn -0.2998 0.0304 0.9535
vn -0.2946 0.0051 0.9556
vn -0.8526 -0.3921 0.3454
vn -0.7845 -0.5140 0.3470
vn -0.7173 -0.5898 0.3710
vn -0.6234 -0.1785 0.7613
vn -0.6583 -0.3299 0.6766
vn -0.6589 -0.4647 0.5915
vn -0.4027 -0.2288 0.8863
vn -0.4468 -0.3613 0.8184
vn -0.4911 -0.4980 0.7147
vn -0.8874 -0.4571 0.0602
vn -0.7996 -0.5984 -0.0507
vn -0.7379 -0.6693 -0.0865
vn -0.5908 -0.7844 0.1889
vn -0.6054 -0.7863 0.1231
vn -0.6265 -0.7782 0.0429
vn -0.5230 -0.8487 -0.0781
vn -0.4572 -0.8856 -0.0814
vn -0.4348 -0.8989 -0.0544
vn -0.4511 -0.8899 0.0675
vn -0.4167 -0.9091 0.0022
vn -0.4096 -0.9122 -0.0100
vn -0.5574 -0.8172 -0.1465
vn -0.5824 -0.8033 -0.1248
vn -0.6341 -0.7693 -0.0782
vn -0.4618 -0.8867 -0.0199
vn -0.5152 -0.8566 -0.0279
vn -0.5901 -0.8066 -0.0343
vn -0.8073 -0.5740 -0.1369
vn -0.7727 -0.6266 -0.1012
vn -0.7369 -0.6727 -0.0669
vn -0.7664 -0.6206 -0.1656
vn -0.6825 -0.7056 -0.1906
vn -0.6118 -0.7630 -0.2085
vn -0.7909 -0.5732 -0.2142
vn -0.6858 -0.6545 -0.3183
vn -0.5773 -0.6964 -0.4263
vn -0.5635 -0.7785 -0.2763
vn -0.5272 -0.7788 -0.3397
vn -0.5103 -0.7558 -0.4103
vn -0.3575 -0.2781 0.8915
vn -0.3622 -0.4024 0.8407
vn -0.3372 -0.5179 0.7862
vn -0.4314 -0.7382 0.5186
vn -0.4000 -0.7335 0.5495
vn -0.3597 -0.7401 0.5682
vn -0.1998 -0.5160 0.8329
vn -0.1868 -0.4394 0.8787
vn -0.1642 -0.3706 0.9142
vn -0.3189 -0.1589 0.9344
vn -0.3062 -0.1840 0.9340
vn -0.2470 -0.2046 0.9472
vn -0.0713 -0.6486 0.7578
vn -0.0215 -0.6085 0.7933
vn 0.0424 -0.5596 0.8277
vn -0.0323 -0.3670 0.9297
vn 0.0048 -0.4115 0.9114
vn 0.0480 -0.4262 0.9034
vn 0.1679 -0.3402 0.9253
vn 0.1853 -0.3197 0.9292
vn 0.2048 -0.2782 0.9384
vn 0.0276 -0.2278 0.9733
vn 0.0793 -0.2283 0.9704
vn 0.1364 -0.2195 0.9660
vn 0.2451 -0.2759 0.9294
vn 0.2984 -0.2184 0.9291
vn 0.3586 -0.1717 0.9175
vn 0.3050 -0.2018 0.9307
vn 0.3510 -0.1742 0.9200
vn 0.3970 -0.1302 0.9085
vn 0.2874 -0.3180 0.9035
vn 0.3297 -0.2858 0.8998
vn 0.3694 -0.2893 0.8831
vn 0.4277 -0.1322 0.8942
vn 0.4068 -0.1599 0.8994
vn 0.4077 -0.2060 0.8896
vn -0.0053 -0.0816 0.9966
vn 0.0543 -0.0450 0.9975
vn 0.1237 -0.0586 0.9906
vn 0.2410 -0.0937 0.9660
vn 0.2392 -0.0655 0.9688
vn 0.2387 -0.0737 0.9683
vn 0.1322 -0.0765 0.9883
vn 0.0578 -0.0880 0.9944
vn -0.0228 -0.0980 0.9949
vn -0.1554 -0.0541 0.9864
vn -0.1730 -0.0165 0.9848
vn -0.1767 -0.0449 0.9832
vn -0.3377 -0.0357 0.9406
vn -0.3705 -0.0153 0.9287
vn -0.3167 -0.0380 0.9478
vn 0.2415 -0.1019 0.9650
vn 0.2378 -0.1458 0.9603
vn 0.2434 -0.1848 0.9522
vn -0.0032 -0.1126 0.9936
vn 0.0770 -0.1365 0.9876
vn 0.1616 -0.1482 0.9757
vn -0.2008 0.0057 0.9796
vn -0.1851 -0.0048 0.9827
vn -0.1693 -0.0443 0.9846
vn -0.3025 -0.1118 0.9466
vn -0.3294 -0.1376 0.9341
vn -0.2723 -0.1538 0.9498
vn -0.1075 0.0898 0.9901
vn -0.0428 0.1059 0.9934
vn -0.0003 0.0969 0.9953
vn -0.0013 -0.0872 0.9962
vn 0.0568 -0.0489 0.9972
vn 0.0865 -0.0043 0.9962
vn -0.2520 0.2869 0.9242
vn -0.1000 0.2237 0.9695
vn -0.0134 0.1653 0.9861
vn 0.2213 -0.0898 0.9711
vn 0.1783 -0.0193 0.9838
vn 0.1081 0.0257 0.9938
vn -0.1171 -0.1393 0.9833
vn -0.1196 -0.1575 0.9802
vn -0.1015 -0.0934 0.9904
vn -0.1663 -0.2434 0.9556
vn -0.2160 -0.2662 0.9394
vn -0.3044 -0.2093 0.9293
vn -0.2536 -0.2009 0.9462
vn -0.2745 -0.2687 0.9233
vn -0.3160 -0.2076 0.9258
vn -0.2620 0.0952 0.9603
vn -0.3648 0.0798 0.9277
vn -0.4032 0.0628 0.9129
vn 0.0631 0.1373 0.9885
vn 0.1020 0.0232 0.9945
vn 0.1183 -0.1184 0.9859
vn 0.2548 -0.2124 0.9434
vn 0.2052 -0.2391 0.9491
vn 0.1686 -0.2482 0.9539
vn 0.2794 -0.4860 0.8281
vn 0.2514 -0.3743 0.8926
vn 0.2107 -0.3015 0.9299
vn 0.3165 -0.4964 0.8083
vn 0.3284 -0.4033 0.8541
vn 0.3391 -0.3086 0.8887
vn 0.1134 -0.5200 0.8466
vn 0.1387 -0.3738 0.9171
vn 0.1634 -0.2757 0.9473
vn -0.1818 0.2967 0.9375
vn -0.3103 0.3518 0.8831
vn -0.3581 0.2118 0.9093
vn 0.0668 -0.1854 0.9804
vn -0.0530 -0.1658 0.9847
vn -0.1762 -0.1322 0.9754
vn 0.1436 -0.4744 0.8685
vn 0.0383 -0.3480 0.9367
vn -0.0733 -0.2665 0.9610
vn -0.5796 0.4298 0.6924
vn -0.5498 0.4996 0.6694
vn -0.4638 0.3651 0.8072
vn -0.1152 -0.5277 0.8416
vn -0.0841 -0.3787 0.9217
vn -0.0613 -0.2407 0.9687
vn -0.4658 0.0643 0.8826
vn -0.2547 -0.0017 0.9670
vn -0.0691 -0.0261 0.9973
vn -0.0268 -0.1815 0.9830
vn 0.0169 -0.1551 0.9877
vn 0.0348 -0.0981 0.9946
vn 0.1814 0.0255 0.9831
vn 0.1604 -0.0103 0.9870
vn 0.1099 -0.0275 0.9936
vn -0.6669 0.4033 0.6266
vn -0.6635 0.5932 0.4560
vn -0.5271 0.5852 0.6162
vn 0.0459 0.0791 0.9958
vn 0.0328 0.2527 0.9670
vn -0.0175 0.3329 0.9428
vn -0.4192 0.3503 0.8376
vn -0.5981 0.5343 0.5973
vn -0.6401 0.5158 0.5694
vn 0.2252 0.1374 0.9646
vn 0.2238 0.1724 0.9593
vn 0.1662 0.1822 0.9691
vn -0.1478 -0.5628 0.8133
vn -0.2454 -0.5061 0.8268
vn -0.3292 -0.4719 0.8179
vn -0.2048 -0.0433 0.9778
vn -0.3056 -0.2002 0.9309
vn -0.3965 -0.3489 0.8491
vn -0.5306 -0.0498 0.8462
vn -0.6300 -0.2008 0.7502
vn -0.5385 -0.3273 0.7765
vn 0.0346 -0.5883 0.8079
vn -0.2083 -0.5092 0.8351
vn -0.3234 -0.4822 0.8142
vn 0.1432 -0.2676 0.9528
vn -0.1422 -0.3559 0.9236
vn -0.3545 -0.4061 0.8423
vn 0.2410 -0.1264 0.9623
vn 0.1650 -0.0912 0.9821
vn 0.0681 -0.0670 0.9954
vn 0.1712 -0.0627 0.9832
vn 0.2188 0.0417 0.9749
vn 0.1894 0.0594 0.9801
vn 0.1674 -0.0178 0.9857
vn 0.1693 0.0971 0.9808
vn 0.1658 0.1339 0.9770
vn 0.0596 0.1595 0.9854
vn -0.0239 0.1556 0.9875
vn -0.1667 0.1313 0.9772
vn 0.1226 -0.1207 0.9851
vn 0.0143 0.0135 0.9998
vn -0.1374 0.0691 0.9881
vn -0.3507 0.0215 0.9363
vn -0.3418 -0.1447 0.9285
vn -0.3292 -0.3850 0.8622
vn 0.1013 -0.6067 0.7884
vn -0.0474 -0.6568 0.7526
vn -0.2114 -0.6517 0.7284
vn -0.4971 0.2762 0.8226
vn -0.4690 0.2078 0.8584
vn -0.4219 0.1449 0.8950
vn -0.5838 0.0350 0.8112
vn -0.7332 -0.0522 0.6781
vn -0.8321 -0.1602 0.5310
vn -0.3839 -0.6134 0.6902
vn -0.5825 -0.5323 0.6142
vn -0.7621 -0.4107 0.5006
vn -0.7274 0.2307 0.6462
vn -0.8102 0.1659 0.5621
vn -0.8594 0.1165 0.4979
vn -0.6260 0.1004 0.7734
vn -0.7754 0.0999 0.6235
vn -0.8642 0.0872 0.4955
vn -0.9217 -0.1241 0.3675
vn -0.9363 -0.0398 0.3490
vn -0.9356 0.0162 0.3528
vn -0.8876 0.1087 0.4476
vn -0.8920 0.1016 0.4404
vn -0.9002 0.0754 0.4289
vn -0.9544 -0.1383 0.2644
vn -0.9755 -0.0832 0.2037
vn -0.9789 -0.0820 0.1869
vn -0.9630 -0.0272 0.2680
vn -0.9741 -0.0615 0.2177
vn -0.9748 -0.0813 0.2077
vn -0.8844 -0.3393 0.3205
vn -0.8895 -0.3890 0.2399
vn -0.8663 -0.4683 0.1737
vn -0.9804 -0.1147 0.1600
vn -0.9768 -0.1517 0.1514
vn -0.9458 -0.2866 0.1530
vn -0.9700 -0.1660 0.1776
vn -0.9671 -0.1949 0.1633
vn -0.9435 -0.2963 0.1486
vn -0.8058 -0.5710 0.1569
vn -0.8382 -0.5291 0.1322
vn -0.8559 -0.5060 0.1069
vn -0.9452 -0.0047 0.3264
vn -0.9531 -0.0314 0.3011
vn -0.9471 -0.0572 0.3158
vn -0.9046 0.0217 0.4257
vn -0.9142 -0.0097 0.4053
vn -0.9195 -0.0368 0.3915
vn -0.9568 -0.1087 0.2698
vn -0.9508 -0.1055 0.2914
vn -0.9428 -0.1102 0.3147
vn -0.9031 -0.1371 0.4069
vn -0.8918 -0.1327 0.4324
vn -0.9012 -0.1223 0.4157
vn -0.9503 -0.2111 0.2288
vn -0.9402 -0.2434 0.2383
vn -0.9326 -0.2666 0.2431
vn -0.9147 -0.3647 0.1741
vn -0.9350 -0.2965 0.1947
vn -0.9352 -0.2841 0.2115
vn -0.9160 -0.3728 0.1484
vn -0.9252 -0.3371 0.1740
vn -0.9259 -0.3195 0.2017
vn -0.8551 -0.5131 0.0746
vn -0.8269 -0.5571 0.0765
vn -0.7925 -0.6005 0.1066
vn -0.9212 -0.2909 0.2585
vn -0.9126 -0.3173 0.2579
vn -0.9128 -0.3183 0.2558
vn -0.9123 -0.1487 0.3815
vn -0.9040 -0.1639 0.3948
vn -0.9020 -0.1745 0.3949
vn -0.9454 -0.1623 0.2826
vn -0.9329 -0.1696 0.3178
vn -0.9216 -0.1811 0.3434
vn -0.9170 -0.2819 0.2824
vn -0.9123 -0.2614 0.3152
vn -0.9091 -0.2362 0.3431
vn -0.9097 -0.2047 0.3614
vn -0.8890 -0.2273 0.3976
vn -0.8899 -0.2221 0.3984
vn -0.1765 -0.7203 0.6709
vn -0.2102 -0.8161 0.5383
vn -0.2230 -0.8797 0.4199
vn -0.1543 -0.9300 0.3335
vn -0.2190 -0.9298 0.2958
vn -0.2644 -0.9211 0.2858
vn -0.3116 -0.9421 0.1234
vn -0.2514 -0.9641 0.0854
vn -0.2398 -0.9611 0.1371
vn -0.2033 -0.9538 0.2213
vn -0.2339 -0.9600 0.1542
vn -0.3068 -0.9279 0.2118
vn 0.2549 0.6614 -0.7054
vn 0.2618 0.5532 -0.7909
vn 0.2553 0.4451 -0.8583
vn 0.5365 0.6716 -0.5110
vn 0.5535 0.6886 -0.4685
vn 0.5017 0.7734 -0.3875
vn 0.6870 0.4661 -0.5575
vn 0.6337 0.2717 -0.7243
vn 0.5056 0.1696 -0.8459
vn 0.8583 0.3482 -0.3768
vn 0.8145 0.0669 -0.5763
vn 0.6693 -0.1134 -0.7343
vn 0.2914 -0.2115 -0.9329
vn 0.3072 -0.2843 -0.9082
vn 0.2795 -0.3058 -0.9101
vn 0.6572 0.5919 -0.4666
vn 0.7180 0.1539 -0.6789
vn 0.6073 -0.1790 -0.7740
vn -0.5679 -0.4044 -0.7168
vn -0.4438 -0.4694 -0.7634
vn -0.2295 -0.4928 -0.8393
vn -0.1740 0.0301 -0.9843
vn -0.0016 -0.3591 -0.9333
vn 0.1311 -0.4995 -0.8563
vn -0.8703 -0.2882 -0.3994
vn -0.6027 -0.5328 -0.5941
vn -0.3024 -0.5929 -0.7464
vn 0.7345 0.1954 0.6499
vn 0.6955 0.1916 0.6926
vn 0.6650 0.1764 0.7257
vn 0.6641 0.1355 0.7353
vn 0.6909 0.1173 0.7133
vn 0.7278 0.1379 0.6718
vn 0.8187 0.1850 0.5437
vn 0.8269 0.1794 0.5329
vn 0.8141 0.1844 0.5507
vn 0.6536 0.1053 0.7494
vn 0.6705 0.1291 0.7306
vn 0.7013 0.1615 0.6943
vn 0.8367 0.2815 0.4699
vn 0.8741 0.3003 0.3818
vn 0.9155 0.3037 0.2639
vn 0.8820 0.1220 0.4552
vn 0.9352 0.0991 0.3399
vn 0.9678 0.1093 0.2267
vn 0.9187 0.0181 0.3946
vn 0.9712 0.0274 0.2369
vn 0.9919 0.0593 0.1120
vn 0.7896 0.3041 0.5330
vn 0.8269 0.3219 0.4610
vn 0.8710 0.3178 0.3747
vn 0.9087 0.3883 0.1533
vn 0.9027 0.3679 0.2232
vn 0.9044 0.3342 0.2653
vn 0.9091 0.2609 0.3247
vn 0.9022 0.1849 0.3897
vn 0.8728 0.1156 0.4742
vn 0.7304 0.2271 0.6441
vn 0.7190 0.1728 0.6732
vn 0.7289 0.1069 0.6762
vn 0.9116 0.1969 0.3608
vn 0.9459 0.2474 0.2100
vn 0.9561 0.2862 0.0626
vn 0.9343 0.2904 0.2067
vn 0.9524 0.2823 0.1149
vn 0.9559 0.2937 0.0079
vn 0.8838 0.4429 -0.1504
vn 0.8854 0.4359 -0.1614
vn 0.9053 0.3981 -0.1482
vn 0.8779 0.2270 0.4216
vn 0.9292 0.2258 0.2927
vn 0.9666 0.2005 0.1600
vn 0.9575 0.2836 -0.0528
vn 0.9727 0.2316 -0.0168
vn 0.9822 0.1877 0.0115
vn 0.8021 0.4912 -0.3396
vn 0.7630 0.5297 -0.3706
vn 0.7514 0.5529 -0.3601
vn 0.8488 0.4703 -0.2414
vn 0.8042 0.5208 -0.2863
vn 0.7768 0.5491 -0.3083
vn 0.8465 0.3894 -0.3630
vn 0.8369 0.4021 -0.3713
vn 0.8557 0.4024 -0.3253
vn 0.7360 0.5891 -0.3336
vn 0.7683 0.5578 -0.3140
vn 0.8305 0.4869 -0.2707
vn 0.7576 0.6480 -0.0785
vn 0.7458 0.6341 -0.2040
vn 0.7458 0.6064 -0.2758
vn 0.7785 0.6276 -0.0063
vn 0.8296 0.5498 -0.0970
vn 0.8684 0.4689 -0.1615
vn 0.9288 0.3705 -0.0073
vn 0.9355 0.3473 -0.0648
vn 0.9194 0.3697 -0.1339
vn 0.9167 0.3322 -0.2220
vn 0.9264 0.3048 -0.2210
vn 0.9090 0.3334 -0.2501
vn 0.8749 0.4687 -0.1216
vn 0.8719 0.4477 -0.1983
vn 0.8524 0.4569 -0.2541
vn 0.5280 0.7728 -0.3522
vn 0.6030 0.7069 -0.3696
vn 0.6897 0.6305 -0.3560
vn 0.8969 0.2184 -0.3846
vn 0.8739 0.2270 -0.4299
vn 0.8535 0.2503 -0.4571
vn 0.8826 0.3522 -0.3115
vn 0.8679 0.3210 -0.3790
vn 0.8494 0.3046 -0.4309
vn 0.8348 0.3826 -0.3959
vn 0.8309 0.3465 -0.4353
vn 0.8184 0.3327 -0.4686
vn 0.9656 0.1304 -0.2250
vn 0.9430 0.1059 -0.3156
vn 0.8996 0.0865 -0.4281
vn 0.9378 -0.1561 0.3100
vn 0.9894 -0.1446 -0.0111
vn 0.9428 -0.0938 -0.3199
vn 0.7849 0.2720 -0.5568
vn 0.7656 0.2370 -0.5981
vn 0.7566 0.1811 -0.6284
vn 0.6858 0.5475 -0.4795
vn 0.6133 0.5741 -0.5425
vn 0.5542 0.5833 -0.5939
vn 0.7626 0.3438 -0.5480
vn 0.7091 0.3839 -0.5914
vn 0.6155 0.4397 -0.6541
vn 0.5418 0.1462 -0.8277
vn 0.4888 0.2198 -0.8442
vn 0.4511 0.3250 -0.8312
vn 0.8339 -0.2861 0.4720
vn 0.9035 -0.3816 0.1950
vn 0.9125 -0.3951 -0.1065
vn 0.6828 -0.1594 -0.7130
vn 0.6991 -0.2379 -0.6743
vn 0.7615 -0.2861 -0.5816
vn 0.6640 -0.3951 0.6348
vn 0.7873 -0.4324 0.4396
vn 0.8889 -0.4499 0.0860
vn 0.4656 -0.0034 -0.8850
vn 0.3165 0.0227 -0.9483
vn 0.2113 0.1004 -0.9723
vn 0.5828 -0.1809 -0.7922
vn 0.3906 -0.0420 -0.9196
vn 0.2400 0.0719 -0.9681
vn 0.1871 0.3981 -0.8980
vn 0.1026 0.3195 -0.9420
vn 0.0740 0.2692 -0.9602
vn 0.3578 0.7019 -0.6159
vn 0.3501 0.7535 -0.5565
vn 0.3522 0.7789 -0.5190
vn 0.5937 0.6685 -0.4480
vn 0.4892 0.7351 -0.4693
vn 0.4159 0.7729 -0.4791
vn 0.3904 0.8351 -0.3875
vn 0.3700 0.8240 -0.4290
vn 0.3625 0.8151 -0.4519
vn 0.8181 0.0325 0.5742
vn 0.7062 -0.3167 0.6332
vn 0.6196 -0.4019 0.6743
vn 0.9714 0.1294 -0.1993
vn 0.8759 -0.2403 -0.4185
vn 0.8122 -0.3468 -0.4691
vn 0.4901 0.5357 -0.6877
vn 0.2591 0.2807 -0.9242
vn 0.1584 0.1916 -0.9686
vn 0.3359 -0.0773 0.9387
vn 0.4221 -0.2521 0.8708
vn 0.4900 -0.3606 0.7936
vn -0.1250 0.5989 -0.7910
vn -0.0701 0.4370 -0.8967
vn -0.0064 0.2920 -0.9564
vn 0.0246 0.5795 -0.8146
vn -0.0564 0.4014 -0.9142
vn -0.0379 0.3124 -0.9492
vn 0.1520 0.6443 -0.7495
vn 0.1488 0.6369 -0.7564
vn 0.1957 0.6232 -0.7572
vn 0.3102 0.7730 -0.5534
vn 0.3196 0.7904 -0.5226
vn 0.3263 0.8016 -0.5010
vn 0.3288 0.8188 -0.4705
vn 0.3305 0.8220 -0.4638
vn 0.3454 0.8202 -0.4560
vn 0.3269 0.7952 -0.5107
vn 0.3652 0.7814 -0.5061
vn 0.3651 0.7973 -0.4806
vn 0.3338 0.8667 -0.3707
vn 0.3455 0.8514 -0.3947
vn 0.3521 0.8418 -0.4092
vn 0.3910 0.7712 -0.5023
vn 0.3833 0.7689 -0.5117
vn 0.3617 0.7938 -0.4889
vn 0.3369 0.9135 -0.2280
vn 0.3279 0.9121 -0.2460
vn 0.2973 0.9204 -0.2539
vn 0.3182 0.8971 -0.3064
vn 0.3280 0.8770 -0.3512
vn 0.3311 0.8603 -0.3875
vn 0.2078 0.8942 -0.3964
vn 0.2667 0.8784 -0.3967
vn 0.3014 0.8625 -0.4064
vn 0.2561 0.8679 -0.4257
vn 0.2808 0.8593 -0.4275
vn 0.1980 0.8818 -0.4281
vn 0.3250 0.8251 -0.4622
vn 0.3524 0.8143 -0.4613
vn 0.3384 0.8250 -0.4526
vn 0.4038 0.7596 -0.5099
vn 0.3640 0.7674 -0.5279
vn 0.2840 0.8179 -0.5004
vn 0.3528 0.8174 -0.4553
vn 0.2174 0.8803 -0.4217
vn 0.0723 0.9276 -0.3665
vn 0.3385 0.8786 -0.3368
vn 0.2499 0.9303 -0.2686
vn 0.1516 0.9645 -0.2161
vn 0.6366 0.0736 0.7677
vn 0.6377 0.0695 0.7671
vn 0.6664 0.0604 0.7432
vn 0.6532 0.0681 0.7541
vn 0.6093 0.0413 0.7919
vn 0.5960 0.0160 0.8028
vn 0.6408 0.0324 0.7670
vn 0.6316 0.0095 0.7752
vn 0.6227 -0.0041 0.7824
vn 0.1663 -0.5586 0.8126
vn 0.2040 -0.5894 0.7817
vn 0.2433 -0.5916 0.7686
vn 0.1696 -0.6115 0.7729
vn 0.1998 -0.5741 0.7940
vn 0.2388 -0.5535 0.7978
vn 0.2884 -0.4708 0.8338
vn 0.2946 -0.5524 0.7797
vn 0.3097 -0.5873 0.7478
vn 0.5435 -0.4393 0.7153
vn 0.4917 -0.5132 0.7035
vn 0.4237 -0.5484 0.7209
vn 0.4278 -0.3844 0.8181
vn 0.4292 -0.4249 0.7970
vn 0.4081 -0.4704 0.7824
vn 0.5592 -0.3567 0.7484
vn 0.5333 -0.3958 0.7476
vn 0.5011 -0.3804 0.7773
vn 0.2546 -0.4355 0.8635
vn 0.2839 -0.4341 0.8549
vn 0.3060 -0.4644 0.8311
vn 0.5034 -0.2315 0.8325
vn 0.5425 -0.1731 0.8220
vn 0.5723 -0.1105 0.8126
vn 0.6283 -0.1635 0.7606
vn 0.6411 -0.1103 0.7595
vn 0.6291 -0.0792 0.7733
vn 0.5205 -0.0379 0.8530
vn 0.5502 -0.0061 0.8350
vn 0.5695 -0.0051 0.8220
vn 0.5505 0.0027 0.8348
vn 0.6029 0.0507 0.7962
vn 0.6634 0.0944 0.7423
vn 0.6747 0.0466 0.7366
vn 0.6791 -0.0083 0.7340
vn 0.6647 -0.0863 0.7421
vn -0.0892 -0.9773 0.1923
vn -0.1519 -0.9354 0.3194
vn -0.2251 -0.8308 0.5090
vn -0.1747 -0.9631 0.2045
vn -0.4207 -0.8586 0.2929
vn -0.7026 -0.6085 0.3689
vn -0.1137 -0.9816 0.1537
vn -0.3093 -0.9376 0.1590
vn -0.5759 -0.8029 0.1540
vn -0.1175 -0.9911 0.0624
vn -0.2826 -0.9545 0.0952
vn -0.5298 -0.8382 0.1293
vn -0.1301 -0.9910 0.0314
vn -0.3202 -0.9466 0.0373
vn -0.5744 -0.8167 0.0552
vn -0.2123 -0.9753 -0.0608
vn -0.3866 -0.9217 -0.0328
vn -0.5860 -0.8093 0.0398
vn -0.2714 -0.9625 -0.0020
vn -0.4989 -0.8662 0.0287
vn -0.7075 -0.7034 0.0674
vn -0.6996 -0.6997 0.1451
vn -0.5417 -0.8341 0.1047
vn -0.4200 -0.9060 0.0526
vn -0.1515 -0.9883 0.0196
vn -0.2318 -0.9725 0.0222
vn -0.2982 -0.9543 0.0182
vn -0.7557 -0.6415 0.1322
vn -0.6305 -0.7700 0.0981
vn -0.4851 -0.8724 0.0595
vn -0.7223 -0.6910 0.0288
vn -0.6038 -0.7969 0.0167
vn -0.4545 -0.8907 0.0036
vn -0.4933 -0.8478 -0.1947
vn -0.3849 -0.9144 -0.1252
vn -0.3323 -0.9417 -0.0520
vn -0.0240 -0.9997 -0.0086
vn -0.0072 -0.9996 -0.0267
vn -0.0071 -0.9986 -0.0520
vn -0.2292 -0.9726 -0.0388
vn -0.1392 -0.9880 -0.0668
vn -0.0711 -0.9938 -0.0854
vn -0.3986 -0.8941 -0.2042
vn -0.2454 -0.9548 -0.1675
vn -0.1288 -0.9828 -0.1327
vn 0.0261 -0.9996 -0.0145
vn 0.0349 -0.9992 -0.0204
vn 0.0383 -0.9989 -0.0287
vn 0.0171 -0.9979 -0.0631
vn 0.0379 -0.9979 -0.0523
vn 0.0451 -0.9978 -0.0477
vn 0.0501 -0.9986 -0.0180
vn 0.0417 -0.9989 -0.0196
vn 0.0383 -0.9988 -0.0301
vn 0.0430 -0.9975 -0.0561
vn 0.0568 -0.9955 -0.0760
vn 0.0814 -0.9910 -0.1062
vn 0.1028 -0.9943 -0.0272
vn 0.1073 -0.9927 -0.0549
vn 0.1114 -0.9885 -0.1021
vn 0.0519 -0.9961 -0.0711
vn 0.0659 -0.9931 -0.0968
vn 0.0817 -0.9886 -0.1266
vn 0.1058 -0.9828 -0.1516
vn 0.0997 -0.9826 -0.1566
vn 0.0975 -0.9823 -0.1601
vn 0.0160 -0.9941 -0.1069
vn 0.0582 -0.9899 -0.1296
vn 0.0841 -0.9853 -0.1489
vn 0.1205 -0.9741 -0.1912
vn 0.1409 -0.9662 -0.2160
vn 0.1660 -0.9544 -0.2480
vn 0.1325 -0.9736 -0.1857
vn 0.1434 -0.9655 -0.2172
vn 0.1689 -0.9518 -0.2561
vn -0.4881 -0.8315 -0.2653
vn -0.3809 -0.8647 -0.3274
vn -0.2778 -0.8818 -0.3811
vn -0.0615 -0.9890 -0.1349
vn -0.0775 -0.9771 -0.1981
vn -0.1057 -0.9537 -0.2815
vn 0.0783 -0.9802 -0.1817
vn 0.0315 -0.9768 -0.2120
vn -0.0494 -0.9621 -0.2681
vn 0.1035 -0.9760 -0.1918
vn 0.1047 -0.9665 -0.2343
vn 0.0977 -0.9472 -0.3055
vn 0.1854 -0.9370 -0.2961
vn 0.1617 -0.9361 -0.3125
vn 0.1335 -0.9314 -0.3387
vn -0.1309 -0.9186 -0.3729
vn -0.0609 -0.9118 -0.4060
vn -0.0029 -0.9027 -0.4303
vn -0.6568 -0.6858 -0.3134
vn -0.6598 -0.6124 -0.4355
vn -0.6581 -0.5386 -0.5261
vn -0.3588 -0.7937 -0.4912
vn -0.4866 -0.6834 -0.5443
vn -0.5855 -0.5770 -0.5694
vn -0.8650 -0.3043 -0.3989
vn -0.8038 -0.3611 -0.4727
vn -0.7304 -0.4185 -0.5398
vn -0.6243 -0.4735 -0.6213
vn -0.5652 -0.4726 -0.6762
vn -0.4960 -0.4829 -0.7216
vn -0.2898 -0.8114 -0.5076
vn -0.3296 -0.7092 -0.6233
vn -0.3623 -0.6130 -0.7021
vn -0.1009 -0.8505 -0.5163
vn -0.2158 -0.7583 -0.6151
vn -0.3169 -0.6594 -0.6817
vn -0.8874 -0.2126 -0.4090
vn -0.8610 -0.1862 -0.4732
vn -0.8235 -0.1735 -0.5401
vn -0.6968 -0.3857 -0.6047
vn -0.7188 -0.3096 -0.6225
vn -0.7414 -0.2407 -0.6264
vn -0.5521 -0.4200 -0.7202
vn -0.6271 -0.3455 -0.6981
vn -0.6939 -0.2720 -0.6667
vn -0.5023 -0.4648 -0.7291
vn -0.5181 -0.4075 -0.7520
vn -0.5360 -0.3436 -0.7712
vn -0.7282 -0.2046 -0.6541
vn -0.6800 -0.2054 -0.7039
vn -0.6271 -0.2066 -0.7511
vn -0.9181 -0.0684 -0.3905
vn -0.8860 -0.0937 -0.4541
vn -0.8441 -0.1267 -0.5210
vn -0.8025 -0.0107 -0.5966
vn -0.8026 -0.0686 -0.5925
vn -0.7980 -0.1281 -0.5889
vn -0.7481 -0.0067 -0.6635
vn -0.6944 -0.0508 -0.7178
vn -0.6400 -0.1048 -0.7612
vn 0.1444 -0.9094 -0.3901
vn 0.1863 -0.8800 -0.4370
vn 0.2221 -0.8481 -0.4811
vn 0.2393 -0.9024 -0.3583
vn 0.2370 -0.8710 -0.4304
vn 0.2499 -0.8312 -0.4966
vn 0.3525 -0.7519 -0.5571
vn 0.4397 -0.7195 -0.5375
vn 0.5469 -0.6768 -0.4927
vn 0.3672 -0.8612 -0.3515
vn 0.4787 -0.7809 -0.4012
vn 0.5754 -0.6885 -0.4414
vn 0.4160 -0.7239 -0.5504
vn 0.5080 -0.6727 -0.5379
vn 0.6055 -0.6056 -0.5164
vn 0.6638 -0.6052 -0.4395
vn 0.6711 -0.5853 -0.4550
vn 0.6845 -0.5534 -0.4745
vn -0.0852 -0.8811 -0.4652
vn -0.1733 -0.8027 -0.5706
vn -0.2401 -0.7117 -0.6601
vn -0.3989 -0.5840 -0.7070
vn -0.3571 -0.5973 -0.7181
vn -0.3242 -0.6064 -0.7260
vn -0.5088 -0.4020 -0.7613
vn -0.4480 -0.4812 -0.7535
vn -0.3935 -0.5432 -0.7417
vn -0.2178 -0.6893 -0.6910
vn -0.0917 -0.7307 -0.6765
vn 0.0161 -0.7557 -0.6548
vn 0.0814 -0.9002 -0.4277
vn 0.1119 -0.8582 -0.5010
vn 0.1130 -0.8158 -0.5672
vn 0.2354 -0.8291 -0.5071
vn 0.1927 -0.8289 -0.5251
vn 0.1480 -0.8174 -0.5567
vn -0.5944 -0.0775 -0.8004
vn -0.5854 -0.0000 -0.8108
vn -0.5714 0.0825 -0.8165
vn -0.7516 0.0556 -0.6573
vn -0.6879 0.0917 -0.7200
vn -0.6177 0.1341 -0.7749
vn -0.7227 0.3093 -0.6181
vn -0.6755 0.2620 -0.6893
vn -0.6116 0.2179 -0.7606
vn -0.3457 -0.6047 -0.7175
vn -0.3494 -0.5853 -0.7316
vn -0.3479 -0.5691 -0.7450
vn -0.0529 -0.7267 -0.6850
vn -0.1506 -0.6830 -0.7148
vn -0.2570 -0.6333 -0.7300
vn -0.5489 -0.3520 -0.7581
vn -0.4965 -0.4269 -0.7558
vn -0.4400 -0.4844 -0.7561
vn -0.5341 0.2637 -0.8032
vn -0.5425 0.3341 -0.7708
vn -0.5520 0.4079 -0.7273
vn -0.7207 0.3724 -0.5848
vn -0.6658 0.4041 -0.6272
vn -0.6047 0.4404 -0.6636
vn -0.6373 0.5556 -0.5341
vn -0.6059 0.5348 -0.5889
vn -0.5767 0.5122 -0.6364
vn -0.4694 0.6404 -0.6078
vn -0.4984 0.5909 -0.6344
vn -0.5265 0.5398 -0.6569
vn -0.4502 0.6570 -0.6047
vn -0.4492 0.6110 -0.6519
vn -0.4358 0.5570 -0.7070
vn -0.5155 0.4798 -0.7100
vn -0.4711 0.4815 -0.7391
vn -0.4305 0.4792 -0.7649
vn -0.4708 0.2793 -0.8369
vn -0.4342 0.3305 -0.8380
vn -0.4124 0.3881 -0.8242
vn -0.2571 0.7133 -0.6520
vn -0.3488 0.6332 -0.6909
vn -0.4009 0.5491 -0.7334
vn 0.3891 -0.7503 -0.5344
vn 0.4259 -0.7071 -0.5645
vn 0.4508 -0.6404 -0.6218
vn 0.6566 -0.5096 -0.5560
vn 0.5815 -0.5334 -0.6143
vn 0.5034 -0.5334 -0.6798
vn 0.2916 -0.7890 -0.5408
vn 0.2620 -0.7736 -0.5769
vn 0.2280 -0.7502 -0.6207
vn 0.0977 -0.7938 -0.6003
vn 0.1367 -0.7781 -0.6131
vn 0.1664 -0.7455 -0.6454
vn 0.4265 -0.5946 -0.6815
vn 0.3346 -0.6675 -0.6652
vn 0.2434 -0.7012 -0.6701
vn -0.3221 -0.5864 -0.7432
vn -0.2410 -0.6127 -0.7527
vn -0.1548 -0.6292 -0.7617
vn -0.0246 -0.7588 -0.6508
vn -0.0720 -0.7248 -0.6852
vn -0.0935 -0.6841 -0.7233
vn 0.1042 -0.6573 -0.7464
vn 0.0233 -0.6465 -0.7625
vn -0.0536 -0.6404 -0.7661
vn -0.4117 -0.4657 -0.7833
vn -0.4187 -0.3397 -0.8422
vn -0.3782 -0.1988 -0.9041
vn -0.1116 -0.5632 -0.8188
vn -0.1329 -0.4432 -0.8865
vn -0.1802 -0.2861 -0.9411
vn -0.5598 -0.1732 -0.8103
vn -0.5031 -0.1394 -0.8529
vn -0.4206 -0.1269 -0.8983
vn 0.0714 -0.5795 -0.8119
vn -0.0032 -0.4580 -0.8890
vn -0.0876 -0.3143 -0.9453
vn -0.5144 0.1438 -0.8454
vn -0.4787 0.1013 -0.8721
vn -0.4197 0.0847 -0.9037
vn -0.5608 -0.0771 -0.8243
vn -0.5129 -0.0016 -0.8585
vn -0.4496 0.0646 -0.8909
vn -0.3192 -0.0748 -0.9447
vn -0.3452 0.0345 -0.9379
vn -0.3495 0.1302 -0.9278
vn -0.3747 0.3901 -0.8411
vn -0.3387 0.3472 -0.8745
vn -0.2911 0.3169 -0.9027
vn -0.4744 0.2458 -0.8453
vn -0.4192 0.2755 -0.8651
vn -0.3506 0.2915 -0.8900
vn -0.2646 0.1565 -0.9516
vn -0.2547 0.2298 -0.9393
vn -0.2484 0.2897 -0.9243
vn -0.1354 0.2128 -0.9677
vn -0.0140 0.2635 -0.9646
vn 0.0806 0.3107 -0.9471
vn -0.1078 0.3215 -0.9408
vn -0.0032 0.3284 -0.9445
vn 0.0861 0.3307 -0.9398
vn -0.1461 0.3347 -0.9309
vn -0.0689 0.3728 -0.9254
vn -0.0168 0.4110 -0.9115
vn -0.3360 0.4613 -0.8212
vn -0.2048 0.4636 -0.8620
vn -0.0708 0.4620 -0.8841
vn 0.1382 0.3719 -0.9179
vn 0.0843 0.3951 -0.9147
vn 0.0447 0.4186 -0.9070
vn -0.0804 0.7061 -0.7035
vn -0.0369 0.6135 -0.7888
vn -0.0071 0.5195 -0.8544
vn -0.1078 -0.2147 -0.9707
vn -0.0068 -0.2304 -0.9731
vn 0.0890 -0.2409 -0.9665
vn 0.1370 -0.6187 -0.7736
vn 0.1439 -0.5005 -0.8537
vn 0.1609 -0.3589 -0.9194
vn 0.4537 -0.3549 -0.8175
vn 0.3655 -0.2915 -0.8840
vn 0.2628 -0.2614 -0.9288
vn -0.1729 0.2186 -0.9604
vn -0.0497 0.2066 -0.9772
vn 0.0638 0.1670 -0.9839
vn -0.1368 -0.0860 -0.9869
vn -0.0360 0.0133 -0.9993
vn 0.0659 0.0946 -0.9933
vn 0.1856 -0.1558 -0.9702
vn 0.1964 -0.0398 -0.9797
vn 0.1986 0.0634 -0.9780
vn 0.4350 -0.2320 -0.8700
vn 0.3729 -0.0788 -0.9245
vn 0.3000 0.0322 -0.9534
vn 0.1631 0.3152 -0.9349
vn 0.1636 0.2629 -0.9508
vn 0.1695 0.1931 -0.9664
vn 0.4651 -0.3150 -0.8273
vn 0.4849 -0.1542 -0.8609
vn 0.5000 -0.0101 -0.8660
vn 0.2699 0.1051 -0.9571
vn 0.3360 0.1132 -0.9350
vn 0.4039 0.1206 -0.9068
vn 0.2616 0.3156 -0.9121
vn 0.3238 0.2595 -0.9098
vn 0.3873 0.1939 -0.9013
vn 0.7106 -0.3408 -0.6156
vn 0.6627 -0.1824 -0.7263
vn 0.5820 -0.0377 -0.8123
vn 0.7737 -0.3206 -0.5464
vn 0.8036 -0.1627 -0.5725
vn 0.8107 -0.0231 -0.5850
vn 0.5612 0.0623 -0.8253
vn 0.6515 0.0700 -0.7554
vn 0.7311 0.0781 -0.6778
vn 0.7227 0.1481 -0.6751
vn 0.6506 0.2156 -0.7282
vn 0.5769 0.2768 -0.7685
vn 0.4583 0.1731 -0.8718
vn 0.4700 0.2430 -0.8486
vn 0.4867 0.2982 -0.8211
vn 0.2789 0.3735 -0.8847
vn 0.3399 0.3707 -0.8643
vn 0.4122 0.3583 -0.8377
vn 0.8046 0.1045 -0.5846
vn 0.8166 0.1529 -0.5566
vn 0.8200 0.2075 -0.5334
vn 0.5677 0.3273 -0.7554
vn 0.6453 0.3192 -0.6940
vn 0.7265 0.3028 -0.6169
vn 0.7245 0.3517 -0.5928
vn 0.6528 0.4094 -0.6374
vn 0.5727 0.4588 -0.6793
vn 0.4713 0.3765 -0.7976
vn 0.4559 0.4181 -0.7857
vn 0.4569 0.4554 -0.7641
vn 0.2938 0.3960 -0.8700
vn 0.3457 0.4214 -0.8384
vn 0.4008 0.4471 -0.7997
vn 0.7930 0.3290 -0.5127
vn 0.7988 0.3817 -0.4650
vn 0.8026 0.4300 -0.4133
vn 0.5835 0.5182 -0.6253
vn 0.6678 0.5133 -0.5390
vn 0.7393 0.5028 -0.4479
vn 0.7219 0.5778 -0.3809
vn 0.6391 0.6532 -0.4060
vn 0.5461 0.7171 -0.4331
vn 0.5009 0.5852 -0.6377
vn 0.4838 0.6643 -0.5697
vn 0.4656 0.7257 -0.5065
vn 0.2484 0.3841 -0.8893
vn 0.2583 0.4181 -0.8709
vn 0.2481 0.4625 -0.8512
vn 0.4149 0.4836 -0.7707
vn 0.3496 0.4865 -0.8007
vn 0.2813 0.5009 -0.8185
vn 0.0551 0.4724 -0.8797
vn 0.1172 0.4942 -0.8614
vn 0.1790 0.5132 -0.8394
vn 0.0083 0.7131 -0.7010
vn 0.0953 0.6556 -0.7491
vn 0.1590 0.5921 -0.7900
vn 0.4332 0.5814 -0.6887
vn 0.3517 0.6616 -0.6622
vn 0.2710 0.7242 -0.6341
vn 0.2121 0.5850 -0.7828
vn 0.2098 0.6542 -0.7266
vn 0.2083 0.7192 -0.6628
vn -0.0227 0.7506 -0.6604
vn 0.0673 0.7574 -0.6494
vn 0.1412 0.7677 -0.6251
vn 0.3752 0.7778 -0.5042
vn 0.3052 0.7826 -0.5426
vn 0.2452 0.7815 -0.5736
vn -0.0394 0.8671 -0.4965
vn 0.0548 0.8467 -0.5292
vn 0.1316 0.8167 -0.5619
vn 0.1270 0.8931 -0.4315
vn 0.0434 0.8805 -0.4720
vn -0.0550 0.8734 -0.4840
vn 0.1779 0.8775 -0.4454
vn 0.1739 0.8485 -0.4997
vn 0.1811 0.8186 -0.5450
vn 0.2499 0.8848 -0.3933
vn 0.3205 0.8482 -0.4218
vn 0.3904 0.8075 -0.4422
vn 0.5581 0.7839 -0.2720
vn 0.5318 0.7770 -0.3369
vn 0.4940 0.7722 -0.3995
vn 0.6677 0.6983 -0.2581
vn 0.7162 0.6350 -0.2894
vn 0.7549 0.5702 -0.3239
vn 0.8209 0.5275 -0.2190
vn 0.7647 0.6012 -0.2318
vn 0.6973 0.6750 -0.2413
vn 0.8624 0.4525 -0.2270
vn 0.8413 0.4697 -0.2677
vn 0.8162 0.4845 -0.3148
vn 0.6672 0.7149 -0.2094
vn 0.7317 0.6647 -0.1510
vn 0.7686 0.6333 -0.0906
vn 0.8543 0.4886 -0.1775
vn 0.8298 0.5409 -0.1375
vn 0.8057 0.5857 -0.0887
vn 0.6564 0.7528 0.0483
vn 0.7083 0.7057 0.0167
vn 0.7574 0.6527 -0.0172
vn 0.6019 0.7977 0.0357
vn 0.5880 0.8077 -0.0425
vn 0.5618 0.8131 -0.1522
vn 0.8126 0.5820 -0.0288
vn 0.8475 0.5300 -0.0297
vn 0.8806 0.4727 -0.0327
vn 0.8997 0.4108 -0.1478
vn 0.9057 0.4125 -0.0976
vn 0.9065 0.4182 -0.0584
vn 0.9668 0.2417 -0.0828
vn 0.9520 0.2985 -0.0671
vn 0.9321 0.3589 -0.0494
vn 0.7730 0.6284 0.0874
vn 0.7706 0.6358 0.0453
vn 0.7799 0.6259 0.0073
vn 0.7656 0.6374 0.0869
vn 0.7259 0.6843 0.0695
vn 0.6769 0.7329 0.0686
vn 0.8228 0.5605 0.0943
vn 0.8669 0.4972 0.0349
vn 0.8956 0.4448 -0.0072
vn 0.9452 0.2673 0.1874
vn 0.9010 0.3795 0.2101
vn 0.8424 0.4967 0.2089
vn 0.9753 0.2174 0.0392
vn 0.9541 0.2996 0.0012
vn 0.9309 0.3648 -0.0190
vn 0.9037 0.3261 0.2774
vn 0.8605 0.3872 0.3310
vn 0.8488 0.4301 0.3076
vn 0.8495 0.5194 0.0931
vn 0.8274 0.5565 0.0753
vn 0.8209 0.5666 0.0709
vn 0.9059 0.3549 0.2310
vn 0.8516 0.4601 0.2512
vn 0.8530 0.4841 0.1948
vn 0.9566 0.2789 0.0843
vn 0.9527 0.2920 0.0841
vn 0.9433 0.3205 0.0861
vn 0.8280 0.5542 -0.0851
vn 0.8315 0.5246 -0.1830
vn 0.8581 0.4714 -0.2038
vn 0.9155 0.3605 -0.1783
vn 0.9168 0.3713 -0.1472
vn 0.9104 0.4103 -0.0527
vn 0.9763 0.2144 -0.0294
vn 0.9651 0.2270 -0.1307
vn 0.9512 0.2619 -0.1633
vn 0.9643 0.2271 -0.1361
vn 0.9577 0.2287 -0.1749
vn 0.9542 0.2504 -0.1639
vn 0.9773 0.1791 -0.1135
vn 0.9787 0.1643 -0.1230
vn 0.9829 0.1634 -0.0845
vn 0.9875 0.1545 -0.0325
vn 0.9898 0.1310 -0.0562
vn 0.9927 0.1087 -0.0523
vn 0.9824 0.1717 -0.0733
vn 0.9790 0.1849 -0.0860
vn 0.9818 0.1730 -0.0784
vn 0.9983 0.0496 0.0292
vn 0.9890 0.0351 0.1437
vn 0.9411 0.0344 0.3363
vn 0.9807 0.1547 0.1196
vn 0.9643 0.1064 0.2425
vn 0.9156 0.0460 0.3994
vn 0.8101 0.0083 0.5863
vn 0.8211 -0.0584 0.5677
vn 0.8221 -0.1352 0.5531
vn 0.9969 0.0590 0.0527
vn 0.9873 -0.0055 0.1589
vn 0.9445 -0.0930 0.3152
vn 0.9806 0.1895 -0.0499
vn 0.9827 0.1804 -0.0416
vn 0.9917 0.1261 -0.0257
vn 0.9937 0.1116 0.0053
vn 0.9957 0.0911 0.0142
vn 0.9970 0.0761 0.0125
vn 0.9841 0.1705 -0.0493
vn 0.9843 0.1683 -0.0528
vn 0.9891 0.1399 -0.0469
vn 0.9997 -0.0119 -0.0200
vn 0.9995 -0.0158 -0.0262
vn 0.9997 0.0054 -0.0232
vn 0.9930 -0.1089 0.0467
vn 0.9934 -0.1093 0.0359
vn 0.9978 -0.0625 0.0213
vn 0.9871 -0.1594 0.0144
vn 0.9856 -0.1688 -0.0032
vn 0.9929 -0.1193 -0.0035
vn 0.9884 -0.1509 -0.0150
vn 0.9877 -0.1561 -0.0043
vn 0.9933 -0.1151 -0.0053
vn 0.9346 -0.1262 0.3327
vn 0.9737 -0.1191 0.1941
vn 0.9916 -0.0896 0.0932
vn 0.9918 0.1271 -0.0107
vn 0.9953 0.0959 -0.0095
vn 0.9993 0.0378 -0.0066
vn 0.9909 0.1224 -0.0566
vn 0.9903 0.1275 -0.0556
vn 0.9946 0.0964 -0.0373
vn 0.9853 -0.0930 0.1434
vn 0.9534 -0.1683 0.2506
vn 0.9059 -0.2320 0.3543
vn 0.8262 -0.1871 0.5314
vn 0.8311 -0.2589 0.4922
vn 0.8278 -0.3031 0.4721
vn 0.9976 -0.0062 0.0694
vn 0.9953 -0.0608 0.0750
vn 0.9904 -0.1115 0.0819
vn 0.8904 -0.2243 0.3961
vn 0.9271 -0.2130 0.3084
vn 0.9574 -0.1969 0.2112
vn 0.7537 -0.4648 0.4646
vn 0.7862 -0.3659 0.4980
vn 0.8011 -0.2875 0.5250
vn 0.8114 -0.4253 0.4009
vn 0.8931 -0.3058 0.3300
vn 0.9479 -0.2137 0.2364
vn 0.8795 -0.4578 0.1297
vn 0.9425 -0.3024 0.1420
vn 0.9738 -0.1740 0.1462
vn 0.9994 -0.0249 0.0253
vn 0.9995 0.0295 -0.0118
vn 0.9969 0.0696 -0.0356
vn 0.9970 0.0732 -0.0234
vn 0.9963 0.0706 -0.0494
vn 0.9955 0.0736 -0.0600
vn 0.9946 0.0746 -0.0720
vn 0.9917 0.0983 -0.0825
vn 0.9913 0.1043 -0.0802
vn 0.9035 -0.4227 0.0705
vn 0.9628 -0.2674 0.0390
vn 0.9889 -0.1481 0.0087
vn 0.9972 -0.0462 0.0592
vn 0.9989 -0.0383 0.0252
vn 0.9989 -0.0474 -0.0041
vn 0.9910 0.1220 -0.0558
vn 0.9938 0.0985 -0.0518
vn 0.9980 0.0442 -0.0463
vn 0.9147 -0.3963 -0.0794
vn 0.9716 -0.2301 -0.0549
vn 0.9934 -0.1081 -0.0375
vn 0.9972 0.0073 -0.0748
vn 0.9929 0.0312 -0.1146
vn 0.9907 0.0371 -0.1313
vn 0.9883 0.1253 -0.0873
vn 0.9871 0.1234 -0.1016
vn 0.9900 0.0993 -0.1003
vn 0.9990 0.0279 -0.0351
vn 0.9980 0.0513 -0.0366
vn 0.9971 0.0612 -0.0458
vn 0.9322 -0.3296 -0.1494
vn 0.9698 -0.1803 -0.1645
vn 0.9856 -0.0657 -0.1560
vn 0.9945 -0.0998 -0.0315
vn 0.9939 -0.1056 -0.0303
vn 0.9945 -0.0981 -0.0366
vn 0.9989 -0.0462 -0.0048
vn 0.9988 -0.0486 0.0055
vn 0.9987 -0.0490 -0.0127
vn 0.9989 0.0133 -0.0456
vn 0.9996 0.0060 -0.0289
vn 0.9988 -0.0161 -0.0456
vn 0.9920 -0.0081 -0.1260
vn 0.9936 -0.0659 -0.0921
vn 0.9927 -0.0949 -0.0738
vn 0.9904 0.0283 -0.1355
vn 0.9956 -0.0124 -0.0929
vn 0.9972 -0.0415 -0.0626
vn 0.9883 -0.1293 -0.0807
vn 0.9858 -0.1345 -0.1003
vn 0.9804 -0.1291 -0.1491
vn 0.9811 0.0448 -0.1881
vn 0.9800 -0.0201 -0.1980
vn 0.9736 -0.0725 -0.2163
vn 0.9847 -0.1459 -0.0954
vn 0.9748 -0.1986 -0.1013
vn 0.9589 -0.2569 -0.1203
vn 0.9634 -0.1812 -0.1974
vn 0.9487 -0.2641 -0.1739
vn 0.9288 -0.3324 -0.1637
vn 0.9514 -0.2715 -0.1451
vn 0.9597 -0.2445 -0.1387
vn 0.9631 -0.2167 -0.1593
vn 0.9895 -0.0866 -0.1158
vn 0.9812 -0.1163 -0.1542
vn 0.9735 -0.1399 -0.1811
vn 0.9898 -0.0430 -0.1357
vn 0.9764 -0.0814 -0.2001
vn 0.9661 -0.1156 -0.2306
vn 0.9540 -0.2146 -0.2092
vn 0.9455 -0.2474 -0.2116
vn 0.9265 -0.2967 -0.2313
vn 0.9122 -0.3532 -0.2077
vn 0.8983 -0.3874 -0.2073
vn 0.8825 -0.4158 -0.2197
vn 0.9842 -0.0701 -0.1624
vn 0.9664 -0.1383 -0.2167
vn 0.9461 -0.1939 -0.2595
vn 0.9575 -0.1338 -0.2553
vn 0.9532 -0.1245 -0.2756
vn 0.9463 -0.1571 -0.2827
vn 0.9060 -0.3022 -0.2965
vn 0.9190 -0.2623 -0.2944
vn 0.9229 -0.2507 -0.2923
vn 0.8933 -0.4223 -0.1537
vn 0.9276 -0.3137 -0.2030
vn 0.9319 -0.2636 -0.2492
vn 0.8864 -0.3390 -0.3154
vn 0.8354 -0.4410 -0.3281
vn 0.7630 -0.5544 -0.3323
vn 0.8103 -0.4740 -0.3447
vn 0.7558 -0.5602 -0.3392
vn 0.6959 -0.6403 -0.3252
vn 0.7427 -0.6553 -0.1376
vn 0.6936 -0.6987 -0.1756
vn 0.6494 -0.7318 -0.2067
vn 0.9060 -0.3076 -0.2908
vn 0.8656 -0.4095 -0.2881
vn 0.7802 -0.5637 -0.2711
vn 0.6317 -0.6988 -0.3356
vn 0.6436 -0.6981 -0.3138
vn 0.6458 -0.7142 -0.2699
vn 0.1729 -0.9833 -0.0566
vn 0.2863 -0.9539 -0.0904
vn 0.4428 -0.8838 -0.1511
vn 0.1831 -0.9712 -0.1527
vn 0.2959 -0.9401 -0.1693
vn 0.4516 -0.8703 -0.1965
vn 0.1757 -0.9663 -0.1882
vn 0.2714 -0.9342 -0.2316
vn 0.4320 -0.8556 -0.2851
vn 0.2836 -0.8962 -0.3411
vn 0.3787 -0.8643 -0.3311
vn 0.5088 -0.7999 -0.3183
vn 0.4200 -0.8264 -0.3750
vn 0.5986 -0.7036 -0.3828
vn 0.7395 -0.5760 -0.3482
vn 0.6962 -0.5904 -0.4082
vn 0.7418 -0.5697 -0.3537
vn 0.7912 -0.5342 -0.2977
vn 0.7433 -0.5437 -0.3896
vn 0.8077 -0.4832 -0.3379
vn 0.8643 -0.4221 -0.2736
vn 0.7827 -0.4710 -0.4069
vn 0.8283 -0.4574 -0.3235
vn 0.8708 -0.4240 -0.2490
vn 0.8180 -0.3762 -0.4352
vn 0.8875 -0.2742 -0.3703
vn 0.9360 -0.1726 -0.3068
vn 0.8580 0.0188 -0.5132
vn 0.9040 -0.0215 -0.4270
vn 0.9380 -0.0614 -0.3411
vn 0.8721 0.1557 -0.4639
vn 0.9130 0.0666 -0.4025
vn 0.9440 -0.0168 -0.3296
vn 0.9455 0.1748 -0.2748
vn 0.9076 0.2033 -0.3672
vn 0.8600 0.2266 -0.4573
vn 0.7773 0.1434 0.6126
vn 0.7707 0.0921 0.6305
vn 0.7735 0.0309 0.6331
vn 0.4988 -0.0496 0.8653
vn 0.5460 -0.0412 0.8368
vn 0.6191 -0.0382 0.7844
vn 0.3515 -0.1198 0.9285
vn 0.4416 -0.0830 0.8934
vn 0.5541 -0.0492 0.8310
vn 0.3714 -0.0640 0.9263
vn 0.4738 -0.0366 0.8799
vn 0.5926 -0.0130 0.8054
vn 0.3680 -0.0866 0.9258
vn 0.4865 -0.1151 0.8660
vn 0.6321 -0.1488 0.7605
vn 0.4026 -0.2310 0.8857
vn 0.5212 -0.2047 0.8285
vn 0.6559 -0.1728 0.7348
vn 0.4386 -0.2851 0.8523
vn 0.5698 -0.3217 0.7562
vn 0.6947 -0.3302 0.6391
vn 0.4414 -0.5177 0.7329
vn 0.5776 -0.4013 0.7109
vn 0.6964 -0.3244 0.6402
vn -0.7129 -0.5560 -0.4274
vn -0.6603 -0.6265 -0.4140
vn -0.6536 -0.6875 -0.3163
vn -0.5419 -0.6358 -0.5497
vn -0.4674 -0.7051 -0.5333
vn -0.4667 -0.7157 -0.5196
vn -0.4469 -0.6993 -0.5580
vn -0.4015 -0.6001 -0.6919
vn -0.5706 -0.4999 -0.6515
vn -0.4723 -0.5788 -0.6648
vn -0.4516 -0.5922 -0.6674
vn -0.4649 -0.6399 -0.6119
vn -0.5651 -0.2840 -0.7746
vn -0.5465 -0.3337 -0.7681
vn -0.5811 -0.4294 -0.6913
vn -0.5954 -0.3760 -0.7101
vn -0.5614 -0.5082 -0.6531
vn -0.5253 -0.6215 -0.5811
vn -0.5898 -0.1668 -0.7901
vn -0.5986 -0.1271 -0.7909
vn -0.6632 -0.0899 -0.7430
vn -0.6642 0.1445 -0.7335
vn -0.6234 0.0987 -0.7756
vn -0.6505 0.0658 -0.7566
vn -0.6658 0.1566 -0.7295
vn -0.6400 0.1624 -0.7510
vn -0.6763 0.1513 -0.7209
vn -0.3590 -0.9320 0.0508
vn -0.3038 -0.9487 0.0873
vn -0.2417 -0.9604 0.1390
vn -0.2115 -0.9451 0.2491
vn -0.2752 -0.9290 0.2475
vn -0.2995 -0.9220 0.2453
vn -0.3606 -0.9306 0.0630
vn -0.3210 -0.9387 0.1259
vn -0.2981 -0.9366 0.1841
vn -0.2345 -0.7782 0.5826
vn -0.1736 -0.8560 0.4869
vn -0.1563 -0.9054 0.3947
vn -0.2675 -0.7628 0.5887
vn -0.2464 -0.8574 0.4519
vn -0.2609 -0.9079 0.3282
vn -0.6220 -0.7083 0.3338
vn -0.4403 -0.8529 0.2804
vn -0.3029 -0.9189 0.2527
vn -0.6222 -0.7303 0.2819
vn -0.5089 -0.8488 0.1434
vn -0.4385 -0.8972 0.0530
vn -0.6852 -0.7132 0.1477
vn -0.5878 -0.8051 0.0792
vn -0.5024 -0.8641 0.0306
vn -0.7580 -0.6284 0.1747
vn -0.7196 -0.6890 0.0862
vn -0.6893 -0.7245 0.0049
vn -0.8961 -0.4391 0.0644
vn -0.8410 -0.5408 0.0155
vn -0.7729 -0.6342 -0.0198
vn -0.2233 -0.9170 0.3306
vn -0.2195 -0.9327 0.2862
vn -0.2129 -0.8992 0.3822
vn 0.1135 -0.7470 0.6551
vn 0.0705 -0.8092 0.5833
vn -0.0223 -0.8290 0.5588
vn 0.9298 0.2527 -0.2675
vn 0.8895 0.3347 -0.3112
vn 0.8455 0.4074 -0.3452
vn 0.1269 -0.6741 0.7276
vn 0.1302 -0.6593 0.7405
vn 0.1437 -0.5929 0.7924
vn 0.9517 0.2615 -0.1611
vn 0.9287 0.3254 -0.1778
vn 0.9490 0.2780 -0.1488
vn 0.9650 0.2295 -0.1269
vn 0.9649 0.2160 -0.1495
vn 0.9584 0.2182 -0.1843
vn 0.9425 0.2775 -0.1864
vn 0.3900 -0.5160 0.7626
vn 0.4310 -0.2879 0.8552
vn 0.3553 -0.3974 0.8461
vn 0.2207 -0.5984 0.7702
vn 0.2818 -0.7158 0.6390
vn 0.3728 -0.6908 0.6195
vn 0.4498 -0.4600 0.7656
vn 0.0735 -0.6213 0.7801
vn -0.0375 -0.5935 0.8040
vn 0.0071 -0.6771 0.7358
vn 0.0475 -0.7263 0.6857
vn 0.1133 -0.6379 0.7617
vn 0.1270 -0.5405 0.8317
vn 0.0609 -0.5454 0.8359
vn 0.1005 -0.6452 0.7573
vn 0.1431 -0.6511 0.7454
vn 0.1528 -0.6158 0.7729
vn 0.1505 -0.5890 0.7940
vn 0.0852 -0.6420 0.7620
vn -0.0167 -0.7152 0.6987
vn 0.0690 -0.6847 0.7255
vn 0.2696 -0.9581 -0.0968
vn 0.1700 -0.9793 -0.1099
vn 0.2969 -0.9475 -0.1190
vn 0.4636 -0.8800 -0.1032
vn 0.3224 -0.9439 -0.0709
vn 0.1922 -0.9801 -0.0499
vn 0.1683 -0.9819 -0.0865
vn 0.0269 -0.9983 -0.0518
vn 0.0571 -0.9977 -0.0358
vn 0.0270 -0.9990 -0.0349
vn 0.0173 -0.9992 -0.0350
vn 0.0199 -0.9983 -0.0542
vn 0.0369 -0.9970 -0.0677
vn 0.0481 -0.9971 -0.0592
vn 0.0337 -0.9986 -0.0417
vn 0.0359 -0.9988 -0.0322
vn 0.0351 -0.9985 -0.0422
vn 0.0309 -0.9985 -0.0445
vn 0.0341 -0.9986 -0.0403
vn 0.0346 -0.9984 -0.0457
vn 0.0319 -0.9986 -0.0423
vn 0.0380 -0.9982 -0.0454
vn 0.0242 -0.9996 -0.0142
vn 0.0186 -0.9987 -0.0471
vn 0.0220 -0.9979 -0.0617
vn 0.0415 -0.9978 -0.0522
vn 0.0514 -0.9983 -0.0282
vn 0.0465 -0.9987 -0.0212
vn 0.0634 -0.9964 0.0561
vn 0.0532 -0.9957 0.0757
vn 0.0494 -0.9968 0.0632
vn 0.0390 -0.9984 0.0406
vn 0.0609 -0.9974 0.0382
vn 0.0638 -0.9972 0.0395
vn 0.0648 -0.9961 0.0595
vn 0.0339 -0.9992 0.0223
vn 0.0216 -0.9997 0.0137
vn 0.0312 -0.9995 0.0046
vn 0.0597 -0.9982 0.0017
vn 0.0533 -0.9982 0.0283
vn 0.0464 -0.9975 0.0534
vn 0.0274 -0.9990 0.0342
vn 0.0429 -0.9978 0.0504
vn 0.0419 -0.9984 0.0385
vn 0.0431 -0.9978 0.0500
vn 0.0549 -0.9958 0.0733
vn 0.0442 -0.9970 0.0636
vn 0.0339 -0.9974 0.0633
vn 0.0417 -0.9980 0.0475
vn 0.0235 -0.9978 0.0616
vn 0.0207 -0.9991 0.0373
vn 0.0280 -0.9984 0.0483
vn 0.0480 -0.9958 0.0785
vn 0.0321 -0.9954 0.0903
vn 0.0251 -0.9952 0.0947
vn 0.0203 -0.9982 0.0569
vn 0.2566 -0.9647 0.0592
vn 0.4591 -0.8847 0.0810
vn 0.2941 -0.9512 0.0935
vn 0.1516 -0.9845 0.0886
vn 0.1562 -0.9868 0.0431
vn 0.1931 -0.9810 0.0167
vn 0.3156 -0.9482 0.0379
vn 0.4538 -0.8911 -0.0012
vn 0.5720 -0.8188 0.0494
vn 0.4013 -0.9156 0.0237
vn 0.2821 -0.9594 -0.0067
vn 0.4217 -0.9064 -0.0255
vn 0.6021 -0.7976 -0.0376
vn 0.6108 -0.7916 0.0136
vn 0.4328 -0.8590 0.2736
vn 0.5420 -0.7502 0.3787
vn 0.3812 -0.8686 0.3166
vn 0.2516 -0.9417 0.2234
vn 0.3939 -0.8961 0.2047
vn 0.5790 -0.7910 0.1978
vn 0.5815 -0.7560 0.3003
vn 0.3642 -0.8499 0.3807
vn 0.5194 -0.7500 0.4096
vn 0.4207 -0.7842 0.4561
vn 0.3055 -0.8153 0.4919
vn 0.2561 -0.8954 0.3644
vn 0.2437 -0.9295 0.2769
vn 0.3819 -0.8604 0.3375
vn 0.1275 -0.9037 0.4088
vn 0.0653 -0.8775 0.4750
vn 0.0671 -0.9355 0.3468
vn 0.1134 -0.9511 0.2872
vn 0.1729 -0.9091 0.3790
vn 0.2505 -0.8110 0.5287
vn 0.1518 -0.8439 0.5146
vn 0.0805 -0.9535 0.2905
vn 0.1015 -0.9109 0.3999
vn 0.0796 -0.9424 0.3248
vn 0.0592 -0.9685 0.2418
vn 0.0665 -0.9727 0.2222
vn 0.0841 -0.9710 0.2239
vn 0.0934 -0.9442 0.3159
vn 0.0641 -0.8931 0.4452
vn 0.1616 -0.8439 0.5116
vn 0.0680 -0.8327 0.5496
vn -0.0279 -0.8328 0.5529
vn 0.0385 -0.9064 0.4206
vn 0.0793 -0.9402 0.3312
vn 0.1025 -0.9159 0.3882
vn 0.1658 -0.8980 0.4075
vn 0.1666 -0.9458 0.2789
vn 0.1929 -0.8987 0.3939
vn 0.1363 -0.8250 0.5484
vn 0.1164 -0.8447 0.5225
vn 0.0890 -0.8806 0.4654
vn 0.1371 -0.9309 0.3385
vn 0.0611 -0.9781 0.1987
vn 0.0831 -0.9465 0.3117
vn 0.0566 -0.9745 0.2170
vn 0.0373 -0.9888 0.1445
vn 0.0519 -0.9895 0.1351
vn 0.0782 -0.9852 0.1527
vn 0.0797 -0.9695 0.2317
vn 0.0614 -0.9569 0.2839
vn 0.1357 -0.9494 0.2832
vn 0.0947 -0.9303 0.3544
vn 0.0443 -0.8808 0.4714
vn 0.0356 -0.9540 0.2975
vn 0.0325 -0.9785 0.2038
vn 0.0729 -0.9717 0.2245
vn 0.9959 0.0746 -0.0517
vn 0.9985 0.0048 -0.0541
vn 0.9954 0.0702 -0.0647
vn 0.9887 0.1330 -0.0694
vn 0.9918 0.1205 -0.0417
vn 0.9953 0.0958 -0.0114
vn 0.9985 0.0422 -0.0343
vn 0.9976 -0.0676 0.0126
vn 0.9989 0.0286 0.0364
vn 0.9974 -0.0568 0.0446
vn 0.9920 -0.1202 0.0380
vn 0.9931 -0.1174 -0.0009
vn 0.9961 -0.0851 -0.0238
vn 0.9996 -0.0274 -0.0068
vn 0.9848 -0.0203 0.1725
vn 0.9813 0.0340 0.1893
vn 0.9842 -0.0237 0.1756
vn 0.9877 -0.0702 0.1395
vn 0.9895 -0.0305 0.1411
vn 0.9867 0.0535 0.1534
vn 0.9808 0.0374 0.1913
vn 0.9786 0.1771 0.1051
vn 0.9839 0.1391 0.1124
vn 0.9769 0.2018 0.0696
vn 0.9750 0.2162 0.0514
vn 0.9851 0.1378 0.1033
vn 0.9907 0.0576 0.1236
vn 0.9851 0.1078 0.1342
vn 0.2048 0.9538 -0.2198
vn 0.2167 0.9325 -0.2888
vn 0.2491 0.9213 -0.2986
vn 0.2608 0.9188 -0.2963
vn 0.1994 0.9595 -0.1989
vn 0.1321 0.9855 -0.1064
vn 0.1794 0.9633 -0.1996
vn 0.0619 0.9694 -0.2377
vn 0.0867 0.9388 -0.3333
vn 0.0890 0.9685 -0.2324
vn 0.0376 0.9972 -0.0643
vn 0.0322 0.9973 -0.0662
vn 0.0114 0.9927 -0.1202
vn 0.0391 0.9576 -0.2853
vn -0.1300 0.8978 -0.4208
vn -0.0710 0.8943 -0.4418
vn -0.0901 0.9207 -0.3797
vn -0.1267 0.9540 -0.2716
vn -0.1624 0.8904 -0.4252
vn -0.1639 0.8298 -0.5334
vn -0.1281 0.8576 -0.4981
vn -0.1898 0.9094 -0.3701
vn -0.1914 0.8128 -0.5502
vn -0.2082 0.8927 -0.3996
vn -0.1870 0.9763 -0.1092
vn -0.1449 0.9885 -0.0436
vn -0.0657 0.9906 -0.1200
vn -0.1555 0.8837 -0.4415
vn 0.0936 0.4088 0.9078
vn 0.1470 0.2817 0.9482
vn 0.1537 0.3399 0.9278
vn 0.1548 0.5485 0.8217
vn 0.0484 0.5983 0.7998
vn 0.0167 0.6049 0.7961
vn 0.0832 0.4154 0.9058
vn 0.1416 0.5537 0.8206
vn 0.1332 0.5222 0.8424
vn 0.1674 0.4645 0.8696
vn 0.1726 0.4066 0.8971
vn 0.1321 0.5257 0.8403
vn 0.0876 0.6728 0.7346
vn 0.1150 0.6109 0.7833
vn -0.0284 0.8007 0.5984
vn 0.0229 0.8508 0.5250
vn -0.0308 0.8906 0.4538
vn -0.0927 0.8862 0.4540
vn -0.0588 0.7829 0.6193
vn 0.0201 0.6697 0.7423
vn 0.0263 0.7485 0.6626
vn -0.0140 0.7285 0.6849
vn -0.1374 0.8142 0.5641
vn -0.0980 0.7579 0.6449
vn 0.0459 0.6874 0.7249
vn 0.0849 0.6526 0.7529
vn 0.0969 0.6537 0.7505
vn -0.0308 0.7575 0.6521
vn 0.2420 0.1112 0.9639
vn 0.2513 0.1422 0.9574
vn 0.2219 0.2135 0.9514
vn 0.2103 0.2450 0.9465
vn 0.2492 0.1346 0.9590
vn 0.2887 0.0290 0.9570
vn 0.2677 0.0487 0.9623
vn 0.3785 0.3026 0.8747
vn 0.3017 0.3071 0.9026
vn 0.3660 0.3229 0.8728
vn 0.4279 0.3278 0.8423
vn 0.4217 0.2979 0.8564
vn 0.3928 0.2348 0.8891
vn 0.3394 0.2648 0.9026
vn 0.3530 0.4074 0.8422
vn 0.2979 0.4112 0.8615
vn 0.3088 0.4483 0.8388
vn 0.3433 0.4773 0.8089
vn 0.3890 0.4278 0.8159
vn 0.4100 0.3962 0.8215
vn 0.3610 0.3807 0.8514
vn 0.5757 0.2679 0.7725
vn 0.6016 0.2098 0.7708
vn 0.5707 0.2011 0.7961
vn 0.5358 0.1861 0.8236
vn 0.5467 0.2760 0.7905
vn 0.5603 0.2998 0.7721
vn 0.5912 0.2738 0.7587
vn 0.4603 -0.1687 0.8716
vn 0.4658 -0.1167 0.8771
vn 0.4906 -0.0819 0.8675
vn 0.5163 -0.1059 0.8498
vn 0.4805 -0.1899 0.8562
vn 0.4621 -0.2508 0.8506
vn 0.4457 -0.2112 0.8699
vn 0.6715 0.1965 0.7145
vn 0.6953 0.1772 0.6966
vn 0.6449 0.2259 0.7301
vn 0.6168 0.2456 0.7478
vn 0.6615 0.2041 0.7216
vn 0.7221 0.1627 0.6723
vn 0.7226 0.1638 0.6716
vn 0.5013 0.5476 0.6700
vn 0.4647 0.5781 0.6707
vn 0.4975 0.5675 0.6561
vn 0.5240 0.5205 0.6741
vn 0.5219 0.5099 0.6838
vn 0.5116 0.4950 0.7024
vn 0.4810 0.5402 0.6905
vn 0.6000 0.3043 0.7398
vn 0.5824 0.3578 0.7299
vn 0.6014 0.2877 0.7454
vn 0.6208 0.2430 0.7454
vn 0.6156 0.2840 0.7351
vn 0.5940 0.3454 0.7265
vn 0.5815 0.3610 0.7290
vn 0.6190 0.2786 0.7344
vn 0.6084 0.2454 0.7547
vn 0.6211 0.2369 0.7471
vn 0.6272 0.2376 0.7418
vn 0.6203 0.2872 0.7299
vn 0.6101 0.3407 0.7153
vn 0.6118 0.2969 0.7332
vn 0.6293 0.1197 0.7679
vn 0.6230 0.1666 0.7643
vn 0.6317 0.1343 0.7635
vn 0.6385 0.1097 0.7618
vn 0.6343 0.1102 0.7652
vn 0.6344 0.1412 0.7600
vn 0.6260 0.1495 0.7654
vn 0.6614 0.2177 0.7178
vn 0.6573 0.1828 0.7311
vn 0.6676 0.1911 0.7196
vn 0.6669 0.1840 0.7221
vn 0.6585 0.2162 0.7209
vn 0.6439 0.2466 0.7243
vn 0.6534 0.2230 0.7234
vn 0.5008 0.5864 0.6367
vn 0.5340 0.5491 0.6429
vn 0.5089 0.5927 0.6243
vn 0.4837 0.6291 0.6085
vn 0.4811 0.5995 0.6396
vn 0.4685 0.5633 0.6806
vn 0.5089 0.5569 0.6564
vn 0.5437 0.4062 0.7344
vn 0.5771 0.4254 0.6971
vn 0.5332 0.4685 0.7044
vn 0.4633 0.4941 0.7357
vn 0.5020 0.3991 0.7673
vn 0.5506 0.3102 0.7749
vn 0.5814 0.3571 0.7311
vn -0.1543 0.8089 0.5673
vn -0.0884 0.7809 0.6184
vn -0.1441 0.7981 0.5850
vn -0.1516 0.8405 0.5202
vn -0.1734 0.8298 0.5305
vn -0.1513 0.8346 0.5297
vn -0.1227 0.8121 0.5705
vn -0.0261 0.8626 0.5053
vn -0.0582 0.8571 0.5119
vn -0.0139 0.8594 0.5112
vn 0.0370 0.8439 0.5353
vn -0.0274 0.8556 0.5169
vn -0.0623 0.8661 0.4960
vn -0.0517 0.8668 0.4960
vn 0.3364 0.6683 0.6635
vn 0.3649 0.5897 0.7205
vn 0.4262 0.6300 0.6492
vn 0.3737 0.7055 0.6021
vn 0.2853 0.7242 0.6278
vn 0.1917 0.7131 0.6744
vn 0.2771 0.6472 0.7102
vn 0.0209 0.8333 0.5524
vn -0.0558 0.8228 0.5655
vn -0.0066 0.8003 0.5995
vn 0.0630 0.7794 0.6233
vn 0.0854 0.8241 0.5600
vn 0.0914 0.8543 0.5117
vn -0.0018 0.8574 0.5146
vn -0.0042 0.6333 0.7739
vn 0.0619 0.5617 0.8250
vn 0.0663 0.6274 0.7759
vn 0.0541 0.6936 0.7183
vn -0.0236 0.6827 0.7303
vn -0.0947 0.6488 0.7551
vn -0.0488 0.5855 0.8092
vn -0.2505 0.8942 0.3710
vn -0.1838 0.9047 0.3844
vn -0.2330 0.9184 0.3199
vn -0.2627 0.9230 0.2811
vn -0.2523 0.8974 0.3619
vn -0.2246 0.8780 0.4226
vn -0.2267 0.8783 0.4209
vn -0.0608 0.9980 0.0155
vn 0.0357 0.9941 -0.1024
vn -0.0882 0.9955 -0.0346
vn -0.1895 0.9799 0.0625
vn -0.1241 0.9844 0.1244
vn -0.0047 0.9926 0.1215
vn 0.0448 0.9989 -0.0098
vn -0.0980 0.9818 -0.1626
vn -0.1883 0.9791 -0.0768
vn -0.1024 0.9866 -0.1270
vn -0.0050 0.9834 -0.1814
vn -0.0362 0.9763 -0.2132
vn -0.0829 0.9716 -0.2218
vn -0.1399 0.9777 -0.1569
vn 0.0778 0.3431 0.9361
vn -0.1281 0.3223 0.9379
vn 0.0396 0.2818 0.9587
vn 0.2784 0.2628 0.9238
vn 0.2623 0.3655 0.8931
vn 0.1886 0.4720 0.8612
vn -0.0091 0.3945 0.9188
vn -0.1563 0.4347 0.8869
vn -0.2152 0.3543 0.9100
vn -0.1207 0.4227 0.8982
vn -0.0001 0.5110 0.8596
vn -0.1145 0.5013 0.8576
vn -0.1872 0.4992 0.8460
vn -0.2145 0.4123 0.8854
vn -0.0865 0.8805 0.4660
vn -0.0894 0.8838 0.4593
vn -0.0985 0.8890 0.4471
vn -0.1093 0.8904 0.4419
vn -0.0884 0.8762 0.4737
vn -0.0683 0.8580 0.5091
vn -0.0727 0.8744 0.4797
vn -0.1519 0.9150 0.3737
vn -0.1406 0.9009 0.4107
vn -0.1719 0.9150 0.3650
vn -0.1994 0.9330 0.2995
vn -0.1673 0.9224 0.3482
vn -0.1435 0.9105 0.3878
vn -0.1344 0.9059 0.4016
vn 0.5388 0.1789 0.8232
vn 0.5511 0.2567 0.7940
vn 0.4800 0.1973 0.8548
vn 0.4303 0.1142 0.8954
vn 0.5272 0.1282 0.8400
vn 0.6028 0.1572 0.7823
vn 0.6011 0.2117 0.7706
vn -0.0335 0.3557 0.9340
vn -0.1503 0.3696 0.9170
vn -0.1468 0.3724 0.9164
vn -0.1093 0.3633 0.9252
vn 0.0333 0.3283 0.9440
vn 0.1859 0.3131 0.9313
vn 0.0096 0.3510 0.9363
vn 0.1608 0.2571 0.9529
vn 0.0257 0.2949 0.9552
vn 0.1259 0.2233 0.9666
vn 0.2440 0.1583 0.9568
vn 0.2673 0.2455 0.9318
vn 0.2758 0.3382 0.8998
vn 0.1139 0.3146 0.9424
vn 0.4564 -0.0085 0.8897
vn 0.5539 0.0495 0.8311
vn 0.4853 0.0478 0.8730
vn 0.4006 0.0261 0.9159
vn 0.3855 -0.0417 0.9218
vn 0.3821 -0.1188 0.9165
vn 0.4796 -0.0345 0.8768
vn 0.5675 -0.1306 0.8129
vn 0.6044 0.0082 0.7967
vn 0.5216 -0.0856 0.8489
vn 0.4323 -0.2268 0.8727
vn 0.5320 -0.2481 0.8096
vn 0.6213 -0.2087 0.7553
vn 0.6301 -0.0782 0.7725
vn 0.2407 -0.0827 0.9671
vn 0.1703 -0.0878 0.9815
vn 0.2152 -0.1319 0.9676
vn 0.2691 -0.1564 0.9503
vn 0.2830 -0.0782 0.9559
vn 0.2781 -0.0108 0.9605
vn 0.2192 -0.0430 0.9747
vn 0.1001 0.2141 0.9717
vn 0.0119 0.3668 0.9302
vn 0.0397 0.2474 0.9681
vn 0.0863 0.0793 0.9931
vn 0.1563 0.0943 0.9832
vn 0.2041 0.1277 0.9706
vn 0.1174 0.2488 0.9614
vn 0.1386 -0.2776 0.9506
vn 0.1136 -0.1802 0.9770
vn 0.0950 -0.2662 0.9592
vn 0.1021 -0.3653 0.9253
vn 0.1614 -0.3510 0.9224
vn 0.2115 -0.3000 0.9302
vn 0.1702 -0.2231 0.9598
vn -0.0227 -0.2007 0.9794
vn 0.0205 -0.2947 0.9554
vn 0.0163 -0.2258 0.9740
vn 0.0141 -0.1326 0.9911
vn -0.0486 -0.1168 0.9920
vn -0.1003 -0.1079 0.9891
vn -0.0366 -0.2174 0.9754
vn -0.0888 0.3307 0.9395
vn -0.1623 0.3283 0.9305
vn -0.0904 0.1941 0.9768
vn -0.0130 0.1108 0.9938
vn -0.0533 0.3149 0.9476
vn -0.1115 0.4842 0.8678
vn -0.1518 0.4693 0.8699
vn -0.0176 -0.2394 0.9708
vn -0.0803 -0.3626 0.9285
vn 0.0101 -0.3298 0.9440
vn 0.0613 -0.2958 0.9533
vn 0.0023 -0.1933 0.9811
vn -0.0630 -0.1080 0.9921
vn -0.0717 -0.2220 0.9724
vn -0.2425 -0.1330 0.9610
vn -0.2195 -0.3059 0.9264
vn -0.1671 -0.1734 0.9706
vn -0.1333 0.0104 0.9910
vn -0.2474 0.0097 0.9689
vn -0.4015 -0.0552 0.9142
vn -0.3267 -0.2278 0.9173
vn -0.4178 -0.3942 0.8186
vn -0.4560 -0.4904 0.7426
vn -0.3602 -0.4817 0.7989
vn -0.2691 -0.4358 0.8589
vn -0.3879 -0.3309 0.8602
vn -0.5227 -0.2644 0.8105
vn -0.5148 -0.3668 0.7749
vn -0.6759 -0.3795 0.6318
vn -0.6840 -0.2783 0.6743
vn -0.7334 -0.3285 0.5952
vn -0.7449 -0.3985 0.5351
vn -0.6549 -0.4393 0.6150
vn -0.5423 -0.4674 0.6982
vn -0.6256 -0.3625 0.6908
vn -0.2888 0.4191 0.8608
vn -0.2597 0.4488 0.8551
vn -0.2669 0.4789 0.8363
vn -0.2599 0.4627 0.8475
vn -0.2825 0.4058 0.8692
vn -0.2884 0.3607 0.8870
vn -0.2851 0.3850 0.8778
vn -0.2018 0.6464 0.7358
vn -0.1981 0.6042 0.7718
vn -0.1936 0.6379 0.7454
vn -0.2120 0.6034 0.7688
vn -0.2034 0.6369 0.7436
vn -0.2040 0.6258 0.7528
vn -0.2098 0.6237 0.7530
vn -0.2715 0.2828 0.9200
vn -0.2569 0.3451 0.9027
vn -0.2764 0.3088 0.9101
vn -0.2803 0.2887 0.9154
vn -0.2737 0.2693 0.9233
vn -0.2563 0.2616 0.9305
vn -0.2583 0.2891 0.9218
vn -0.2351 0.3787 0.8952
vn -0.2447 0.3414 0.9075
vn -0.2532 0.3251 0.9112
vn -0.2523 0.3292 0.9100
vn -0.2266 0.3962 0.8898
vn -0.1899 0.4962 0.8472
vn -0.2281 0.4073 0.8844
vn -0.0462 0.5917 0.8049
vn -0.0744 0.5823 0.8096
vn -0.1086 0.6127 0.7828
vn -0.1437 0.5771 0.8039
vn -0.0523 0.5556 0.8298
vn 0.0359 0.5394 0.8413
vn -0.0045 0.5853 0.8108
vn -0.0940 0.5193 0.8494
vn -0.0776 0.4579 0.8856
vn -0.0314 0.5450 0.8378
vn -0.0029 0.5422 0.8402
vn -0.0964 0.5238 0.8464
vn -0.2711 0.4147 0.8686
vn -0.1543 0.4226 0.8931
vn -0.0976 0.3469 0.9328
vn 0.0289 0.3927 0.9192
vn -0.0829 0.4106 0.9080
vn -0.1905 0.3995 0.8967
vn -0.1799 0.3161 0.9315
vn -0.1274 0.2776 0.9522
vn -0.0316 0.3182 0.9475
vn -0.2434 0.5272 0.8141
vn -0.2335 0.4188 0.8776
vn -0.2200 0.4790 0.8498
vn -0.1823 0.5945 0.7831
vn -0.2275 0.6377 0.7359
vn -0.2965 0.6569 0.6932
vn -0.2633 0.5268 0.8082
vn -0.1453 0.8541 0.4994
vn -0.2401 0.8169 0.5245
vn -0.1698 0.8122 0.5581
vn -0.1106 0.8209 0.5603
vn -0.1110 0.8637 0.4916
vn -0.1295 0.8857 0.4459
vn -0.1749 0.8653 0.4698
vn 0.0072 0.3472 0.9378
vn -0.1213 0.4192 0.8997
vn 0.0149 0.3826 0.9238
vn 0.0597 0.3732 0.9258
vn 0.0253 0.3256 0.9452
vn -0.0352 0.3163 0.9480
vn -0.0515 0.3634 0.9302
vn 0.0347 0.4504 0.8921
vn -0.0891 0.5105 0.8552
vn -0.0906 0.4718 0.8770
vn -0.1337 0.4238 0.8959
vn 0.0210 0.4442 0.8957
vn 0.0785 0.4465 0.8913
vn 0.0465 0.4540 0.8898
vn -0.2801 0.5291 0.8010
vn -0.3748 0.4942 0.7844
vn -0.2183 0.4705 0.8549
vn -0.1621 0.4579 0.8741
vn -0.2589 0.5474 0.7958
vn -0.4044 0.6159 0.6761
vn -0.4269 0.5495 0.7182
vn -0.2527 0.9084 0.3331
vn -0.3223 0.8583 0.3993
vn -0.2276 0.8911 0.3926
vn -0.1827 0.9106 0.3706
vn -0.2330 0.9222 0.3086
vn -0.2954 0.9225 0.2484
vn -0.3156 0.8973 0.3087
vn -0.2244 0.9335 0.2797
vn -0.2750 0.9351 0.2237
vn -0.2283 0.9293 0.2903
vn -0.1822 0.9211 0.3441
vn -0.1958 0.9325 0.3035
vn -0.2240 0.9455 0.2365
vn -0.2518 0.9419 0.2225
vn -0.3122 0.9474 0.0712
vn -0.3244 0.9388 0.1157
vn -0.2999 0.9479 0.1072
vn -0.2771 0.9579 0.0754
vn -0.2964 0.9543 0.0370
vn -0.3198 0.9472 0.0233
vn -0.3300 0.9413 0.0709
vn -0.2074 0.9696 -0.1299
vn -0.2562 0.9616 -0.0989
vn -0.2404 0.9678 -0.0753
vn -0.2158 0.9747 -0.0582
vn -0.1824 0.9736 -0.1370
vn -0.1589 0.9674 -0.1974
vn -0.2098 0.9653 -0.1553
vn -0.4614 0.8608 0.2147
vn -0.3888 0.9036 0.1797
vn -0.4471 0.8792 0.1647
vn -0.5209 0.8356 0.1744
vn -0.5269 0.8131 0.2474
vn -0.4939 0.8089 0.3191
vn -0.4272 0.8705 0.2445
vn -0.3892 0.9178 0.0784
vn -0.3684 0.9232 0.1100
vn -0.3631 0.9287 0.0748
vn -0.3600 0.9319 0.0435
vn -0.3984 0.9147 0.0676
vn -0.4519 0.8868 0.0971
vn -0.4080 0.9073 0.1013
vn -0.7426 0.4888 0.4579
vn -0.6543 0.5872 0.4765
vn -0.7425 0.5131 0.4306
vn -0.8023 0.4381 0.4055
vn -0.7790 0.4385 0.4481
vn -0.7191 0.4625 0.5186
vn -0.6869 0.5153 0.5124
vn -0.7346 0.5833 0.3466
vn -0.6543 0.6503 0.3861
vn -0.6687 0.6719 0.3183
vn -0.7001 0.6648 0.2607
vn -0.7649 0.5578 0.3221
vn -0.7998 0.4713 0.3717
vn -0.7371 0.5547 0.3859
vn -0.7910 0.4766 0.3836
vn -0.6548 0.5383 0.5305
vn -0.8060 0.4704 0.3593
vn -0.8667 0.4237 0.2634
vn -0.8136 0.4472 0.3716
vn -0.6502 0.4349 0.6230
vn -0.6228 0.5083 0.5948
vn -0.8509 0.3495 0.3921
vn -0.7684 0.4449 0.4600
vn -0.8302 0.3732 0.4141
vn -0.8767 0.3029 0.3737
vn -0.8930 0.2828 0.3501
vn -0.8917 0.3157 0.3244
vn -0.8392 0.3821 0.3870
vn -0.2059 0.9612 -0.1837
vn -0.2529 0.9591 -0.1274
vn -0.2032 0.9644 -0.1693
vn -0.1512 0.9628 -0.2241
vn -0.1670 0.9589 -0.2295
vn -0.2041 0.9574 -0.2042
vn -0.2382 0.9565 -0.1684
vn -0.0031 0.9081 -0.4188
vn 0.0504 0.8953 -0.4426
vn -0.0011 0.9099 -0.4149
vn -0.0548 0.9291 -0.3658
vn -0.0508 0.9280 -0.3691
vn -0.0187 0.9277 -0.3729
vn 0.0320 0.9018 -0.4310
vn 0.0795 0.9287 -0.3622
vn 0.0762 0.9183 -0.3885
vn 0.1042 0.9185 -0.3814
vn 0.1827 0.9061 -0.3815
vn 0.1407 0.9303 -0.3387
vn 0.0472 0.9490 -0.3118
vn 0.0471 0.9293 -0.3663
vn -0.8689 0.3851 0.3110
vn -0.8732 0.4428 0.2035
vn -0.8838 0.4215 0.2031
vn -0.9086 0.3105 0.2793
vn -0.8821 0.2587 0.3936
vn -0.7982 0.2689 0.5390
vn -0.8395 0.4198 0.3450
vn -0.8369 -0.2129 0.5043
vn -0.9047 -0.0899 0.4164
vn -0.8583 -0.2315 0.4579
vn -0.8131 -0.3135 0.4905
vn -0.7804 -0.2767 0.5607
vn -0.7576 -0.1642 0.6317
vn -0.8558 -0.1168 0.5039
vn -0.3254 0.9384 -0.1160
vn -0.2855 0.9499 -0.1275
vn -0.3188 0.9442 -0.0827
vn -0.3603 0.9318 -0.0438
vn -0.3454 0.9348 -0.0828
vn -0.3185 0.9435 -0.0915
vn -0.3047 0.9433 -0.1315
vn -0.4215 0.9040 0.0710
vn -0.3638 0.9311 0.0259
vn -0.3958 0.9181 0.0188
vn -0.4726 0.8801 0.0442
vn -0.4946 0.8633 0.1001
vn -0.4840 0.8651 0.1317
vn -0.4024 0.9118 0.0821
vn -0.9593 0.1205 0.2554
vn -0.9378 0.1325 0.3208
vn -0.9351 0.1445 0.3236
vn -0.9183 0.2369 0.3171
vn -0.9593 0.1750 0.2217
vn -0.9736 0.1466 0.1747
vn -0.9633 0.1027 0.2481
vn -0.8889 0.4466 0.1023
vn -0.9251 0.3729 0.0711
vn -0.9153 0.3816 0.1289
vn -0.8723 0.4361 0.2213
vn -0.8555 0.4918 0.1620
vn -0.8663 0.4787 0.1431
vn -0.8892 0.4511 0.0762
vn -0.8715 -0.2285 0.4339
vn -0.8904 -0.1895 0.4138
vn -0.8694 -0.2516 0.4252
vn -0.8448 -0.3010 0.4425
vn -0.8625 -0.2360 0.4477
vn -0.8762 -0.1347 0.4627
vn -0.8852 -0.1688 0.4336
vn -0.8538 -0.2794 0.4392
vn -0.8753 -0.1819 0.4480
vn -0.8706 -0.2556 0.4203
vn -0.8492 -0.3960 0.3493
vn -0.8282 -0.3919 0.4005
vn -0.8189 -0.3651 0.4428
vn -0.8514 -0.2458 0.4633
vn -0.9209 -0.2192 0.3225
vn -0.8883 -0.3360 0.3132
vn -0.9045 -0.2243 0.3627
vn -0.9153 -0.1368 0.3788
vn -0.9345 -0.1723 0.3115
vn -0.9389 -0.2462 0.2405
vn -0.9167 -0.2936 0.2712
vn -0.9635 -0.0505 0.2630
vn -0.9406 -0.0313 0.3381
vn -0.9561 0.0279 0.2917
vn -0.9760 0.0641 0.2080
vn -0.9760 -0.0689 0.2067
vn -0.9599 -0.1809 0.2141
vn -0.9517 -0.1017 0.2896
vn -0.8814 0.2894 0.3733
vn -0.9135 0.1108 0.3915
vn -0.9058 0.1174 0.4071
vn -0.8786 0.2197 0.4240
vn -0.8455 0.3781 0.3769
vn -0.8248 0.4364 0.3595
vn -0.8801 0.2961 0.3711
vn -0.7454 0.5842 0.3210
vn -0.7401 0.5754 0.3481
vn -0.7527 0.5648 0.3383
vn -0.7786 0.5236 0.3458
vn -0.7707 0.5646 0.2954
vn -0.7778 0.5414 0.3194
vn -0.7429 0.5765 0.3401
vn -0.8455 0.2865 0.4507
vn -0.8110 0.3802 0.4446
vn -0.8099 0.3724 0.4532
vn -0.8264 0.3688 0.4255
vn -0.8664 0.2506 0.4320
vn -0.8894 0.1563 0.4295
vn -0.8538 0.2732 0.4432
vn -0.7165 0.5338 0.4491
vn -0.7306 0.5244 0.4372
vn -0.7223 0.5403 0.4316
vn -0.7358 0.5265 0.4258
vn -0.7147 0.5432 0.4405
vn -0.7285 0.5299 0.4342
vn -0.7296 0.5144 0.4506
vn -0.9240 0.1898 0.3318
vn -0.9231 0.0825 0.3755
vn -0.9066 0.1981 0.3725
vn -0.8764 0.3315 0.3494
vn -0.9160 0.2771 0.2900
vn -0.9465 0.2077 0.2470
vn -0.9432 0.1129 0.3126
vn -0.7165 0.5694 0.4030
vn -0.7232 0.5687 0.3918
vn -0.7134 0.5672 0.4115
vn -0.7497 0.5108 0.4207
vn -0.7514 0.5104 0.4181
vn -0.7547 0.5293 0.3877
vn -0.7246 0.5761 0.3783
vn -0.8683 0.2197 0.4447
vn -0.8541 0.2727 0.4428
vn -0.8512 0.2809 0.4434
vn -0.8644 0.2800 0.4177
vn -0.8818 0.2053 0.4246
vn -0.8811 0.1978 0.4296
vn -0.8688 0.2160 0.4455
vn -0.8157 0.5413 0.2041
vn -0.8714 0.4650 0.1565
vn -0.8511 0.4785 0.2160
vn -0.8094 0.5094 0.2924
vn -0.7861 0.5618 0.2577
vn -0.7953 0.5621 0.2271
vn -0.8228 0.5444 0.1632
vn -0.8633 0.4449 0.2383
vn -0.8510 0.4109 0.3272
vn -0.8269 0.4908 0.2745
vn -0.8078 0.5592 0.1866
vn -0.8719 0.4581 0.1729
vn -0.9006 0.3965 0.1781
vn -0.8820 0.3916 0.2622
vn -0.8943 0.3315 0.3007
vn -0.8888 0.3152 0.3327
vn -0.8871 0.2850 0.3631
vn -0.8833 0.2975 0.3624
vn -0.8917 0.3483 0.2891
vn -0.8955 0.3925 0.2097
vn -0.8972 0.3504 0.2686
vn -0.9168 0.3207 0.2380
vn -0.8313 0.5038 0.2349
vn -0.8219 0.5290 0.2113
vn -0.8480 0.5053 0.1597
vn -0.9423 0.2631 0.2068
vn -0.9621 0.1532 0.2255
vn -0.9268 0.2768 0.2538
vn -0.9166 0.3957 0.0564
vn -0.9079 0.4179 0.0323
vn -0.9003 0.4294 0.0715
vn -0.8686 0.4817 0.1157
vn -0.9227 0.3716 0.1024
vn -0.9472 0.3080 0.0891
vn -0.9247 0.3790 0.0358
vn -0.8860 0.4226 0.1909
vn -0.8681 0.4818 0.1194
vn -0.8810 0.4335 0.1894
vn -0.8869 0.3934 0.2422
vn -0.8894 0.4047 0.2126
vn -0.8775 0.4568 0.1459
vn -0.8713 0.4745 0.1254
vn -0.8409 0.5196 0.1516
vn -0.8483 0.5175 0.1123
vn -0.8578 0.4971 0.1302
vn -0.8744 0.4612 0.1509
vn -0.8380 0.5215 0.1607
vn -0.8332 0.5226 0.1808
vn -0.8414 0.5169 0.1577
vn -0.8934 0.4487 -0.0218
vn -0.8616 0.5049 -0.0525
vn -0.8435 0.5337 -0.0603
vn -0.8667 0.4975 -0.0357
vn -0.9070 0.4209 -0.0087
vn -0.9441 0.3271 0.0396
vn -0.9112 0.4120 -0.0007
vn -0.7683 0.6319 -0.1022
vn -0.7524 0.6423 -0.1461
vn -0.7680 0.6282 -0.1243
vn -0.8044 0.5907 -0.0632
vn -0.7965 0.6024 -0.0517
vn -0.7933 0.6063 -0.0558
vn -0.7633 0.6373 -0.1058
vn -0.9573 0.2715 -0.0988
vn -0.9698 0.2430 0.0215
vn -0.9310 0.3650 0.0113
vn -0.8897 0.4550 -0.0386
vn -0.9353 0.3055 -0.1784
vn -0.9481 0.1136 -0.2968
vn -0.9836 0.1359 -0.1186
vn -0.7947 0.4746 -0.3785
vn -0.7406 0.5425 -0.3965
vn -0.7360 0.4121 -0.5371
vn -0.7922 0.2732 -0.5457
vn -0.8436 0.4173 -0.3380
vn -0.8274 0.5372 -0.1636
vn -0.7785 0.5667 -0.2699
vn -0.9872 -0.0358 -0.1557
vn -0.9640 0.0629 -0.2585
vn -0.9762 -0.0507 -0.2109
vn -0.9690 -0.1811 -0.1679
vn -0.9905 -0.0826 -0.1099
vn -0.9986 0.0196 -0.0486
vn -0.9891 0.0358 -0.1426
vn -0.8845 -0.1194 -0.4509
vn -0.8846 0.0563 -0.4630
vn -0.8142 -0.0510 -0.5784
vn -0.7455 -0.1846 -0.6404
vn -0.8626 -0.2300 -0.4506
vn -0.9364 -0.2345 -0.2612
vn -0.9438 -0.0711 -0.3228
vn -0.9810 -0.1935 -0.0147
vn -0.9509 -0.2911 -0.1049
vn -0.9491 -0.3135 -0.0299
vn -0.9561 -0.2871 0.0589
vn -0.9873 -0.1493 0.0545
vn -0.9997 -0.0098 0.0238
vn -0.9879 -0.1417 -0.0624
vn -0.9663 0.2483 0.0673
vn -0.9817 0.1816 0.0572
vn -0.9651 0.2596 0.0353
vn -0.9427 0.3334 0.0122
vn -0.9541 0.2948 0.0522
vn -0.9732 0.2146 0.0825
vn -0.9790 0.1866 0.0825
vn -0.9876 0.0874 0.1301
vn -0.9945 0.0541 0.0898
vn -0.9914 0.0539 0.1190
vn -0.9856 0.0681 0.1549
vn -0.9779 0.1378 0.1574
vn -0.9466 0.2900 0.1412
vn -0.9863 0.1193 0.1141
vn -0.9541 0.2233 -0.1996
vn -0.9794 0.1751 -0.1010
vn -0.9725 0.1495 -0.1785
vn -0.9578 0.1030 -0.2685
vn -0.9439 0.1918 -0.2687
vn -0.9386 0.2690 -0.2163
vn -0.9582 0.2500 -0.1394
vn -0.8526 0.0194 -0.5222
vn -0.8842 -0.0343 -0.4659
vn -0.8517 -0.0122 -0.5240
vn -0.8129 0.0644 -0.5789
vn -0.8216 0.0955 -0.5621
vn -0.8730 0.1441 -0.4660
vn -0.8833 0.0393 -0.4672
vn -0.9943 0.0802 0.0700
vn -0.9987 0.0219 0.0469
vn -0.9895 0.0996 0.1043
vn -0.9484 0.2640 0.1757
vn -0.9842 0.1574 0.0815
vn -0.9981 0.0616 -0.0064
vn -0.9995 0.0250 0.0168
vn -0.9893 -0.0980 -0.1078
vn -0.9740 -0.1240 -0.1898
vn -0.9913 -0.0705 -0.1111
vn -0.9981 -0.0327 -0.0514
vn -0.9958 -0.0602 -0.0693
vn -0.9886 -0.0716 -0.1323
vn -0.9782 -0.1243 -0.1665
vn -0.7564 0.6498 0.0755
vn -0.7154 0.6754 0.1788
vn -0.5744 0.8074 0.1349
vn -0.4964 0.8633 0.0916
vn -0.7684 0.6388 0.0379
vn -0.9574 0.2881 -0.0177
vn -0.8939 0.4373 0.0985
vn -0.2489 0.9609 0.1210
vn -0.2188 0.9733 0.0696
vn -0.2265 0.9682 0.1060
vn -0.2604 0.9583 0.1176
vn -0.2881 0.9480 0.1353
vn -0.3162 0.9370 0.1487
vn -0.2566 0.9617 0.0960
vn -0.1430 0.9875 0.0657
vn -0.1163 0.9925 0.0390
vn -0.0700 0.9969 0.0366
vn -0.0536 0.9978 0.0378
vn -0.1479 0.9858 0.0800
vn -0.1965 0.9752 0.1021
vn -0.1727 0.9815 0.0823
vn -0.1588 0.9725 0.1704
vn -0.0609 0.9822 0.1775
vn -0.1432 0.9716 0.1886
vn -0.2423 0.9585 0.1502
vn -0.2260 0.9619 0.1541
vn -0.2096 0.9653 0.1560
vn -0.1402 0.9769 0.1614
vn -0.7713 0.6361 -0.0217
vn -0.7366 0.6682 -0.1044
vn -0.8906 0.4202 -0.1737
vn -0.9530 0.2673 -0.1425
vn -0.7805 0.6251 0.0095
vn -0.5038 0.8567 0.1108
vn -0.5733 0.8184 0.0392
vn -0.1143 0.9412 0.3178
vn 0.0467 0.9588 0.2803
vn 0.0526 0.9695 0.2395
vn 0.0353 0.9764 0.2130
vn -0.1473 0.9299 0.3369
vn -0.2397 0.9108 0.3362
vn -0.1363 0.9397 0.3137
vn -0.2221 0.9114 0.3465
vn 0.0305 0.9679 0.2495
vn -0.0561 0.9902 0.1283
vn -0.3519 0.9308 -0.0990
vn -0.4908 0.8316 0.2599
vn -0.4153 0.8105 0.4132
vn -0.1811 0.8943 0.4092
vn -0.8637 -0.2055 -0.4602
vn -0.8724 -0.0664 -0.4842
vn -0.8234 -0.2301 -0.5187
vn -0.8090 -0.2894 -0.5116
vn -0.8700 -0.2317 -0.4351
vn -0.9255 -0.1309 -0.3555
vn -0.9058 -0.0855 -0.4149
vn -0.8845 -0.2350 -0.4030
vn -0.9015 -0.2259 -0.3691
vn -0.9170 -0.2040 -0.3427
vn -0.9314 -0.1550 -0.3294
vn -0.8801 -0.2294 -0.4157
vn -0.8416 -0.2679 -0.4691
vn -0.8682 -0.2552 -0.4256
vn -0.9039 -0.0562 -0.4240
vn -0.8871 -0.1149 -0.4471
vn -0.9112 -0.0977 -0.4001
vn -0.9435 -0.0279 -0.3302
vn -0.9195 0.0026 -0.3930
vn -0.8782 0.0272 -0.4774
vn -0.8787 -0.0536 -0.4744
vn -0.8978 -0.1607 -0.4101
vn -0.8912 -0.1934 -0.4103
vn -0.8830 -0.1993 -0.4250
vn -0.8784 -0.1726 -0.4457
vn -0.9030 -0.1325 -0.4087
vn -0.9259 -0.0721 -0.3709
vn -0.9052 -0.1451 -0.3994
vn -0.9551 0.1498 -0.2555
vn -0.9695 0.2151 -0.1177
vn -0.9366 0.1732 -0.3047
vn -0.9010 0.1218 -0.4165
vn -0.9481 0.1124 -0.2975
vn -0.9817 0.1304 -0.1390
vn -0.9802 0.1794 -0.0840
vn -0.8370 0.2079 -0.5061
vn -0.8290 0.1473 -0.5395
vn -0.8837 0.1938 -0.4261
vn -0.9070 0.2514 -0.3379
vn -0.8421 0.2392 -0.4834
vn -0.7867 0.2020 -0.5833
vn -0.7940 0.1730 -0.5828
vn -0.8726 0.2841 -0.3973
vn -0.8654 0.2221 -0.4492
vn -0.8644 0.2690 -0.4248
vn -0.9162 0.2944 -0.2718
vn -0.8985 0.3209 -0.2997
vn -0.9376 0.2627 -0.2277
vn -0.9008 0.2397 -0.3621
vn -0.9478 -0.1447 0.2841
vn -0.9924 -0.1020 -0.0684
vn -0.9841 -0.0459 0.1715
vn -0.9272 -0.0901 0.3636
vn -0.8836 -0.2046 0.4211
vn -0.9330 -0.3028 0.1945
vn -0.9770 -0.1996 0.0750
vn -0.5759 -0.4250 0.6984
vn -0.6001 -0.6146 0.5120
vn -0.6006 -0.4167 0.6824
vn -0.6316 -0.2744 0.7251
vn -0.6147 -0.2888 0.7340
vn -0.6506 -0.3437 0.6772
vn -0.5981 -0.5237 0.6067
vn -0.7511 0.1977 0.6299
vn -0.7268 0.1316 0.6741
vn -0.7541 0.2548 0.6053
vn -0.8796 0.2593 0.3987
vn -0.8273 0.1735 0.5343
vn -0.7574 -0.0120 0.6528
vn -0.7137 0.0701 0.6970
vn -0.8228 0.1763 0.5403
vn -0.8847 0.1444 0.4432
vn -0.9254 0.0724 0.3719
vn -0.9436 0.0189 0.3305
vn -0.8063 0.1842 0.5622
vn -0.7545 0.2226 0.6174
vn -0.7813 0.2245 0.5824
vn -0.9098 0.0027 -0.4150
vn -0.9401 0.0661 -0.3344
vn -0.9069 -0.0478 -0.4186
vn -0.8627 -0.0594 -0.5022
vn -0.8757 0.0553 -0.4797
vn -0.8940 0.2093 -0.3963
vn -0.9322 0.1284 -0.3383
vn -0.5530 0.3713 -0.7458
vn -0.6207 0.4796 -0.6203
vn -0.6390 0.3215 -0.6988
vn -0.6341 0.1250 -0.7631
vn -0.5289 0.1907 -0.8270
vn -0.4527 0.3066 -0.8373
vn -0.5304 0.4627 -0.7103
vn -0.4799 0.7241 -0.4954
vn -0.3813 0.6302 -0.6764
vn -0.3998 0.7374 -0.5444
vn -0.4208 0.7984 -0.4307
vn -0.4944 0.7682 -0.4066
vn -0.5514 0.7111 -0.4362
vn -0.4977 0.6658 -0.5559
vn -0.8736 0.2303 0.4288
vn -0.8935 0.2218 0.3904
vn -0.9029 0.2169 0.3710
vn -0.9227 0.2429 0.2993
vn -0.8854 0.2761 0.3740
vn -0.9053 0.2719 0.3264
vn -0.8752 0.2241 0.4288
vn -0.8112 0.5814 0.0622
vn -0.7982 0.5973 -0.0778
vn -0.7993 0.6009 0.0007
vn -0.8594 0.5046 0.0818
vn -0.8511 0.5040 0.1468
vn -0.8868 0.4590 0.0542
vn -0.8397 0.5428 -0.0169
vn -0.8764 0.4521 0.1660
vn -0.9013 0.4136 0.1287
vn -0.8985 0.4351 0.0581
vn -0.9256 0.3500 0.1439
vn -0.8987 0.3644 0.2441
vn -0.8943 0.3800 0.2362
vn -0.8650 0.4679 0.1813
vn -0.9086 0.1809 0.3764
vn -0.9011 0.2019 0.3838
vn -0.8927 0.2027 0.4024
vn -0.9274 0.2321 0.2934
vn -0.9425 0.1918 0.2736
vn -0.9453 0.1811 0.2713
vn -0.9107 0.1878 0.3679
vn -0.8809 0.4493 0.1488
vn -0.8832 0.4322 0.1820
vn -0.8848 0.4369 0.1621
vn -0.9016 0.4052 0.1513
vn -0.8741 0.4672 0.1330
vn -0.8480 0.5109 0.1407
vn -0.8733 0.4625 0.1532
vn -0.7468 0.6518 -0.1320
vn -0.7157 0.6835 -0.1433
vn -0.7011 0.6957 -0.1567
vn -0.7210 0.6752 -0.1561
vn -0.7786 0.6129 -0.1348
vn -0.8250 0.5590 -0.0831
vn -0.7647 0.6361 -0.1034
vn -0.5028 0.8328 -0.2316
vn -0.5418 0.8149 -0.2060
vn -0.5588 0.8022 -0.2105
vn -0.5612 0.7947 -0.2313
vn -0.4949 0.8313 -0.2530
vn -0.4384 0.8575 -0.2690
vn -0.4790 0.8454 -0.2363
vn -0.9754 0.2138 -0.0528
vn -0.9671 0.2456 -0.0668
vn -0.9762 0.2103 -0.0530
vn -0.9797 0.2005 -0.0018
vn -0.9777 0.2097 0.0038
vn -0.9642 0.2651 -0.0039
vn -0.9654 0.2522 -0.0669
vn -0.8672 0.4790 -0.1360
vn -0.8070 0.5760 -0.1301
vn -0.8591 0.4989 -0.1138
vn -0.9051 0.4136 -0.0988
vn -0.9033 0.4127 -0.1172
vn -0.8886 0.4485 -0.0960
vn -0.8408 0.5242 -0.1349
vn -0.9460 0.3213 0.0431
vn -0.9543 0.2982 0.0208
vn -0.9431 0.3284 0.0526
vn -0.9297 0.3615 0.0705
vn -0.9369 0.3456 0.0528
vn -0.9519 0.3048 0.0315
vn -0.9582 0.2860 0.0127
vn -0.8525 0.5129 0.1003
vn -0.8841 0.4561 0.1022
vn -0.8368 0.5335 0.1235
vn -0.7848 0.6052 0.1338
vn -0.8425 0.5304 0.0944
vn -0.8950 0.4394 0.0764
vn -0.8915 0.4455 0.0822
vn -0.9280 0.3650 0.0755
vn -0.9234 0.3749 0.0826
vn -0.9325 0.3545 0.0691
vn -0.9319 0.3586 0.0550
vn -0.9202 0.3847 0.0719
vn -0.9072 0.4095 0.0963
vn -0.9180 0.3859 0.0916
vn -0.8350 0.5499 0.0209
vn -0.7905 0.6122 -0.0189
vn -0.8060 0.5918 0.0117
vn -0.8335 0.5508 0.0439
vn -0.8610 0.5071 0.0392
vn -0.8784 0.4776 0.0182
vn -0.8400 0.5426 -0.0027
vn -0.8051 0.5654 0.1794
vn -0.8707 0.4754 0.1263
vn -0.8489 0.5044 0.1579
vn -0.8082 0.5548 0.1976
vn -0.7593 0.6129 0.2188
vn -0.7470 0.6312 0.2087
vn -0.8119 0.5605 0.1630
vn -0.6853 0.6806 0.2593
vn -0.6705 0.6969 0.2544
vn -0.6710 0.6937 0.2617
vn -0.6763 0.6891 0.2604
vn -0.6975 0.6692 0.2561
vn -0.7262 0.6429 0.2435
vn -0.6861 0.6816 0.2541
vn -0.7047 0.7094 0.0073
vn -0.6891 0.7236 -0.0391
vn -0.6749 0.7378 -0.0145
vn -0.6723 0.7388 0.0475
vn -0.7004 0.7113 0.0598
vn -0.7464 0.6631 0.0561
vn -0.7264 0.6872 -0.0064
vn -0.6406 0.7361 0.2188
vn -0.6386 0.7338 0.2317
vn -0.6489 0.7250 0.2306
vn -0.6736 0.7106 0.2034
vn -0.6543 0.7314 0.1921
vn -0.6377 0.7461 0.1915
vn -0.6287 0.7454 0.2217
vn -0.5766 0.7914 0.2031
vn -0.6080 0.7654 0.2109
vn -0.5930 0.7774 0.2098
vn -0.5821 0.7891 0.1961
vn -0.5633 0.8022 0.1976
vn -0.5443 0.8186 0.1833
vn -0.5769 0.7923 0.1986
vn -0.4037 0.8882 -0.2192
vn -0.4857 0.8553 -0.1807
vn -0.4279 0.8748 -0.2271
vn -0.3628 0.8933 -0.2654
vn -0.3478 0.9066 -0.2389
vn -0.3516 0.9161 -0.1927
vn -0.4169 0.8900 -0.1849
vn -0.4596 0.8854 -0.0699
vn -0.3993 0.9133 -0.0798
vn -0.4600 0.8867 -0.0470
vn -0.5249 0.8510 -0.0187
vn -0.5195 0.8527 -0.0545
vn -0.5129 0.8541 -0.0864
vn -0.4430 0.8915 -0.0946
vn -0.5253 0.8304 0.1856
vn -0.4869 0.8564 0.1716
vn -0.5062 0.8421 0.1859
vn -0.5199 0.8347 0.1815
vn -0.5381 0.8216 0.1882
vn -0.5378 0.8263 0.1672
vn -0.5201 0.8378 0.1660
vn -0.4848 0.8740 0.0345
vn -0.4113 0.9115 -0.0013
vn -0.4208 0.9066 0.0318
vn -0.4392 0.8954 0.0727
vn -0.4988 0.8640 0.0683
vn -0.5201 0.8525 0.0529
vn -0.4847 0.8746 0.0137
vn -0.1926 0.9799 0.0515
vn -0.1809 0.9813 0.0650
vn -0.2131 0.9732 0.0867
vn -0.2536 0.9633 0.0876
vn -0.2267 0.9729 0.0466
vn -0.2023 0.9793 0.0042
vn -0.1782 0.9837 0.0235
vn -0.1856 0.9355 -0.3007
vn -0.2160 0.9182 -0.3320
vn -0.1864 0.9212 -0.3414
vn -0.1660 0.9289 -0.3311
vn -0.1781 0.9439 -0.2782
vn -0.1957 0.9523 -0.2340
vn -0.2086 0.9361 -0.2834
vn -0.1617 0.9694 -0.1846
vn -0.1705 0.9743 -0.1472
vn -0.1616 0.9619 -0.2205
vn -0.1405 0.9547 -0.2623
vn -0.1379 0.9729 -0.1858
vn -0.1440 0.9856 -0.0888
vn -0.1631 0.9801 -0.1134
vn -0.1668 0.8721 -0.4600
vn -0.2040 0.8737 -0.4416
vn -0.1734 0.8643 -0.4722
vn -0.1091 0.8659 -0.4882
vn -0.1167 0.8773 -0.4655
vn -0.1221 0.8860 -0.4473
vn -0.1767 0.8812 -0.4385
vn 0.1466 0.9834 -0.1068
vn 0.1991 0.9686 -0.1487
vn 0.1590 0.9857 -0.0556
vn 0.0862 0.9963 -0.0062
vn 0.0758 0.9904 -0.1157
vn 0.0876 0.9714 -0.2209
vn 0.1625 0.9690 -0.1859
vn 0.1723 0.9822 0.0744
vn 0.1296 0.9838 0.1239
vn 0.1895 0.9811 0.0379
vn 0.2319 0.9717 -0.0441
vn 0.1847 0.9816 0.0488
vn 0.1256 0.9803 0.1523
vn 0.1234 0.9797 0.1579
vn -0.4063 0.8957 0.1808
vn -0.3681 0.9115 0.1838
vn -0.4005 0.9004 0.1697
vn -0.4368 0.8850 0.1615
vn -0.4341 0.8830 0.1784
vn -0.4116 0.8924 0.1852
vn -0.3904 0.9008 0.1902
vn -0.3328 0.9166 0.2215
vn -0.2808 0.9362 0.2116
vn -0.3087 0.9236 0.2272
vn -0.3253 0.9208 0.2154
vn -0.3487 0.9125 0.2137
vn -0.3413 0.9198 0.1936
vn -0.3103 0.9293 0.2001
vn 0.0326 0.9431 0.3308
vn 0.0061 0.9523 0.3051
vn 0.0374 0.9500 0.3099
vn 0.0592 0.9498 0.3073
vn 0.0560 0.9419 0.3313
vn 0.0529 0.9438 0.3263
vn 0.0197 0.9455 0.3250
vn 0.1582 0.9346 0.3186
vn 0.1363 0.9391 0.3154
vn 0.1253 0.9375 0.3246
vn 0.1236 0.9455 0.3012
vn 0.1607 0.9412 0.2971
vn 0.2277 0.9325 0.2802
vn 0.1856 0.9348 0.3029
vn 0.1398 0.9817 0.1293
vn 0.2058 0.9784 0.0177
vn 0.2025 0.9715 0.1230
vn 0.2055 0.9594 0.1934
vn 0.1405 0.9728 0.1841
vn 0.1271 0.9780 0.1653
vn 0.1401 0.9866 0.0840
vn 0.5819 0.7979 0.1573
vn 0.6460 0.7546 0.1151
vn 0.5544 0.8062 0.2066
vn 0.4740 0.8528 0.2192
vn 0.5144 0.8415 0.1652
vn 0.5543 0.8314 0.0386
vn 0.6187 0.7835 0.0578
vn -0.0086 0.9631 0.2692
vn 0.0103 0.9738 0.2270
vn -0.0408 0.9664 0.2540
vn -0.0459 0.9589 0.2798
vn -0.0054 0.9566 0.2913
vn 0.0449 0.9568 0.2871
vn 0.0338 0.9669 0.2528
vn -0.1425 0.9636 0.2263
vn -0.2102 0.9550 0.2095
vn -0.2004 0.9519 0.2316
vn -0.1654 0.9564 0.2406
vn -0.1059 0.9656 0.2375
vn -0.0542 0.9749 0.2160
vn -0.1310 0.9687 0.2111
vn 0.2360 0.9475 0.2157
vn 0.2945 0.9313 0.2143
vn 0.2733 0.9437 0.1864
vn 0.2060 0.9605 0.1872
vn 0.1830 0.9583 0.2194
vn 0.1611 0.9512 0.2634
vn 0.2326 0.9422 0.2411
vn 0.5330 0.7974 0.2828
vn 0.6181 0.7346 0.2798
vn 0.6247 0.7194 0.3036
vn 0.6351 0.7252 0.2660
vn 0.5232 0.8147 0.2500
vn 0.4391 0.8636 0.2478
vn 0.5008 0.8186 0.2812
vn 0.7771 0.5191 0.3559
vn 0.7625 0.5494 0.3417
vn 0.7518 0.5429 0.3743
vn 0.7454 0.5688 0.3476
vn 0.7700 0.5371 0.3444
vn 0.8179 0.4957 0.2921
vn 0.8003 0.5097 0.3158
vn 0.7586 0.5482 0.3523
vn 0.7654 0.5174 0.3827
vn 0.7942 0.4934 0.3547
vn 0.8121 0.5184 0.2677
vn 0.7565 0.5840 0.2945
vn 0.7044 0.6286 0.3297
vn 0.7292 0.5638 0.3877
vn 0.5151 0.8446 0.1458
vn 0.6078 0.7777 0.1607
vn 0.5741 0.8091 0.1258
vn 0.5445 0.8312 0.1128
vn 0.4822 0.8654 0.1362
vn 0.4362 0.8841 0.1676
vn 0.5152 0.8404 0.1683
vn 0.4641 0.8762 0.1297
vn 0.4298 0.8897 0.1543
vn 0.4789 0.8675 0.1347
vn 0.5267 0.8431 0.1086
vn 0.4728 0.8737 0.1141
vn 0.4088 0.9040 0.1253
vn 0.4201 0.8958 0.1450
vn 0.2994 0.9390 0.1694
vn 0.3369 0.9248 0.1767
vn 0.3396 0.9262 0.1638
vn 0.3282 0.9331 0.1472
vn 0.2822 0.9456 0.1616
vn 0.2355 0.9557 0.1769
vn 0.2896 0.9404 0.1781
vn 0.1964 0.9745 0.1085
vn 0.2752 0.9558 0.1035
vn 0.2133 0.9740 0.0767
vn 0.1326 0.9889 0.0666
vn 0.1299 0.9847 0.1162
vn 0.1605 0.9752 0.1526
vn 0.2276 0.9645 0.1337
vn -0.0833 0.9845 0.1541
vn -0.0352 0.9933 0.1097
vn -0.1095 0.9842 0.1388
vn -0.1696 0.9708 0.1698
vn -0.0988 0.9793 0.1766
vn -0.0107 0.9843 0.1764
vn -0.0179 0.9900 0.1397
vn 0.2932 0.9550 -0.0444
vn 0.3577 0.9260 -0.1209
vn 0.2814 0.9560 -0.0830
vn 0.2134 0.9764 -0.0345
vn 0.2633 0.9647 0.0002
vn 0.3191 0.9473 0.0279
vn 0.3405 0.9392 -0.0436
vn 0.2634 0.9539 -0.1442
vn 0.3587 0.9206 -0.1541
vn 0.2998 0.9348 -0.1906
vn 0.2318 0.9467 -0.2235
vn 0.2082 0.9670 -0.1471
vn 0.1988 0.9766 -0.0816
vn 0.2781 0.9543 -0.1091
vn 0.0356 0.9827 -0.1820
vn 0.1268 0.9605 -0.2476
vn 0.0177 0.9722 -0.2335
vn -0.0805 0.9751 -0.2069
vn -0.0115 0.9891 -0.1469
vn 0.0694 0.9924 -0.1020
vn 0.1065 0.9808 -0.1633
vn -0.1543 0.9807 0.1203
vn -0.0483 0.9944 0.0945
vn -0.1364 0.9869 0.0859
vn -0.2277 0.9700 0.0849
vn -0.2255 0.9654 0.1311
vn -0.2074 0.9651 0.1598
vn -0.1226 0.9827 0.1388
vn -0.1209 0.9898 -0.0754
vn -0.2156 0.9763 -0.0174
vn -0.1151 0.9932 -0.0187
vn -0.0149 0.9992 -0.0369
vn -0.0627 0.9913 -0.1156
vn -0.1552 0.9750 -0.1592
vn -0.1942 0.9764 -0.0947
vn -0.3616 0.9241 0.1236
vn -0.3442 0.9248 0.1622
vn -0.3311 0.9345 0.1304
vn -0.3254 0.9417 0.0853
vn -0.3665 0.9261 0.0896
vn -0.4007 0.9100 0.1064
vn -0.3808 0.9132 0.1451
vn -0.3443 0.9360 -0.0729
vn -0.3078 0.9413 -0.1390
vn -0.3532 0.9315 -0.0873
vn -0.3846 0.9229 -0.0199
vn -0.3585 0.9333 -0.0204
vn -0.3164 0.9484 -0.0195
vn -0.3102 0.9467 -0.0872
vn -0.3343 0.9397 -0.0718
vn -0.2992 0.9450 -0.1324
vn -0.3189 0.9375 -0.1396
vn -0.3593 0.9234 -0.1350
vn -0.3662 0.9292 -0.0490
vn -0.3654 0.9308 0.0047
vn -0.3262 0.9436 -0.0571
vn -0.2685 0.8972 -0.3506
vn -0.2416 0.8779 -0.4135
vn -0.2826 0.8839 -0.3727
vn -0.3104 0.8983 -0.3110
vn -0.2851 0.9120 -0.2948
vn -0.2475 0.9242 -0.2909
vn -0.2380 0.9006 -0.3638
vn -0.3078 0.8574 -0.4125
vn -0.2649 0.8690 -0.4180
vn -0.2999 0.8467 -0.4394
vn -0.3465 0.8109 -0.4715
vn -0.3346 0.8476 -0.4117
vn -0.3238 0.8812 -0.3446
vn -0.2895 0.8764 -0.3848
vn -0.2756 0.8222 -0.4981
vn -0.3446 0.7943 -0.5003
vn -0.2892 0.8360 -0.4663
vn -0.2256 0.8589 -0.4597
vn -0.2263 0.8295 -0.5106
vn -0.2470 0.7874 -0.5648
vn -0.3106 0.7881 -0.5315
vn -0.4726 0.7737 -0.4220
vn -0.4292 0.8463 -0.3155
vn -0.4133 0.8098 -0.4164
vn -0.4275 0.7525 -0.5010
vn -0.4969 0.7199 -0.4847
vn -0.5677 0.6984 -0.4358
vn -0.5118 0.7803 -0.3594
vn -0.5231 0.8522 0.0136
vn -0.5928 0.8050 0.0227
vn -0.5499 0.8329 0.0624
vn -0.4879 0.8702 0.0680
vn -0.4727 0.8812 0.0002
vn -0.4724 0.8778 -0.0794
vn -0.5432 0.8392 -0.0272
vn -0.6062 0.7710 -0.1951
vn -0.6333 0.7018 -0.3263
vn -0.6540 0.7256 -0.2139
vn -0.6476 0.7556 -0.0986
vn -0.5808 0.8055 -0.1178
vn -0.5164 0.8392 -0.1704
vn -0.5724 0.7797 -0.2538
vn -0.6053 0.7844 0.1354
vn -0.6326 0.7715 0.0687
vn -0.6457 0.7536 0.1233
vn -0.6402 0.7479 0.1754
vn -0.5898 0.7897 0.1690
vn -0.5517 0.8211 0.1463
vn -0.5842 0.8045 0.1075
vn -0.7841 0.5686 -0.2489
vn -0.7474 0.6517 -0.1289
vn -0.7381 0.6287 -0.2448
vn -0.7322 0.5809 -0.3554
vn -0.7951 0.5165 -0.3179
vn -0.8451 0.4768 -0.2418
vn -0.8087 0.5611 -0.1765
vn -0.8179 0.5746 0.0306
vn -0.8696 0.4916 -0.0462
vn -0.8407 0.5394 0.0483
vn -0.7808 0.6141 0.1150
vn -0.7673 0.6374 0.0705
vn -0.7520 0.6591 -0.0041
vn -0.8237 0.5659 -0.0348
vn -0.7934 0.4446 -0.4158
vn -0.7825 0.4165 -0.4629
vn -0.8126 0.4209 -0.4032
vn -0.8377 0.4287 -0.3383
vn -0.7960 0.4625 -0.3906
vn -0.7443 0.4975 -0.4456
vn -0.7631 0.4535 -0.4604
vn -0.8574 0.3681 -0.3595
vn -0.8134 0.3752 -0.4445
vn -0.8591 0.3319 -0.3896
vn -0.9051 0.2913 -0.3096
vn -0.8860 0.3588 -0.2939
vn -0.8625 0.4085 -0.2987
vn -0.8313 0.4038 -0.3820
vn -0.8543 0.2014 -0.4791
vn -0.9013 0.1910 -0.3889
vn -0.8586 0.2492 -0.4480
vn -0.8080 0.2867 -0.5147
vn -0.8234 0.2036 -0.5297
vn -0.8450 0.1210 -0.5209
vn -0.8798 0.1447 -0.4529
vn -0.9170 0.0357 -0.3974
vn -0.8796 0.0434 -0.4737
vn -0.9064 0.0074 -0.4223
vn -0.9318 -0.0147 -0.3628
vn -0.9372 0.0326 -0.3472
vn -0.9336 0.0942 -0.3456
vn -0.9061 0.0739 -0.4167
vn -0.8291 0.5576 0.0401
vn -0.8640 0.5022 -0.0373
vn -0.8632 0.5048 0.0095
vn -0.8553 0.5134 0.0702
vn -0.8143 0.5740 0.0862
vn -0.7719 0.6279 0.0995
vn -0.8206 0.5709 0.0271
vn -0.9419 0.3203 -0.1010
vn -0.9522 0.3025 -0.0420
vn -0.9376 0.3396 -0.0747
vn -0.9192 0.3715 -0.1302
vn -0.9319 0.3301 -0.1500
vn -0.9495 0.2714 -0.1572
vn -0.9545 0.2849 -0.0884
vn -0.9237 0.3830 -0.0053
vn -0.8964 0.4400 0.0534
vn -0.9056 0.4240 -0.0125
vn -0.9135 0.4010 -0.0688
vn -0.9345 0.3532 -0.0433
vn -0.9431 0.3323 0.0125
vn -0.9233 0.3821 0.0384
vn -0.7861 0.5875 0.1921
vn -0.7376 0.6464 0.1952
vn -0.7902 0.5895 0.1677
vn -0.8335 0.5300 0.1563
vn -0.8161 0.5449 0.1924
vn -0.7871 0.5764 0.2199
vn -0.7532 0.6204 0.2186
vn -0.8945 0.4176 0.1598
vn -0.9179 0.3756 0.1281
vn -0.8903 0.4253 0.1626
vn -0.8630 0.4706 0.1838
vn -0.8726 0.4563 0.1742
vn -0.8807 0.4513 0.1438
vn -0.9047 0.4044 0.1344
vn -0.6912 0.6730 0.2633
vn -0.6756 0.6926 0.2527
vn -0.6994 0.6675 0.2555
vn -0.7274 0.6359 0.2580
vn -0.7030 0.6589 0.2677
vn -0.6921 0.6704 0.2674
vn -0.6727 0.6913 0.2637
vn -0.9804 0.0163 -0.1966
vn -0.9716 0.0848 -0.2207
vn -0.9696 0.0226 -0.2436
vn -0.9691 -0.0238 -0.2453
vn -0.9833 -0.0130 -0.1816
vn -0.9924 0.0132 -0.1220
vn -0.9852 0.0518 -0.1633
vn -0.9829 0.1741 -0.0602
vn -0.9946 0.0914 -0.0494
vn -0.9862 0.1635 -0.0272
vn -0.9723 0.2329 -0.0185
vn -0.9726 0.2213 -0.0713
vn -0.9738 0.1860 -0.1308
vn -0.9866 0.1329 -0.0949
vn -0.9874 -0.0744 -0.1400
vn -0.9751 -0.0578 -0.2141
vn -0.9816 -0.0966 -0.1648
vn -0.9855 -0.1443 -0.0892
vn -0.9925 -0.0917 -0.0810
vn -0.9956 -0.0400 -0.0847
vn -0.9866 -0.0424 -0.1578
vn -0.9637 -0.1410 -0.2267
vn -0.9603 -0.0884 -0.2645
vn -0.9500 -0.1314 -0.2833
vn -0.9395 -0.1924 -0.2835
vn -0.9608 -0.1889 -0.2030
vn -0.9766 -0.1739 -0.1262
vn -0.9739 -0.1151 -0.1955
vn -0.8973 -0.4138 -0.1538
vn -0.8345 -0.5300 -0.1508
vn -0.8860 -0.4529 -0.1000
vn -0.9317 -0.3546 -0.0783
vn -0.9277 -0.3364 -0.1619
vn -0.9084 -0.3372 -0.2472
vn -0.8742 -0.4418 -0.2015
vn -0.8618 -0.5055 -0.0414
vn -0.8189 -0.5601 -0.1252
vn -0.8264 -0.5602 -0.0566
vn -0.8357 -0.5491 0.0070
vn -0.8754 -0.4833 0.0060
vn -0.9061 -0.4230 -0.0079
vn -0.8732 -0.4820 -0.0718
vn -0.8768 -0.4701 0.1008
vn -0.8429 -0.5341 0.0662
vn -0.8492 -0.5174 0.1050
vn -0.8648 -0.4819 0.1411
vn -0.8938 -0.4303 0.1259
vn -0.9118 -0.4005 0.0904
vn -0.8812 -0.4667 0.0753
vn -0.9213 -0.3490 0.1714
vn -0.9319 -0.3119 0.1851
vn -0.9364 -0.3134 0.1581
vn -0.9345 -0.3327 0.1268
vn -0.9144 -0.3735 0.1560
vn -0.8984 -0.4013 0.1786
vn -0.9149 -0.3568 0.1888
vn -0.9841 -0.1515 0.0930
vn -0.9951 -0.0847 0.0511
vn -0.9897 -0.1345 0.0485
vn -0.9770 -0.2040 0.0626
vn -0.9720 -0.2044 0.1157
vn -0.9710 -0.1931 0.1411
vn -0.9856 -0.1327 0.1046
vn -0.8971 -0.3892 0.2093
vn -0.8812 -0.4211 0.2150
vn -0.9023 -0.3720 0.2178
vn -0.9154 -0.3452 0.2070
vn -0.9045 -0.3766 0.2002
vn -0.8828 -0.4318 0.1850
vn -0.8761 -0.4371 0.2035
vn -0.9123 -0.3499 0.2128
vn -0.9015 -0.3762 0.2139
vn -0.9092 -0.3537 0.2197
vn -0.9182 -0.3225 0.2301
vn -0.9212 -0.3286 0.2085
vn -0.9225 -0.3343 0.1931
vn -0.9098 -0.3592 0.2078
vn -0.9875 -0.1227 0.0990
vn -0.9952 -0.0751 0.0629
vn -0.9863 -0.1360 0.0937
vn -0.9746 -0.1876 0.1219
vn -0.9834 -0.1402 0.1155
vn -0.9916 -0.0695 0.1094
vn -0.9941 -0.0678 0.0841
vn -0.9908 0.1286 0.0425
vn -0.9778 0.2072 0.0315
vn -0.9899 0.1402 0.0209
vn -0.9978 0.0624 0.0209
vn -0.9961 0.0686 0.0553
vn -0.9927 0.0915 0.0792
vn -0.9856 0.1589 0.0580
vn -0.9666 -0.1965 0.1644
vn -0.9837 -0.1116 0.1412
vn -0.9736 -0.1787 0.1417
vn -0.9581 -0.2407 0.1553
vn -0.9512 -0.2481 0.1833
vn -0.9482 -0.2368 0.2119
vn -0.9692 -0.1716 0.1768
vn -0.8389 0.5267 0.1372
vn -0.8770 0.4683 0.1075
vn -0.8675 0.4823 0.1220
vn -0.8614 0.4836 0.1552
vn -0.8281 0.5368 0.1618
vn -0.8131 0.5585 0.1640
vn -0.8441 0.5197 0.1320
vn -0.9600 0.2599 0.1044
vn -0.9523 0.2969 0.0702
vn -0.9731 0.2163 0.0789
vn -0.9807 0.1607 0.1113
vn -0.9590 0.2512 0.1313
vn -0.9260 0.3497 0.1420
vn -0.9367 0.3353 0.1010
vn -0.7984 0.5420 0.2624
vn -0.8077 0.5081 0.2992
vn -0.7745 0.5656 0.2832
vn -0.7687 0.5896 0.2478
vn -0.8041 0.5470 0.2330
vn -0.8457 0.4832 0.2268
vn -0.8296 0.4885 0.2705
vn -0.9333 0.2675 0.2395
vn -0.9122 0.3490 0.2148
vn -0.9447 0.2557 0.2053
vn -0.9635 0.1750 0.2028
vn -0.9361 0.2422 0.2552
vn -0.9014 0.3247 0.2865
vn -0.9041 0.3395 0.2597
vn -0.7553 0.5871 0.2912
vn -0.7806 0.5468 0.3028
vn -0.7628 0.5754 0.2951
vn -0.7516 0.5960 0.2826
vn -0.7405 0.6102 0.2818
vn -0.7442 0.6088 0.2748
vn -0.7604 0.5813 0.2898
vn -0.9296 0.2521 0.2689
vn -0.9562 0.1945 0.2188
vn -0.9482 0.1885 0.2558
vn -0.9323 0.1864 0.3100
vn -0.9168 0.2679 0.2960
vn -0.9000 0.3312 0.2834
vn -0.9303 0.2678 0.2505
vn -0.9644 -0.0488 0.2598
vn -0.9820 -0.0089 0.1884
vn -0.9711 -0.1094 0.2120
vn -0.9462 -0.1707 0.2750
vn -0.9486 -0.0603 0.3107
vn -0.9436 0.0696 0.3236
vn -0.9680 0.0482 0.2461
vn -0.7893 0.5420 0.2886
vn -0.7980 0.5213 0.3023
vn -0.8030 0.5104 0.3077
vn -0.8154 0.4940 0.3017
vn -0.8020 0.5329 0.2697
vn -0.7852 0.5607 0.2629
vn -0.7814 0.5538 0.2876
vn -0.8665 0.3327 0.3721
vn -0.8600 0.3895 0.3297
vn -0.8817 0.3140 0.3522
vn -0.8885 0.2449 0.3881
vn -0.8645 0.3024 0.4015
vn -0.8478 0.3648 0.3849
vn -0.8480 0.3906 0.3582
vn -0.8726 0.4505 0.1887
vn -0.8856 0.4096 0.2191
vn -0.8742 0.4523 0.1770
vn -0.8564 0.4830 0.1825
vn -0.8590 0.4714 0.2000
vn -0.8671 0.4367 0.2397
vn -0.8808 0.4155 0.2272
vn -0.8673 0.2384 0.4370
vn -0.8767 0.2891 0.3845
vn -0.8670 0.2374 0.4381
vn -0.8469 0.2142 0.4867
vn -0.8473 0.2237 0.4817
vn -0.8639 0.2521 0.4360
vn -0.8776 0.2799 0.3892
vn -0.8591 0.2521 0.4453
vn -0.8573 0.2980 0.4197
vn -0.8618 0.2646 0.4329
vn -0.8725 0.2166 0.4379
vn -0.8621 0.2229 0.4551
vn -0.8548 0.2269 0.4668
vn -0.8577 0.2552 0.4463
vn -0.7730 0.2198 0.5951
vn -0.7898 0.2427 0.5633
vn -0.7721 0.2192 0.5965
vn -0.7764 0.2078 0.5950
vn -0.7825 0.2120 0.5854
vn -0.7877 0.2330 0.5704
vn -0.7772 0.2477 0.5785
vn -0.7678 0.3601 0.5299
vn -0.7770 0.3460 0.5259
vn -0.7674 0.3580 0.5319
vn -0.7583 0.3323 0.5608
vn -0.7677 0.3479 0.5382
vn -0.7913 0.3038 0.5306
vn -0.7739 0.3422 0.5328
vn -0.8621 0.1718 0.4766
vn -0.8658 0.1324 0.4826
vn -0.8575 0.1807 0.4817
vn -0.8511 0.2191 0.4770
vn -0.8632 0.1883 0.4684
vn -0.8753 0.1495 0.4600
vn -0.8713 0.1303 0.4732
vn -0.8916 -0.0597 0.4489
vn -0.8824 -0.0193 0.4701
vn -0.8864 0.0124 0.4628
vn -0.9003 0.0420 0.4333
vn -0.9047 -0.0676 0.4207
vn -0.8936 -0.1593 0.4197
vn -0.8837 -0.0985 0.4576
vn -0.8285 0.2323 0.5096
vn -0.8221 0.2736 0.4993
vn -0.8418 0.2157 0.4949
vn -0.8546 0.1650 0.4924
vn -0.8255 0.2166 0.5212
vn -0.7778 0.2817 0.5618
vn -0.7980 0.2967 0.5245
vn -0.6742 0.3407 0.6553
vn -0.5873 0.2836 0.7581
vn -0.7206 0.2823 0.6333
vn -0.7802 0.2692 0.5646
vn -0.7312 0.3301 0.5969
vn -0.6419 0.3091 0.7017
vn -0.5767 0.3218 0.7509
vn -0.1955 0.2230 0.9550
vn -0.2768 0.2158 0.9364
vn -0.1787 0.2097 0.9613
vn -0.1867 0.1697 0.9676
vn -0.2074 0.1831 0.9610
vn -0.2747 0.2128 0.9377
vn -0.2652 0.2417 0.9334
vn -0.8352 -0.2964 0.4632
vn -0.8696 -0.2569 0.4216
vn -0.8485 -0.1751 0.4994
vn -0.7672 -0.1703 0.6184
vn -0.7770 -0.3141 0.5455
vn -0.7707 -0.4305 0.4698
vn -0.8299 -0.3793 0.4092
vn -0.4699 -0.2981 0.8309
vn -0.3984 -0.1934 0.8966
vn -0.4599 -0.3307 0.8241
vn -0.5340 -0.4385 0.7229
vn -0.5361 -0.3207 0.7809
vn -0.4791 -0.1714 0.8608
vn -0.4089 -0.1690 0.8968
vn -0.7070 -0.6683 0.2314
vn -0.7987 -0.5524 0.2387
vn -0.7308 -0.6213 0.2828
vn -0.6744 -0.6850 0.2756
vn -0.6686 -0.7153 0.2032
vn -0.6983 -0.7082 0.1044
vn -0.7461 -0.6499 0.1451
vn -0.4831 -0.8751 -0.0280
vn -0.5379 -0.8429 -0.0156
vn -0.5305 -0.8473 0.0240
vn -0.4989 -0.8657 0.0412
vn -0.4582 -0.8886 -0.0198
vn -0.4441 -0.8950 -0.0420
vn -0.4770 -0.8774 -0.0510
vn -0.4840 -0.8698 -0.0961
vn -0.4942 -0.8607 -0.1224
vn -0.4496 -0.8875 -0.1008
vn -0.4467 -0.8923 -0.0658
vn -0.4948 -0.8667 -0.0632
vn -0.5691 -0.8198 -0.0628
vn -0.5237 -0.8450 -0.1084
vn -0.6803 -0.7157 -0.1578
vn -0.7489 -0.6429 -0.1609
vn -0.6814 -0.7085 -0.1834
vn -0.6189 -0.7649 -0.1784
vn -0.6412 -0.7540 -0.1426
vn -0.6909 -0.7164 -0.0973
vn -0.7326 -0.6685 -0.1281
vn -0.6464 -0.7197 -0.2535
vn -0.7466 -0.6375 -0.1902
vn -0.6671 -0.6906 -0.2794
vn -0.5721 -0.7348 -0.3643
vn -0.5813 -0.7587 -0.2940
vn -0.6014 -0.7621 -0.2401
vn -0.6755 -0.7092 -0.2016
vn -0.4322 -0.4320 0.7916
vn -0.4109 -0.3071 0.8584
vn -0.4136 -0.4118 0.8120
vn -0.4039 -0.5361 0.7412
vn -0.4304 -0.5461 0.7187
vn -0.4506 -0.5228 0.7236
vn -0.4349 -0.3950 0.8092
vn -0.2611 -0.3967 0.8800
vn -0.2652 -0.4817 0.8352
vn -0.2982 -0.4016 0.8659
vn -0.3050 -0.2945 0.9057
vn -0.2743 -0.3179 0.9076
vn -0.2269 -0.3473 0.9099
vn -0.2329 -0.4245 0.8750
vn -0.1038 -0.4467 0.8887
vn -0.1301 -0.5112 0.8495
vn -0.1388 -0.4434 0.8855
vn -0.1082 -0.3989 0.9106
vn -0.0635 -0.4290 0.9011
vn -0.0225 -0.4638 0.8857
vn -0.0793 -0.4995 0.8627
vn 0.0995 -0.3776 0.9206
vn 0.1030 -0.3951 0.9128
vn 0.0670 -0.3941 0.9166
vn 0.0475 -0.3471 0.9366
vn 0.0930 -0.3292 0.9397
vn 0.1392 -0.3128 0.9396
vn 0.1320 -0.3632 0.9223
vn 0.2854 -0.2179 0.9333
vn 0.2345 -0.2651 0.9353
vn 0.2420 -0.2631 0.9339
vn 0.2684 -0.2390 0.9332
vn 0.3153 -0.1990 0.9279
vn 0.3448 -0.1647 0.9241
vn 0.2888 -0.2103 0.9340
vn 0.3224 -0.2339 0.9172
vn 0.2804 -0.2721 0.9205
vn 0.3116 -0.2309 0.9217
vn 0.3605 -0.1922 0.9127
vn 0.3557 -0.2077 0.9112
vn 0.3550 -0.2420 0.9030
vn 0.3168 -0.2553 0.9135
vn 0.0820 -0.0814 0.9933
vn 0.1333 -0.0700 0.9886
vn 0.1397 -0.0758 0.9873
vn 0.1352 -0.1196 0.9836
vn 0.0726 -0.1272 0.9892
vn 0.0330 -0.1128 0.9931
vn 0.0660 -0.0691 0.9954
vn 0.0086 -0.0310 0.9995
vn 0.0909 -0.0498 0.9946
vn 0.0377 -0.0270 0.9989
vn -0.0376 -0.0377 0.9986
vn -0.0614 -0.0258 0.9978
vn -0.0530 -0.0609 0.9967
vn 0.0337 -0.0588 0.9977
vn -0.3430 -0.0047 0.9393
vn -0.2983 -0.0202 0.9542
vn -0.2842 -0.0069 0.9587
vn -0.2746 -0.0563 0.9599
vn -0.3359 -0.0572 0.9402
vn -0.3501 -0.0529 0.9352
vn -0.3591 -0.0086 0.9333
vn 0.0976 -0.1381 0.9856
vn 0.1517 -0.1037 0.9830
vn 0.0789 -0.1142 0.9903
vn 0.0227 -0.1277 0.9916
vn 0.0742 -0.1527 0.9855
vn 0.1432 -0.1686 0.9752
vn 0.1543 -0.1424 0.9777
vn -0.3713 -0.0300 0.9280
vn -0.3226 -0.0187 0.9464
vn -0.3119 -0.0233 0.9498
vn -0.3038 -0.0609 0.9508
vn -0.3626 -0.0603 0.9300
vn -0.3497 -0.0490 0.9356
vn -0.3746 -0.0234 0.9269
vn 0.0013 0.0308 0.9995
vn 0.0364 0.0448 0.9983
vn 0.0260 0.0063 0.9996
vn -0.0375 -0.0178 0.9991
vn -0.0609 0.0176 0.9980
vn -0.0756 0.0428 0.9962
vn -0.0086 0.0595 0.9982
vn -0.1087 0.1896 0.9758
vn -0.0548 0.1502 0.9871
vn -0.0796 0.1528 0.9850
vn -0.1235 0.1535 0.9804
vn -0.1339 0.2070 0.9691
vn -0.1921 0.2516 0.9486
vn -0.1118 0.2036 0.9726
vn 0.0740 -0.0980 0.9924
vn 0.1532 -0.0953 0.9836
vn 0.0923 -0.1037 0.9903
vn 0.0022 -0.1094 0.9940
vn 0.0081 -0.1122 0.9936
vn 0.0375 -0.0761 0.9964
vn 0.1200 -0.0694 0.9903
vn -0.2626 -0.2848 0.9219
vn -0.2895 -0.2538 0.9229
vn -0.2706 -0.2779 0.9217
vn -0.2800 -0.2133 0.9360
vn -0.2850 -0.2331 0.9298
vn -0.2405 -0.2495 0.9380
vn -0.2475 -0.2847 0.9261
vn -0.2880 -0.2334 0.9288
vn -0.3188 -0.1754 0.9315
vn -0.3155 -0.1445 0.9378
vn -0.2492 -0.1222 0.9607
vn -0.2383 -0.2119 0.9478
vn -0.2361 -0.2153 0.9476
vn -0.2800 -0.2546 0.9256
vn 0.1936 -0.0378 0.9803
vn 0.1560 -0.1396 0.9778
vn 0.2020 -0.1316 0.9705
vn 0.2332 -0.1030 0.9670
vn 0.2095 -0.0026 0.9778
vn 0.1550 0.0693 0.9855
vn 0.1576 -0.0109 0.9874
vn 0.2147 -0.3867 0.8969
vn 0.1849 -0.3330 0.9246
vn 0.2058 -0.4055 0.8906
vn 0.2498 -0.4630 0.8504
vn 0.2582 -0.4003 0.8793
vn 0.2698 -0.3124 0.9108
vn 0.2081 -0.3277 0.9216
vn 0.2546 -0.4120 0.8749
vn 0.1461 -0.5627 0.8137
vn 0.2403 -0.5371 0.8086
vn 0.3004 -0.4893 0.8188
vn 0.2907 -0.3507 0.8902
vn 0.2324 -0.3020 0.9245
vn 0.1999 -0.3920 0.8980
vn -0.0684 0.0748 0.9948
vn -0.2270 0.0766 0.9709
vn -0.0765 -0.0375 0.9964
vn 0.0531 -0.0932 0.9942
vn 0.0192 0.0614 0.9979
vn -0.0655 0.2164 0.9741
vn -0.1937 0.2227 0.9555
vn -0.0014 -0.3306 0.9438
vn 0.0812 -0.2562 0.9632
vn -0.0259 -0.2635 0.9643
vn -0.1047 -0.2839 0.9531
vn -0.0205 -0.3724 0.9278
vn 0.0659 -0.4378 0.8967
vn 0.0701 -0.3544 0.9325
vn -0.4407 0.4556 0.7735
vn -0.3185 0.3292 0.8889
vn -0.4118 0.3381 0.8462
vn -0.4836 0.3726 0.7920
vn -0.4899 0.4731 0.7322
vn -0.4523 0.3960 0.7991
vn -0.3902 0.4262 0.8161
vn 0.0383 -0.4164 0.9084
vn -0.0206 -0.2913 0.9564
vn -0.0522 -0.3969 0.9164
vn -0.0862 -0.5626 0.8223
vn 0.0621 -0.5351 0.8425
vn 0.1892 -0.4734 0.8603
vn 0.0891 -0.3304 0.9396
vn -0.1255 -0.1829 0.9751
vn -0.2801 -0.1645 0.9458
vn -0.1728 -0.2287 0.9580
vn -0.0937 -0.2201 0.9710
vn -0.0481 -0.1712 0.9841
vn -0.0490 -0.1011 0.9937
vn -0.1750 -0.1180 0.9775
vn 0.0883 -0.1199 0.9888
vn 0.0856 -0.0900 0.9923
vn 0.0615 -0.1353 0.9889
vn 0.0342 -0.1417 0.9893
vn 0.0812 -0.1034 0.9913
vn 0.1216 -0.0634 0.9906
vn 0.1180 -0.0819 0.9896
vn -0.3379 0.3532 0.8724
vn -0.5820 0.3312 0.7427
vn -0.3481 0.1908 0.9178
vn -0.0917 0.0921 0.9915
vn -0.1763 0.3298 0.9275
vn -0.3115 0.4808 0.8196
vn -0.5609 0.5110 0.6513
vn -0.6335 0.5786 0.5137
vn -0.6526 0.5204 0.5507
vn -0.6670 0.6012 0.4401
vn -0.6444 0.6205 0.4469
vn -0.6136 0.5691 0.5474
vn -0.5007 0.4445 0.7428
vn -0.5988 0.5410 0.5906
vn 0.2078 0.1740 0.9626
vn 0.1720 0.2517 0.9524
vn 0.1553 0.1996 0.9675
vn 0.1313 0.0658 0.9892
vn 0.1965 0.0843 0.9769
vn 0.2267 0.1140 0.9673
vn 0.2327 0.1882 0.9542
vn -0.1782 -0.3652 0.9137
vn -0.1427 -0.4777 0.8669
vn -0.1009 -0.3605 0.9273
vn -0.1001 -0.2263 0.9689
vn -0.2203 -0.3033 0.9271
vn -0.3109 -0.4123 0.8564
vn -0.2204 -0.4510 0.8649
vn -0.6229 0.1025 0.7756
vn -0.6711 0.1828 0.7184
vn -0.6748 -0.0477 0.7365
vn -0.5270 -0.2474 0.8131
vn -0.4596 -0.0288 0.8877
vn -0.4064 0.2280 0.8848
vn -0.6171 0.3792 0.6895
vn -0.2309 -0.5656 0.7917
vn -0.1329 -0.6099 0.7812
vn -0.2443 -0.5396 0.8057
vn -0.3140 -0.5061 0.8033
vn -0.2601 -0.5385 0.8015
vn -0.1340 -0.6129 0.7787
vn -0.1407 -0.6339 0.7605
vn 0.1183 -0.4142 0.9025
vn 0.2640 -0.3211 0.9095
vn 0.2906 -0.3853 0.8758
vn 0.2089 -0.4936 0.8443
vn -0.0523 -0.4701 0.8811
vn -0.2169 -0.4552 0.8636
vn 0.0231 -0.3984 0.9169
vn -0.4130 -0.2627 0.8720
vn -0.3346 -0.1681 0.9272
vn -0.1366 -0.1837 0.9734
vn -0.0150 -0.2104 0.9775
vn -0.3233 -0.2941 0.8994
vn -0.4873 -0.3361 0.8060
vn -0.5263 -0.2654 0.8078
vn 0.3092 -0.0334 0.9504
vn 0.2466 -0.0045 0.9691
vn 0.2620 -0.0023 0.9651
vn 0.2339 -0.0980 0.9673
vn 0.3182 -0.0987 0.9429
vn 0.3415 -0.0923 0.9353
vn 0.2953 -0.0404 0.9546
vn 0.1979 0.1139 0.9736
vn 0.1698 0.0245 0.9852
vn 0.1985 0.0845 0.9765
vn 0.1815 0.1210 0.9759
vn 0.2069 0.1424 0.9680
vn 0.2063 0.1375 0.9688
vn 0.1850 0.1026 0.9774
vn 0.0638 0.1060 0.9923
vn -0.0818 0.1014 0.9915
vn 0.0405 0.0655 0.9970
vn 0.1384 0.0229 0.9901
vn 0.1332 0.0996 0.9861
vn 0.1008 0.1406 0.9849
vn 0.0223 0.1336 0.9908
vn -0.1203 -0.1915 0.9741
vn -0.1779 0.0004 0.9840
vn -0.2373 -0.1582 0.9585
vn -0.2486 -0.4039 0.8804
vn -0.0860 -0.3883 0.9175
vn 0.0518 -0.2802 0.9585
vn -0.0361 -0.0705 0.9969
vn -0.1116 0.2092 0.9715
vn 0.0076 0.1855 0.9826
vn -0.0967 0.2289 0.9686
vn -0.2576 0.2688 0.9281
vn -0.2687 0.2196 0.9378
vn -0.2283 0.1652 0.9595
vn -0.0732 0.1795 0.9810
vn -0.6042 -0.1910 0.7736
vn -0.7696 -0.2323 0.5948
vn -0.6117 -0.3372 0.7156
vn -0.4211 -0.3849 0.8213
vn -0.4666 -0.1581 0.8702
vn -0.5344 -0.0203 0.8450
vn -0.6885 -0.0924 0.7193
vn -0.7453 0.1473 0.6503
vn -0.6865 0.2117 0.6956
vn -0.7852 0.1643 0.5970
vn -0.8385 0.1195 0.5317
vn -0.7581 0.1220 0.6406
vn -0.6144 0.1294 0.7783
vn -0.6383 0.1778 0.7489
vn -0.8181 0.0183 0.5747
vn -0.8605 -0.0947 0.5005
vn -0.7701 -0.0252 0.6374
vn -0.6741 0.0581 0.7364
vn -0.7963 0.0686 0.6010
vn -0.8829 0.0520 0.4666
vn -0.8856 -0.0168 0.4641
vn -0.8404 0.1639 0.5166
vn -0.7815 0.2189 0.5843
vn -0.8329 0.1833 0.5221
vn -0.8629 0.1503 0.4826
vn -0.8652 0.1353 0.4829
vn -0.8613 0.1223 0.4932
vn -0.8251 0.1640 0.5406
vn -0.9742 -0.0599 0.2175
vn -0.9586 -0.1054 0.2644
vn -0.9632 -0.0540 0.2632
vn -0.9648 -0.0216 0.2620
vn -0.9759 -0.0517 0.2118
vn -0.9783 -0.0689 0.1952
vn -0.9751 -0.0788 0.2071
vn -0.9747 -0.1332 0.1797
vn -0.9553 -0.1654 0.2453
vn -0.9755 -0.0955 0.1981
vn -0.9805 -0.0955 0.1717
vn -0.9773 -0.1402 0.1591
vn -0.9521 -0.2608 0.1595
vn -0.9552 -0.2156 0.2025
vn -0.9733 -0.1814 0.1408
vn -0.9801 -0.1315 0.1490
vn -0.9759 -0.1694 0.1376
vn -0.9515 -0.2803 0.1269
vn -0.9441 -0.2992 0.1383
vn -0.9386 -0.3064 0.1584
vn -0.9748 -0.1661 0.1490
vn -0.9307 0.0355 0.3640
vn -0.9285 0.0385 0.3693
vn -0.9171 0.0639 0.3934
vn -0.9126 0.0545 0.4053
vn -0.9259 0.0210 0.3771
vn -0.9354 -0.0077 0.3534
vn -0.9399 0.0123 0.3413
vn -0.9677 -0.0872 0.2367
vn -0.9621 -0.0504 0.2679
vn -0.9630 -0.0709 0.2601
vn -0.9567 -0.0916 0.2762
vn -0.9629 -0.0975 0.2518
vn -0.9687 -0.0950 0.2294
vn -0.9706 -0.0772 0.2280
vn -0.8921 -0.0652 0.4471
vn -0.9011 -0.0689 0.4282
vn -0.9001 -0.0433 0.4336
vn -0.8938 -0.0223 0.4479
vn -0.8892 -0.0757 0.4513
vn -0.8922 -0.1090 0.4383
vn -0.8924 -0.0897 0.4423
vn -0.9443 -0.2494 0.2149
vn -0.9545 -0.2128 0.2091
vn -0.9438 -0.2421 0.2250
vn -0.9378 -0.2636 0.2261
vn -0.9398 -0.2705 0.2088
vn -0.9351 -0.3011 0.1868
vn -0.9524 -0.2327 0.1971
vn -0.9295 -0.3348 0.1545
vn -0.9349 -0.3024 0.1859
vn -0.9317 -0.3273 0.1576
vn -0.9127 -0.3892 0.1244
vn -0.9026 -0.4117 0.1258
vn -0.9009 -0.4057 0.1543
vn -0.9313 -0.3196 0.1746
vn -0.9162 -0.3471 0.2001
vn -0.9165 -0.3362 0.2168
vn -0.9159 -0.3354 0.2204
vn -0.9200 -0.3244 0.2200
vn -0.9161 -0.3484 0.1986
vn -0.9152 -0.3628 0.1752
vn -0.9180 -0.3478 0.1905
vn -0.9261 -0.1174 0.3585
vn -0.9170 -0.1472 0.3707
vn -0.9284 -0.1299 0.3481
vn -0.9407 -0.1192 0.3178
vn -0.9360 -0.1113 0.3339
vn -0.9273 -0.1231 0.3536
vn -0.9178 -0.1339 0.3738
vn -0.9328 -0.2398 0.2690
vn -0.9245 -0.2216 0.3103
vn -0.9256 -0.2488 0.2852
vn -0.9284 -0.2633 0.2622
vn -0.9360 -0.2436 0.2541
vn -0.9425 -0.2140 0.2568
vn -0.9343 -0.2143 0.2849
vn -0.8944 -0.2741 0.3535
vn -0.9062 -0.2950 0.3030
vn -0.8990 -0.2721 0.3432
vn -0.8941 -0.2490 0.3723
vn -0.8927 -0.2562 0.3707
vn -0.9078 -0.2656 0.3247
vn -0.9040 -0.2936 0.3108
vn -0.8825 -0.2009 0.4252
vn -0.8951 -0.1719 0.4114
vn -0.8874 -0.1766 0.4259
vn -0.8981 -0.1700 0.4055
vn -0.8838 -0.2064 0.4199
vn -0.8876 -0.2000 0.4150
vn -0.8894 -0.1917 0.4149
vn -0.2508 -0.8266 0.5038
vn -0.2841 -0.8682 0.4069
vn -0.2408 -0.8750 0.4200
vn -0.1559 -0.8597 0.4864
vn -0.1796 -0.7920 0.5834
vn -0.2108 -0.7460 0.6317
vn -0.2723 -0.8098 0.5197
vn -0.1950 -0.9748 0.1087
vn -0.2424 -0.9560 0.1651
vn -0.2231 -0.9701 0.0955
vn -0.2406 -0.9643 0.1105
vn -0.1902 -0.9758 0.1080
vn -0.1640 -0.9689 0.1851
vn -0.1983 -0.9646 0.1737
vn -0.0248 0.7565 -0.6535
vn 0.0558 0.7507 -0.6583
vn -0.0889 0.8076 -0.5830
vn -0.1852 0.8273 -0.5304
vn -0.0988 0.7606 -0.6417
vn 0.0551 0.6377 -0.7683
vn 0.0942 0.6778 -0.7292
vn 0.4560 0.4699 -0.7558
vn 0.4400 0.5677 -0.6958
vn 0.3942 0.4668 -0.7916
vn 0.4164 0.3580 -0.8357
vn 0.5002 0.4070 -0.7643
vn 0.5324 0.5678 -0.6278
vn 0.5071 0.5633 -0.6523
vn 0.4953 0.8484 -0.1866
vn 0.2693 0.9555 -0.1202
vn 0.4604 0.8632 -0.2071
vn 0.5588 0.7573 -0.3381
vn 0.5430 0.7880 -0.2901
vn 0.4082 0.8927 -0.1910
vn 0.3291 0.9384 -0.1053
vn 0.7346 0.0496 -0.6767
vn 0.8032 0.2489 -0.5413
vn 0.7333 0.1249 -0.6683
vn 0.6020 -0.0210 -0.7982
vn 0.6099 -0.0794 -0.7885
vn 0.6264 -0.0687 -0.7765
vn 0.7708 0.0887 -0.6309
vn 0.8140 0.2077 -0.5424
vn 0.6802 0.6003 -0.4207
vn 0.7701 0.5331 -0.3505
vn 0.8508 0.4120 -0.3261
vn 0.8392 0.0771 -0.5383
vn 0.7289 -0.0823 -0.6796
vn 0.7672 0.1788 -0.6160
vn -0.2774 -0.4773 -0.8338
vn -0.4731 -0.4097 -0.7800
vn -0.3646 -0.4736 -0.8017
vn -0.1346 -0.4548 -0.8803
vn -0.0654 -0.4356 -0.8977
vn -0.1072 -0.3673 -0.9239
vn -0.3469 -0.4061 -0.8454
vn 0.5748 0.2054 -0.7921
vn 0.6189 0.6108 -0.4937
vn 0.6607 0.1632 -0.7327
vn 0.4940 -0.2024 -0.8456
vn 0.3611 -0.0509 -0.9312
vn 0.2300 0.3764 -0.8974
vn 0.4851 0.5904 -0.6451
vn -0.6196 -0.3993 -0.6757
vn -0.8091 -0.2362 -0.5382
vn -0.6147 -0.4349 -0.6581
vn -0.4026 -0.5017 -0.7656
vn -0.5275 -0.4484 -0.7216
vn -0.6287 -0.3919 -0.6716
vn -0.7034 -0.3383 -0.6251
vn -0.6008 -0.5731 -0.5573
vn -0.6238 -0.1773 -0.7612
vn -0.3785 -0.5316 -0.7577
vn -0.2925 -0.6402 -0.7103
vn -0.5918 -0.6045 -0.5333
vn -0.8806 -0.3545 -0.3146
vn -0.8533 -0.2907 -0.4328
vn 0.6656 0.2370 0.7077
vn 0.6552 0.2089 0.7260
vn 0.6809 0.2113 0.7012
vn 0.7035 0.2121 0.6783
vn 0.6676 0.2445 0.7032
vn 0.6348 0.2831 0.7189
vn 0.6466 0.2496 0.7209
vn 0.7267 0.1583 0.6685
vn 0.6807 0.1518 0.7167
vn 0.7082 0.1338 0.6933
vn 0.7548 0.1483 0.6390
vn 0.7684 0.1658 0.6181
vn 0.7573 0.1871 0.6257
vn 0.7100 0.1757 0.6819
vn 0.6643 0.0929 0.7417
vn 0.6529 0.0928 0.7517
vn 0.6700 0.1010 0.7355
vn 0.6944 0.1179 0.7099
vn 0.6768 0.1051 0.7286
vn 0.6570 0.1173 0.7447
vn 0.6522 0.0950 0.7520
vn 0.9104 0.1936 0.3657
vn 0.8694 0.2161 0.4444
vn 0.9056 0.2273 0.3580
vn 0.9405 0.2021 0.2731
vn 0.9232 0.1671 0.3462
vn 0.8797 0.1756 0.4419
vn 0.8793 0.1898 0.4368
vn 0.9316 0.0307 0.3621
vn 0.9688 0.0308 0.2459
vn 0.9518 0.0299 0.3054
vn 0.9018 0.0533 0.4289
vn 0.8858 0.0626 0.4598
vn 0.8820 0.0695 0.4662
vn 0.9367 0.0399 0.3477
vn 0.8443 0.3606 0.3964
vn 0.8149 0.3333 0.4742
vn 0.8364 0.3418 0.4284
vn 0.8731 0.3392 0.3501
vn 0.8730 0.3660 0.3223
vn 0.8765 0.3735 0.3038
vn 0.8450 0.3541 0.4007
vn 0.8176 0.2378 0.5244
vn 0.8710 0.2816 0.4026
vn 0.8194 0.2892 0.4950
vn 0.7700 0.2647 0.5806
vn 0.7672 0.2027 0.6085
vn 0.8105 0.1469 0.5670
vn 0.8569 0.2097 0.4709
vn 0.9564 0.1776 0.2319
vn 0.9287 0.1216 0.3504
vn 0.9598 0.1752 0.2194
vn 0.9665 0.2329 0.1076
vn 0.9585 0.2316 0.1663
vn 0.9369 0.2486 0.2459
vn 0.9369 0.1754 0.3025
vn 0.9318 0.3562 0.0702
vn 0.9167 0.3980 0.0343
vn 0.9216 0.3653 0.1313
vn 0.9282 0.3242 0.1824
vn 0.9424 0.3239 0.0842
vn 0.9368 0.3488 -0.0267
vn 0.9200 0.3906 -0.0313
vn 0.9420 0.2846 0.1778
vn 0.9090 0.2691 0.3182
vn 0.9369 0.2512 0.2429
vn 0.9682 0.2150 0.1282
vn 0.9606 0.2640 0.0874
vn 0.9475 0.3135 0.0629
vn 0.9320 0.3039 0.1975
vn 0.8064 0.4978 -0.3191
vn 0.8189 0.4897 -0.2994
vn 0.8377 0.4750 -0.2695
vn 0.8484 0.4628 -0.2568
vn 0.8069 0.5032 -0.3094
vn 0.7788 0.5289 -0.3371
vn 0.7873 0.5135 -0.3412
vn 0.7620 0.5244 -0.3800
vn 0.7864 0.4862 -0.3811
vn 0.7499 0.5352 -0.3888
vn 0.7375 0.5650 -0.3700
vn 0.7648 0.5379 -0.3547
vn 0.8184 0.4701 -0.3304
vn 0.7960 0.4736 -0.3770
vn 0.7619 0.6087 -0.2212
vn 0.7319 0.6190 -0.2849
vn 0.7351 0.6446 -0.2100
vn 0.7530 0.6481 -0.1140
vn 0.7961 0.5843 -0.1575
vn 0.8277 0.5192 -0.2128
vn 0.7675 0.5833 -0.2660
vn 0.8853 0.4650 0.0058
vn 0.8265 0.5581 0.0731
vn 0.8687 0.4855 0.0983
vn 0.9056 0.4197 0.0617
vn 0.9138 0.4049 -0.0310
vn 0.8947 0.4344 -0.1039
vn 0.8591 0.5100 -0.0436
vn 0.9495 0.2914 -0.1163
vn 0.9355 0.3210 -0.1477
vn 0.9465 0.3086 -0.0943
vn 0.9378 0.3383 -0.0784
vn 0.9358 0.3270 -0.1316
vn 0.9279 0.3267 -0.1795
vn 0.9432 0.2941 -0.1546
vn 0.6812 0.6660 -0.3040
vn 0.5915 0.7479 -0.3012
vn 0.6522 0.6786 -0.3378
vn 0.7414 0.5930 -0.3140
vn 0.7624 0.5868 -0.2728
vn 0.7490 0.6315 -0.2004
vn 0.6684 0.7025 -0.2446
vn 0.8775 0.2913 -0.3811
vn 0.8851 0.2810 -0.3711
vn 0.8679 0.3303 -0.3710
vn 0.8714 0.3468 -0.3468
vn 0.8751 0.3040 -0.3766
vn 0.8679 0.2757 -0.4131
vn 0.8779 0.2647 -0.3991
vn 0.8683 0.3248 -0.3749
vn 0.8920 0.3335 -0.3052
vn 0.8969 0.3186 -0.3068
vn 0.8772 0.3349 -0.3440
vn 0.8540 0.3283 -0.4036
vn 0.8395 0.3254 -0.4352
vn 0.8633 0.3304 -0.3815
vn 0.9981 0.0342 0.0507
vn 0.9786 0.0285 -0.2037
vn 0.9987 -0.0133 0.0497
vn 0.9581 -0.0132 0.2861
vn 0.9884 0.0281 0.1492
vn 0.9976 0.0679 -0.0149
vn 0.9907 0.0659 -0.1194
vn 0.8524 0.1662 -0.4958
vn 0.8337 0.2187 -0.5070
vn 0.8231 0.1869 -0.5363
vn 0.8399 0.1443 -0.5232
vn 0.8817 0.1408 -0.4503
vn 0.8949 0.1668 -0.4140
vn 0.8635 0.1889 -0.4676
vn 0.7754 0.4006 -0.4881
vn 0.7816 0.4296 -0.4523
vn 0.7247 0.4661 -0.5075
vn 0.6840 0.4700 -0.5579
vn 0.7526 0.3970 -0.5254
vn 0.7913 0.3558 -0.4972
vn 0.8019 0.3748 -0.4653
vn 0.6439 0.3291 -0.6908
vn 0.6485 0.2481 -0.7197
vn 0.6945 0.2953 -0.6561
vn 0.7255 0.3248 -0.6068
vn 0.6640 0.3589 -0.6559
vn 0.5741 0.3651 -0.7329
vn 0.5885 0.2975 -0.7518
vn 0.9012 -0.3704 -0.2248
vn 0.9292 -0.3233 0.1791
vn 0.9450 -0.2998 -0.1312
vn 0.8580 -0.2545 -0.4462
vn 0.8372 -0.3277 -0.4378
vn 0.8763 -0.3663 -0.3130
vn 0.9200 -0.3899 -0.0403
vn 0.7704 -0.3201 0.5514
vn 0.6548 -0.3200 0.6848
vn 0.6700 -0.2781 0.6883
vn 0.7364 -0.2684 0.6210
vn 0.8429 -0.3505 0.4083
vn 0.8922 -0.3982 0.2132
vn 0.7830 -0.3643 0.5042
vn 0.4225 -0.0610 -0.9043
vn 0.4932 -0.0834 -0.8659
vn 0.3525 -0.0213 -0.9356
vn 0.2768 0.0407 -0.9601
vn 0.4043 -0.0458 -0.9135
vn 0.5848 -0.1602 -0.7952
vn 0.5375 -0.1368 -0.8321
vn 0.3013 0.1114 -0.9470
vn 0.4106 0.0684 -0.9093
vn 0.3766 0.1397 -0.9158
vn 0.3159 0.2484 -0.9157
vn 0.2216 0.1942 -0.9556
vn 0.1993 0.1466 -0.9689
vn 0.3049 0.0681 -0.9499
vn 0.4385 0.7067 -0.5552
vn 0.4314 0.6812 -0.5915
vn 0.4955 0.6637 -0.5603
vn 0.5471 0.6605 -0.5142
vn 0.4611 0.7182 -0.5212
vn 0.4012 0.7524 -0.5224
vn 0.3978 0.7275 -0.5590
vn 0.4987 0.7623 -0.4126
vn 0.4758 0.7863 -0.3942
vn 0.4372 0.7948 -0.4209
vn 0.4255 0.7887 -0.4438
vn 0.5030 0.7508 -0.4281
vn 0.6061 0.6912 -0.3937
vn 0.5453 0.7392 -0.3952
vn 0.8228 -0.4594 0.3346
vn 0.6939 -0.4341 0.5746
vn 0.7979 -0.4706 0.3767
vn 0.8850 -0.4656 0.0004
vn 0.9165 -0.3986 0.0342
vn 0.9427 -0.2424 0.2293
vn 0.7854 -0.3925 0.4786
vn 0.4397 -0.0072 -0.8981
vn 0.6005 -0.1784 -0.7794
vn 0.4042 -0.0353 -0.9140
vn 0.2610 0.0884 -0.9613
vn 0.3747 0.1233 -0.9189
vn 0.6493 0.1606 -0.7434
vn 0.6416 -0.0860 -0.7622
vn 0.4765 -0.1903 0.8583
vn 0.3358 -0.0483 0.9407
vn 0.4456 -0.2293 0.8654
vn 0.5486 -0.3519 0.7584
vn 0.5920 -0.2464 0.7673
vn 0.5596 0.0235 0.8284
vn 0.3977 -0.0030 0.9175
vn 0.3911 -0.2655 0.8812
vn 0.3455 -0.1018 0.9329
vn 0.3525 -0.1740 0.9195
vn 0.3750 -0.2067 0.9037
vn 0.4049 -0.3048 0.8621
vn 0.4421 -0.3480 0.8267
vn 0.4054 -0.2614 0.8759
vn 0.0072 0.4915 -0.8709
vn 0.1614 0.6691 -0.7255
vn 0.1199 0.4129 -0.9028
vn 0.0623 0.3034 -0.9508
vn -0.0365 0.4582 -0.8881
vn -0.1089 0.6213 -0.7759
vn -0.0334 0.6646 -0.7465
vn -0.0991 0.4659 -0.8793
vn -0.0656 0.5908 -0.8041
vn -0.1105 0.5990 -0.7931
vn -0.1245 0.6058 -0.7858
vn -0.0928 0.4439 -0.8913
vn -0.0619 0.3204 -0.9453
vn -0.0828 0.4155 -0.9058
vn -0.0130 0.4491 -0.8934
vn 0.0757 0.4980 -0.8639
vn 0.0408 0.5191 -0.8538
vn 0.0295 0.5031 -0.8637
vn -0.0332 0.4178 -0.9079
vn -0.0167 0.3637 -0.9314
vn 0.0139 0.4123 -0.9109
vn 0.2910 0.7724 -0.5645
vn 0.2830 0.7228 -0.6304
vn 0.3108 0.7704 -0.5567
vn 0.3212 0.7902 -0.5220
vn 0.3031 0.7822 -0.5443
vn 0.2630 0.7576 -0.5974
vn 0.2475 0.7325 -0.6341
vn 0.3391 0.7984 -0.4975
vn 0.3276 0.8091 -0.4878
vn 0.3360 0.8099 -0.4808
vn 0.3529 0.8027 -0.4807
vn 0.3550 0.7875 -0.5038
vn 0.3431 0.7781 -0.5261
vn 0.3321 0.7951 -0.5075
vn 0.3252 0.8385 -0.4371
vn 0.3296 0.8278 -0.4539
vn 0.3304 0.8377 -0.4349
vn 0.3307 0.8515 -0.4069
vn 0.3325 0.8444 -0.4200
vn 0.3373 0.8352 -0.4343
vn 0.3271 0.8314 -0.4492
vn 0.3815 0.7731 -0.5067
vn 0.3388 0.8063 -0.4848
vn 0.3738 0.7765 -0.5072
vn 0.3785 0.7786 -0.5005
vn 0.3881 0.7680 -0.5095
vn 0.3790 0.7870 -0.4869
vn 0.3597 0.8011 -0.4784
vn 0.3685 0.8644 -0.3421
vn 0.3441 0.8767 -0.3362
vn 0.3578 0.8808 -0.3103
vn 0.3600 0.8832 -0.3005
vn 0.3658 0.8644 -0.3450
vn 0.3624 0.8514 -0.3791
vn 0.3591 0.8582 -0.3667
vn 0.2227 0.9741 -0.0384
vn 0.2289 0.9644 -0.1327
vn 0.1754 0.9845 -0.0054
vn 0.1536 0.9837 0.0938
vn 0.2235 0.9747 0.0022
vn 0.2916 0.9491 -0.1189
vn 0.2764 0.9500 -0.1454
vn 0.2210 0.9080 -0.3558
vn 0.1541 0.9220 -0.3551
vn 0.2261 0.8997 -0.3734
vn 0.2796 0.8813 -0.3810
vn 0.2684 0.8952 -0.3559
vn 0.2520 0.9138 -0.3184
vn 0.2011 0.9220 -0.3310
vn 0.3489 0.8345 -0.4265
vn 0.2923 0.8603 -0.4177
vn 0.3340 0.8411 -0.4254
vn 0.3311 0.8374 -0.4349
vn 0.3514 0.8275 -0.4380
vn 0.3309 0.8419 -0.4263
vn 0.3183 0.8519 -0.4158
vn 0.3645 0.7781 -0.5116
vn 0.3367 0.7990 -0.4982
vn 0.3699 0.7684 -0.5223
vn 0.3884 0.7603 -0.5207
vn 0.3704 0.7739 -0.5137
vn 0.3476 0.8012 -0.4871
vn 0.3566 0.7949 -0.4909
vn 0.1456 0.8905 -0.4310
vn 0.1162 0.8899 -0.4412
vn 0.0968 0.8902 -0.4453
vn 0.1186 0.8893 -0.4418
vn 0.1512 0.8950 -0.4197
vn 0.1945 0.8876 -0.4175
vn 0.2052 0.8794 -0.4296
vn 0.2438 0.8384 -0.4875
vn 0.1020 0.9056 -0.4116
vn 0.2377 0.8543 -0.4621
vn 0.3588 0.7890 -0.4987
vn 0.3292 0.7875 -0.5211
vn 0.2382 0.8308 -0.5031
vn 0.1748 0.8622 -0.4755
vn 0.1643 0.9344 -0.3160
vn 0.1130 0.9635 -0.2428
vn 0.2100 0.9317 -0.2965
vn 0.3024 0.8762 -0.3752
vn 0.1883 0.9102 -0.3689
vn 0.0680 0.9423 -0.3277
vn 0.0725 0.9575 -0.2791
vn 0.2812 0.9404 -0.1913
vn 0.2365 0.9682 -0.0817
vn 0.2967 0.9367 -0.1858
vn 0.3335 0.9001 -0.2803
vn 0.2721 0.9342 -0.2306
vn 0.1801 0.9673 -0.1787
vn 0.2287 0.9647 -0.1307
vn 0.6691 0.1432 0.7293
vn 0.6940 0.1881 0.6950
vn 0.6681 0.1483 0.7292
vn 0.6511 0.1138 0.7504
vn 0.6543 0.1055 0.7488
vn 0.6759 0.0996 0.7302
vn 0.6865 0.1532 0.7108
vn 0.6072 0.0177 0.7944
vn 0.6316 0.0444 0.7740
vn 0.6196 0.0375 0.7840
vn 0.6217 0.0318 0.7826
vn 0.6123 0.0129 0.7905
vn 0.6042 0.0084 0.7968
vn 0.6081 0.0246 0.7935
vn 0.2036 -0.5925 0.7794
vn 0.1809 -0.5763 0.7970
vn 0.1884 -0.5960 0.7806
vn 0.1841 -0.6099 0.7708
vn 0.2068 -0.5906 0.7800
vn 0.2304 -0.5816 0.7802
vn 0.2073 -0.5867 0.7828
vn 0.2211 -0.5594 0.7989
vn 0.2554 -0.4833 0.8374
vn 0.2062 -0.5134 0.8330
vn 0.1725 -0.5436 0.8214
vn 0.2048 -0.5853 0.7845
vn 0.2454 -0.5956 0.7649
vn 0.2537 -0.5576 0.7904
vn 0.4379 -0.5095 0.7407
vn 0.3965 -0.5633 0.7249
vn 0.4769 -0.5204 0.7083
vn 0.5382 -0.4465 0.7149
vn 0.4587 -0.4546 0.7635
vn 0.3489 -0.4662 0.8130
vn 0.3593 -0.5382 0.7624
vn 0.4828 -0.4845 0.7295
vn 0.4490 -0.5101 0.7336
vn 0.4611 -0.4728 0.7509
vn 0.4696 -0.4371 0.7671
vn 0.5000 -0.4534 0.7379
vn 0.5186 -0.4420 0.7319
vn 0.4878 -0.4976 0.7173
vn 0.3690 -0.3416 0.8644
vn 0.3727 -0.4078 0.8335
vn 0.3420 -0.3732 0.8624
vn 0.3209 -0.3527 0.8790
vn 0.3535 -0.3175 0.8799
vn 0.3859 -0.3331 0.8603
vn 0.3945 -0.3687 0.8417
vn 0.5905 -0.2763 0.7583
vn 0.5450 -0.3080 0.7798
vn 0.5752 -0.2430 0.7811
vn 0.6023 -0.1690 0.7802
vn 0.6150 -0.2112 0.7597
vn 0.5964 -0.2740 0.7545
vn 0.5705 -0.3258 0.7539
vn 0.4970 -0.0672 0.8652
vn 0.4864 -0.0718 0.8708
vn 0.5220 -0.0378 0.8521
vn 0.5435 -0.0496 0.8379
vn 0.5106 -0.1005 0.8539
vn 0.4657 -0.1501 0.8721
vn 0.4607 -0.1041 0.8814
vn 0.5930 0.0417 0.8041
vn 0.5858 0.0274 0.8100
vn 0.5735 0.0214 0.8189
vn 0.5600 0.0022 0.8285
vn 0.5983 0.0445 0.8000
vn 0.6377 0.0784 0.7663
vn 0.6050 0.0532 0.7945
vn 0.6636 -0.0017 0.7480
vn 0.6575 -0.0550 0.7514
vn 0.6571 -0.0346 0.7530
vn 0.6461 -0.0172 0.7630
vn 0.6541 0.0063 0.7564
vn 0.6644 0.0276 0.7468
vn 0.6692 -0.0034 0.7431
vn 0.6849 0.0201 0.7284
vn 0.6833 0.0638 0.7273
vn 0.6816 0.0839 0.7269
vn 0.6686 0.0790 0.7394
vn 0.6771 -0.0025 0.7359
vn 0.6798 -0.0791 0.7291
vn 0.6878 -0.0029 0.7259
vn -0.0235 -0.9279 0.3722
vn -0.0296 -0.9730 0.2291
vn 0.0437 -0.9499 0.3094
vn 0.0944 -0.8574 0.5059
vn -0.0268 -0.8493 0.5273
vn -0.1710 -0.8346 0.5236
vn -0.0998 -0.9367 0.3357
vn -0.4137 -0.8362 0.3601
vn -0.6725 -0.6252 0.3961
vn -0.4440 -0.8463 0.2942
vn -0.2247 -0.9482 0.2246
vn -0.2389 -0.9133 0.3299
vn -0.3053 -0.8017 0.5139
vn -0.5017 -0.7190 0.4811
vn -0.4707 -0.8434 0.2591
vn -0.6954 -0.6283 0.3488
vn -0.7161 -0.6422 0.2736
vn -0.6706 -0.7171 0.1900
vn -0.3965 -0.8956 0.2019
vn -0.2006 -0.9559 0.2146
vn -0.4157 -0.8580 0.3016
vn -0.1854 -0.9773 0.1024
vn -0.4489 -0.8851 0.1231
vn -0.2529 -0.9635 0.0878
vn -0.0973 -0.9931 0.0662
vn -0.0658 -0.9943 0.0838
vn -0.0697 -0.9908 0.1163
vn -0.2390 -0.9624 0.1293
vn -0.4124 -0.9073 0.0823
vn -0.5669 -0.8126 0.1355
vn -0.6242 -0.7731 0.1130
vn -0.6303 -0.7729 0.0731
vn -0.3695 -0.9275 0.0569
vn -0.1833 -0.9813 0.0596
vn -0.3258 -0.9399 0.1024
vn -0.2372 -0.9713 -0.0200
vn -0.1681 -0.9836 -0.0651
vn -0.1150 -0.9925 -0.0425
vn -0.1015 -0.9948 0.0016
vn -0.2742 -0.9616 0.0127
vn -0.4876 -0.8727 0.0242
vn -0.3264 -0.9445 -0.0376
vn -0.5504 -0.8344 -0.0283
vn -0.3278 -0.9436 -0.0463
vn -0.4558 -0.8898 -0.0234
vn -0.6275 -0.7777 0.0364
vn -0.6926 -0.7211 0.0194
vn -0.7266 -0.6869 0.0147
vn -0.5283 -0.8488 -0.0203
vn -0.4493 -0.8899 0.0788
vn -0.6443 -0.7572 0.1076
vn -0.5248 -0.8468 0.0873
vn -0.4011 -0.9145 0.0535
vn -0.3368 -0.9403 0.0494
vn -0.2684 -0.9623 0.0451
vn -0.4694 -0.8801 0.0718
vn -0.6514 -0.7489 0.1220
vn -0.6941 -0.7006 0.1655
vn -0.7292 -0.6661 0.1570
vn -0.7647 -0.6304 0.1333
vn -0.6410 -0.7605 0.1040
vn -0.5122 -0.8555 0.0766
vn -0.5621 -0.8186 0.1180
vn -0.6500 -0.7565 0.0724
vn -0.5100 -0.8589 0.0464
vn -0.6249 -0.7750 0.0936
vn -0.7385 -0.6622 0.1267
vn -0.7381 -0.6683 0.0930
vn -0.7313 -0.6802 0.0510
vn -0.6244 -0.7800 0.0408
vn -0.5914 -0.8048 -0.0507
vn -0.4412 -0.8967 -0.0366
vn -0.5919 -0.8059 -0.0121
vn -0.7176 -0.6965 -0.0001
vn -0.6820 -0.7281 -0.0689
vn -0.5993 -0.7876 -0.1431
vn -0.4825 -0.8702 -0.1000
vn -0.0997 -0.9947 -0.0256
vn -0.0879 -0.9961 -0.0020
vn -0.1515 -0.9884 -0.0030
vn -0.2046 -0.9787 -0.0162
vn -0.1129 -0.9927 -0.0418
vn -0.0429 -0.9977 -0.0531
vn -0.0445 -0.9987 -0.0247
vn -0.2290 -0.9634 -0.1394
vn -0.3547 -0.9143 -0.1957
vn -0.2306 -0.9581 -0.1697
vn -0.1283 -0.9832 -0.1295
vn -0.1820 -0.9781 -0.1011
vn -0.2605 -0.9626 -0.0744
vn -0.3088 -0.9415 -0.1348
vn 0.0270 -0.9992 -0.0293
vn 0.0195 -0.9996 -0.0179
vn 0.0138 -0.9995 -0.0284
vn 0.0134 -0.9989 -0.0449
vn 0.0302 -0.9988 -0.0386
vn 0.0381 -0.9987 -0.0326
vn 0.0315 -0.9992 -0.0234
vn 0.0393 -0.9991 -0.0188
vn 0.0337 -0.9993 -0.0174
vn 0.0371 -0.9991 -0.0195
vn 0.0383 -0.9990 -0.0250
vn 0.0407 -0.9990 -0.0197
vn 0.0435 -0.9989 -0.0194
vn 0.0391 -0.9990 -0.0199
vn 0.0566 -0.9976 -0.0408
vn 0.0798 -0.9932 -0.0850
vn 0.0741 -0.9962 -0.0466
vn 0.0618 -0.9978 -0.0228
vn 0.0458 -0.9987 -0.0245
vn 0.0418 -0.9984 -0.0391
vn 0.0550 -0.9967 -0.0591
vn 0.0623 -0.9928 -0.1028
vn 0.0483 -0.9960 -0.0756
vn 0.0599 -0.9932 -0.0999
vn 0.0768 -0.9888 -0.1280
vn 0.0790 -0.9888 -0.1267
vn 0.0810 -0.9898 -0.1174
vn 0.0599 -0.9941 -0.0906
vn 0.0663 -0.9936 -0.0912
vn 0.0346 -0.9959 -0.0839
vn 0.0641 -0.9921 -0.1075
vn 0.0831 -0.9890 -0.1222
vn 0.0721 -0.9930 -0.0939
vn 0.0573 -0.9960 -0.0691
vn 0.0510 -0.9962 -0.0709
vn 0.1337 -0.9694 -0.2058
vn 0.1552 -0.9590 -0.2370
vn 0.1406 -0.9673 -0.2112
vn 0.1255 -0.9748 -0.1843
vn 0.1193 -0.9755 -0.1847
vn 0.1181 -0.9748 -0.1891
vn 0.1365 -0.9675 -0.2130
vn -0.2383 -0.9508 -0.1978
vn -0.3813 -0.9013 -0.2053
vn -0.3025 -0.9186 -0.2541
vn -0.1986 -0.9376 -0.2853
vn -0.1536 -0.9677 -0.1999
vn -0.1433 -0.9790 -0.1448
vn -0.2534 -0.9534 -0.1640
vn 0.0280 -0.9814 -0.1902
vn 0.0723 -0.9815 -0.1775
vn 0.0462 -0.9863 -0.1583
vn -0.0031 -0.9901 -0.1401
vn -0.0173 -0.9807 -0.1949
vn -0.0265 -0.9675 -0.2515
vn 0.0377 -0.9759 -0.2149
vn 0.1369 -0.9620 -0.2364
vn 0.1217 -0.9722 -0.2000
vn 0.1224 -0.9643 -0.2347
vn 0.1255 -0.9483 -0.2914
vn 0.1488 -0.9507 -0.2719
vn 0.1627 -0.9534 -0.2541
vn 0.1423 -0.9647 -0.2217
vn 0.0376 -0.9701 -0.2399
vn 0.0762 -0.9782 -0.1932
vn 0.0249 -0.9775 -0.2096
vn -0.0465 -0.9619 -0.2693
vn -0.0009 -0.9535 -0.3014
vn 0.0566 -0.9473 -0.3152
vn 0.0768 -0.9688 -0.2357
vn -0.5159 -0.7158 -0.4707
vn -0.5893 -0.6048 -0.5357
vn -0.4914 -0.6963 -0.5231
vn -0.3803 -0.7979 -0.4677
vn -0.4564 -0.7921 -0.4052
vn -0.5566 -0.7529 -0.3511
vn -0.5917 -0.6664 -0.4537
vn -0.7852 -0.4798 -0.3914
vn -0.7494 -0.5902 -0.3001
vn -0.8210 -0.4771 -0.3135
vn -0.8573 -0.3718 -0.3561
vn -0.7974 -0.4156 -0.4375
vn -0.7216 -0.4797 -0.4993
vn -0.7245 -0.5507 -0.4146
vn -0.4752 -0.6313 -0.6129
vn -0.5735 -0.5621 -0.5960
vn -0.5222 -0.5521 -0.6501
vn -0.4413 -0.5717 -0.6917
vn -0.4009 -0.6718 -0.6228
vn -0.3808 -0.7542 -0.5349
vn -0.4887 -0.6657 -0.5639
vn -0.1911 -0.7707 -0.6079
vn -0.0895 -0.8314 -0.5485
vn -0.1313 -0.8425 -0.5225
vn -0.2131 -0.8395 -0.4998
vn -0.2603 -0.7427 -0.6170
vn -0.2798 -0.6713 -0.6863
vn -0.1839 -0.7459 -0.6402
vn -0.8036 -0.2797 -0.5253
vn -0.8594 -0.2588 -0.4410
vn -0.8362 -0.2268 -0.4993
vn -0.7937 -0.2236 -0.5657
vn -0.7622 -0.2919 -0.5779
vn -0.7415 -0.3628 -0.5644
vn -0.8054 -0.3180 -0.5003
vn -0.6269 -0.3575 -0.6922
vn -0.5532 -0.4075 -0.7265
vn -0.6001 -0.4075 -0.6883
vn -0.6567 -0.4006 -0.6390
vn -0.6740 -0.3322 -0.6598
vn -0.6806 -0.2858 -0.6746
vn -0.6175 -0.3409 -0.7089
vn -0.6268 -0.3333 -0.7043
vn -0.5708 -0.4112 -0.7107
vn -0.6359 -0.3487 -0.6885
vn -0.6897 -0.2757 -0.6695
vn -0.6525 -0.2754 -0.7060
vn -0.5962 -0.2977 -0.7456
vn -0.5766 -0.3683 -0.7293
vn -0.8958 -0.1250 -0.4264
vn -0.8560 -0.1352 -0.4989
vn -0.8796 -0.1553 -0.4496
vn -0.9036 -0.1720 -0.3923
vn -0.9162 -0.1251 -0.3806
vn -0.9200 -0.0853 -0.3826
vn -0.8906 -0.1039 -0.4427
vn -0.8728 -0.0591 -0.4844
vn -0.8418 -0.1077 -0.5289
vn -0.8808 -0.0828 -0.4662
vn -0.9085 -0.0553 -0.4141
vn -0.8861 -0.0311 -0.4625
vn -0.8494 -0.0133 -0.5276
vn -0.8417 -0.0623 -0.5364
vn -0.7214 -0.0915 -0.6865
vn -0.6619 -0.1222 -0.7396
vn -0.7033 -0.1404 -0.6969
vn -0.7527 -0.1418 -0.6429
vn -0.7605 -0.0780 -0.6446
vn -0.7527 -0.0282 -0.6578
vn -0.7027 -0.0622 -0.7088
vn 0.1936 -0.8926 -0.4072
vn 0.2154 -0.8552 -0.4714
vn 0.2116 -0.8839 -0.4170
vn 0.2021 -0.9138 -0.3523
vn 0.1768 -0.9162 -0.3596
vn 0.1595 -0.9113 -0.3796
vn 0.1863 -0.8840 -0.4288
vn 0.3699 -0.8046 -0.4646
vn 0.5070 -0.7190 -0.4754
vn 0.4230 -0.7989 -0.4275
vn 0.3173 -0.8681 -0.3817
vn 0.2885 -0.8468 -0.4469
vn 0.3074 -0.8005 -0.5144
vn 0.4031 -0.7592 -0.5110
vn 0.5044 -0.6662 -0.5494
vn 0.4104 -0.7081 -0.5746
vn 0.4913 -0.6647 -0.5628
vn 0.5870 -0.6148 -0.5267
vn 0.5842 -0.6302 -0.5114
vn 0.5716 -0.6547 -0.4946
vn 0.4747 -0.6904 -0.5459
vn -0.2621 -0.7510 -0.6061
vn -0.1621 -0.8432 -0.5126
vn -0.2536 -0.7708 -0.5844
vn -0.3350 -0.6786 -0.6537
vn -0.3107 -0.6800 -0.6641
vn -0.2684 -0.6911 -0.6711
vn -0.2150 -0.7792 -0.5887
vn -0.4191 -0.4759 -0.7732
vn -0.3734 -0.5312 -0.7606
vn -0.3940 -0.5254 -0.7541
vn -0.4417 -0.5036 -0.7425
vn -0.4625 -0.4452 -0.7668
vn -0.4734 -0.4088 -0.7802
vn -0.4202 -0.4686 -0.7771
vn -0.0465 -0.8120 -0.5819
vn -0.1825 -0.7378 -0.6499
vn -0.0639 -0.7691 -0.6359
vn 0.0508 -0.7979 -0.6007
vn 0.0441 -0.8452 -0.5327
vn -0.0180 -0.8786 -0.4771
vn -0.1186 -0.8153 -0.5668
vn 0.1727 -0.8599 -0.4804
vn 0.2116 -0.8508 -0.4810
vn 0.1839 -0.8750 -0.4479
vn 0.1427 -0.8948 -0.4231
vn 0.1483 -0.8608 -0.4869
vn 0.1503 -0.8285 -0.5395
vn 0.1857 -0.8424 -0.5058
vn -0.6610 0.0012 -0.7504
vn -0.6340 -0.0645 -0.7706
vn -0.6848 -0.0362 -0.7278
vn -0.7264 0.0084 -0.6872
vn -0.6745 0.0438 -0.7370
vn -0.6114 0.0740 -0.7879
vn -0.6201 -0.0018 -0.7845
vn -0.7157 0.1995 -0.6693
vn -0.6457 0.1877 -0.7402
vn -0.7024 0.1456 -0.6968
vn -0.7638 0.1163 -0.6348
vn -0.7552 0.2042 -0.6229
vn -0.7324 0.2777 -0.6217
vn -0.6867 0.2447 -0.6845
vn -0.1521 -0.6710 -0.7257
vn -0.2383 -0.6251 -0.7433
vn -0.1251 -0.6704 -0.7314
vn -0.0389 -0.7129 -0.7002
vn -0.1237 -0.6988 -0.7046
vn -0.2453 -0.6595 -0.7105
vn -0.2485 -0.6328 -0.7333
vn -0.4670 -0.5065 -0.7248
vn -0.4190 -0.5507 -0.7219
vn -0.4727 -0.4989 -0.7264
vn -0.5202 -0.4360 -0.7344
vn -0.4838 -0.4730 -0.7364
vn -0.4279 -0.5151 -0.7427
vn -0.4225 -0.5407 -0.7275
vn -0.6422 0.3200 -0.6966
vn -0.6017 0.2575 -0.7561
vn -0.6660 0.2790 -0.6919
vn -0.7056 0.3250 -0.6297
vn -0.6562 0.3624 -0.6619
vn -0.5949 0.3926 -0.7013
vn -0.5919 0.3235 -0.7383
vn -0.6741 0.4685 -0.5710
vn -0.6740 0.5133 -0.5313
vn -0.6402 0.5035 -0.5802
vn -0.6165 0.4765 -0.6268
vn -0.6715 0.4398 -0.5964
vn -0.7221 0.4171 -0.5519
vn -0.7067 0.4658 -0.5326
vn -0.5309 0.5982 -0.6003
vn -0.5884 0.5944 -0.5482
vn -0.5251 0.6280 -0.5743
vn -0.4785 0.6422 -0.5989
vn -0.5074 0.5948 -0.6235
vn -0.5432 0.5508 -0.6337
vn -0.5698 0.5659 -0.5959
vn -0.4746 0.5775 -0.6643
vn -0.4411 0.5502 -0.7090
vn -0.4736 0.5385 -0.6970
vn -0.5082 0.5352 -0.6748
vn -0.4917 0.5852 -0.6448
vn -0.4698 0.6255 -0.6229
vn -0.4566 0.5977 -0.6589
vn -0.4696 0.3660 -0.8034
vn -0.4290 0.4041 -0.8078
vn -0.4422 0.3402 -0.8299
vn -0.4801 0.2962 -0.8257
vn -0.5022 0.3486 -0.7914
vn -0.5166 0.4178 -0.7474
vn -0.4684 0.4181 -0.7783
vn -0.3990 0.6583 -0.6382
vn -0.4255 0.5846 -0.6908
vn -0.4353 0.6289 -0.6442
vn -0.4229 0.6807 -0.5981
vn -0.3742 0.7050 -0.6024
vn -0.3125 0.7172 -0.6229
vn -0.3775 0.6470 -0.6625
vn 0.5185 -0.6649 -0.5376
vn 0.4537 -0.7182 -0.5276
vn 0.4664 -0.6903 -0.5532
vn 0.4797 -0.6317 -0.6089
vn 0.5466 -0.6180 -0.5650
vn 0.6008 -0.6086 -0.5183
vn 0.5259 -0.6756 -0.5167
vn 0.2015 -0.8004 -0.5646
vn 0.2403 -0.8097 -0.5354
vn 0.1973 -0.8163 -0.5429
vn 0.1528 -0.8108 -0.5650
vn 0.1746 -0.7914 -0.5858
vn 0.2050 -0.7676 -0.6073
vn 0.2305 -0.7884 -0.5704
vn 0.3417 -0.7275 -0.5950
vn 0.3436 -0.7582 -0.5542
vn 0.2996 -0.7542 -0.5843
vn 0.2667 -0.7346 -0.6239
vn 0.3397 -0.7034 -0.6243
vn 0.4172 -0.6640 -0.6205
vn 0.3874 -0.7190 -0.5770
vn -0.1848 -0.6874 -0.7023
vn -0.2652 -0.6455 -0.7162
vn -0.2109 -0.6580 -0.7229
vn -0.1396 -0.6733 -0.7261
vn -0.1265 -0.7089 -0.6939
vn -0.1057 -0.7277 -0.6777
vn -0.1855 -0.6924 -0.6973
vn 0.0290 -0.7309 -0.6818
vn 0.0343 -0.7675 -0.6402
vn -0.0216 -0.7324 -0.6806
vn -0.0467 -0.6887 -0.7235
vn 0.0289 -0.6989 -0.7146
vn 0.1081 -0.7212 -0.6843
vn 0.0843 -0.7576 -0.6473
vn -0.2801 -0.4596 -0.8428
vn -0.2881 -0.2925 -0.9119
vn -0.2051 -0.4401 -0.8742
vn -0.1657 -0.5610 -0.8111
vn -0.2670 -0.5453 -0.7945
vn -0.3634 -0.5026 -0.7844
vn -0.3643 -0.3840 -0.8484
vn -0.4809 -0.3063 -0.8215
vn -0.5348 -0.2796 -0.7974
vn -0.5000 -0.2123 -0.8396
vn -0.4441 -0.1905 -0.8755
vn -0.4513 -0.3177 -0.8339
vn -0.4474 -0.4305 -0.7840
vn -0.4961 -0.3650 -0.7878
vn -0.0158 -0.4900 -0.8716
vn -0.0738 -0.3476 -0.9347
vn 0.0111 -0.4495 -0.8932
vn 0.0682 -0.5615 -0.8246
vn 0.0087 -0.5707 -0.8211
vn -0.0666 -0.5723 -0.8174
vn -0.0722 -0.4636 -0.8831
vn -0.5265 0.0114 -0.8501
vn -0.4689 0.0397 -0.8824
vn -0.5144 -0.0090 -0.8575
vn -0.5598 -0.0559 -0.8267
vn -0.5562 0.0050 -0.8310
vn -0.5424 0.0741 -0.8368
vn -0.5039 0.0548 -0.8620
vn -0.4824 -0.0165 -0.8758
vn -0.4483 0.0809 -0.8902
vn -0.4319 0.0048 -0.9019
vn -0.4178 -0.0956 -0.9035
vn -0.4958 -0.0840 -0.8644
vn -0.5395 -0.0705 -0.8391
vn -0.5091 0.0073 -0.8607
vn -0.4119 0.3164 -0.8545
vn -0.4025 0.3624 -0.8406
vn -0.3819 0.3310 -0.8629
vn -0.3608 0.3011 -0.8827
vn -0.4159 0.2935 -0.8608
vn -0.4541 0.2879 -0.8432
vn -0.4299 0.3264 -0.8418
vn -0.4066 0.2125 -0.8886
vn -0.4721 0.2013 -0.8582
vn -0.4182 0.2510 -0.8730
vn -0.3448 0.2772 -0.8968
vn -0.3490 0.2180 -0.9114
vn -0.3782 0.1399 -0.9151
vn -0.4460 0.1553 -0.8815
vn -0.0504 0.2622 -0.9637
vn -0.1294 0.1896 -0.9733
vn -0.1407 0.2446 -0.9594
vn -0.1334 0.3028 -0.9437
vn -0.0219 0.3031 -0.9527
vn 0.0537 0.2965 -0.9535
vn -0.0132 0.2412 -0.9704
vn -0.1992 0.3954 -0.8967
vn -0.2083 0.3433 -0.9158
vn -0.2747 0.3682 -0.8883
vn -0.3191 0.4109 -0.8540
vn -0.2005 0.4270 -0.8817
vn -0.0792 0.4233 -0.9025
vn -0.1250 0.3795 -0.9167
vn 0.0136 0.3650 -0.9309
vn 0.0171 0.3991 -0.9167
vn 0.0531 0.3824 -0.9225
vn 0.0812 0.3549 -0.9314
vn 0.0080 0.3452 -0.9385
vn -0.0747 0.3377 -0.9383
vn -0.0271 0.3708 -0.9283
vn -0.2064 0.5759 -0.7911
vn -0.0746 0.5163 -0.8532
vn -0.2079 0.5137 -0.8324
vn -0.3367 0.5256 -0.7813
vn -0.2915 0.6121 -0.7351
vn -0.1902 0.6811 -0.7070
vn -0.1126 0.6052 -0.7881
vn 0.0171 -0.4324 -0.9015
vn -0.0663 -0.3383 -0.9387
vn -0.0008 -0.3296 -0.9441
vn 0.0869 -0.3371 -0.9374
vn 0.0748 -0.4673 -0.8809
vn 0.0560 -0.5635 -0.8243
vn -0.0152 -0.4646 -0.8854
vn 0.2889 -0.5237 -0.8014
vn 0.2414 -0.3722 -0.8962
vn 0.3380 -0.4168 -0.8438
vn 0.4033 -0.5076 -0.7613
vn 0.3206 -0.6056 -0.7283
vn 0.2229 -0.6379 -0.7372
vn 0.2180 -0.5183 -0.8270
vn -0.1287 0.0865 -0.9879
vn 0.0108 0.1159 -0.9932
vn -0.0683 0.0330 -0.9971
vn -0.1919 -0.0357 -0.9808
vn -0.2302 0.0642 -0.9710
vn -0.2200 0.1687 -0.9608
vn -0.0851 0.1607 -0.9833
vn 0.0363 -0.0522 -0.9980
vn 0.0912 0.0593 -0.9941
vn 0.1089 -0.0406 -0.9932
vn 0.1020 -0.1565 -0.9824
vn 0.0056 -0.1406 -0.9901
vn -0.0734 -0.1067 -0.9916
vn -0.0095 -0.0029 -1.0000
vn 0.3459 -0.0781 -0.9350
vn 0.4341 -0.1825 -0.8822
vn 0.3648 -0.1737 -0.9147
vn 0.2672 -0.1687 -0.9488
vn 0.2802 -0.0545 -0.9584
vn 0.2995 0.0301 -0.9536
vn 0.3832 -0.0542 -0.9221
vn 0.0136 0.2680 -0.9633
vn -0.0993 0.2500 -0.9631
vn -0.0166 0.2860 -0.9581
vn 0.0739 0.3084 -0.9484
vn 0.0847 0.2694 -0.9593
vn 0.0839 0.2088 -0.9743
vn -0.0172 0.2359 -0.9716
vn 0.3785 -0.0626 -0.9235
vn 0.4099 -0.2161 -0.8862
vn 0.3568 -0.0965 -0.9292
vn 0.3126 0.0149 -0.9498
vn 0.3580 0.0287 -0.9333
vn 0.4277 0.0249 -0.9036
vn 0.4271 -0.1029 -0.8983
vn 0.2922 0.2319 -0.9278
vn 0.3669 0.1931 -0.9100
vn 0.3136 0.1803 -0.9323
vn 0.2434 0.1804 -0.9530
vn 0.2355 0.2491 -0.9394
vn 0.2472 0.2938 -0.9233
vn 0.3161 0.2537 -0.9142
vn 0.6158 -0.2651 -0.7420
vn 0.6841 -0.3676 -0.6300
vn 0.6110 -0.4027 -0.6815
vn 0.5256 -0.3849 -0.7587
vn 0.5516 -0.2102 -0.8072
vn 0.5812 -0.0788 -0.8099
vn 0.6602 -0.2007 -0.7238
vn 0.7001 -0.1121 -0.7052
vn 0.7272 -0.2725 -0.6301
vn 0.6642 -0.1683 -0.7283
vn 0.6056 -0.0399 -0.7948
vn 0.6768 -0.0145 -0.7360
vn 0.7566 -0.0079 -0.6538
vn 0.7559 -0.1434 -0.6388
vn 0.6045 0.1888 -0.7739
vn 0.6932 0.1442 -0.7062
vn 0.6267 0.1346 -0.7676
vn 0.5389 0.1436 -0.8301
vn 0.5389 0.2163 -0.8141
vn 0.5597 0.2615 -0.7863
vn 0.6342 0.2108 -0.7439
vn 0.3572 0.2897 -0.8880
vn 0.3904 0.2150 -0.8952
vn 0.3318 0.2668 -0.9049
vn 0.2923 0.3263 -0.8990
vn 0.3456 0.3327 -0.8774
vn 0.4158 0.3231 -0.8501
vn 0.4080 0.2670 -0.8731
vn 0.6928 0.2356 -0.6816
vn 0.7387 0.1590 -0.6550
vn 0.6670 0.2193 -0.7121
vn 0.6065 0.2815 -0.7436
vn 0.6705 0.2803 -0.6870
vn 0.7489 0.2553 -0.6116
vn 0.7551 0.1979 -0.6251
vn 0.5966 0.3848 -0.7042
vn 0.6901 0.3489 -0.6341
vn 0.6197 0.3529 -0.7010
vn 0.5407 0.3643 -0.7583
vn 0.5277 0.4055 -0.7464
vn 0.5450 0.4372 -0.7154
vn 0.6255 0.4000 -0.6699
vn 0.3474 0.4198 -0.8385
vn 0.2941 0.4063 -0.8651
vn 0.3308 0.4321 -0.8390
vn 0.3837 0.4462 -0.8085
vn 0.3938 0.4224 -0.8164
vn 0.4075 0.3866 -0.8273
vn 0.3416 0.3988 -0.8510
vn 0.7076 0.4384 -0.5542
vn 0.7411 0.3731 -0.5581
vn 0.6801 0.4207 -0.6004
vn 0.6199 0.4746 -0.6249
vn 0.6892 0.4752 -0.5471
vn 0.7560 0.4574 -0.4682
vn 0.7579 0.4091 -0.5081
vn 0.6063 0.6134 -0.5061
vn 0.7011 0.5615 -0.4396
vn 0.6404 0.5595 -0.5261
vn 0.5613 0.5714 -0.5987
vn 0.5393 0.6421 -0.5448
vn 0.5375 0.6941 -0.4788
vn 0.6263 0.6362 -0.4505
vn 0.3469 0.4224 -0.8374
vn 0.2925 0.4581 -0.8394
vn 0.3512 0.4470 -0.8227
vn 0.3986 0.4376 -0.8060
vn 0.3618 0.4101 -0.8372
vn 0.3145 0.3959 -0.8628
vn 0.3080 0.4184 -0.8544
vn 0.1449 0.4298 -0.8912
vn 0.0753 0.4365 -0.8966
vn 0.1333 0.4564 -0.8798
vn 0.1998 0.4643 -0.8628
vn 0.1999 0.4222 -0.8842
vn 0.1739 0.3932 -0.9028
vn 0.1136 0.4090 -0.9054
vn 0.0715 0.5991 -0.7975
vn 0.0145 0.6875 -0.7261
vn 0.0926 0.6415 -0.7615
vn 0.1457 0.5747 -0.8053
vn 0.0967 0.5453 -0.8326
vn 0.0341 0.5249 -0.8505
vn 0.0186 0.6092 -0.7928
vn 0.3102 0.6087 -0.7303
vn 0.3969 0.5562 -0.7302
vn 0.3357 0.5450 -0.7683
vn 0.2660 0.5591 -0.7852
vn 0.2555 0.6339 -0.7300
vn 0.2620 0.6939 -0.6707
vn 0.3368 0.6382 -0.6923
vn 0.1211 0.6846 -0.7187
vn 0.0358 0.7110 -0.7023
vn 0.0946 0.7233 -0.6840
vn 0.1604 0.7270 -0.6677
vn 0.1672 0.6707 -0.7226
vn 0.1609 0.6185 -0.7691
vn 0.0987 0.6632 -0.7419
vn 0.3748 0.7082 -0.5983
vn 0.4416 0.6258 -0.6429
vn 0.3617 0.6835 -0.6340
vn 0.2904 0.7398 -0.6069
vn 0.3380 0.7498 -0.5688
vn 0.4038 0.7425 -0.5345
vn 0.4328 0.6858 -0.5851
vn 0.0063 0.8246 -0.5656
vn -0.0548 0.8626 -0.5029
vn 0.0374 0.8406 -0.5404
vn 0.1034 0.8040 -0.5856
vn 0.0377 0.7908 -0.6109
vn -0.0589 0.7888 -0.6119
vn -0.0699 0.8322 -0.5501
vn 0.0898 0.8579 -0.5058
vn -0.0046 0.8662 -0.4997
vn 0.0652 0.8716 -0.4859
vn 0.1337 0.8748 -0.4657
vn 0.1407 0.8529 -0.5027
vn 0.1384 0.8315 -0.5380
vn 0.0700 0.8503 -0.5217
vn 0.2563 0.8310 -0.4937
vn 0.2198 0.8670 -0.4472
vn 0.2843 0.8407 -0.4608
vn 0.3427 0.8062 -0.4824
vn 0.2787 0.8081 -0.5190
vn 0.2195 0.8133 -0.5388
vn 0.2059 0.8427 -0.4974
vn -0.0439 0.9168 -0.3970
vn 0.0813 0.9158 -0.3933
vn 0.0107 0.8946 -0.4467
vn -0.0879 0.8852 -0.4569
vn -0.1226 0.9111 -0.3934
vn -0.1334 0.9401 -0.3138
vn -0.0222 0.9376 -0.3470
vn 0.3974 0.8542 -0.3353
vn 0.2977 0.8933 -0.3366
vn 0.3719 0.8820 -0.2895
vn 0.4602 0.8459 -0.2695
vn 0.4655 0.8189 -0.3357
vn 0.4324 0.8097 -0.3968
vn 0.3602 0.8524 -0.3790
vn 0.6429 0.6855 -0.3416
vn 0.7149 0.6092 -0.3431
vn 0.6431 0.6690 -0.3727
vn 0.5593 0.7294 -0.3939
vn 0.5925 0.7313 -0.3379
vn 0.6346 0.7172 -0.2881
vn 0.6874 0.6580 -0.3075
vn 0.7715 0.5834 -0.2538
vn 0.7142 0.6550 -0.2467
vn 0.7681 0.5959 -0.2344
vn 0.8195 0.5262 -0.2271
vn 0.8047 0.5326 -0.2623
vn 0.7781 0.5517 -0.3004
vn 0.7409 0.6125 -0.2756
vn 0.7723 0.6058 -0.1915
vn 0.7132 0.6636 -0.2259
vn 0.7489 0.6402 -0.1712
vn 0.7821 0.6114 -0.1204
vn 0.8022 0.5736 -0.1657
vn 0.8152 0.5404 -0.2083
vn 0.7654 0.6030 -0.2250
vn 0.6823 0.7292 -0.0517
vn 0.7481 0.6607 -0.0611
vn 0.7092 0.6960 -0.1123
vn 0.6462 0.7500 -0.1412
vn 0.6290 0.7757 -0.0513
vn 0.6362 0.7712 0.0194
vn 0.6955 0.7184 -0.0149
vn 0.4900 0.8716 0.0120
vn 0.4066 0.9120 0.0547
vn 0.4889 0.8706 0.0550
vn 0.5628 0.8255 0.0428
vn 0.5465 0.8371 -0.0247
vn 0.4875 0.8681 -0.0937
vn 0.4332 0.9011 -0.0201
vn 0.8656 0.4936 -0.0848
vn 0.8269 0.5584 -0.0662
vn 0.8577 0.5112 -0.0551
vn 0.8861 0.4601 -0.0561
vn 0.8895 0.4472 -0.0933
vn 0.8776 0.4591 -0.1379
vn 0.8514 0.5130 -0.1089
vn 0.9387 0.3297 -0.1007
vn 0.9216 0.3629 -0.1378
vn 0.9209 0.3767 -0.1000
vn 0.9256 0.3724 -0.0670
vn 0.9454 0.3154 -0.0824
vn 0.9586 0.2659 -0.1014
vn 0.9425 0.3111 -0.1224
vn 0.7267 0.6851 0.0509
vn 0.7609 0.6488 0.0140
vn 0.7185 0.6945 0.0371
vn 0.6810 0.7296 0.0631
vn 0.7192 0.6916 0.0674
vn 0.7508 0.6567 0.0706
vn 0.7540 0.6551 0.0474
vn 0.8289 0.5592 0.0154
vn 0.8723 0.4888 -0.0114
vn 0.8367 0.5477 -0.0067
vn 0.8015 0.5980 0.0027
vn 0.7912 0.6104 0.0377
vn 0.8020 0.5935 0.0674
vn 0.8436 0.5364 0.0252
vn 0.7112 0.6949 0.1068
vn 0.7666 0.6331 0.1075
vn 0.7275 0.6817 0.0769
vn 0.6788 0.7303 0.0769
vn 0.6670 0.7373 0.1072
vn 0.6679 0.7258 0.1648
vn 0.7245 0.6738 0.1455
vn 0.9217 0.3827 0.0637
vn 0.8642 0.4877 0.1236
vn 0.9160 0.3810 0.1254
vn 0.9563 0.2783 0.0897
vn 0.9441 0.3289 0.0237
vn 0.9191 0.3940 0.0018
vn 0.8949 0.4440 0.0461
vn 0.9638 0.2642 -0.0363
vn 0.9777 0.2099 0.0007
vn 0.9776 0.2075 -0.0340
vn 0.9727 0.2232 -0.0641
vn 0.9584 0.2805 -0.0525
vn 0.9411 0.3366 -0.0335
vn 0.9594 0.2816 -0.0159
vn 0.8652 0.3714 0.3367
vn 0.8488 0.3910 0.3559
vn 0.8733 0.3405 0.3485
vn 0.9160 0.2826 0.2846
vn 0.8806 0.3759 0.2886
vn 0.8338 0.4714 0.2873
vn 0.8368 0.4218 0.3491
vn 0.7979 0.5474 0.2526
vn 0.8297 0.5043 0.2395
vn 0.8060 0.5598 0.1924
vn 0.7959 0.5764 0.1850
vn 0.8041 0.5363 0.2565
vn 0.8487 0.4477 0.2816
vn 0.8273 0.4784 0.2946
vn 0.9253 0.2987 0.2338
vn 0.9242 0.2980 0.2390
vn 0.9017 0.3576 0.2431
vn 0.9165 0.3512 0.1916
vn 0.9370 0.2976 0.1831
vn 0.9494 0.2466 0.1946
vn 0.9414 0.2411 0.2357
vn 0.8488 0.5116 -0.1334
vn 0.8600 0.5058 -0.0675
vn 0.8535 0.4933 -0.1679
vn 0.8675 0.4589 -0.1918
vn 0.8629 0.4816 -0.1529
vn 0.8440 0.5333 -0.0571
vn 0.8435 0.5345 -0.0530
vn 0.9595 0.2647 -0.0967
vn 0.9492 0.2709 -0.1602
vn 0.9560 0.2636 -0.1290
vn 0.9557 0.2919 -0.0386
vn 0.9601 0.2783 -0.0257
vn 0.9591 0.2812 -0.0321
vn 0.9549 0.2694 -0.1250
vn 0.7901 0.5705 -0.2242
vn 0.7874 0.5986 -0.1471
vn 0.7737 0.5975 -0.2108
vn 0.7745 0.5739 -0.2661
vn 0.7970 0.5478 -0.2543
vn 0.8304 0.5090 -0.2266
vn 0.8039 0.5603 -0.1996
vn 0.9699 0.2102 -0.1225
vn 0.9625 0.2459 -0.1149
vn 0.9744 0.2135 -0.0703
vn 0.9853 0.1677 -0.0334
vn 0.9734 0.1940 -0.1218
vn 0.9588 0.2284 -0.1688
vn 0.9585 0.2314 -0.1664
vn 0.9730 0.1884 -0.1331
vn 0.9706 0.1940 -0.1423
vn 0.9651 0.2086 -0.1583
vn 0.9617 0.2400 -0.1325
vn 0.9746 0.2025 -0.0957
vn 0.9824 0.1688 -0.0797
vn 0.9769 0.1708 -0.1283
vn 0.9791 0.1632 -0.1211
vn 0.9830 0.1551 -0.0983
vn 0.9792 0.1703 -0.1108
vn 0.9803 0.1656 -0.1074
vn 0.9791 0.1633 -0.1213
vn 0.9822 0.1617 -0.0957
vn 0.9827 0.1536 -0.1031
vn 0.9922 0.0713 0.1023
vn 0.9977 0.0665 0.0150
vn 0.9947 0.1013 0.0150
vn 0.9896 0.1324 0.0568
vn 0.9817 0.0889 0.1684
vn 0.9582 0.0358 0.2838
vn 0.9914 0.0413 0.1238
vn 0.9764 -0.0162 0.2155
vn 0.9355 -0.0983 0.3393
vn 0.9844 -0.0356 0.1721
vn 0.9967 0.0221 0.0781
vn 0.9847 0.0260 0.1725
vn 0.9344 0.0292 0.3551
vn 0.9304 -0.0368 0.3647
vn 0.9792 0.1980 -0.0439
vn 0.9870 0.1596 -0.0184
vn 0.9861 0.1649 -0.0219
vn 0.9844 0.1713 -0.0404
vn 0.9787 0.1963 -0.0605
vn 0.9792 0.1942 -0.0584
vn 0.9786 0.2019 -0.0405
vn 0.9921 0.1162 -0.0478
vn 0.9834 0.1743 -0.0509
vn 0.9868 0.1540 -0.0509
vn 0.9952 0.0893 -0.0394
vn 0.9964 0.0736 -0.0409
vn 0.9962 0.0789 -0.0367
vn 0.9885 0.1438 -0.0466
vn 0.9957 -0.0553 0.0746
vn 0.9988 -0.0205 0.0445
vn 0.9949 -0.0781 0.0636
vn 0.9940 -0.0759 0.0784
vn 0.9960 -0.0337 0.0831
vn 0.9979 0.0304 0.0565
vn 0.9986 0.0023 0.0531
vn 0.9889 -0.1483 -0.0069
vn 0.9940 -0.1090 -0.0041
vn 0.9876 -0.1569 -0.0049
vn 0.9898 -0.1420 0.0105
vn 0.9906 -0.1364 0.0063
vn 0.9953 -0.0973 -0.0037
vn 0.9941 -0.1081 -0.0122
vn 0.9825 -0.1860 -0.0103
vn 0.9895 -0.1446 -0.0066
vn 0.9845 -0.1751 -0.0105
vn 0.9851 -0.1710 -0.0184
vn 0.9834 -0.1812 -0.0099
vn 0.9842 -0.1772 0.0049
vn 0.9838 -0.1793 -0.0058
vn 0.9934 0.0268 0.1114
vn 0.9658 -0.0618 0.2517
vn 0.9866 -0.0525 0.1547
vn 0.9982 -0.0152 0.0572
vn 0.9971 0.0607 0.0456
vn 0.9940 0.0955 0.0533
vn 0.9884 0.0295 0.1492
vn 0.9893 0.1363 -0.0513
vn 0.9958 0.0807 -0.0431
vn 0.9903 0.1274 -0.0553
vn 0.9872 0.1497 -0.0553
vn 0.9859 0.1587 -0.0535
vn 0.9880 0.1483 -0.0424
vn 0.9919 0.1208 -0.0391
vn 0.9393 -0.2161 0.2665
vn 0.9752 -0.1547 0.1584
vn 0.9580 -0.1681 0.2322
vn 0.9159 -0.1718 0.3628
vn 0.9021 -0.2375 0.3603
vn 0.9008 -0.2664 0.3429
vn 0.9469 -0.2161 0.2380
vn 0.9616 -0.1266 0.2437
vn 0.9849 -0.0515 0.1651
vn 0.9562 -0.1223 0.2660
vn 0.9204 -0.1879 0.3429
vn 0.9438 -0.1789 0.2779
vn 0.9713 -0.1570 0.1785
vn 0.9816 -0.0958 0.1651
vn 0.8804 -0.2980 0.3688
vn 0.8209 -0.3982 0.4093
vn 0.8870 -0.3138 0.3387
vn 0.9311 -0.2429 0.2723
vn 0.9084 -0.2449 0.3390
vn 0.8678 -0.2572 0.4252
vn 0.8418 -0.3279 0.4289
vn 0.8865 -0.3714 0.2760
vn 0.8090 -0.4511 0.3767
vn 0.8137 -0.4980 0.2997
vn 0.8432 -0.4995 0.1987
vn 0.9159 -0.3427 0.2092
vn 0.9476 -0.2226 0.2291
vn 0.8930 -0.3178 0.3187
vn 0.9996 -0.0113 -0.0261
vn 0.9980 -0.0621 0.0087
vn 0.9996 -0.0085 -0.0288
vn 0.9983 0.0361 -0.0459
vn 0.9988 0.0289 -0.0385
vn 0.9998 0.0202 -0.0027
vn 0.9995 -0.0312 0.0078
vn 0.9914 0.1115 -0.0683
vn 0.9930 0.1090 -0.0458
vn 0.9931 0.1013 -0.0595
vn 0.9926 0.0982 -0.0717
vn 0.9914 0.1065 -0.0757
vn 0.9929 0.0952 -0.0707
vn 0.9908 0.1215 -0.0604
vn 0.9720 -0.2281 0.0561
vn 0.9888 -0.1486 0.0155
vn 0.9907 -0.1307 0.0390
vn 0.9869 -0.1384 0.0835
vn 0.9609 -0.2617 0.0906
vn 0.9207 -0.3826 0.0772
vn 0.9641 -0.2629 0.0380
vn 0.9973 0.0732 -0.0017
vn 0.9994 0.0206 0.0282
vn 0.9995 0.0301 0.0117
vn 0.9993 0.0326 -0.0179
vn 0.9960 0.0856 -0.0236
vn 0.9945 0.1015 -0.0250
vn 0.9977 0.0676 0.0028
vn 0.9497 -0.3129 0.0127
vn 0.9858 -0.1681 0.0031
vn 0.9600 -0.2777 0.0372
vn 0.9001 -0.4319 0.0568
vn 0.8890 -0.4574 0.0217
vn 0.8947 -0.4454 -0.0333
vn 0.9601 -0.2790 -0.0170
vn 0.9887 0.1126 -0.0992
vn 0.9954 0.0587 -0.0762
vn 0.9910 0.0814 -0.1064
vn 0.9883 0.1004 -0.1150
vn 0.9860 0.1284 -0.1064
vn 0.9874 0.1336 -0.0846
vn 0.9910 0.1081 -0.0794
vn 0.9919 0.0942 -0.0857
vn 0.9901 0.1090 -0.0889
vn 0.9899 0.1075 -0.0924
vn 0.9928 0.0896 -0.0797
vn 0.9947 0.0773 -0.0683
vn 0.9953 0.0682 -0.0693
vn 0.9819 -0.1408 -0.1269
vn 0.9949 -0.0632 -0.0780
vn 0.9791 -0.1798 -0.0945
vn 0.9429 -0.3071 -0.1293
vn 0.9720 -0.1746 -0.1571
vn 0.9862 -0.0606 -0.1540
vn 0.9912 -0.0451 -0.1248
vn 0.9923 -0.1241 0.0069
vn 0.9912 -0.1320 -0.0064
vn 0.9907 -0.1362 0.0038
vn 0.9947 -0.1028 0.0022
vn 0.9954 -0.0959 0.0068
vn 0.9951 -0.0981 -0.0087
vn 0.9928 -0.1198 -0.0052
vn 0.9999 0.0162 0.0041
vn 0.9993 0.0364 -0.0112
vn 0.9998 0.0188 -0.0005
vn 1.0000 -0.0027 -0.0062
vn 1.0000 -0.0065 0.0044
vn 1.0000 0.0018 -0.0074
vn 0.9996 0.0285 -0.0084
vn 0.9943 -0.0742 -0.0766
vn 0.9937 -0.0922 -0.0633
vn 0.9935 -0.0720 -0.0877
vn 0.9932 -0.0297 -0.1126
vn 0.9952 -0.0463 -0.0859
vn 0.9959 -0.0691 -0.0577
vn 0.9945 -0.0878 -0.0566
vn 0.9933 0.0700 -0.0915
vn 0.9893 0.0730 -0.1263
vn 0.9871 0.1140 -0.1126
vn 0.9864 0.1340 -0.0950
vn 0.9944 0.0692 -0.0804
vn 0.9975 0.0053 -0.0700
vn 0.9951 0.0282 -0.0950
vn 0.9911 -0.0764 -0.1091
vn 0.9914 -0.1012 -0.0830
vn 0.9885 -0.1103 -0.1031
vn 0.9836 -0.1037 -0.1478
vn 0.9884 -0.0564 -0.1411
vn 0.9916 -0.0129 -0.1288
vn 0.9933 -0.0649 -0.0956
vn 0.9729 -0.2075 -0.1020
vn 0.9541 -0.2776 -0.1124
vn 0.9651 -0.2285 -0.1277
vn 0.9764 -0.1624 -0.1420
vn 0.9815 -0.1631 -0.0999
vn 0.9821 -0.1676 -0.0856
vn 0.9719 -0.2170 -0.0908
vn 0.9792 -0.1582 -0.1272
vn 0.9678 -0.2170 -0.1274
vn 0.9784 -0.1691 -0.1186
vn 0.9854 -0.1222 -0.1183
vn 0.9809 -0.1395 -0.1357
vn 0.9746 -0.1678 -0.1484
vn 0.9722 -0.1931 -0.1328
vn 0.9833 -0.0761 -0.1654
vn 0.9933 -0.0353 -0.1100
vn 0.9803 -0.0803 -0.1803
vn 0.9720 -0.1129 -0.2061
vn 0.9818 -0.0915 -0.1664
vn 0.9927 -0.0544 -0.1072
vn 0.9949 -0.0327 -0.0950
vn 0.9334 -0.3271 -0.1477
vn 0.9497 -0.2675 -0.1630
vn 0.9373 -0.3069 -0.1654
vn 0.9165 -0.3580 -0.1783
vn 0.9220 -0.3508 -0.1637
vn 0.9353 -0.3171 -0.1571
vn 0.9450 -0.2938 -0.1434
vn 0.9650 -0.1011 -0.2420
vn 0.9821 -0.0722 -0.1741
vn 0.9664 -0.1155 -0.2298
vn 0.9513 -0.1462 -0.2714
vn 0.9569 -0.1124 -0.2678
vn 0.9619 -0.1075 -0.2515
vn 0.9719 -0.0846 -0.2196
vn 0.9496 -0.1496 -0.2755
vn 0.9545 -0.1569 -0.2535
vn 0.9517 -0.1369 -0.2749
vn 0.9446 -0.1658 -0.2831
vn 0.9415 -0.1814 -0.2842
vn 0.9369 -0.2193 -0.2724
vn 0.9494 -0.1813 -0.2565
vn 0.9620 -0.1930 -0.1932
vn 0.9422 -0.2887 -0.1699
vn 0.9415 -0.2702 -0.2013
vn 0.9430 -0.2343 -0.2363
vn 0.9644 -0.1674 -0.2046
vn 0.9823 -0.0901 -0.1642
vn 0.9685 -0.1820 -0.1702
vn 0.8302 -0.4681 -0.3029
vn 0.8813 -0.3647 -0.3004
vn 0.8287 -0.4704 -0.3034
vn 0.7668 -0.5616 -0.3108
vn 0.8016 -0.5073 -0.3163
vn 0.8543 -0.4147 -0.3135
vn 0.8770 -0.3752 -0.3002
vn 0.8808 -0.4119 -0.2335
vn 0.8643 -0.4697 -0.1796
vn 0.8224 -0.5297 -0.2076
vn 0.7881 -0.5646 -0.2453
vn 0.8758 -0.4070 -0.2594
vn 0.9186 -0.3026 -0.2543
vn 0.9131 -0.3487 -0.2112
vn 0.8336 -0.4382 -0.3363
vn 0.8840 -0.3375 -0.3236
vn 0.8503 -0.4220 -0.3145
vn 0.7715 -0.5625 -0.2972
vn 0.7651 -0.5497 -0.3352
vn 0.7672 -0.5371 -0.3507
vn 0.8394 -0.4178 -0.3475
vn 0.3414 -0.9340 -0.1054
vn 0.2042 -0.9756 -0.0811
vn 0.3059 -0.9460 -0.1076
vn 0.4701 -0.8691 -0.1541
vn 0.5055 -0.8520 -0.1362
vn 0.5078 -0.8543 -0.1107
vn 0.3180 -0.9434 -0.0942
vn 0.2403 -0.9665 -0.0906
vn 0.1743 -0.9839 -0.0399
vn 0.1648 -0.9840 -0.0679
vn 0.1671 -0.9788 -0.1184
vn 0.2682 -0.9539 -0.1349
vn 0.3876 -0.9104 -0.1447
vn 0.2762 -0.9579 -0.0780
vn 0.3482 -0.9100 -0.2250
vn 0.4508 -0.8446 -0.2888
vn 0.4843 -0.8318 -0.2714
vn 0.4844 -0.8437 -0.2314
vn 0.3249 -0.9250 -0.1968
vn 0.2144 -0.9592 -0.1842
vn 0.2997 -0.9249 -0.2340
vn 0.2307 -0.9419 -0.2442
vn 0.3980 -0.8739 -0.2792
vn 0.2558 -0.9383 -0.2328
vn 0.1674 -0.9652 -0.2010
vn 0.1616 -0.9607 -0.2257
vn 0.2004 -0.9412 -0.2721
vn 0.2887 -0.9153 -0.2808
vn 0.6008 -0.6826 -0.4161
vn 0.4271 -0.8029 -0.4159
vn 0.5963 -0.6769 -0.4316
vn 0.7326 -0.5552 -0.3938
vn 0.6865 -0.6230 -0.3751
vn 0.6041 -0.7182 -0.3452
vn 0.4910 -0.7814 -0.3852
vn 0.6079 -0.7121 -0.3513
vn 0.4656 -0.8154 -0.3440
vn 0.5418 -0.7499 -0.3795
vn 0.6281 -0.6614 -0.4100
vn 0.6820 -0.6377 -0.3582
vn 0.7144 -0.6220 -0.3204
vn 0.6017 -0.7249 -0.3354
vn 0.8206 -0.4683 -0.3277
vn 0.7549 -0.5293 -0.3872
vn 0.8142 -0.4659 -0.3464
vn 0.8704 -0.4042 -0.2809
vn 0.8606 -0.4309 -0.2714
vn 0.8347 -0.4754 -0.2780
vn 0.7857 -0.5157 -0.3417
vn 0.7874 -0.5081 -0.3491
vn 0.7391 -0.5535 -0.3838
vn 0.7411 -0.5416 -0.3969
vn 0.7581 -0.5105 -0.4058
vn 0.8090 -0.4809 -0.3380
vn 0.8422 -0.4564 -0.2869
vn 0.7980 -0.5028 -0.3323
vn 0.8921 -0.3446 -0.2923
vn 0.8323 -0.4023 -0.3814
vn 0.8894 -0.3095 -0.3363
vn 0.9374 -0.2242 -0.2665
vn 0.9217 -0.3084 -0.2352
vn 0.8930 -0.3867 -0.2303
vn 0.8545 -0.4170 -0.3098
vn 0.8774 -0.1583 -0.4528
vn 0.8246 -0.3026 -0.4781
vn 0.8431 -0.1662 -0.5115
vn 0.8552 -0.0419 -0.5166
vn 0.8979 -0.0782 -0.4332
vn 0.9236 -0.1317 -0.3601
vn 0.8850 -0.2280 -0.4060
vn 0.8962 0.0658 -0.4388
vn 0.8729 0.1431 -0.4664
vn 0.9095 0.0730 -0.4091
vn 0.9308 -0.0007 -0.3655
vn 0.9017 0.0207 -0.4319
vn 0.8582 0.0564 -0.5102
vn 0.8644 0.1067 -0.4913
vn 0.9344 0.0747 -0.3482
vn 0.8856 0.1493 -0.4398
vn 0.9231 0.1377 -0.3592
vn 0.9591 0.0996 -0.2651
vn 0.9610 0.0275 -0.2752
vn 0.9517 -0.0135 -0.3066
vn 0.9187 0.0620 -0.3900
vn 0.9149 0.1585 0.3713
vn 0.8831 0.0755 0.4632
vn 0.9403 0.1294 0.3148
vn 0.9618 0.1807 0.2057
vn 0.9211 0.1989 0.3347
vn 0.8611 0.1849 0.4735
vn 0.8562 0.1281 0.5005
vn 0.6214 0.0416 0.7824
vn 0.6608 0.0123 0.7505
vn 0.6825 0.0602 0.7284
vn 0.6779 0.0916 0.7294
vn 0.6103 0.0512 0.7905
vn 0.5563 0.0063 0.8310
vn 0.5909 0.0025 0.8067
vn 0.4281 -0.1331 0.8939
vn 0.3576 -0.1658 0.9190
vn 0.4342 -0.1248 0.8921
vn 0.5255 -0.0843 0.8466
vn 0.4882 -0.0894 0.8681
vn 0.4418 -0.1043 0.8910
vn 0.3911 -0.1491 0.9082
vn 0.4158 -0.0403 0.9086
vn 0.3529 -0.0656 0.9333
vn 0.4463 -0.0440 0.8938
vn 0.5211 -0.0252 0.8531
vn 0.4378 -0.0413 0.8981
vn 0.3486 -0.0627 0.9352
vn 0.3428 -0.0520 0.9380
vn 0.5525 -0.0722 0.8304
vn 0.4203 -0.0702 0.9047
vn 0.5158 -0.1056 0.8502
vn 0.6596 -0.1361 0.7392
vn 0.6713 -0.0707 0.7378
vn 0.6402 -0.0188 0.7680
vn 0.5077 -0.0394 0.8606
vn 0.4274 -0.1484 0.8918
vn 0.3611 -0.1931 0.9123
vn 0.4745 -0.1806 0.8615
vn 0.5755 -0.1526 0.8034
vn 0.4596 -0.1229 0.8796
vn 0.3452 -0.1058 0.9325
vn 0.3358 -0.1489 0.9301
vn 0.6267 -0.2860 0.7249
vn 0.4790 -0.2748 0.8337
vn 0.5937 -0.3171 0.7395
vn 0.7192 -0.3278 0.6127
vn 0.7284 -0.2745 0.6278
vn 0.6998 -0.2084 0.6832
vn 0.5718 -0.2366 0.7855
vn 0.5166 -0.3688 0.7727
vn 0.4282 -0.4667 0.7738
vn 0.5559 -0.3960 0.7309
vn 0.6462 -0.3396 0.6835
vn 0.5484 -0.3290 0.7688
vn 0.4311 -0.3145 0.8457
vn 0.4226 -0.3911 0.8176
vn 0.6297 -0.4583 0.6272
vn 0.4804 -0.5516 0.6819
vn 0.5707 -0.5640 0.5969
vn 0.6775 -0.5243 0.5159
vn 0.7132 -0.4094 0.5689
vn 0.7077 -0.3339 0.6227
vn 0.5959 -0.4159 0.6870
vn -0.8085 -0.4684 -0.3563
vn -0.8322 -0.4339 -0.3451
vn -0.8922 -0.3693 -0.2602
vn -0.9135 -0.3784 -0.1497
vn -0.8159 -0.5172 -0.2587
vn -0.7489 -0.5923 -0.2972
vn -0.7547 -0.5257 -0.3925
vn -0.4977 -0.7644 -0.4099
vn -0.5580 -0.6900 -0.4609
vn -0.5549 -0.7227 -0.4120
vn -0.5564 -0.7574 -0.3417
vn -0.5016 -0.7770 -0.3803
vn -0.4817 -0.7591 -0.4378
vn -0.4857 -0.7459 -0.4557
vn -0.4199 -0.6265 -0.6566
vn -0.4703 -0.6007 -0.6465
vn -0.4417 -0.6549 -0.6132
vn -0.4476 -0.6604 -0.6029
vn -0.4273 -0.6214 -0.6566
vn -0.4115 -0.6300 -0.6586
vn -0.4080 -0.6124 -0.6771
vn -0.7036 -0.6241 -0.3398
vn -0.7610 -0.3861 -0.5214
vn -0.4701 -0.6092 -0.6387
vn -0.5195 -0.7758 -0.3581
vn -0.6925 -0.7197 -0.0504
vn -0.8479 -0.4364 0.3011
vn -0.9039 -0.3953 -0.1632
vn -0.5114 -0.4863 -0.7086
vn -0.5112 -0.4845 -0.7099
vn -0.4822 -0.5413 -0.6888
vn -0.4933 -0.5894 -0.6397
vn -0.5316 -0.4951 -0.6873
vn -0.5576 -0.3819 -0.7371
vn -0.5263 -0.4133 -0.7431
vn -0.7029 -0.5226 -0.4825
vn -0.6679 -0.3875 -0.6354
vn -0.6192 -0.5204 -0.5881
vn -0.5913 -0.6324 -0.5003
vn -0.6995 -0.6008 -0.3869
vn -0.8115 -0.5041 -0.2956
vn -0.7707 -0.4310 -0.4693
vn -0.5983 -0.2395 -0.7646
vn -0.5679 -0.2197 -0.7932
vn -0.5935 -0.1961 -0.7806
vn -0.6936 -0.1978 -0.6927
vn -0.7058 -0.2626 -0.6579
vn -0.6609 -0.3364 -0.6709
vn -0.5709 -0.2692 -0.7756
vn -0.6230 0.0075 -0.7822
vn -0.6205 -0.0958 -0.7783
vn -0.6545 0.0062 -0.7560
vn -0.6711 0.1075 -0.7335
vn -0.6233 0.0615 -0.7795
vn -0.6290 -0.0028 -0.7774
vn -0.6080 -0.0548 -0.7920
vn -0.6280 0.1169 -0.7694
vn -0.6409 0.1397 -0.7548
vn -0.6320 0.1288 -0.7642
vn -0.6675 0.1166 -0.7355
vn -0.6576 0.1202 -0.7438
vn -0.6480 0.1183 -0.7524
vn -0.6232 0.1163 -0.7734
vn -0.6568 0.2737 -0.7026
vn -0.6600 0.2104 -0.7212
vn -0.6659 0.3077 -0.6796
vn -0.6984 0.3790 -0.6071
vn -0.6842 0.2714 -0.6769
vn -0.6783 0.2067 -0.7051
vn -0.6486 0.2143 -0.7303
vn -0.3206 -0.9458 0.0524
vn -0.3751 -0.9229 0.0868
vn -0.2886 -0.9548 0.0711
vn -0.2581 -0.9613 0.0964
vn -0.3080 -0.9491 0.0663
vn -0.3641 -0.9309 0.0311
vn -0.3643 -0.9308 0.0311
vn -0.3217 -0.9349 0.1501
vn -0.3195 -0.9279 0.1919
vn -0.3359 -0.9315 0.1393
vn -0.3465 -0.9338 0.0892
vn -0.3089 -0.9440 0.1161
vn -0.2525 -0.9533 0.1654
vn -0.3010 -0.9346 0.1893
vn -0.2323 -0.8923 0.3871
vn -0.1856 -0.9189 0.3480
vn -0.1855 -0.8764 0.4444
vn -0.2166 -0.8255 0.5211
vn -0.2442 -0.8742 0.4197
vn -0.2792 -0.9070 0.3153
vn -0.2486 -0.9144 0.3194
vn -0.1561 -0.7974 0.5829
vn -0.1545 -0.8707 0.4670
vn -0.1378 -0.8164 0.5608
vn -0.1424 -0.7142 0.6853
vn -0.2015 -0.7228 0.6610
vn -0.2546 -0.7481 0.6128
vn -0.1736 -0.8321 0.5267
vn -0.4221 -0.7866 0.4507
vn -0.6190 -0.6653 0.4173
vn -0.4425 -0.8224 0.3574
vn -0.2916 -0.8959 0.3352
vn -0.2989 -0.8314 0.4685
vn -0.3766 -0.7063 0.5995
vn -0.5246 -0.6651 0.5314
vn -0.3918 -0.9057 0.1618
vn -0.5625 -0.7886 0.2486
vn -0.4600 -0.8759 0.1453
vn -0.3810 -0.9211 0.0806
vn -0.3272 -0.9363 0.1280
vn -0.3041 -0.9332 0.1916
vn -0.4156 -0.8830 0.2179
vn -0.5982 -0.7907 0.1302
vn -0.6891 -0.7080 0.1544
vn -0.5944 -0.8000 0.0818
vn -0.5104 -0.8583 0.0528
vn -0.5510 -0.8224 0.1413
vn -0.6370 -0.7202 0.2748
vn -0.6761 -0.7049 0.2146
vn -0.5899 -0.8047 0.0667
vn -0.6731 -0.7255 0.1434
vn -0.6472 -0.7586 0.0751
vn -0.6126 -0.7904 0.0042
vn -0.5466 -0.8373 0.0137
vn -0.5126 -0.8580 0.0313
vn -0.5845 -0.8067 0.0872
vn -0.8354 -0.5426 0.0880
vn -0.8940 -0.4364 0.1017
vn -0.8402 -0.5405 0.0447
vn -0.7677 -0.6407 0.0130
vn -0.7881 -0.6086 0.0921
vn -0.8256 -0.5344 0.1812
vn -0.8748 -0.4591 0.1547
vn -0.8430 -0.5367 -0.0356
vn -0.8911 -0.4530 0.0260
vn -0.8731 -0.4861 -0.0369
vn -0.8432 -0.5292 -0.0953
vn -0.8072 -0.5856 -0.0741
vn -0.7871 -0.6154 -0.0421
vn -0.8416 -0.5401 -0.0073
vn -0.2874 -0.9306 0.2267
vn -0.3332 -0.8966 0.2916
vn -0.3332 -0.8803 0.3377
vn -0.2998 -0.8895 0.3449
vn -0.2694 -0.9332 0.2377
vn -0.2595 -0.9372 0.2330
vn -0.2738 -0.9404 0.2015
vn -0.0105 -0.8604 0.5095
vn 0.0989 -0.7631 0.6387
vn 0.0004 -0.8115 0.5844
vn -0.1322 -0.8752 0.4653
vn -0.1228 -0.9119 0.3916
vn -0.0739 -0.8876 0.4547
vn 0.0433 -0.8409 0.5395
vn 0.8732 0.3137 -0.3729
vn 0.8422 0.3865 -0.3760
vn 0.8844 0.3274 -0.3327
vn 0.9208 0.2526 -0.2973
vn 0.8897 0.2639 -0.3725
vn 0.8425 0.2920 -0.4526
vn 0.8363 0.3507 -0.4214
vn 0.8929 0.3592 -0.2715
vn 0.8533 0.4149 -0.3159
vn 0.8717 0.4089 -0.2702
vn 0.8935 0.3857 -0.2302
vn 0.9144 0.3262 -0.2398
vn 0.9250 0.2780 -0.2591
vn 0.8911 0.3445 -0.2955
vn 0.1881 -0.5339 0.8244
vn 0.1571 -0.6042 0.7812
vn 0.1630 -0.5841 0.7951
vn 0.1940 -0.5236 0.8296
vn 0.2230 -0.4964 0.8390
vn 0.2327 -0.5136 0.8259
vn 0.1889 -0.5508 0.8130
vn 0.0771 -0.7557 0.6504
vn 0.1023 -0.7388 0.6662
vn 0.0757 -0.7787 0.6228
vn 0.0202 -0.7687 0.6393
vn 0.0438 -0.7135 0.6993
vn 0.0836 -0.6694 0.7382
vn 0.0988 -0.7219 0.6849
vt 0.403781 0.825916
vt 0.385726 0.828607
vt 0.367221 0.819983
vt 0.369985 0.814811
vt 0.362469 0.828873
vt 0.345951 0.816531
vt 0.335412 0.805159
vt 0.465627 0.835953
vt 0.437828 0.837943
vt 0.419622 0.821986
vt 0.410029 0.839933
vt 0.373616 0.808018
vt 0.354430 0.843912
vt 0.336224 0.827955
vt 0.382229 0.841922
vt 0.318018 0.811998
vt 0.281605 0.780083
vt 0.327611 0.794051
vt 0.299811 0.796040
vt 0.719360 0.163069
vt 0.713703 0.148041
vt 0.714968 0.151792
vt 0.718788 0.162103
vt 0.708402 0.134068
vt 0.712413 0.145231
vt 0.717142 0.158238
vt 0.726790 0.182145
vt 0.719416 0.162631
vt 0.725298 0.178894
vt 0.712042 0.143117
vt 0.723805 0.175644
vt 0.697294 0.104088
vt 0.703176 0.120352
vt 0.704668 0.123602
vt 0.709057 0.136615
vt 0.720820 0.169142
vt 0.722313 0.172393
vt 0.714939 0.152879
vt 0.788654 0.390023
vt 0.780107 0.385211
vt 0.792974 0.394155
vt 0.803327 0.400694
vt 0.775178 0.382914
vt 0.795487 0.396559
vt 0.815089 0.409527
vt 0.781346 0.383033
vt 0.772278 0.378250
vt 0.799135 0.396158
vt 0.763211 0.373467
vt 0.816923 0.409282
vt 0.745075 0.363900
vt 0.771931 0.381808
vt 0.754143 0.368683
vt 0.798788 0.399716
vt 0.852500 0.435531
vt 0.834712 0.422407
vt 0.825644 0.417623
vt 0.804718 0.399807
vt 0.814535 0.407521
vt 0.802190 0.399768
vt 0.791316 0.392038
vt 0.820882 0.413055
vt 0.800719 0.399745
vt 0.780970 0.386442
vt 0.808995 0.399873
vt 0.819871 0.408788
vt 0.793015 0.390880
vt 0.830748 0.417702
vt 0.777035 0.381887
vt 0.841624 0.426617
vt 0.761055 0.372893
vt 0.846984 0.410753
vt 0.854888 0.401623
vt 0.852597 0.396100
vt 0.846530 0.398730
vt 0.861392 0.390033
vt 0.855833 0.387431
vt 0.848677 0.386797
vt 0.840584 0.438974
vt 0.849187 0.423875
vt 0.835198 0.414590
vt 0.857789 0.408776
vt 0.836011 0.399725
vt 0.874994 0.378578
vt 0.867485 0.377262
vt 0.866392 0.393677
vt 0.859976 0.375946
vt 0.844958 0.373314
vt 0.838241 0.386173
vt 0.852467 0.374630
vt 0.822664 0.384123
vt 0.804736 0.382387
vt 0.808788 0.392740
vt 0.821702 0.397001
vt 0.785446 0.382872
vt 0.799114 0.397412
vt 0.816978 0.408548
vt 0.821991 0.368470
vt 0.801673 0.366967
vt 0.742050 0.359310
vt 0.763988 0.386187
vt 0.778746 0.364823
vt 0.782988 0.402735
vt 0.804332 0.417815
vt 0.743423 0.394520
vt 0.724909 0.404113
vt 0.743374 0.410244
vt 0.761917 0.407266
vt 0.709500 0.414439
vt 0.743181 0.418899
vt 0.776873 0.420420
vt 0.722516 0.383218
vt 0.703771 0.396458
vt 0.645139 0.420912
vt 0.694000 0.425428
vt 0.681740 0.407732
vt 0.742862 0.429943
vt 0.791723 0.434459
vt 0.662168 0.376045
vt 0.662881 0.388057
vt 0.677168 0.384637
vt 0.680993 0.375578
vt 0.668052 0.398568
vt 0.687339 0.389597
vt 0.700722 0.377661
vt 0.642893 0.363438
vt 0.643455 0.377807
vt 0.661419 0.361549
vt 0.644016 0.392175
vt 0.681902 0.362020
vt 0.644578 0.406544
vt 0.705130 0.362001
vt 0.654564 0.308781
vt 0.654191 0.325393
vt 0.669414 0.332839
vt 0.676541 0.325956
vt 0.657843 0.343736
vt 0.676645 0.346195
vt 0.694532 0.343951
vt 0.625054 0.266936
vt 0.629514 0.291062
vt 0.661409 0.294695
vt 0.633974 0.315187
vt 0.686311 0.315871
vt 0.638433 0.339313
vt 0.710318 0.335609
vt 0.784529 0.345061
vt 0.802202 0.349275
vt 0.804374 0.334750
vt 0.795743 0.326280
vt 0.819080 0.348595
vt 0.815179 0.328504
vt 0.809048 0.310194
vt 0.768435 0.335163
vt 0.785277 0.314833
vt 0.833326 0.344028
vt 0.827271 0.321328
vt 0.817472 0.270145
vt 0.800473 0.294304
vt 0.822311 0.298962
vt 0.718185 0.318748
vt 0.721224 0.298873
vt 0.705652 0.294902
vt 0.696972 0.304474
vt 0.720672 0.277646
vt 0.699345 0.280088
vt 0.678861 0.285660
vt 0.740492 0.325332
vt 0.740488 0.300709
vt 0.746058 0.247586
vt 0.718691 0.256335
vt 0.741673 0.276463
vt 0.694590 0.260956
vt 0.668385 0.264333
vt 0.760300 0.317741
vt 0.776173 0.302916
vt 0.769851 0.293496
vt 0.757804 0.297923
vt 0.788481 0.284582
vt 0.775100 0.279152
vt 0.759813 0.277162
vt 0.796878 0.265591
vt 0.781109 0.262057
vt 0.765324 0.257650
vt 0.848616 0.309518
vt 0.841533 0.301866
vt 0.841486 0.313114
vt 0.846023 0.322499
vt 0.833184 0.297703
vt 0.836284 0.316016
vt 0.841527 0.334139
vt 0.859553 0.302027
vt 0.850064 0.297466
vt 0.854803 0.319457
vt 0.841919 0.290241
vt 0.851414 0.334014
vt 0.832657 0.282361
vt 0.848015 0.349773
vt 0.859426 0.331987
vt 0.856223 0.343786
vt 0.859614 0.350257
vt 0.862850 0.345650
vt 0.854061 0.357951
vt 0.859696 0.361058
vt 0.865242 0.360489
vt 0.863321 0.320782
vt 0.867090 0.339537
vt 0.852375 0.374247
vt 0.859792 0.375180
vt 0.874626 0.377046
vt 0.870858 0.358291
vt 0.867209 0.376113
vt 0.846217 0.277049
vt 0.840729 0.274660
vt 0.844158 0.280009
vt 0.848743 0.283308
vt 0.835990 0.275598
vt 0.842996 0.283073
vt 0.849960 0.289351
vt 0.849778 0.274050
vt 0.842591 0.270135
vt 0.852222 0.281044
vt 0.836585 0.267796
vt 0.854666 0.288039
vt 0.829846 0.266962
vt 0.857109 0.295033
vt 0.837729 0.262394
vt 0.832306 0.254524
vt 0.830620 0.255532
vt 0.833045 0.260835
vt 0.826504 0.246814
vt 0.826483 0.251436
vt 0.827296 0.258258
vt 0.842097 0.263743
vt 0.834417 0.253435
vt 0.819055 0.232820
vt 0.820913 0.239133
vt 0.826736 0.243128
vt 0.821410 0.245359
vt 0.820854 0.253339
vt 0.808271 0.221735
vt 0.811178 0.232644
vt 0.813658 0.232051
vt 0.812330 0.225772
vt 0.815319 0.243580
vt 0.816901 0.238091
vt 0.816328 0.231912
vt 0.801694 0.202766
vt 0.802515 0.220933
vt 0.806034 0.210280
vt 0.805739 0.234144
vt 0.810375 0.217793
vt 0.809842 0.248260
vt 0.814715 0.225307
vt 0.793658 0.225626
vt 0.783703 0.233261
vt 0.789072 0.239008
vt 0.797185 0.236580
vt 0.774169 0.243450
vt 0.785978 0.248002
vt 0.798714 0.249438
vt 0.789579 0.216010
vt 0.778230 0.225919
vt 0.765683 0.235629
vt 0.785246 0.209424
vt 0.780539 0.204950
vt 0.774577 0.212465
vt 0.775359 0.218410
vt 0.774415 0.202211
vt 0.768313 0.213365
vt 0.764802 0.224671
vt 0.795100 0.198822
vt 0.788507 0.194877
vt 0.775319 0.186988
vt 0.766822 0.199360
vt 0.781913 0.190933
vt 0.760268 0.212135
vt 0.753855 0.226096
vt 0.744829 0.218686
vt 0.752325 0.207445
vt 0.746270 0.202086
vt 0.738824 0.206515
vt 0.757470 0.195399
vt 0.747256 0.191937
vt 0.736101 0.191487
vt 0.733108 0.229589
vt 0.726782 0.213471
vt 0.761909 0.182729
vt 0.748498 0.178471
vt 0.721677 0.169953
vt 0.722633 0.196009
vt 0.735088 0.174212
vt 0.705882 0.208762
vt 0.689081 0.225048
vt 0.698285 0.229994
vt 0.711476 0.222295
vt 0.674992 0.243551
vt 0.695123 0.242995
vt 0.715247 0.237944
vt 0.698938 0.197988
vt 0.679369 0.218697
vt 0.658552 0.239596
vt 0.689782 0.194259
vt 0.679102 0.195282
vt 0.669960 0.208026
vt 0.673044 0.212579
vt 0.666110 0.200258
vt 0.658217 0.216244
vt 0.654649 0.229612
vt 0.706439 0.174250
vt 0.691201 0.178547
vt 0.660724 0.187141
vt 0.651807 0.207090
vt 0.675962 0.182844
vt 0.642889 0.227039
vt 0.633972 0.246987
vt 0.389516 0.714011
vt 0.391451 0.724291
vt 0.379771 0.706001
vt 0.375066 0.693481
vt 0.391281 0.730247
vt 0.373955 0.701136
vt 0.360156 0.674988
vt 0.400673 0.723596
vt 0.403839 0.736042
vt 0.389622 0.702870
vt 0.407006 0.748487
vt 0.374427 0.681318
vt 0.413338 0.773378
vt 0.389936 0.734151
vt 0.410172 0.760933
vt 0.366533 0.694923
vt 0.319728 0.616468
vt 0.356703 0.657211
vt 0.343130 0.655696
vt 0.373070 0.656366
vt 0.394351 0.663795
vt 0.392548 0.674400
vt 0.382138 0.675501
vt 0.413489 0.675038
vt 0.404464 0.685303
vt 0.395676 0.693739
vt 0.378483 0.639469
vt 0.407100 0.652415
vt 0.440824 0.676187
vt 0.430786 0.688039
vt 0.429584 0.664320
vt 0.420749 0.699892
vt 0.410711 0.711744
vt 0.520082 0.634799
vt 0.492497 0.645088
vt 0.463868 0.640458
vt 0.466323 0.632180
vt 0.459273 0.654493
vt 0.434933 0.644603
vt 0.415200 0.632784
vt 0.620206 0.626333
vt 0.575361 0.638797
vt 0.545087 0.623867
vt 0.530515 0.651260
vt 0.469967 0.621401
vt 0.485670 0.663724
vt 0.394848 0.618934
vt 0.559670 0.639448
vt 0.543155 0.640110
vt 0.525559 0.645962
vt 0.527689 0.648338
vt 0.522111 0.641351
vt 0.505862 0.649027
vt 0.494983 0.656173
vt 0.587502 0.631238
vt 0.565272 0.633101
vt 0.516547 0.631016
vt 0.496509 0.642505
vt 0.543836 0.633564
vt 0.480938 0.651369
vt 0.464687 0.660582
vt 0.806457 0.781019
vt 0.789963 0.781127
vt 0.791739 0.779811
vt 0.801911 0.779292
vt 0.773524 0.780957
vt 0.783104 0.779095
vt 0.794912 0.777561
vt 0.833027 0.782642
vt 0.810304 0.782757
vt 0.821232 0.781021
vt 0.787581 0.782873
vt 0.814135 0.778982
vt 0.742134 0.783103
vt 0.756925 0.780637
vt 0.764857 0.782988
vt 0.771716 0.778172
vt 0.801297 0.773240
vt 0.807877 0.776613
vt 0.786506 0.775706
vt 0.831328 0.781457
vt 0.824708 0.779220
vt 0.831993 0.779721
vt 0.838483 0.781729
vt 0.820862 0.776760
vt 0.832718 0.778221
vt 0.843989 0.781153
vt 0.839539 0.784310
vt 0.846273 0.784888
vt 0.820812 0.772719
vt 0.834321 0.774864
vt 0.867335 0.786774
vt 0.854174 0.785607
vt 0.848057 0.778412
vt 0.847764 0.788556
vt 0.852954 0.788845
vt 0.857565 0.792360
vt 0.856009 0.793470
vt 0.860685 0.790844
vt 0.864175 0.795442
vt 0.865128 0.798780
vt 0.843590 0.788886
vt 0.854153 0.795130
vt 0.872153 0.796163
vt 0.874823 0.801606
vt 0.875278 0.807617
vt 0.864715 0.801373
vt 0.876651 0.805942
vt 0.891875 0.816229
vt 0.888298 0.810761
vt 0.900050 0.819250
vt 0.907739 0.826915
vt 0.887727 0.806795
vt 0.904514 0.820151
vt 0.921384 0.835029
vt 0.896646 0.822338
vt 0.918013 0.837058
vt 0.890129 0.803213
vt 0.909568 0.819180
vt 0.960748 0.866499
vt 0.939381 0.851779
vt 0.930574 0.837426
vt 0.918457 0.800144
vt 0.926725 0.815834
vt 0.915427 0.809986
vt 0.906453 0.799143
vt 0.931259 0.829345
vt 0.913265 0.814905
vt 0.897075 0.800567
vt 0.922637 0.780624
vt 0.932165 0.802093
vt 0.907652 0.784827
vt 0.941693 0.823562
vt 0.895503 0.786177
vt 0.951220 0.845030
vt 0.883224 0.786861
vt 0.869654 0.756711
vt 0.881948 0.763517
vt 0.879143 0.767855
vt 0.870218 0.765513
vt 0.894634 0.772674
vt 0.885760 0.775156
vt 0.874584 0.775251
vt 0.858723 0.737257
vt 0.871752 0.748560
vt 0.857503 0.752952
vt 0.884887 0.757731
vt 0.858843 0.763664
vt 0.900054 0.767460
vt 0.861806 0.774005
vt 0.848714 0.771748
vt 0.836960 0.769369
vt 0.839762 0.764124
vt 0.847807 0.763459
vt 0.826954 0.766050
vt 0.835625 0.759427
vt 0.845876 0.754645
vt 0.820644 0.760205
vt 0.832438 0.752366
vt 0.843982 0.745189
vt 0.822528 0.749264
vt 0.828821 0.736525
vt 0.833614 0.736520
vt 0.832204 0.743848
vt 0.837612 0.723181
vt 0.840469 0.728833
vt 0.842138 0.736357
vt 0.813032 0.751855
vt 0.822276 0.736326
vt 0.847615 0.695446
vt 0.848175 0.710235
vt 0.832190 0.719983
vt 0.849595 0.718874
vt 0.852218 0.726840
vt 0.898844 0.759032
vt 0.886420 0.751556
vt 0.886984 0.746617
vt 0.893978 0.748999
vt 0.876135 0.742731
vt 0.881281 0.739185
vt 0.887419 0.738019
vt 0.913050 0.766368
vt 0.903464 0.752111
vt 0.870006 0.732044
vt 0.876822 0.729081
vt 0.884290 0.723598
vt 0.893877 0.737855
vt 0.882358 0.726683
vt 0.871322 0.719551
vt 0.877011 0.707362
vt 0.878875 0.710373
vt 0.876698 0.718538
vt 0.884649 0.696605
vt 0.883417 0.705926
vt 0.881797 0.716000
vt 0.865692 0.718856
vt 0.873867 0.704398
vt 0.899515 0.667662
vt 0.891764 0.690060
vt 0.883690 0.689756
vt 0.888470 0.702790
vt 0.886251 0.713820
vt 0.861182 0.715034
vt 0.858662 0.709263
vt 0.865593 0.702119
vt 0.869484 0.702767
vt 0.858995 0.701034
vt 0.868839 0.694468
vt 0.877429 0.690236
vt 0.862578 0.690568
vt 0.873463 0.684802
vt 0.884351 0.678108
vt 0.895428 0.712136
vt 0.893126 0.713690
vt 0.893463 0.706171
vt 0.895318 0.701598
vt 0.890165 0.713530
vt 0.891819 0.703577
vt 0.894634 0.693348
vt 0.897282 0.725571
vt 0.896100 0.723513
vt 0.897194 0.707630
vt 0.893646 0.723166
vt 0.897342 0.695191
vt 0.890354 0.723261
vt 0.897701 0.683347
vt 0.893412 0.732622
vt 0.895662 0.731960
vt 0.897988 0.738284
vt 0.897858 0.741179
vt 0.898163 0.733292
vt 0.900666 0.741606
vt 0.902679 0.748808
vt 0.891012 0.734278
vt 0.897734 0.744957
vt 0.900756 0.735757
vt 0.904230 0.745944
vt 0.911178 0.766316
vt 0.904456 0.755637
vt 0.907704 0.756130
vt 0.898560 0.697926
vt 0.898769 0.688098
vt 0.899550 0.682323
vt 0.899657 0.685641
vt 0.899336 0.676864
vt 0.900140 0.673124
vt 0.900638 0.672049
vt 0.898531 0.707772
vt 0.899781 0.689972
vt 0.900206 0.664340
vt 0.900897 0.661018
vt 0.902279 0.654373
vt 0.901030 0.672173
vt 0.901588 0.657695
vt 0.870562 0.678901
vt 0.879439 0.667822
vt 0.882092 0.668904
vt 0.878338 0.675685
vt 0.887992 0.657466
vt 0.888449 0.662686
vt 0.887437 0.669257
vt 0.866297 0.677144
vt 0.877600 0.664390
vt 0.895905 0.638801
vt 0.895342 0.648019
vt 0.887220 0.652209
vt 0.895413 0.654618
vt 0.895946 0.660726
vt 0.900420 0.640785
vt 0.903695 0.635545
vt 0.902843 0.641389
vt 0.900288 0.646975
vt 0.906028 0.632067
vt 0.903972 0.641663
vt 0.901009 0.651258
vt 0.901110 0.632760
vt 0.904391 0.627845
vt 0.910957 0.616339
vt 0.908097 0.629170
vt 0.907112 0.622867
vt 0.905236 0.642001
vt 0.902376 0.654831
vt 0.903787 0.604089
vt 0.905460 0.608789
vt 0.904499 0.614195
vt 0.903082 0.613738
vt 0.906666 0.615091
vt 0.904623 0.620119
vt 0.902191 0.623348
vt 0.901433 0.584096
vt 0.904593 0.595125
vt 0.901688 0.601799
vt 0.906439 0.602091
vt 0.901165 0.613562
vt 0.908216 0.608620
vt 0.899573 0.624988
vt 0.905986 0.589448
vt 0.907318 0.586154
vt 0.907734 0.591756
vt 0.907223 0.596044
vt 0.908459 0.584652
vt 0.908706 0.593043
vt 0.908737 0.601039
vt 0.905579 0.581078
vt 0.907327 0.578532
vt 0.908967 0.573053
vt 0.909465 0.583875
vt 0.908531 0.575964
vt 0.909962 0.594696
vt 0.910460 0.605518
vt 0.911398 0.553259
vt 0.910537 0.559696
vt 0.909270 0.564197
vt 0.909153 0.562188
vt 0.909398 0.567457
vt 0.908187 0.570521
vt 0.907020 0.571511
vt 0.915409 0.534385
vt 0.913799 0.544052
vt 0.911669 0.548396
vt 0.912188 0.553719
vt 0.908990 0.559189
vt 0.910578 0.563386
vt 0.906091 0.569681
vt 0.886497 0.647077
vt 0.878255 0.658134
vt 0.879806 0.652032
vt 0.885237 0.642934
vt 0.869540 0.667492
vt 0.875671 0.654799
vt 0.882151 0.641376
vt 0.893281 0.635364
vt 0.891133 0.631756
vt 0.862208 0.673524
vt 0.871041 0.657766
vt 0.881562 0.625749
vt 0.888019 0.628432
vt 0.877747 0.642623
vt 0.897379 0.624226
vt 0.895313 0.621876
vt 0.897383 0.615141
vt 0.899208 0.614130
vt 0.892949 0.617975
vt 0.896522 0.610185
vt 0.899271 0.604667
vt 0.889869 0.613207
vt 0.894281 0.604819
vt 0.897370 0.596833
vt 0.822158 0.722155
vt 0.814976 0.735851
vt 0.809063 0.735099
vt 0.810865 0.726644
vt 0.805920 0.748451
vt 0.801253 0.741905
vt 0.799330 0.732613
vt 0.826565 0.708080
vt 0.812618 0.715106
vt 0.794777 0.758678
vt 0.790689 0.749348
vt 0.784984 0.725697
vt 0.799616 0.720700
vt 0.787449 0.739386
vt 0.813545 0.678554
vt 0.820225 0.686763
vt 0.813534 0.694170
vt 0.806973 0.692461
vt 0.824878 0.696555
vt 0.813396 0.703308
vt 0.802458 0.706757
vt 0.813431 0.649060
vt 0.822097 0.667395
vt 0.804716 0.673259
vt 0.828594 0.678680
vt 0.798518 0.690667
vt 0.835742 0.688079
vt 0.792312 0.707265
vt 0.872763 0.647736
vt 0.867828 0.659684
vt 0.865768 0.660442
vt 0.867596 0.654048
vt 0.860191 0.671940
vt 0.860703 0.666987
vt 0.861651 0.660526
vt 0.872991 0.638710
vt 0.866901 0.647619
vt 0.851058 0.680647
vt 0.853642 0.672291
vt 0.856032 0.659515
vt 0.860786 0.654831
vt 0.855283 0.664910
vt 0.832364 0.663881
vt 0.841446 0.664189
vt 0.841410 0.670290
vt 0.836175 0.673281
vt 0.848806 0.665460
vt 0.846672 0.672653
vt 0.842646 0.679841
vt 0.833434 0.653329
vt 0.843871 0.656268
vt 0.851430 0.658372
vt 0.866079 0.636412
vt 0.862003 0.644488
vt 0.855959 0.643902
vt 0.855273 0.638845
vt 0.856419 0.651590
vt 0.849883 0.648963
vt 0.843173 0.644670
vt 0.868748 0.627647
vt 0.855075 0.631889
vt 0.838950 0.638003
vt 0.781581 0.762848
vt 0.768601 0.763155
vt 0.771069 0.757747
vt 0.779634 0.754864
vt 0.756791 0.760300
vt 0.765558 0.753704
vt 0.775923 0.746803
vt 0.781335 0.770151
vt 0.765960 0.768926
vt 0.728887 0.760079
vt 0.748142 0.753499
vt 0.750565 0.766587
vt 0.760182 0.746689
vt 0.771625 0.738035
vt 0.760831 0.779606
vt 0.754294 0.776565
vt 0.762759 0.776031
vt 0.770086 0.777551
vt 0.750576 0.772321
vt 0.763967 0.773378
vt 0.776991 0.774682
vt 0.758156 0.785186
vt 0.749481 0.780860
vt 0.768941 0.782200
vt 0.743065 0.777125
vt 0.779727 0.779213
vt 0.736757 0.771906
vt 0.790512 0.776227
vt 0.724516 0.773621
vt 0.731632 0.777701
vt 0.722803 0.778034
vt 0.714803 0.775845
vt 0.735941 0.780857
vt 0.721792 0.779976
vt 0.707729 0.778177
vt 0.713678 0.768416
vt 0.703511 0.772112
vt 0.739294 0.783691
vt 0.720433 0.782195
vt 0.682709 0.779204
vt 0.693902 0.774795
vt 0.701571 0.780700
vt 0.878843 0.595775
vt 0.886636 0.593627
vt 0.887155 0.598794
vt 0.882672 0.602159
vt 0.892829 0.593708
vt 0.890796 0.600956
vt 0.886453 0.607683
vt 0.858319 0.589791
vt 0.875859 0.587526
vt 0.869227 0.600526
vt 0.885541 0.586223
vt 0.875240 0.607287
vt 0.893049 0.585131
vt 0.879192 0.614302
vt 0.859376 0.608801
vt 0.866038 0.613392
vt 0.857904 0.618634
vt 0.850149 0.618319
vt 0.868764 0.619703
vt 0.856426 0.624467
vt 0.842656 0.628303
vt 0.848442 0.605518
vt 0.838827 0.617402
vt 0.827991 0.629624
vt 0.784169 0.704121
vt 0.777785 0.698416
vt 0.783699 0.689666
vt 0.790150 0.689805
vt 0.772546 0.689933
vt 0.782589 0.681038
vt 0.793464 0.675177
vt 0.776362 0.717827
vt 0.769988 0.709922
vt 0.753366 0.691029
vt 0.766692 0.679804
vt 0.763285 0.701342
vt 0.778621 0.670744
vt 0.791516 0.661848
vt 0.767103 0.729313
vt 0.757427 0.737615
vt 0.756611 0.729515
vt 0.762327 0.721277
vt 0.747141 0.741839
vt 0.750363 0.728459
vt 0.755903 0.714794
vt 0.736140 0.741126
vt 0.741943 0.725462
vt 0.747405 0.709481
vt 0.906162 0.563268
vt 0.906578 0.555158
vt 0.908379 0.552406
vt 0.908759 0.555620
vt 0.906938 0.545993
vt 0.909254 0.545560
vt 0.910797 0.546213
vt 0.902798 0.567235
vt 0.903661 0.556650
vt 0.902379 0.533650
vt 0.906966 0.535889
vt 0.903701 0.546259
vt 0.909693 0.536227
vt 0.911842 0.535660
vt 0.876110 0.577208
vt 0.877705 0.566747
vt 0.883398 0.570248
vt 0.884493 0.577575
vt 0.880039 0.557137
vt 0.886714 0.566023
vt 0.890831 0.575518
vt 0.864955 0.573926
vt 0.868260 0.561649
vt 0.870281 0.532602
vt 0.883542 0.549404
vt 0.869807 0.549079
vt 0.890510 0.560747
vt 0.895729 0.571145
vt 0.889259 0.546319
vt 0.894871 0.545643
vt 0.896661 0.552518
vt 0.894165 0.556019
vt 0.899663 0.546075
vt 0.900049 0.555210
vt 0.898690 0.563610
vt 0.884319 0.535379
vt 0.892016 0.536594
vt 0.897547 0.536380
vt 0.910910 0.525204
vt 0.909265 0.526710
vt 0.908414 0.519351
vt 0.908955 0.515513
vt 0.906784 0.525619
vt 0.906456 0.515794
vt 0.906355 0.506743
vt 0.911954 0.522089
vt 0.909405 0.511327
vt 0.903076 0.522179
vt 0.902973 0.511384
vt 0.903267 0.482610
vt 0.906688 0.499908
vt 0.902478 0.499582
vt 0.912022 0.517740
vt 0.909781 0.508667
vt 0.910062 0.507446
vt 0.911515 0.512544
vt 0.907591 0.498869
vt 0.908890 0.501353
vt 0.910563 0.506034
vt 0.914417 0.526835
vt 0.913426 0.519284
vt 0.905311 0.488003
vt 0.907355 0.493397
vt 0.911442 0.504183
vt 0.912434 0.511734
vt 0.909398 0.498790
vt 0.885664 0.499438
vt 0.890828 0.497107
vt 0.893966 0.504564
vt 0.892169 0.508767
vt 0.896735 0.496953
vt 0.898281 0.507444
vt 0.898055 0.516256
vt 0.869511 0.490025
vt 0.878754 0.488694
vt 0.881573 0.503419
vt 0.885904 0.487179
vt 0.889841 0.513765
vt 0.892924 0.485413
vt 0.896482 0.523224
vt 0.881388 0.525065
vt 0.879875 0.516376
vt 0.885846 0.520991
vt 0.888770 0.527752
vt 0.879869 0.509322
vt 0.887704 0.518129
vt 0.893460 0.527015
vt 0.870379 0.518356
vt 0.869941 0.508849
vt 0.869232 0.499992
vt 0.872871 0.477646
vt 0.868600 0.467255
vt 0.875195 0.469964
vt 0.880101 0.477367
vt 0.866398 0.457432
vt 0.876421 0.465271
vt 0.885538 0.474718
vt 0.863105 0.475728
vt 0.858779 0.463911
vt 0.865192 0.447301
vt 0.855064 0.451796
vt 0.877884 0.459071
vt 0.890575 0.470840
vt 0.842400 0.450208
vt 0.847421 0.460970
vt 0.838185 0.459125
vt 0.830998 0.451891
vt 0.850471 0.471114
vt 0.836759 0.464990
vt 0.822888 0.457243
vt 0.835024 0.438582
vt 0.822053 0.442015
vt 0.853249 0.481342
vt 0.837473 0.473654
vt 0.796516 0.459919
vt 0.810151 0.447355
vt 0.820540 0.466493
vt 0.828427 0.479281
vt 0.841839 0.483584
vt 0.846868 0.491868
vt 0.841212 0.492954
vt 0.855898 0.491019
vt 0.857514 0.499582
vt 0.855958 0.506498
vt 0.816802 0.479904
vt 0.833675 0.495739
vt 0.850583 0.512155
vt 0.798189 0.409171
vt 0.811616 0.417002
vt 0.807790 0.423135
vt 0.798605 0.421593
vt 0.824130 0.427199
vt 0.813724 0.431430
vt 0.802353 0.434519
vt 0.785143 0.405775
vt 0.787368 0.421130
vt 0.790211 0.436833
vt 0.774286 0.410407
vt 0.777175 0.422820
vt 0.770012 0.425391
vt 0.765598 0.419333
vt 0.778209 0.436542
vt 0.767778 0.434950
vt 0.758673 0.431305
vt 0.769342 0.399245
vt 0.760053 0.411456
vt 0.777264 0.451798
vt 0.765378 0.448434
vt 0.737665 0.444402
vt 0.750728 0.424302
vt 0.754198 0.446462
vt 0.742952 0.385141
vt 0.752892 0.387424
vt 0.750299 0.396454
vt 0.743277 0.398357
vt 0.761798 0.391977
vt 0.754541 0.403117
vt 0.745815 0.411797
vt 0.731111 0.368037
vt 0.743670 0.371786
vt 0.731969 0.383362
vt 0.756229 0.375535
vt 0.733460 0.398457
vt 0.768787 0.379284
vt 0.735175 0.415382
vt 0.723017 0.408162
vt 0.710970 0.396094
vt 0.714256 0.390517
vt 0.722804 0.394979
vt 0.699327 0.381733
vt 0.708900 0.380104
vt 0.720183 0.381337
vt 0.720626 0.419862
vt 0.706997 0.403433
vt 0.672536 0.364795
vt 0.687180 0.365606
vt 0.692462 0.387447
vt 0.701824 0.366416
vt 0.716467 0.367227
vt 0.828153 0.544279
vt 0.841594 0.542360
vt 0.846112 0.551481
vt 0.839276 0.556047
vt 0.856027 0.544178
vt 0.856411 0.555991
vt 0.852013 0.566094
vt 0.801411 0.534821
vt 0.818696 0.530620
vt 0.815841 0.549853
vt 0.834653 0.529645
vt 0.829368 0.562398
vt 0.850909 0.530260
vt 0.842926 0.574875
vt 0.812516 0.515567
vt 0.809652 0.501207
vt 0.820678 0.505430
vt 0.826831 0.515975
vt 0.811018 0.488736
vt 0.826164 0.500504
vt 0.839849 0.514883
vt 0.798571 0.515342
vt 0.796907 0.498793
vt 0.796272 0.482463
vt 0.806277 0.559337
vt 0.818647 0.569228
vt 0.810248 0.574531
vt 0.799667 0.570510
vt 0.828686 0.580658
vt 0.812782 0.583535
vt 0.796540 0.582776
vt 0.793755 0.550976
vt 0.787801 0.564803
vt 0.834740 0.592952
vt 0.815389 0.594856
vt 0.773835 0.593562
vt 0.782295 0.578202
vt 0.796143 0.595504
vt 0.799748 0.607330
vt 0.816545 0.605399
vt 0.816550 0.612898
vt 0.806033 0.617125
vt 0.833124 0.604772
vt 0.826480 0.615323
vt 0.815598 0.624833
vt 0.783456 0.610399
vt 0.792033 0.621640
vt 0.801171 0.632321
vt 0.784944 0.487137
vt 0.786770 0.500633
vt 0.780650 0.504211
vt 0.777383 0.497851
vt 0.787241 0.515416
vt 0.778912 0.514991
vt 0.772616 0.511752
vt 0.780815 0.474983
vt 0.772875 0.489569
vt 0.786398 0.531013
vt 0.777084 0.529263
vt 0.762163 0.523732
vt 0.767113 0.505063
vt 0.769772 0.527477
vt 0.772676 0.466905
vt 0.767373 0.481049
vt 0.762735 0.474506
vt 0.763623 0.462952
vt 0.762055 0.493856
vt 0.757740 0.480038
vt 0.754794 0.463809
vt 0.757031 0.505638
vt 0.752444 0.488714
vt 0.747337 0.470587
vt 0.768917 0.543202
vt 0.775384 0.543167
vt 0.774424 0.553269
vt 0.770030 0.557131
vt 0.783295 0.545739
vt 0.779124 0.558548
vt 0.773957 0.568861
vt 0.763116 0.544452
vt 0.764766 0.560381
vt 0.767643 0.575126
vt 0.770028 0.615571
vt 0.778205 0.624908
vt 0.767905 0.626689
vt 0.759268 0.621602
vt 0.783903 0.634281
vt 0.766930 0.632919
vt 0.750990 0.628954
vt 0.761214 0.605543
vt 0.750283 0.613585
vt 0.785672 0.644269
vt 0.765761 0.641097
vt 0.718017 0.633850
vt 0.738280 0.621434
vt 0.745898 0.638034
vt 0.747959 0.648498
vt 0.764384 0.649708
vt 0.763030 0.656676
vt 0.753154 0.658865
vt 0.779866 0.653849
vt 0.770907 0.662186
vt 0.759956 0.669104
vt 0.732213 0.650698
vt 0.741027 0.662590
vt 0.747931 0.674911
vt 0.748211 0.556966
vt 0.752953 0.550672
vt 0.755457 0.560098
vt 0.753819 0.567394
vt 0.757810 0.547010
vt 0.759535 0.561063
vt 0.760394 0.573793
vt 0.732694 0.552293
vt 0.743968 0.542406
vt 0.742988 0.566639
vt 0.750127 0.536692
vt 0.750718 0.576994
vt 0.755513 0.531159
vt 0.759124 0.585830
vt 0.742686 0.523801
vt 0.742830 0.504575
vt 0.746454 0.508144
vt 0.747898 0.520944
vt 0.743989 0.486174
vt 0.748671 0.499220
vt 0.752386 0.514708
vt 0.736515 0.524376
vt 0.737916 0.501843
vt 0.738271 0.478661
vt 0.738200 0.580249
vt 0.746130 0.587205
vt 0.741855 0.595279
vt 0.734718 0.594640
vt 0.753170 0.595963
vt 0.744606 0.603735
vt 0.733964 0.608851
vt 0.727676 0.576743
vt 0.723960 0.594355
vt 0.720533 0.611536
vt 0.721042 0.658306
vt 0.730365 0.667371
vt 0.722877 0.671682
vt 0.714028 0.668239
vt 0.735793 0.678474
vt 0.723721 0.680217
vt 0.710542 0.679815
vt 0.706844 0.652003
vt 0.700534 0.664716
vt 0.738112 0.691747
vt 0.724622 0.692364
vt 0.690440 0.694313
vt 0.695274 0.677684
vt 0.709966 0.693236
vt 0.713044 0.707709
vt 0.725402 0.705589
vt 0.725832 0.716023
vt 0.718414 0.721390
vt 0.736852 0.706455
vt 0.733031 0.720625
vt 0.726245 0.733035
vt 0.699537 0.711967
vt 0.707344 0.727243
vt 0.715608 0.742163
vt 0.686335 0.718324
vt 0.694623 0.731266
vt 0.684171 0.733110
vt 0.674865 0.725610
vt 0.699895 0.744179
vt 0.682997 0.741271
vt 0.666352 0.734220
vt 0.675314 0.705808
vt 0.662883 0.715148
vt 0.701962 0.755760
vt 0.681826 0.750577
vt 0.635442 0.732184
vt 0.650630 0.723602
vt 0.661789 0.743584
vt 0.664489 0.753204
vt 0.681246 0.758084
vt 0.681159 0.762674
vt 0.671327 0.761538
vt 0.698034 0.763226
vt 0.691094 0.767251
vt 0.681452 0.768820
vt 0.648584 0.749431
vt 0.658912 0.759763
vt 0.669417 0.768510
vt 0.678603 0.673313
vt 0.662591 0.667554
vt 0.671346 0.661281
vt 0.684585 0.662402
vt 0.648867 0.659874
vt 0.667188 0.654413
vt 0.687303 0.651532
vt 0.670780 0.684713
vt 0.653042 0.676809
vt 0.609568 0.655551
vt 0.639079 0.650535
vt 0.634631 0.668524
vt 0.662228 0.645821
vt 0.686038 0.640797
vt 0.661452 0.695484
vt 0.651315 0.704367
vt 0.642921 0.695961
vt 0.646374 0.687396
vt 0.639013 0.709984
vt 0.631872 0.695782
vt 0.629955 0.681559
vt 0.624145 0.711129
vt 0.617406 0.694410
vt 0.612649 0.677466
vt 0.705323 0.609652
vt 0.691549 0.605041
vt 0.700157 0.596125
vt 0.711065 0.595139
vt 0.681290 0.597263
vt 0.697629 0.587839
vt 0.713432 0.580480
vt 0.694942 0.622951
vt 0.679301 0.615754
vt 0.648798 0.594667
vt 0.676604 0.586225
vt 0.664945 0.607951
vt 0.695886 0.576795
vt 0.713690 0.566122
vt 0.677504 0.631966
vt 0.658000 0.637591
vt 0.655345 0.631242
vt 0.665897 0.625046
vt 0.638247 0.640431
vt 0.642878 0.630350
vt 0.652023 0.619626
vt 0.620119 0.639921
vt 0.628156 0.628410
vt 0.636708 0.615579
vt 0.730274 0.521393
vt 0.724703 0.516408
vt 0.728293 0.504117
vt 0.732693 0.502211
vt 0.719971 0.508488
vt 0.726321 0.494379
vt 0.732257 0.483499
vt 0.723679 0.539980
vt 0.717642 0.532031
vt 0.705967 0.515436
vt 0.715788 0.498209
vt 0.711880 0.524564
vt 0.722744 0.482972
vt 0.728897 0.467130
vt 0.711338 0.554774
vt 0.696614 0.565592
vt 0.698367 0.556780
vt 0.707539 0.546564
vt 0.681815 0.572143
vt 0.691123 0.557170
vt 0.701772 0.541339
vt 0.670206 0.572935
vt 0.683897 0.555731
vt 0.695637 0.537675
vt 0.636689 0.749213
vt 0.647151 0.758189
vt 0.638560 0.757017
vt 0.628746 0.751117
vt 0.655070 0.765625
vt 0.639932 0.761107
vt 0.624348 0.754808
vt 0.623150 0.737950
vt 0.615433 0.741733
vt 0.662275 0.772689
vt 0.641841 0.766173
vt 0.600973 0.753142
vt 0.608488 0.745534
vt 0.621407 0.759658
vt 0.642275 0.765009
vt 0.633033 0.762592
vt 0.642012 0.765486
vt 0.651209 0.768010
vt 0.626630 0.760953
vt 0.641925 0.765788
vt 0.657289 0.770399
vt 0.641569 0.764418
vt 0.631420 0.761599
vt 0.654670 0.767899
vt 0.621271 0.758780
vt 0.663881 0.771004
vt 0.611122 0.755961
vt 0.672532 0.774244
vt 0.612160 0.758305
vt 0.595214 0.755359
vt 0.597498 0.755219
vt 0.607833 0.756770
vt 0.580056 0.752595
vt 0.588784 0.753390
vt 0.599390 0.754566
vt 0.609039 0.758497
vt 0.589097 0.754886
vt 0.553435 0.748782
vt 0.565320 0.749872
vt 0.571373 0.751636
vt 0.577204 0.750962
vt 0.589089 0.752052
vt 0.712463 0.485850
vt 0.709034 0.472970
vt 0.713864 0.467438
vt 0.718135 0.473501
vt 0.705047 0.459077
vt 0.713458 0.456469
vt 0.721723 0.458833
vt 0.705915 0.496067
vt 0.703228 0.480526
vt 0.684518 0.450099
vt 0.699990 0.444059
vt 0.697645 0.465934
vt 0.710974 0.442130
vt 0.721519 0.442168
vt 0.695336 0.428448
vt 0.691732 0.413618
vt 0.700742 0.417063
vt 0.705974 0.427790
vt 0.690504 0.399649
vt 0.703469 0.410949
vt 0.714257 0.425443
vt 0.681341 0.429189
vt 0.678210 0.412432
vt 0.674930 0.394775
vt 0.593380 0.731831
vt 0.581035 0.717175
vt 0.590522 0.720269
vt 0.601426 0.730147
vt 0.572663 0.703337
vt 0.589364 0.713334
vt 0.606389 0.725382
vt 0.580972 0.730953
vt 0.567867 0.713874
vt 0.543365 0.675639
vt 0.569414 0.691029
vt 0.556040 0.697147
vt 0.588921 0.704256
vt 0.608848 0.717292
vt 0.606860 0.705100
vt 0.590042 0.695264
vt 0.591972 0.688439
vt 0.602854 0.691449
vt 0.574634 0.683117
vt 0.584193 0.678574
vt 0.596996 0.676930
vt 0.562580 0.670251
vt 0.575878 0.666800
vt 0.589662 0.663114
vt 0.667831 0.564642
vt 0.670650 0.552000
vt 0.678686 0.546790
vt 0.680156 0.551578
vt 0.675674 0.536886
vt 0.684382 0.535365
vt 0.690193 0.535887
vt 0.653148 0.572912
vt 0.658520 0.556436
vt 0.664741 0.518870
vt 0.681202 0.520325
vt 0.663008 0.539564
vt 0.690213 0.520108
vt 0.697288 0.518740
vt 0.699810 0.502383
vt 0.693793 0.505213
vt 0.694905 0.494269
vt 0.698500 0.488260
vt 0.686734 0.504272
vt 0.690698 0.489801
vt 0.693703 0.476989
vt 0.678392 0.500575
vt 0.683833 0.485122
vt 0.685643 0.469757
vt 0.627481 0.431360
vt 0.641169 0.416364
vt 0.649654 0.420866
vt 0.645289 0.431155
vt 0.657581 0.402856
vt 0.662569 0.415854
vt 0.663763 0.429926
vt 0.587731 0.452278
vt 0.612571 0.429664
vt 0.618508 0.445496
vt 0.631082 0.411688
vt 0.640750 0.443076
vt 0.649606 0.392953
vt 0.661677 0.443372
vt 0.606205 0.423418
vt 0.605707 0.414950
vt 0.617576 0.406666
vt 0.622824 0.408456
vt 0.609585 0.404304
vt 0.624800 0.396513
vt 0.638128 0.392077
vt 0.588605 0.436127
vt 0.590649 0.424843
vt 0.596526 0.401464
vt 0.615529 0.392297
vt 0.593338 0.413970
vt 0.634531 0.383130
vt 0.653534 0.373962
vt 0.577146 0.424848
vt 0.576201 0.433262
vt 0.565559 0.438869
vt 0.561881 0.436089
vt 0.572366 0.443319
vt 0.558917 0.446825
vt 0.547976 0.447756
vt 0.576882 0.416892
vt 0.557238 0.432320
vt 0.565020 0.454372
vt 0.550241 0.456487
vt 0.517949 0.463176
vt 0.537593 0.447748
vt 0.536205 0.458830
vt 0.552483 0.464587
vt 0.538606 0.473198
vt 0.534864 0.471073
vt 0.541501 0.465078
vt 0.523989 0.480711
vt 0.524695 0.474850
vt 0.528791 0.467696
vt 0.560843 0.466963
vt 0.543490 0.476526
vt 0.505058 0.496341
vt 0.508281 0.488050
vt 0.527224 0.485578
vt 0.511504 0.479759
vt 0.514726 0.471467
vt 0.619548 0.455237
vt 0.638038 0.452370
vt 0.636837 0.458186
vt 0.625854 0.461826
vt 0.655272 0.453330
vt 0.646555 0.460756
vt 0.635277 0.467033
vt 0.602272 0.461268
vt 0.612824 0.467262
vt 0.669117 0.458937
vt 0.657334 0.465921
vt 0.633138 0.479034
vt 0.623003 0.472922
vt 0.645448 0.472708
vt 0.654492 0.479795
vt 0.664911 0.473645
vt 0.668437 0.480894
vt 0.662435 0.487357
vt 0.675444 0.469728
vt 0.675690 0.482172
vt 0.670375 0.494257
vt 0.643084 0.486118
vt 0.652081 0.494193
vt 0.659381 0.503600
vt 0.611292 0.478471
vt 0.600039 0.483218
vt 0.595916 0.478310
vt 0.602277 0.473362
vt 0.588035 0.486698
vt 0.586875 0.478487
vt 0.591527 0.469822
vt 0.620516 0.484520
vt 0.607876 0.489458
vt 0.580017 0.500459
vt 0.574838 0.489339
vt 0.595201 0.494364
vt 0.574850 0.479562
vt 0.578300 0.469039
vt 0.630553 0.491073
vt 0.639072 0.498149
vt 0.627930 0.499580
vt 0.618610 0.495363
vt 0.643142 0.506223
vt 0.625567 0.504652
vt 0.608909 0.500484
vt 0.641194 0.515102
vt 0.620853 0.511283
vt 0.600798 0.506793
vt 0.562757 0.473735
vt 0.562156 0.481915
vt 0.552374 0.484356
vt 0.548328 0.480720
vt 0.560895 0.490637
vt 0.547927 0.490668
vt 0.536499 0.488877
vt 0.560471 0.499872
vt 0.545199 0.499140
vt 0.529922 0.498291
vt 0.595538 0.514452
vt 0.613916 0.518034
vt 0.607459 0.523257
vt 0.593415 0.522777
vt 0.630298 0.523096
vt 0.614580 0.528958
vt 0.595646 0.532062
vt 0.576990 0.511380
vt 0.575934 0.521098
vt 0.642693 0.531086
vt 0.622754 0.537716
vt 0.574270 0.547872
vt 0.575621 0.531741
vt 0.601466 0.542927
vt 0.611786 0.554414
vt 0.629035 0.548345
vt 0.632721 0.557143
vt 0.623794 0.564540
vt 0.646579 0.543749
vt 0.644495 0.557780
vt 0.637832 0.571484
vt 0.596915 0.562214
vt 0.612726 0.573394
vt 0.627917 0.583753
vt 0.534140 0.508732
vt 0.546612 0.507896
vt 0.549991 0.514706
vt 0.544244 0.518298
vt 0.560551 0.509119
vt 0.560462 0.517905
vt 0.558065 0.526277
vt 0.522667 0.512810
vt 0.536424 0.523723
vt 0.551696 0.534288
vt 0.620871 0.614833
vt 0.615621 0.625540
vt 0.607183 0.622669
vt 0.606684 0.615310
vt 0.607806 0.634143
vt 0.599653 0.626125
vt 0.593758 0.616683
vt 0.621829 0.602677
vt 0.604846 0.605188
vt 0.598159 0.639598
vt 0.590722 0.629088
vt 0.568029 0.605242
vt 0.588886 0.605873
vt 0.582546 0.618683
vt 0.589109 0.572466
vt 0.603271 0.581266
vt 0.596854 0.586615
vt 0.586114 0.583207
vt 0.614600 0.591381
vt 0.600933 0.594783
vt 0.586462 0.594395
vt 0.572222 0.565751
vt 0.571322 0.578846
vt 0.570298 0.591135
vt 0.580188 0.653260
vt 0.569910 0.657036
vt 0.566527 0.650813
vt 0.570964 0.646566
vt 0.558607 0.658697
vt 0.559055 0.649494
vt 0.561575 0.642031
vt 0.587454 0.647203
vt 0.575354 0.641024
vt 0.547248 0.658184
vt 0.550136 0.647801
vt 0.551941 0.630067
vt 0.564621 0.635509
vt 0.552084 0.639156
vt 0.575574 0.621907
vt 0.582914 0.630271
vt 0.577339 0.630339
vt 0.571101 0.625493
vt 0.587273 0.638869
vt 0.577297 0.635111
vt 0.567833 0.630017
vt 0.564840 0.614673
vt 0.561710 0.619901
vt 0.557652 0.624515
vt 0.524695 0.568107
vt 0.537848 0.564713
vt 0.543426 0.572493
vt 0.537438 0.577407
vt 0.554136 0.563729
vt 0.555569 0.575092
vt 0.553136 0.584980
vt 0.500191 0.560515
vt 0.515299 0.557190
vt 0.514509 0.573111
vt 0.531038 0.554300
vt 0.529839 0.583087
vt 0.549110 0.551439
vt 0.546889 0.592687
vt 0.511002 0.545311
vt 0.511010 0.533600
vt 0.520765 0.535782
vt 0.524870 0.543794
vt 0.515166 0.522346
vt 0.527605 0.530249
vt 0.539114 0.540038
vt 0.498772 0.545157
vt 0.500219 0.531737
vt 0.503139 0.517606
vt 0.524021 0.609005
vt 0.536899 0.609007
vt 0.541100 0.612871
vt 0.535157 0.614260
vt 0.551010 0.610719
vt 0.550592 0.615537
vt 0.546561 0.619193
vt 0.491795 0.602902
vt 0.513848 0.602480
vt 0.514495 0.611202
vt 0.530340 0.603290
vt 0.528584 0.616694
vt 0.546794 0.604159
vt 0.540631 0.622411
vt 0.508433 0.594399
vt 0.506483 0.586523
vt 0.516898 0.590448
vt 0.522773 0.596419
vt 0.508572 0.579543
vt 0.522359 0.587652
vt 0.535798 0.596009
vt 0.495209 0.589314
vt 0.495180 0.580312
vt 0.496268 0.571452
vt 0.493874 0.519783
vt 0.492003 0.531347
vt 0.487304 0.531799
vt 0.486978 0.525347
vt 0.489864 0.542870
vt 0.484366 0.539022
vt 0.481431 0.533049
vt 0.494352 0.509351
vt 0.486869 0.517697
vt 0.488347 0.554253
vt 0.482191 0.548726
vt 0.471440 0.534494
vt 0.480107 0.525504
vt 0.478067 0.542838
vt 0.487124 0.579439
vt 0.482255 0.567431
vt 0.483326 0.566391
vt 0.487296 0.572791
vt 0.478930 0.554871
vt 0.482085 0.558707
vt 0.487453 0.564384
vt 0.486706 0.585800
vt 0.481618 0.568698
vt 0.476529 0.551596
vt 0.480772 0.517056
vt 0.482135 0.508832
vt 0.485589 0.507010
vt 0.486315 0.511284
vt 0.484066 0.500365
vt 0.488340 0.500847
vt 0.491986 0.503521
vt 0.476262 0.520310
vt 0.478528 0.510494
vt 0.480310 0.490541
vt 0.486523 0.491133
vt 0.480101 0.501192
vt 0.491551 0.492352
vt 0.496867 0.493924
vt 0.474405 0.519200
vt 0.474093 0.515520
vt 0.475411 0.510920
vt 0.476338 0.511060
vt 0.474462 0.510189
vt 0.476011 0.506020
vt 0.477642 0.503157
vt 0.471923 0.528011
vt 0.472406 0.521529
vt 0.473372 0.508563
vt 0.475107 0.504058
vt 0.472889 0.515046
vt 0.476841 0.499552
vt 0.478576 0.495047
vt 0.489969 0.481247
vt 0.493935 0.471740
vt 0.495822 0.476026
vt 0.494156 0.483260
vt 0.498410 0.463330
vt 0.499285 0.472994
vt 0.498967 0.483386
vt 0.485875 0.478317
vt 0.491440 0.466093
vt 0.502570 0.441645
vt 0.503192 0.455319
vt 0.497005 0.453869
vt 0.503814 0.468993
vt 0.504436 0.482667
vt 0.518785 0.629805
vt 0.515079 0.622985
vt 0.522117 0.623358
vt 0.526909 0.627659
vt 0.512932 0.616559
vt 0.524299 0.620107
vt 0.533913 0.625150
vt 0.511907 0.642315
vt 0.510408 0.631826
vt 0.522836 0.636870
vt 0.507052 0.623573
vt 0.531920 0.633570
vt 0.502297 0.615375
vt 0.540803 0.631401
vt 0.527053 0.643316
vt 0.535124 0.639687
vt 0.536570 0.644672
vt 0.531716 0.649081
vt 0.543239 0.638441
vt 0.542237 0.645957
vt 0.538201 0.654188
vt 0.518319 0.649287
vt 0.523947 0.655433
vt 0.530458 0.662644
vt 0.503203 0.633055
vt 0.497408 0.633429
vt 0.497646 0.627705
vt 0.501121 0.625493
vt 0.492552 0.632255
vt 0.494477 0.624682
vt 0.497050 0.618811
vt 0.502397 0.641900
vt 0.495794 0.641695
vt 0.484608 0.641260
vt 0.489107 0.628998
vt 0.490047 0.641647
vt 0.491284 0.620636
vt 0.492711 0.612838
vt 0.488068 0.622598
vt 0.488369 0.614990
vt 0.489281 0.612699
vt 0.489679 0.616237
vt 0.489267 0.606596
vt 0.489980 0.606883
vt 0.490734 0.609016
vt 0.486068 0.627853
vt 0.487063 0.618023
vt 0.490061 0.595665
vt 0.490495 0.597474
vt 0.488114 0.608145
vt 0.490928 0.599284
vt 0.491362 0.601093
vt 0.509290 0.657541
vt 0.514466 0.662174
vt 0.506611 0.667469
vt 0.500834 0.666731
vt 0.517870 0.668826
vt 0.504949 0.673481
vt 0.493887 0.676397
vt 0.503422 0.654018
vt 0.494800 0.664901
vt 0.518563 0.677051
vt 0.502540 0.680952
vt 0.474863 0.691756
vt 0.485879 0.676305
vt 0.488779 0.685790
vt 0.486825 0.652242
vt 0.492328 0.650886
vt 0.488915 0.658280
vt 0.484017 0.662266
vt 0.497635 0.651766
vt 0.490830 0.661575
vt 0.483239 0.670687
vt 0.481465 0.655922
vt 0.478472 0.667366
vt 0.476083 0.678512
vt 0.513384 0.685571
vt 0.505781 0.693749
vt 0.497966 0.692855
vt 0.499770 0.687748
vt 0.496987 0.702207
vt 0.489917 0.698092
vt 0.487485 0.692928
vt 0.528257 0.688309
vt 0.517652 0.697347
vt 0.500149 0.719384
vt 0.487648 0.711254
vt 0.508704 0.707070
vt 0.480720 0.705964
vt 0.476769 0.700797
vt 0.562319 0.726055
vt 0.542856 0.719918
vt 0.542255 0.711694
vt 0.553492 0.712021
vt 0.524721 0.713160
vt 0.531089 0.704378
vt 0.541831 0.698625
vt 0.566859 0.739113
vt 0.543144 0.730318
vt 0.521940 0.723697
vt 0.562344 0.747816
vt 0.552520 0.753403
vt 0.541084 0.745972
vt 0.542237 0.739519
vt 0.539012 0.756598
vt 0.529093 0.745376
vt 0.523632 0.734625
vt 0.584476 0.758293
vt 0.567979 0.763443
vt 0.534984 0.773744
vt 0.523200 0.758070
vt 0.551481 0.768594
vt 0.514175 0.745455
vt 0.506584 0.733338
vt 0.505917 0.757338
vt 0.489692 0.755388
vt 0.490348 0.748190
vt 0.500247 0.746638
vt 0.474911 0.751647
vt 0.482234 0.742864
vt 0.492709 0.736594
vt 0.508087 0.767556
vt 0.488805 0.764212
vt 0.446248 0.759960
vt 0.463841 0.745267
vt 0.470365 0.761639
vt 0.474077 0.735712
vt 0.484987 0.727333
vt 0.461453 0.734535
vt 0.463767 0.722968
vt 0.468030 0.722005
vt 0.469400 0.728088
vt 0.468865 0.711504
vt 0.472926 0.714809
vt 0.478078 0.720039
vt 0.455474 0.736952
vt 0.460243 0.722495
vt 0.465758 0.708802
vt 0.503169 0.774965
vt 0.494070 0.780402
vt 0.485518 0.776762
vt 0.487187 0.771727
vt 0.482104 0.784649
vt 0.475269 0.778158
vt 0.471266 0.770681
vt 0.520137 0.779463
vt 0.505290 0.785181
vt 0.475596 0.796618
vt 0.468451 0.788520
vt 0.490443 0.790900
vt 0.462266 0.780908
vt 0.455763 0.772563
vt 0.453965 0.792112
vt 0.439703 0.794958
vt 0.440975 0.788948
vt 0.449968 0.785057
vt 0.425844 0.796271
vt 0.433359 0.787034
vt 0.443253 0.778732
vt 0.456825 0.799756
vt 0.438054 0.802893
vt 0.400512 0.809168
vt 0.411946 0.796866
vt 0.419283 0.806031
vt 0.423380 0.784564
vt 0.434814 0.772262
vt 0.454870 0.730576
vt 0.457101 0.719571
vt 0.458977 0.715117
vt 0.458877 0.719180
vt 0.460402 0.706640
vt 0.461641 0.706067
vt 0.463235 0.707089
vt 0.450612 0.742582
vt 0.454976 0.725204
vt 0.463703 0.690447
vt 0.464274 0.693358
vt 0.459339 0.707825
vt 0.465275 0.694520
vt 0.467761 0.694458
vt 0.476695 0.662863
vt 0.474193 0.672221
vt 0.471689 0.675764
vt 0.472542 0.671342
vt 0.471260 0.682691
vt 0.468872 0.683670
vt 0.468442 0.681429
vt 0.478459 0.654908
vt 0.473823 0.665537
vt 0.469332 0.676329
vt 0.484285 0.630087
vt 0.482695 0.629814
vt 0.484097 0.623178
vt 0.485517 0.621017
vt 0.481104 0.626462
vt 0.483680 0.618242
vt 0.486053 0.612223
vt 0.482121 0.640049
vt 0.480474 0.638755
vt 0.474096 0.632402
vt 0.479271 0.618545
vt 0.478328 0.636749
vt 0.482562 0.609701
vt 0.485493 0.602154
vt 0.478670 0.650355
vt 0.474912 0.659871
vt 0.475513 0.655587
vt 0.477812 0.648172
vt 0.471329 0.668128
vt 0.473547 0.658714
vt 0.475880 0.648118
vt 0.468355 0.674602
vt 0.471029 0.662790
vt 0.473049 0.650494
vt 0.474897 0.572403
vt 0.479277 0.579883
vt 0.478809 0.588452
vt 0.475976 0.588059
vt 0.482908 0.590614
vt 0.480704 0.598277
vt 0.477542 0.604307
vt 0.466711 0.547427
vt 0.474761 0.559723
vt 0.469605 0.570007
vt 0.479851 0.570798
vt 0.471611 0.589243
vt 0.484394 0.582625
vt 0.473092 0.608952
vt 0.484620 0.575068
vt 0.480627 0.564759
vt 0.481317 0.561919
vt 0.483992 0.567625
vt 0.476567 0.554274
vt 0.479240 0.554527
vt 0.482480 0.559020
vt 0.488748 0.585682
vt 0.487435 0.575699
vt 0.472510 0.543512
vt 0.476367 0.545202
vt 0.484809 0.555732
vt 0.486122 0.565715
vt 0.480011 0.549268
vt 0.476266 0.538449
vt 0.473333 0.536031
vt 0.470956 0.529266
vt 0.471945 0.528059
vt 0.469474 0.533138
vt 0.467550 0.524683
vt 0.467079 0.518488
vt 0.478850 0.539428
vt 0.473764 0.527171
vt 0.464198 0.530436
vt 0.462442 0.520422
vt 0.462071 0.495910
vt 0.468749 0.514961
vt 0.461027 0.511555
vt 0.480960 0.536823
vt 0.476468 0.526693
vt 0.479068 0.526502
vt 0.482658 0.532107
vt 0.473415 0.516981
vt 0.478743 0.521049
vt 0.483905 0.526055
vt 0.486181 0.547607
vt 0.487553 0.539483
vt 0.473919 0.509476
vt 0.480470 0.515769
vt 0.490297 0.523233
vt 0.488925 0.531358
vt 0.486249 0.520572
vt 0.491039 0.517480
vt 0.485325 0.513303
vt 0.490691 0.512857
vt 0.496562 0.515513
vt 0.481305 0.508200
vt 0.491078 0.510065
vt 0.501142 0.513171
vt 0.497394 0.521125
vt 0.504491 0.519017
vt 0.481340 0.502531
vt 0.493392 0.506442
vt 0.518684 0.514801
vt 0.511587 0.516909
vt 0.505289 0.510069
vt 0.490001 0.498253
vt 0.501468 0.495734
vt 0.503447 0.499948
vt 0.498295 0.502807
vt 0.513190 0.494962
vt 0.511736 0.500790
vt 0.508907 0.505781
vt 0.487145 0.490274
vt 0.502296 0.488177
vt 0.527106 0.488695
vt 0.525001 0.495222
vt 0.515680 0.486900
vt 0.522895 0.501748
vt 0.520790 0.508275
vt 0.528666 0.450481
vt 0.526499 0.462374
vt 0.514899 0.468065
vt 0.510645 0.463326
vt 0.521007 0.475190
vt 0.508030 0.477659
vt 0.495874 0.477219
vt 0.556631 0.420693
vt 0.549250 0.437694
vt 0.525170 0.439420
vt 0.541869 0.454694
vt 0.503733 0.455447
vt 0.534487 0.471695
vt 0.484338 0.471770
vt 0.469721 0.657005
vt 0.468735 0.666786
vt 0.467068 0.669675
vt 0.466617 0.665058
vt 0.466951 0.677000
vt 0.465795 0.676752
vt 0.464157 0.674033
vt 0.468758 0.647803
vt 0.464919 0.658673
vt 0.466265 0.687154
vt 0.465591 0.685387
vt 0.458222 0.681048
vt 0.461349 0.668721
vt 0.463657 0.683534
vt 0.466751 0.692621
vt 0.467768 0.693252
vt 0.470664 0.698828
vt 0.471477 0.700610
vt 0.468917 0.695521
vt 0.472980 0.702376
vt 0.476612 0.707853
vt 0.465873 0.693750
vt 0.472125 0.702725
vt 0.469884 0.698691
vt 0.476064 0.706935
vt 0.488425 0.723423
vt 0.478721 0.711533
vt 0.482245 0.715179
vt 0.477761 0.712091
vt 0.474874 0.710686
vt 0.471596 0.705867
vt 0.472061 0.704588
vt 0.470425 0.707757
vt 0.467478 0.702283
vt 0.466088 0.697532
vt 0.483760 0.720189
vt 0.479095 0.716956
vt 0.469764 0.710488
vt 0.463639 0.703842
vt 0.474429 0.713722
vt 0.460848 0.697985
vt 0.458897 0.691396
vt 0.463906 0.576401
vt 0.466451 0.592644
vt 0.462050 0.596405
vt 0.458539 0.588194
vt 0.467280 0.610168
vt 0.460827 0.608789
vt 0.454057 0.603805
vt 0.459649 0.562011
vt 0.453720 0.577463
vt 0.466736 0.627418
vt 0.459459 0.624106
vt 0.438879 0.618023
vt 0.447444 0.594881
vt 0.451114 0.621005
vt 0.457494 0.659980
vt 0.453852 0.649332
vt 0.458176 0.646452
vt 0.461604 0.651925
vt 0.451515 0.636557
vt 0.458620 0.637465
vt 0.464603 0.641346
vt 0.451878 0.666137
vt 0.447591 0.653396
vt 0.443586 0.639297
vt 0.453572 0.511542
vt 0.456351 0.518592
vt 0.451119 0.518944
vt 0.446825 0.515574
vt 0.457275 0.527227
vt 0.449695 0.524736
vt 0.441645 0.522710
vt 0.447503 0.506025
vt 0.439908 0.512453
vt 0.456559 0.538599
vt 0.447868 0.534740
vt 0.424025 0.535726
vt 0.432860 0.520472
vt 0.438237 0.533797
vt 0.453401 0.552326
vt 0.448803 0.566814
vt 0.444939 0.559231
vt 0.446190 0.547653
vt 0.442709 0.580652
vt 0.439580 0.564879
vt 0.438018 0.548716
vt 0.435094 0.592853
vt 0.432301 0.573357
vt 0.429190 0.555263
vt 0.435480 0.504247
vt 0.431135 0.510270
vt 0.423143 0.509358
vt 0.421528 0.505567
vt 0.424331 0.516633
vt 0.415763 0.513126
vt 0.407017 0.510006
vt 0.435644 0.496593
vt 0.418269 0.499313
vt 0.415847 0.523837
vt 0.406840 0.518953
vt 0.364435 0.521902
vt 0.399201 0.504494
vt 0.393957 0.517648
vt 0.444061 0.669188
vt 0.435126 0.670077
vt 0.435149 0.662125
vt 0.440706 0.658190
vt 0.425324 0.668575
vt 0.429801 0.657709
vt 0.436116 0.647551
vt 0.447222 0.679703
vt 0.436740 0.679286
vt 0.403712 0.679996
vt 0.415330 0.664513
vt 0.424735 0.679118
vt 0.422965 0.651978
vt 0.430025 0.638287
vt 0.432023 0.687439
vt 0.440837 0.686861
vt 0.445194 0.691752
vt 0.442358 0.693776
vt 0.450086 0.688081
vt 0.452472 0.694313
vt 0.453408 0.699044
vt 0.424885 0.689931
vt 0.439074 0.696443
vt 0.452595 0.702680
vt 0.408566 0.601069
vt 0.414338 0.583703
vt 0.418916 0.589482
vt 0.417327 0.602482
vt 0.421216 0.568095
vt 0.424805 0.582409
vt 0.426229 0.599714
vt 0.389220 0.618395
vt 0.400017 0.596570
vt 0.404113 0.618665
vt 0.408025 0.577181
vt 0.415176 0.618526
vt 0.415286 0.558025
vt 0.425629 0.617983
vt 0.408102 0.656510
vt 0.403874 0.646446
vt 0.411310 0.642180
vt 0.416358 0.646487
vt 0.402654 0.634021
vt 0.413042 0.632643
vt 0.421990 0.633843
vt 0.395293 0.663621
vt 0.391694 0.651029
vt 0.389438 0.637318
vt 0.393229 0.588873
vt 0.388646 0.579537
vt 0.395924 0.569983
vt 0.401327 0.572381
vt 0.386584 0.568313
vt 0.397032 0.559380
vt 0.406636 0.555777
vt 0.381759 0.604582
vt 0.377438 0.592476
vt 0.373153 0.569164
vt 0.385832 0.556678
vt 0.374519 0.580766
vt 0.397407 0.547259
vt 0.408913 0.540689
vt 0.385641 0.546050
vt 0.386138 0.536478
vt 0.394331 0.532337
vt 0.396304 0.537679
vt 0.388282 0.526992
vt 0.399434 0.525856
vt 0.406164 0.530565
vt 0.373400 0.557612
vt 0.373800 0.546770
vt 0.372440 0.536789
vt 0.360874 0.595019
vt 0.364226 0.605073
vt 0.353671 0.614099
vt 0.347630 0.610570
vt 0.366703 0.617047
vt 0.351055 0.625253
vt 0.337067 0.627774
vt 0.358855 0.584618
vt 0.343635 0.602472
vt 0.369678 0.630087
vt 0.351317 0.638326
vt 0.308496 0.650315
vt 0.327933 0.622619
vt 0.332961 0.644510
vt 0.376524 0.665303
vt 0.357396 0.662894
vt 0.363102 0.655953
vt 0.376204 0.654392
vt 0.341644 0.656224
vt 0.356530 0.649146
vt 0.373149 0.642898
vt 0.373046 0.675843
vt 0.350137 0.671606
vt 0.329071 0.665030
vt 0.359488 0.572967
vt 0.344839 0.589855
vt 0.348091 0.578359
vt 0.359655 0.563001
vt 0.329438 0.605986
vt 0.339109 0.583558
vt 0.354482 0.558697
vt 0.309750 0.621710
vt 0.321758 0.593864
vt 0.338417 0.563845
vt 0.234098 0.645082
vt 0.268238 0.614322
vt 0.273445 0.621990
vt 0.257221 0.642471
vt 0.305683 0.585649
vt 0.296357 0.608680
vt 0.283920 0.634005
vt 0.164604 0.686364
vt 0.216994 0.640798
vt 0.213361 0.673099
vt 0.261443 0.604628
vt 0.244764 0.665257
vt 0.306934 0.568098
vt 0.274806 0.658002
vt 0.362280 0.684723
vt 0.347434 0.692006
vt 0.337321 0.687084
vt 0.342869 0.680418
vt 0.328145 0.697916
vt 0.321613 0.688122
vt 0.322179 0.676787
vt 0.379659 0.689686
vt 0.360852 0.697251
vt 0.312295 0.718758
vt 0.303224 0.702289
vt 0.340831 0.705475
vt 0.298948 0.689300
vt 0.298832 0.674475
vt 0.221389 0.690478
vt 0.245531 0.681807
vt 0.253329 0.690983
vt 0.244293 0.699371
vt 0.272093 0.676591
vt 0.273431 0.690449
vt 0.273142 0.702800
vt 0.202919 0.704059
vt 0.235134 0.711760
vt 0.269189 0.716388
vt 0.199900 0.723541
vt 0.228687 0.726922
vt 0.225416 0.739744
vt 0.207245 0.743575
vt 0.257257 0.732179
vt 0.241704 0.747940
vt 0.222728 0.761699
vt 0.172597 0.722962
vt 0.184933 0.747175
vt 0.283107 0.738457
vt 0.262403 0.756116
vt 0.226842 0.803759
vt 0.200594 0.770683
vt 0.244189 0.774984
vt 0.423420 0.694985
vt 0.436439 0.699370
vt 0.434620 0.701977
vt 0.425706 0.700917
vt 0.448234 0.704813
vt 0.441321 0.706305
vt 0.431191 0.707642
vt 0.407959 0.692882
vt 0.412401 0.700711
vt 0.459775 0.711147
vt 0.450673 0.712192
vt 0.423456 0.722879
vt 0.416966 0.709058
vt 0.440264 0.715050
vt 0.398582 0.709355
vt 0.379061 0.709348
vt 0.383562 0.704022
vt 0.396809 0.702066
vt 0.359484 0.708538
vt 0.373969 0.701285
vt 0.390616 0.695754
vt 0.395981 0.718128
vt 0.373257 0.717026
vt 0.348615 0.717595
vt 0.317187 0.765055
vt 0.293640 0.772367
vt 0.294698 0.762756
vt 0.310396 0.754722
vt 0.269332 0.776691
vt 0.281187 0.760839
vt 0.299874 0.746260
vt 0.353529 0.770270
vt 0.324306 0.776699
vt 0.339677 0.756288
vt 0.297477 0.783898
vt 0.330773 0.745207
vt 0.269133 0.792023
vt 0.322766 0.734208
vt 0.386821 0.727719
vt 0.374329 0.737291
vt 0.364296 0.732944
vt 0.368004 0.725614
vt 0.358696 0.746675
vt 0.350180 0.737490
vt 0.346592 0.727726
vt 0.402881 0.734873
vt 0.386777 0.745189
vt 0.371159 0.756412
vt 0.422313 0.780677
vt 0.403783 0.774964
vt 0.407095 0.764947
vt 0.419433 0.764235
vt 0.386863 0.766231
vt 0.398419 0.755722
vt 0.413212 0.748278
vt 0.455319 0.803838
vt 0.421908 0.795601
vt 0.441316 0.781672
vt 0.400122 0.786919
vt 0.435227 0.762647
vt 0.379269 0.778323
vt 0.430200 0.743793
vt 0.470191 0.718033
vt 0.478533 0.724771
vt 0.469484 0.723086
vt 0.461074 0.718232
vt 0.483828 0.731659
vt 0.468645 0.727324
vt 0.453850 0.721737
vt 0.481641 0.720443
vt 0.490411 0.727736
vt 0.510434 0.743627
vt 0.484929 0.740381
vt 0.499179 0.735041
vt 0.466711 0.735426
vt 0.448447 0.729971
vt 0.447594 0.744003
vt 0.463656 0.746877
vt 0.460872 0.757083
vt 0.450061 0.759871
vt 0.478686 0.751837
vt 0.468873 0.763977
vt 0.456609 0.774555
vt 0.492873 0.755930
vt 0.479797 0.769490
vt 0.467874 0.783675
vt 0.496094 0.725679
vt 0.511735 0.732195
vt 0.511900 0.734128
vt 0.502513 0.731246
vt 0.527914 0.739213
vt 0.521842 0.738860
vt 0.512211 0.737392
vt 0.490682 0.720062
vt 0.511600 0.729635
vt 0.544901 0.745648
vt 0.532517 0.739209
vt 0.536580 0.744396
vt 0.526867 0.743548
vt 0.517723 0.758330
vt 0.501081 0.770854
vt 0.501001 0.766378
vt 0.511807 0.756982
vt 0.484126 0.780479
vt 0.491487 0.769475
vt 0.503642 0.757018
vt 0.542505 0.744386
vt 0.524427 0.760195
vt 0.534487 0.744196
vt 0.505423 0.774157
vt 0.526470 0.744007
vt 0.485365 0.787510
vt 0.518452 0.743817
vt 0.501386 0.785383
vt 0.515773 0.774153
vt 0.526666 0.772543
vt 0.523260 0.778281
vt 0.533686 0.762278
vt 0.542172 0.764700
vt 0.546541 0.768999
vt 0.493416 0.794898
vt 0.521092 0.784931
vt 0.554544 0.751485
vt 0.562749 0.755445
vt 0.576647 0.764828
vt 0.547687 0.774861
vt 0.569915 0.759419
vt 0.344138 0.812153
vt 0.315479 0.808612
vt 0.321339 0.800730
vt 0.340531 0.800129
vt 0.288423 0.802334
vt 0.308896 0.793832
vt 0.332670 0.788594
vt 0.379468 0.832339
vt 0.342890 0.825024
vt 0.370932 0.813971
vt 0.309805 0.819840
vt 0.363466 0.800286
vt 0.275117 0.814405
vt 0.356944 0.786942
vt 0.414886 0.805328
vt 0.404784 0.810765
vt 0.395153 0.803216
vt 0.397229 0.796792
vt 0.390826 0.813241
vt 0.382594 0.801691
vt 0.378471 0.790343
vt 0.429985 0.814878
vt 0.415851 0.819869
vt 0.401533 0.824264
vt 0.499410 0.799954
vt 0.522148 0.790380
vt 0.524394 0.793833
vt 0.512198 0.800985
vt 0.544903 0.782055
vt 0.538914 0.789835
vt 0.528433 0.798610
vt 0.479717 0.810179
vt 0.498054 0.810117
vt 0.565816 0.775910
vt 0.556332 0.785339
vt 0.533185 0.804290
vt 0.515714 0.807897
vt 0.545626 0.794756
vt 0.561706 0.790882
vt 0.571015 0.782419
vt 0.580111 0.781248
vt 0.576537 0.786656
vt 0.581197 0.773905
vt 0.590041 0.775543
vt 0.591414 0.780890
vt 0.550423 0.799863
vt 0.566900 0.795070
vt 0.593325 0.765204
vt 0.602520 0.767959
vt 0.603178 0.784264
vt 0.582649 0.790202
vt 0.607032 0.772909
vt 0.639913 0.743882
vt 0.633622 0.751986
vt 0.624826 0.753787
vt 0.623843 0.749868
vt 0.622165 0.762073
vt 0.615259 0.759961
vt 0.608229 0.756962
vt 0.670482 0.727117
vt 0.655491 0.737798
vt 0.638414 0.738582
vt 0.644608 0.748239
vt 0.618687 0.746153
vt 0.631234 0.760724
vt 0.599677 0.754034
vt 0.677416 0.724807
vt 0.662464 0.738559
vt 0.663970 0.735891
vt 0.673299 0.727088
vt 0.646573 0.751209
vt 0.655638 0.741955
vt 0.666160 0.731934
vt 0.699736 0.704154
vt 0.678741 0.726077
vt 0.692423 0.709895
vt 0.661007 0.742337
vt 0.685109 0.715636
vt 0.640379 0.759049
vt 0.677796 0.721376
vt 0.472635 0.832764
vt 0.468218 0.828084
vt 0.480920 0.824590
vt 0.489033 0.825235
vt 0.470210 0.820271
vt 0.487198 0.818721
vt 0.502780 0.816920
vt 0.458452 0.846667
vt 0.454951 0.838440
vt 0.484694 0.833090
vt 0.453038 0.831138
vt 0.502842 0.823374
vt 0.452641 0.821695
vt 0.518880 0.813868
vt 0.413880 0.832272
vt 0.424640 0.827716
vt 0.430226 0.832816
vt 0.425990 0.837376
vt 0.437142 0.824487
vt 0.439699 0.832595
vt 0.439169 0.839655
vt 0.404057 0.839553
vt 0.419270 0.844219
vt 0.434170 0.847406
vt 0.560294 0.803212
vt 0.533490 0.815961
vt 0.535583 0.813073
vt 0.550992 0.804944
vt 0.507117 0.826523
vt 0.520589 0.818371
vt 0.535936 0.809310
vt 0.559619 0.807109
vt 0.527257 0.821941
vt 0.495221 0.835051
vt 0.675960 0.733106
vt 0.670059 0.743474
vt 0.660501 0.749987
vt 0.660565 0.746506
vt 0.660057 0.756449
vt 0.649583 0.760528
vt 0.642684 0.761514
vt 0.690872 0.719655
vt 0.682007 0.735156
vt 0.664278 0.766158
vt 0.642813 0.772367
vt 0.673143 0.750657
vt 0.631474 0.775607
vt 0.620475 0.778902
vt 0.712934 0.682763
vt 0.699804 0.704213
vt 0.699818 0.704889
vt 0.707579 0.693255
vt 0.686590 0.727034
vt 0.692116 0.717913
vt 0.700007 0.705855
vt 0.735303 0.640770
vt 0.717547 0.672117
vt 0.725503 0.666839
vt 0.699791 0.703464
vt 0.718002 0.681362
vt 0.682034 0.734811
vt 0.710694 0.693867
vt 0.709417 0.687092
vt 0.700563 0.703305
vt 0.694114 0.714476
vt 0.696568 0.709716
vt 0.689896 0.722658
vt 0.685211 0.730407
vt 0.683029 0.733677
vt 0.722167 0.664702
vt 0.709032 0.688635
vt 0.682760 0.736499
vt 0.678140 0.743914
vt 0.695896 0.712567
vt 0.673519 0.751329
vt 0.668899 0.758743
vt 0.614144 0.791767
vt 0.581211 0.811781
vt 0.587438 0.806082
vt 0.608106 0.792380
vt 0.549363 0.830290
vt 0.571658 0.814593
vt 0.595910 0.797271
vt 0.618353 0.792822
vt 0.572427 0.819486
vt 0.480576 0.872813
vt 0.521881 0.845951
vt 0.526502 0.846149
vt 0.551042 0.826007
vt 0.576727 0.807198
vt 0.549441 0.823758
vt 0.530974 0.837646
vt 0.515730 0.846726
vt 0.520229 0.842350
vt 0.504556 0.855622
vt 0.494354 0.860924
vt 0.489895 0.862195
vt 0.555547 0.816387
vt 0.520971 0.838929
vt 0.473096 0.876325
vt 0.465616 0.879837
vt 0.450656 0.886861
vt 0.487370 0.860856
vt 0.458136 0.883349
vt 0.540749 0.821180
vt 0.514430 0.838786
vt 0.505671 0.840290
vt 0.516410 0.831349
vt 0.485508 0.856629
vt 0.484709 0.851194
vt 0.488166 0.843612
vt 0.457441 0.871939
vt 0.459230 0.863622
vt 0.459730 0.855958
vt 0.435060 0.880049
vt 0.417274 0.883643
vt 0.423555 0.878030
vt 0.437655 0.872900
vt 0.402443 0.884210
vt 0.417390 0.876013
vt 0.436045 0.866905
vt 0.429886 0.887170
vt 0.411223 0.889374
vt 0.364903 0.892668
vt 0.391664 0.881181
vt 0.392268 0.891133
vt 0.410879 0.871819
vt 0.430869 0.861400
vt 0.389757 0.872883
vt 0.392417 0.862164
vt 0.403222 0.860369
vt 0.406183 0.865825
vt 0.397390 0.850502
vt 0.410724 0.852906
vt 0.421580 0.856854
vt 0.372667 0.878017
vt 0.378192 0.864838
vt 0.381334 0.850865
vt 0.405659 0.897608
vt 0.396829 0.897152
vt 0.406688 0.895208
vt 0.415815 0.894739
vt 0.391751 0.895265
vt 0.407877 0.893237
vt 0.423458 0.891659
vt 0.405212 0.900943
vt 0.392996 0.900425
vt 0.416573 0.897423
vt 0.383955 0.899641
vt 0.427934 0.893902
vt 0.375367 0.897887
vt 0.439295 0.890382
vt 0.377505 0.903061
vt 0.361092 0.905376
vt 0.361230 0.904116
vt 0.371062 0.902195
vt 0.344556 0.907166
vt 0.351490 0.904476
vt 0.361719 0.901323
vt 0.383081 0.903893
vt 0.360951 0.906842
vt 0.316689 0.912741
vt 0.328309 0.907988
vt 0.338820 0.909792
vt 0.338076 0.904623
vt 0.348513 0.900656
vt 0.313789 0.907074
vt 0.301557 0.905209
vt 0.312279 0.903996
vt 0.323700 0.904407
vt 0.292698 0.902807
vt 0.311528 0.902060
vt 0.330421 0.901263
vt 0.302102 0.909679
vt 0.287516 0.906616
vt 0.258342 0.900491
vt 0.288101 0.899699
vt 0.272929 0.903554
vt 0.310475 0.899388
vt 0.333084 0.897733
vt 0.357308 0.879535
vt 0.344443 0.878077
vt 0.352633 0.870589
vt 0.363853 0.868138
vt 0.333482 0.873077
vt 0.348014 0.864504
vt 0.364121 0.856578
vt 0.345419 0.889231
vt 0.332343 0.885990
vt 0.306304 0.873284
vt 0.321146 0.865443
vt 0.319818 0.880849
vt 0.337651 0.856184
vt 0.355386 0.845523
vt 0.307345 0.886744
vt 0.319050 0.891283
vt 0.308462 0.893642
vt 0.297189 0.891217
vt 0.327945 0.894621
vt 0.309319 0.896484
vt 0.290607 0.895451
vt 0.293880 0.879715
vt 0.283084 0.884905
vt 0.272547 0.889652
vt 0.333954 0.837374
vt 0.321364 0.847939
vt 0.306107 0.841569
vt 0.306919 0.832065
vt 0.305804 0.856021
vt 0.290351 0.844502
vt 0.278749 0.830041
vt 0.290878 0.863050
vt 0.273961 0.849888
vt 0.255411 0.832996
vt 0.258659 0.876215
vt 0.249853 0.860387
vt 0.260947 0.864614
vt 0.270027 0.874648
vt 0.247500 0.845120
vt 0.264446 0.857704
vt 0.279557 0.869687
vt 0.243766 0.873605
vt 0.234746 0.854297
vt 0.228352 0.834159
vt 0.224345 0.863508
vt 0.204155 0.850506
vt 0.205392 0.843556
vt 0.218344 0.848200
vt 0.184386 0.835706
vt 0.194243 0.831674
vt 0.209412 0.830784
vt 0.227445 0.875407
vt 0.203575 0.858378
vt 0.150964 0.822520
vt 0.165312 0.819618
vt 0.180235 0.842176
vt 0.179127 0.816502
vt 0.195830 0.812372
vt 0.207346 0.873915
vt 0.193921 0.862000
vt 0.205070 0.868351
vt 0.217855 0.878385
vt 0.184593 0.851574
vt 0.204064 0.864533
vt 0.224603 0.879371
vt 0.211528 0.882576
vt 0.193833 0.866719
vt 0.223232 0.887055
vt 0.180130 0.854162
vt 0.234935 0.891534
vt 0.167000 0.841075
vt 0.246639 0.896012
vt 0.177263 0.856476
vt 0.160586 0.845604
vt 0.158348 0.842164
vt 0.167409 0.847117
vt 0.143965 0.834240
vt 0.147543 0.833815
vt 0.154979 0.835814
vt 0.183253 0.862836
vt 0.163039 0.849256
vt 0.118945 0.820951
vt 0.128255 0.822808
vt 0.143509 0.836361
vt 0.134310 0.823410
vt 0.140781 0.823505
vt 0.147755 0.840677
vt 0.164409 0.851584
vt 0.164854 0.852659
vt 0.154987 0.846439
vt 0.181506 0.863144
vt 0.174998 0.859759
vt 0.165086 0.853900
vt 0.130468 0.829590
vt 0.141992 0.838229
vt 0.199906 0.875809
vt 0.188283 0.869042
vt 0.165038 0.855507
vt 0.153515 0.846868
vt 0.176661 0.862274
vt 0.125892 0.812265
vt 0.122333 0.813821
vt 0.113929 0.806911
vt 0.112568 0.803051
vt 0.116334 0.812663
vt 0.107299 0.803699
vt 0.100622 0.795576
vt 0.126291 0.806858
vt 0.110491 0.796692
vt 0.108891 0.810199
vt 0.098836 0.799447
vt 0.078727 0.777942
vt 0.096308 0.787417
vt 0.088782 0.788694
vt 0.132574 0.775376
vt 0.152063 0.784203
vt 0.150849 0.791707
vt 0.138782 0.788911
vt 0.174111 0.796557
vt 0.163057 0.802126
vt 0.149882 0.803581
vt 0.107943 0.751651
vt 0.129966 0.762044
vt 0.116298 0.770033
vt 0.152884 0.773175
vt 0.125013 0.785656
vt 0.180521 0.785753
vt 0.135637 0.801750
vt 0.095886 0.779243
vt 0.098512 0.772791
vt 0.106176 0.781384
vt 0.107928 0.788457
vt 0.105087 0.769619
vt 0.113516 0.783014
vt 0.121010 0.795915
vt 0.085130 0.767528
vt 0.089778 0.761286
vt 0.096235 0.756030
vt 0.131642 0.749626
vt 0.138062 0.738627
vt 0.150782 0.749335
vt 0.151837 0.760257
vt 0.151563 0.729575
vt 0.164597 0.748913
vt 0.175095 0.768241
vt 0.114166 0.738437
vt 0.122823 0.726806
vt 0.136052 0.713320
vt 0.087216 0.743554
vt 0.082402 0.749273
vt 0.077802 0.739779
vt 0.079267 0.732704
vt 0.077607 0.752280
vt 0.073229 0.737152
vt 0.072131 0.723227
vt 0.093354 0.736399
vt 0.083570 0.724530
vt 0.071609 0.750073
vt 0.067341 0.731928
vt 0.065876 0.689853
vt 0.075605 0.711871
vt 0.064864 0.714262
vt 0.085569 0.707049
vt 0.099559 0.705755
vt 0.098966 0.713998
vt 0.091017 0.718093
vt 0.116817 0.706986
vt 0.108662 0.718547
vt 0.100538 0.727947
vt 0.083854 0.694406
vt 0.100763 0.694953
vt 0.122422 0.693392
vt 0.046090 0.701540
vt 0.050956 0.703654
vt 0.055351 0.716243
vt 0.054664 0.720599
vt 0.057365 0.708057
vt 0.060736 0.723899
vt 0.063515 0.737841
vt 0.029223 0.674125
vt 0.039112 0.682966
vt 0.041599 0.700079
vt 0.045816 0.687754
vt 0.053975 0.726034
vt 0.053242 0.690578
vt 0.066351 0.751988
vt 0.035859 0.667681
vt 0.035151 0.654885
vt 0.039128 0.662089
vt 0.041578 0.672979
vt 0.036782 0.643323
vt 0.041856 0.657755
vt 0.047470 0.673418
vt 0.030845 0.659089
vt 0.031141 0.645859
vt 0.036525 0.607659
vt 0.041214 0.632110
vt 0.032400 0.631081
vt 0.046606 0.650230
vt 0.053737 0.667549
vt 0.028956 0.624809
vt 0.028383 0.637936
vt 0.027003 0.632408
vt 0.026788 0.622473
vt 0.028034 0.648333
vt 0.026501 0.636474
vt 0.025546 0.623171
vt 0.029836 0.608536
vt 0.027078 0.608348
vt 0.027700 0.657862
vt 0.026176 0.641599
vt 0.023129 0.609072
vt 0.025460 0.607926
vt 0.024653 0.625335
vt 0.026847 0.590512
vt 0.029048 0.573093
vt 0.029155 0.579945
vt 0.028005 0.592719
vt 0.031763 0.557353
vt 0.031127 0.573334
vt 0.030446 0.590592
vt 0.026192 0.586441
vt 0.029254 0.563809
vt 0.035379 0.518546
vt 0.035777 0.543708
vt 0.032317 0.541178
vt 0.034896 0.563682
vt 0.034750 0.583039
vt 0.087674 0.681860
vt 0.094919 0.670318
vt 0.102164 0.675128
vt 0.101407 0.683945
vt 0.105713 0.659544
vt 0.112396 0.669429
vt 0.118832 0.680591
vt 0.078403 0.673641
vt 0.088475 0.661534
vt 0.114211 0.636773
vt 0.119601 0.647878
vt 0.100081 0.649378
vt 0.127066 0.658970
vt 0.138862 0.670079
vt 0.070384 0.613270
vt 0.064763 0.634238
vt 0.058427 0.630937
vt 0.058984 0.617025
vt 0.059222 0.652864
vt 0.052721 0.640178
vt 0.049073 0.623543
vt 0.100047 0.578373
vt 0.081580 0.612856
vt 0.074962 0.591089
vt 0.072818 0.637195
vt 0.060302 0.598386
vt 0.067568 0.660234
vt 0.048393 0.603706
vt 0.095998 0.638428
vt 0.085431 0.649705
vt 0.085276 0.639015
vt 0.092675 0.627854
vt 0.076367 0.657606
vt 0.079879 0.638709
vt 0.088383 0.619109
vt 0.109419 0.625897
vt 0.105448 0.614615
vt 0.102613 0.601513
vt 0.156033 0.650024
vt 0.142502 0.644665
vt 0.154863 0.631678
vt 0.169111 0.628059
vt 0.135886 0.634679
vt 0.154469 0.621052
vt 0.176438 0.607945
vt 0.179711 0.646053
vt 0.192532 0.619056
vt 0.131359 0.623588
vt 0.151544 0.609280
vt 0.210544 0.565291
vt 0.203728 0.593672
vt 0.175382 0.592527
vt 0.122170 0.591909
vt 0.142805 0.587495
vt 0.136061 0.597405
vt 0.121790 0.604043
vt 0.161729 0.587059
vt 0.143990 0.601391
vt 0.125958 0.613768
vt 0.127665 0.577238
vt 0.151367 0.574654
vt 0.176415 0.571212
vt 0.215151 0.624754
vt 0.222000 0.604097
vt 0.247187 0.589842
vt 0.253738 0.595933
vt 0.235092 0.580200
vt 0.265271 0.569352
vt 0.290283 0.564523
vt 0.250739 0.554614
vt 0.284175 0.544372
vt 0.317893 0.534137
vt 0.040934 0.567794
vt 0.040263 0.552758
vt 0.045490 0.543639
vt 0.048304 0.548898
vt 0.042012 0.534241
vt 0.049102 0.528536
vt 0.056469 0.527214
vt 0.044473 0.578912
vt 0.052909 0.555366
vt 0.046093 0.512411
vt 0.054337 0.508170
vt 0.082069 0.496128
vt 0.063813 0.530509
vt 0.064428 0.503486
vt 0.068746 0.541058
vt 0.072340 0.554827
vt 0.063685 0.565601
vt 0.058495 0.561411
vt 0.074680 0.571447
vt 0.061895 0.579836
vt 0.051851 0.582303
vt 0.082878 0.521799
vt 0.085383 0.540096
vt 0.090046 0.557315
vt 0.053434 0.488416
vt 0.061934 0.465495
vt 0.063984 0.471384
vt 0.059702 0.487406
vt 0.071614 0.444348
vt 0.071395 0.461068
vt 0.069088 0.480902
vt 0.050195 0.484012
vt 0.060441 0.457780
vt 0.081519 0.396238
vt 0.084635 0.425556
vt 0.070451 0.431485
vt 0.083515 0.447395
vt 0.082578 0.468785
vt 0.051733 0.471717
vt 0.055972 0.455022
vt 0.060657 0.444607
vt 0.060219 0.450242
vt 0.061887 0.435015
vt 0.065945 0.428586
vt 0.068591 0.427127
vt 0.042614 0.493627
vt 0.049849 0.468707
vt 0.064319 0.418868
vt 0.068619 0.413211
vt 0.057084 0.443788
vt 0.072919 0.407553
vt 0.077219 0.401896
vt 0.090837 0.386931
vt 0.087521 0.390173
vt 0.083283 0.395586
vt 0.083408 0.396187
vt 0.082730 0.395546
vt 0.078813 0.400732
vt 0.076143 0.404749
vt 0.104607 0.370018
vt 0.098835 0.376573
vt 0.091968 0.387650
vt 0.093063 0.383128
vt 0.083069 0.398570
vt 0.087291 0.389683
vt 0.074590 0.408739
vt 0.108557 0.366402
vt 0.117676 0.357033
vt 0.112076 0.363392
vt 0.103784 0.371977
vt 0.126121 0.348866
vt 0.115612 0.360557
vt 0.102701 0.374089
vt 0.114902 0.359288
vt 0.125197 0.348558
vt 0.145787 0.327097
vt 0.136724 0.339997
vt 0.135492 0.337827
vt 0.124244 0.353967
vt 0.109325 0.369845
vt 0.151636 0.329440
vt 0.167125 0.319559
vt 0.152882 0.332799
vt 0.138765 0.343170
vt 0.179206 0.313508
vt 0.153785 0.335254
vt 0.129240 0.354869
vt 0.165907 0.314595
vt 0.186026 0.302093
vt 0.226265 0.277088
vt 0.186624 0.313359
vt 0.206146 0.289590
vt 0.156051 0.339254
vt 0.125512 0.364191
vt 0.170711 0.357157
vt 0.150566 0.364727
vt 0.163457 0.349113
vt 0.180646 0.338100
vt 0.134889 0.366885
vt 0.159778 0.344503
vt 0.186011 0.323127
vt 0.185914 0.371317
vt 0.156721 0.379874
vt 0.194611 0.343489
vt 0.135046 0.385507
vt 0.203060 0.322875
vt 0.113540 0.390590
vt 0.212556 0.302708
vt 0.100071 0.449749
vt 0.098970 0.433596
vt 0.112695 0.422933
vt 0.118942 0.428184
vt 0.102949 0.413578
vt 0.121580 0.406697
vt 0.138023 0.404668
vt 0.106086 0.461082
vt 0.127448 0.434448
vt 0.151296 0.407501
vt 0.269654 0.270923
vt 0.245536 0.297572
vt 0.241649 0.293479
vt 0.254636 0.276234
vt 0.220563 0.322025
vt 0.225059 0.306526
vt 0.235452 0.287209
vt 0.317456 0.229943
vt 0.279945 0.272893
vt 0.294658 0.241729
vt 0.251284 0.303644
vt 0.271861 0.253516
vt 0.222867 0.333462
vt 0.249063 0.265302
vt 0.282388 0.286357
vt 0.280699 0.304666
vt 0.263730 0.316633
vt 0.257933 0.310788
vt 0.275332 0.326037
vt 0.253071 0.334207
vt 0.235272 0.336628
vt 0.306522 0.265387
vt 0.301388 0.289669
vt 0.307225 0.338859
vt 0.265270 0.349375
vt 0.299188 0.312623
vt 0.239466 0.356236
vt 0.215726 0.362616
vt 0.118785 0.462925
vt 0.135995 0.439886
vt 0.142846 0.443497
vt 0.135355 0.458526
vt 0.157043 0.417940
vt 0.158328 0.431730
vt 0.155864 0.448570
vt 0.105759 0.486630
vt 0.126367 0.478222
vt 0.180983 0.398051
vt 0.179189 0.416645
vt 0.184427 0.454230
vt 0.149342 0.468754
vt 0.179391 0.433843
vt 0.105674 0.537153
vt 0.100129 0.524913
vt 0.112592 0.512973
vt 0.121026 0.515253
vt 0.100109 0.507818
vt 0.118106 0.498025
vt 0.135955 0.492219
vt 0.116179 0.543135
vt 0.132252 0.517037
vt 0.151914 0.490466
vt 0.202575 0.414665
vt 0.200188 0.402280
vt 0.216608 0.391485
vt 0.224602 0.394464
vt 0.204542 0.384882
vt 0.226186 0.376787
vt 0.246026 0.372887
vt 0.211620 0.420527
vt 0.235435 0.396586
vt 0.263075 0.372332
vt 0.140495 0.561941
vt 0.156289 0.548039
vt 0.164664 0.552071
vt 0.159037 0.561912
vt 0.174596 0.535468
vt 0.179806 0.545086
vt 0.181171 0.556874
vt 0.129055 0.555144
vt 0.149372 0.539944
vt 0.190002 0.511941
vt 0.194647 0.522648
vt 0.169337 0.525776
vt 0.199915 0.533729
vt 0.205530 0.545977
vt 0.131649 0.538090
vt 0.142977 0.517335
vt 0.151310 0.516740
vt 0.148478 0.527943
vt 0.160341 0.495966
vt 0.164581 0.504366
vt 0.166520 0.514937
vt 0.182475 0.477024
vt 0.183611 0.490015
vt 0.186221 0.501250
vt 0.256960 0.488328
vt 0.246403 0.507270
vt 0.234257 0.507733
vt 0.235769 0.497036
vt 0.228567 0.527478
vt 0.219698 0.519583
vt 0.215209 0.509200
vt 0.291346 0.457947
vt 0.279351 0.484005
vt 0.258309 0.472788
vt 0.263923 0.507069
vt 0.234124 0.485359
vt 0.243686 0.532073
vt 0.211582 0.498392
vt 0.207026 0.488689
vt 0.203980 0.478958
vt 0.219949 0.472588
vt 0.227465 0.477036
vt 0.206097 0.466889
vt 0.227994 0.463174
vt 0.246427 0.464860
vt 0.214328 0.452251
vt 0.238462 0.450883
vt 0.262444 0.451599
vt 0.300097 0.487463
vt 0.315947 0.496509
vt 0.299342 0.508166
vt 0.283767 0.507305
vt 0.323562 0.511653
vt 0.295391 0.522602
vt 0.267931 0.529578
vt 0.316873 0.470918
vt 0.334288 0.483309
vt 0.348860 0.498231
vt 0.230966 0.436935
vt 0.251032 0.423704
vt 0.257307 0.428731
vt 0.248874 0.438279
vt 0.274026 0.413763
vt 0.273543 0.424954
vt 0.270411 0.437648
vt 0.221363 0.430650
vt 0.247150 0.415703
vt 0.314118 0.390693
vt 0.297914 0.408889
vt 0.274769 0.402703
vt 0.294225 0.422293
vt 0.293532 0.436735
vt 0.228816 0.415165
vt 0.246393 0.396399
vt 0.255676 0.395112
vt 0.249701 0.404910
vt 0.271195 0.376962
vt 0.274427 0.383556
vt 0.274759 0.392407
vt 0.303370 0.359596
vt 0.302872 0.369955
vt 0.305456 0.379067
vt 0.334673 0.461018
vt 0.351156 0.456788
vt 0.356849 0.466067
vt 0.348514 0.472640
vt 0.367342 0.457229
vt 0.368719 0.470107
vt 0.363260 0.483479
vt 0.322241 0.448468
vt 0.342507 0.445153
vt 0.381609 0.444238
vt 0.383910 0.460943
vt 0.360569 0.444146
vt 0.383538 0.475333
vt 0.379581 0.491751
vt 0.315259 0.435046
vt 0.313196 0.422835
vt 0.326766 0.425156
vt 0.333454 0.433606
vt 0.317620 0.412325
vt 0.334120 0.420447
vt 0.348562 0.431388
vt 0.330126 0.403710
vt 0.345895 0.415162
vt 0.362893 0.427777
vt 0.427138 0.486211
vt 0.413726 0.490335
vt 0.409340 0.482106
vt 0.414799 0.476028
vt 0.397647 0.492518
vt 0.398295 0.479510
vt 0.400226 0.467646
vt 0.437458 0.478001
vt 0.420658 0.466619
vt 0.403683 0.455900
vt 0.410507 0.444584
vt 0.420397 0.434480
vt 0.428616 0.444563
vt 0.425395 0.454791
vt 0.434712 0.426617
vt 0.439866 0.444194
vt 0.440889 0.462163
vt 0.394089 0.433064
vt 0.406898 0.422667
vt 0.453248 0.394320
vt 0.453632 0.421076
vt 0.423160 0.411343
vt 0.455637 0.442661
vt 0.458287 0.464710
vt 0.376528 0.421399
vt 0.361063 0.410457
vt 0.374881 0.407257
vt 0.389466 0.413142
vt 0.351711 0.399349
vt 0.376378 0.398861
vt 0.401418 0.402573
vt 0.353424 0.387214
vt 0.383720 0.387551
vt 0.414851 0.389589
vt 0.512287 0.430237
vt 0.494800 0.445252
vt 0.487244 0.436305
vt 0.494913 0.423574
vt 0.476713 0.457296
vt 0.473000 0.439539
vt 0.474863 0.420594
vt 0.529730 0.412627
vt 0.507590 0.406718
vt 0.484834 0.401057
vt 0.507052 0.383189
vt 0.534050 0.367756
vt 0.537694 0.376971
vt 0.523727 0.389832
vt 0.562184 0.355085
vt 0.555198 0.373777
vt 0.543915 0.393049
vt 0.495104 0.373811
vt 0.529088 0.356972
vt 0.607304 0.309351
vt 0.587349 0.347757
vt 0.562956 0.338666
vt 0.574956 0.371056
vt 0.564649 0.392926
vt 0.439513 0.350014
vt 0.437307 0.361624
vt 0.413001 0.366075
vt 0.404244 0.361360
vt 0.427536 0.375120
vt 0.398312 0.375541
vt 0.373876 0.373929
vt 0.481030 0.319413
vt 0.476140 0.339563
vt 0.431328 0.341897
vt 0.468542 0.355374
vt 0.391218 0.356474
vt 0.460190 0.371429
vt 0.353194 0.370999
vt 0.407494 0.341253
vt 0.375430 0.353410
vt 0.362211 0.352006
vt 0.376194 0.344395
vt 0.340402 0.365732
vt 0.335474 0.358970
vt 0.340311 0.349917
vt 0.433316 0.329428
vt 0.393785 0.335508
vt 0.354007 0.339662
vt 0.493184 0.361534
vt 0.497825 0.348175
vt 0.518680 0.342029
vt 0.523624 0.348046
vt 0.507849 0.332434
vt 0.532742 0.329125
vt 0.551205 0.330791
vt 0.521087 0.311986
vt 0.547836 0.309126
vt 0.572431 0.307817
vt 0.611062 0.371954
vt 0.596781 0.380324
vt 0.598377 0.370920
vt 0.608744 0.361906
vt 0.582213 0.387484
vt 0.589673 0.370444
vt 0.601904 0.352664
vt 0.628501 0.373051
vt 0.612093 0.380695
vt 0.626812 0.364190
vt 0.596722 0.389623
vt 0.623977 0.352873
vt 0.580555 0.400432
vt 0.619175 0.338145
vt 0.640798 0.334960
vt 0.661776 0.338226
vt 0.655728 0.346571
vt 0.641505 0.348158
vt 0.679440 0.344902
vt 0.662580 0.352861
vt 0.644484 0.358360
vt 0.643033 0.317948
vt 0.667748 0.324966
vt 0.723786 0.343465
vt 0.689568 0.353782
vt 0.691475 0.332184
vt 0.667104 0.360580
vt 0.646892 0.366633
vt 0.587345 0.403541
vt 0.599896 0.394500
vt 0.604115 0.395861
vt 0.598831 0.401047
vt 0.613666 0.386750
vt 0.614639 0.391212
vt 0.613072 0.395956
vt 0.574434 0.414151
vt 0.592236 0.407609
vt 0.629415 0.379708
vt 0.629937 0.384838
vt 0.627841 0.394525
vt 0.610039 0.401067
vt 0.630245 0.389252
vt 0.683732 0.363685
vt 0.669327 0.372774
vt 0.660822 0.373057
vt 0.665361 0.367836
vt 0.650513 0.381229
vt 0.647066 0.378263
vt 0.647016 0.373328
vt 0.700759 0.362198
vt 0.680581 0.372909
vt 0.658629 0.382734
vt 0.566091 0.417082
vt 0.579731 0.411097
vt 0.570362 0.413785
vt 0.558911 0.418750
vt 0.591579 0.406281
vt 0.573479 0.411726
vt 0.554844 0.418298
vt 0.553472 0.425271
vt 0.546969 0.426645
vt 0.601570 0.402322
vt 0.579590 0.408724
vt 0.521417 0.425073
vt 0.538767 0.427048
vt 0.556562 0.415585
vt 0.570225 0.410347
vt 0.588517 0.405238
vt 0.596709 0.402338
vt 0.589879 0.403932
vt 0.608134 0.399688
vt 0.611835 0.397939
vt 0.611924 0.397122
vt 0.551171 0.415557
vt 0.580926 0.406042
vt 0.628339 0.394261
vt 0.630383 0.392956
vt 0.640434 0.387010
vt 0.610680 0.396526
vt 0.633403 0.391096
vt 0.554867 0.416834
vt 0.576563 0.408902
vt 0.573294 0.411120
vt 0.559580 0.416934
vt 0.597929 0.401929
vt 0.584089 0.407788
vt 0.567562 0.414956
vt 0.535171 0.426508
vt 0.543216 0.425813
vt 0.619385 0.395238
vt 0.598336 0.403466
vt 0.556237 0.419921
vt 0.550163 0.424289
vt 0.577286 0.411693
vt 0.504894 0.462082
vt 0.511652 0.450872
vt 0.519920 0.445631
vt 0.519178 0.449758
vt 0.521322 0.438523
vt 0.529279 0.436526
vt 0.534017 0.436645
vt 0.490587 0.474174
vt 0.499292 0.472886
vt 0.500864 0.457807
vt 0.518274 0.455231
vt 0.511140 0.441440
vt 0.537255 0.437576
vt 0.492122 0.474144
vt 0.493983 0.473997
vt 0.498426 0.466403
vt 0.499436 0.462634
vt 0.497043 0.472997
vt 0.502070 0.462931
vt 0.506569 0.452703
vt 0.485801 0.484692
vt 0.488925 0.482719
vt 0.495395 0.484431
vt 0.501159 0.472502
vt 0.491874 0.482302
vt 0.506617 0.460909
vt 0.512691 0.447708
vt 0.711006 0.366357
vt 0.715657 0.372147
vt 0.700696 0.375527
vt 0.692009 0.374083
vt 0.715358 0.378124
vt 0.693871 0.380736
vt 0.674373 0.382329
vt 0.731244 0.361315
vt 0.734275 0.369745
vt 0.741366 0.380580
vt 0.712985 0.384066
vt 0.736820 0.376175
vt 0.684604 0.387553
vt 0.656222 0.391039
vt 0.755609 0.376336
vt 0.751551 0.370367
vt 0.763909 0.372253
vt 0.771014 0.376985
vt 0.751278 0.363568
vt 0.768646 0.369238
vt 0.783480 0.376153
vt 0.763916 0.381950
vt 0.780453 0.382836
vt 0.755180 0.355786
vt 0.774789 0.364198
vt 0.816170 0.384058
vt 0.796280 0.383623
vt 0.792984 0.372436
vt 0.777841 0.387750
vt 0.790451 0.388374
vt 0.798356 0.392426
vt 0.794412 0.393438
vt 0.804825 0.390376
vt 0.810060 0.395514
vt 0.812127 0.399027
vt 0.765276 0.387644
vt 0.789185 0.394708
vt 0.820534 0.394707
vt 0.824515 0.400587
vt 0.837004 0.408836
vt 0.813095 0.401772
vt 0.829036 0.405310
vt 0.842429 0.412709
vt 0.837611 0.407215
vt 0.846857 0.413014
vt 0.852995 0.419183
vt 0.835968 0.402797
vt 0.849647 0.412547
vt 0.861679 0.423227
vt 0.849728 0.420898
vt 0.860212 0.427926
vt 0.838056 0.398392
vt 0.853642 0.410330
vt 0.887857 0.443143
vt 0.871374 0.434622
vt 0.868651 0.423135
vt 0.858989 0.433969
vt 0.866288 0.437803
vt 0.870386 0.445979
vt 0.867969 0.447572
vt 0.875880 0.444638
vt 0.877225 0.453229
vt 0.876734 0.460252
vt 0.855965 0.435553
vt 0.867078 0.452096
vt 0.887063 0.453012
vt 0.886268 0.462881
vt 0.884679 0.482618
vt 0.876602 0.467152
vt 0.885474 0.472749
vt 0.860992 0.447431
vt 0.869594 0.460176
vt 0.873278 0.468159
vt 0.870214 0.464430
vt 0.878387 0.474321
vt 0.880519 0.480378
vt 0.881119 0.483418
vt 0.851648 0.434235
vt 0.866291 0.459635
vt 0.887404 0.489572
vt 0.890129 0.496526
vt 0.895578 0.510433
vt 0.880935 0.485034
vt 0.892853 0.503479
vt 0.868566 0.391545
vt 0.871637 0.404416
vt 0.862018 0.400954
vt 0.856214 0.392247
vt 0.871608 0.415671
vt 0.858223 0.405731
vt 0.845827 0.394815
vt 0.880650 0.374462
vt 0.882452 0.391632
vt 0.862051 0.378012
vt 0.884254 0.408803
vt 0.848457 0.380760
vt 0.886055 0.425973
vt 0.834757 0.382775
vt 0.850668 0.364982
vt 0.840469 0.369314
vt 0.834184 0.360569
vt 0.837592 0.354075
vt 0.827882 0.370276
vt 0.824136 0.358039
vt 0.823305 0.345792
vt 0.857670 0.356253
vt 0.841376 0.344376
vt 0.813023 0.368633
vt 0.810624 0.355185
vt 0.803461 0.319535
vt 0.825285 0.333453
vt 0.807874 0.340558
vt 0.792849 0.340778
vt 0.796707 0.353101
vt 0.785705 0.351749
vt 0.778926 0.343924
vt 0.796803 0.363957
vt 0.781035 0.357641
vt 0.766045 0.349137
vt 0.785471 0.327603
vt 0.770398 0.332978
vt 0.753326 0.337661
vt 0.858076 0.341340
vt 0.844274 0.333108
vt 0.846038 0.323773
vt 0.854541 0.324041
vt 0.831587 0.323211
vt 0.839361 0.314457
vt 0.848373 0.307081
vt 0.873161 0.349444
vt 0.865671 0.324426
vt 0.821419 0.313213
vt 0.831907 0.304842
vt 0.850692 0.274389
vt 0.858182 0.299407
vt 0.840925 0.294183
vt 0.748188 0.322874
vt 0.746975 0.308655
vt 0.757189 0.312042
vt 0.762695 0.321299
vt 0.748274 0.296612
vt 0.761449 0.305683
vt 0.773973 0.315897
vt 0.731811 0.318111
vt 0.733773 0.301562
vt 0.735604 0.273424
vt 0.751037 0.287339
vt 0.734624 0.287056
vt 0.765354 0.298078
vt 0.780779 0.308249
vt 0.697831 0.262442
vt 0.709181 0.268263
vt 0.712024 0.280549
vt 0.705922 0.283048
vt 0.721347 0.277154
vt 0.721174 0.290662
vt 0.717390 0.302720
vt 0.678758 0.226659
vt 0.694539 0.244950
vt 0.685882 0.261154
vt 0.707137 0.255061
vt 0.696134 0.286828
vt 0.720139 0.264200
vt 0.707920 0.311788
vt 0.673503 0.269198
vt 0.683485 0.291063
vt 0.672247 0.294308
vt 0.661784 0.282354
vt 0.690685 0.312685
vt 0.671055 0.308530
vt 0.651556 0.299280
vt 0.663413 0.247081
vt 0.650798 0.264852
vt 0.636134 0.283011
vt 0.832853 0.290260
vt 0.826393 0.299053
vt 0.822992 0.296311
vt 0.825234 0.290602
vt 0.817563 0.305244
vt 0.816849 0.298808
vt 0.817262 0.291891
vt 0.835374 0.280269
vt 0.826254 0.283069
vt 0.807253 0.307136
vt 0.808649 0.299840
vt 0.806572 0.281848
vt 0.817406 0.284125
vt 0.808687 0.292220
vt 0.766438 0.280768
vt 0.774196 0.290439
vt 0.767215 0.287600
vt 0.760109 0.280561
vt 0.779549 0.299362
vt 0.767053 0.291775
vt 0.755216 0.282460
vt 0.763053 0.266851
vt 0.773982 0.282210
vt 0.757539 0.270628
vt 0.782534 0.293228
vt 0.751655 0.271608
vt 0.791075 0.303837
vt 0.744935 0.272174
vt 0.782799 0.285265
vt 0.791438 0.288294
vt 0.794035 0.293999
vt 0.789557 0.294386
vt 0.800003 0.290938
vt 0.800438 0.297653
vt 0.797688 0.302273
vt 0.777420 0.275188
vt 0.787729 0.279823
vt 0.796926 0.282181
vt 0.816237 0.260406
vt 0.824063 0.265843
vt 0.821908 0.270144
vt 0.816250 0.268149
vt 0.831093 0.272254
vt 0.824602 0.275749
vt 0.816983 0.276078
vt 0.807304 0.244603
vt 0.816823 0.253343
vt 0.807956 0.255010
vt 0.825656 0.260038
vt 0.808596 0.264196
vt 0.835283 0.266537
vt 0.808524 0.272780
vt 0.818299 0.248408
vt 0.820393 0.245365
vt 0.825152 0.250577
vt 0.825759 0.254544
vt 0.823557 0.244037
vt 0.829397 0.251922
vt 0.833850 0.259466
vt 0.811898 0.241121
vt 0.815037 0.238569
vt 0.819400 0.233069
vt 0.827223 0.243399
vt 0.817725 0.236163
vt 0.835046 0.253729
vt 0.842869 0.264059
vt 0.805164 0.218119
vt 0.809220 0.222902
vt 0.808570 0.226709
vt 0.805647 0.225527
vt 0.813127 0.229041
vt 0.810978 0.231816
vt 0.807756 0.233192
vt 0.800897 0.202815
vt 0.805523 0.210379
vt 0.800272 0.215354
vt 0.810149 0.217942
vt 0.801144 0.224368
vt 0.814774 0.225506
vt 0.803063 0.233358
vt 0.785509 0.243690
vt 0.792280 0.245813
vt 0.795039 0.253320
vt 0.792175 0.255222
vt 0.799799 0.249959
vt 0.800876 0.258543
vt 0.800018 0.265231
vt 0.769213 0.226070
vt 0.781621 0.232369
vt 0.779529 0.244232
vt 0.790014 0.236608
vt 0.788319 0.257828
vt 0.798143 0.240584
vt 0.796967 0.270026
vt 0.796707 0.231749
vt 0.789917 0.228854
vt 0.791039 0.223796
vt 0.795629 0.223812
vt 0.783406 0.224385
vt 0.788091 0.219221
vt 0.794098 0.216183
vt 0.778070 0.218455
vt 0.784884 0.213496
vt 0.791949 0.208990
vt 0.791268 0.271808
vt 0.783902 0.270508
vt 0.780922 0.262894
vt 0.784235 0.260739
vt 0.774925 0.265543
vt 0.774405 0.256798
vt 0.775963 0.249465
vt 0.765092 0.257769
vt 0.765909 0.248874
vt 0.766838 0.239259
vt 0.776226 0.211303
vt 0.776769 0.204314
vt 0.781056 0.204023
vt 0.782465 0.208033
vt 0.779047 0.197466
vt 0.784197 0.199864
vt 0.788473 0.203686
vt 0.769697 0.212967
vt 0.771226 0.204646
vt 0.776008 0.186177
vt 0.782230 0.190337
vt 0.773058 0.196653
vt 0.788453 0.194496
vt 0.794675 0.198656
vt 0.748771 0.261600
vt 0.744606 0.263160
vt 0.739949 0.257125
vt 0.740788 0.254131
vt 0.738127 0.262318
vt 0.734314 0.254241
vt 0.732829 0.248150
vt 0.749906 0.257072
vt 0.740807 0.249539
vt 0.729342 0.259362
vt 0.726156 0.250140
vt 0.723109 0.237283
vt 0.732132 0.242868
vt 0.724212 0.243065
vt 0.714900 0.238865
vt 0.717012 0.245646
vt 0.709845 0.242345
vt 0.705958 0.236532
vt 0.718515 0.253650
vt 0.707782 0.246351
vt 0.698538 0.237608
vt 0.713415 0.233073
vt 0.703415 0.230169
vt 0.693219 0.228296
vt 0.746285 0.248791
vt 0.739125 0.243727
vt 0.736934 0.238654
vt 0.740221 0.239234
vt 0.731303 0.237665
vt 0.731040 0.232989
vt 0.732575 0.229481
vt 0.752558 0.251224
vt 0.744415 0.239260
vt 0.722651 0.232115
vt 0.722721 0.227011
vt 0.725474 0.210350
vt 0.736161 0.227157
vt 0.723334 0.221085
vt 0.756162 0.248064
vt 0.748586 0.238046
vt 0.751856 0.236473
vt 0.757779 0.241645
vt 0.742340 0.227814
vt 0.749527 0.229746
vt 0.757698 0.233241
vt 0.738259 0.218819
vt 0.747159 0.222283
vt 0.756303 0.224604
vt 0.712995 0.217153
vt 0.713763 0.223340
vt 0.706878 0.221835
vt 0.703498 0.217268
vt 0.713380 0.228154
vt 0.704319 0.225073
vt 0.696147 0.221042
vt 0.711013 0.207011
vt 0.700078 0.208071
vt 0.689971 0.212244
vt 0.766209 0.198251
vt 0.765679 0.204790
vt 0.761429 0.204695
vt 0.759914 0.200859
vt 0.763531 0.211238
vt 0.758459 0.208095
vt 0.754397 0.203966
vt 0.763985 0.191915
vt 0.756760 0.195838
vt 0.759608 0.216516
vt 0.754133 0.211501
vt 0.743651 0.201148
vt 0.750360 0.198924
vt 0.749294 0.206922
vt 0.738631 0.214018
vt 0.741163 0.211476
vt 0.745253 0.214037
vt 0.745768 0.217024
vt 0.744861 0.209411
vt 0.749213 0.213408
vt 0.753018 0.218063
vt 0.732534 0.208935
vt 0.736745 0.207635
vt 0.740362 0.205349
vt 0.756918 0.186920
vt 0.751814 0.190887
vt 0.747139 0.187091
vt 0.747699 0.183090
vt 0.746088 0.193137
vt 0.741890 0.187033
vt 0.738330 0.180498
vt 0.762211 0.181918
vt 0.748414 0.177660
vt 0.740458 0.193696
vt 0.736285 0.186739
vt 0.734617 0.173401
vt 0.730886 0.179133
vt 0.728700 0.184403
vt 0.727808 0.181417
vt 0.730850 0.185673
vt 0.732165 0.189042
vt 0.728032 0.179645
vt 0.732637 0.186232
vt 0.735841 0.192148
vt 0.729450 0.187936
vt 0.733052 0.193114
vt 0.737288 0.197370
vt 0.729652 0.202207
vt 0.728854 0.196111
vt 0.731727 0.199007
vt 0.733558 0.203053
vt 0.729163 0.191551
vt 0.732668 0.196707
vt 0.736234 0.201168
vt 0.724465 0.196506
vt 0.724632 0.189032
vt 0.725101 0.183421
vt 0.718375 0.182918
vt 0.712899 0.165396
vt 0.715676 0.166447
vt 0.719747 0.177480
vt 0.708549 0.145781
vt 0.714119 0.156389
vt 0.719804 0.170364
vt 0.714651 0.187887
vt 0.708235 0.167014
vt 0.702595 0.143265
vt 0.696217 0.155706
vt 0.702129 0.173213
vt 0.696940 0.180316
vt 0.691099 0.174219
vt 0.706934 0.191212
vt 0.697900 0.193772
vt 0.688716 0.194476
vt 0.688447 0.142289
vt 0.683168 0.167623
vt 0.679203 0.192799
vt 0.656169 0.159153
vt 0.666745 0.147875
vt 0.667780 0.161201
vt 0.661967 0.173742
vt 0.677749 0.141607
vt 0.674610 0.163230
vt 0.669789 0.184951
vt 0.635074 0.154277
vt 0.651734 0.142395
vt 0.646382 0.176191
vt 0.664582 0.132263
vt 0.654489 0.191915
vt 0.677785 0.121696
vt 0.663473 0.207341
vt 0.649692 0.125526
vt 0.649188 0.110491
vt 0.657416 0.110252
vt 0.660965 0.119080
vt 0.650518 0.096486
vt 0.661833 0.101317
vt 0.671492 0.109127
vt 0.637869 0.126886
vt 0.638689 0.109332
vt 0.637744 0.075250
vt 0.652632 0.082460
vt 0.638735 0.093246
vt 0.667519 0.089669
vt 0.682407 0.096879
vt 0.654591 0.227864
vt 0.644336 0.244964
vt 0.641783 0.228619
vt 0.647207 0.212224
vt 0.632361 0.256512
vt 0.634498 0.228029
vt 0.639304 0.200683
vt 0.619397 0.258648
vt 0.625243 0.224088
vt 0.630005 0.191607
vt 0.609130 0.094892
vt 0.617887 0.091808
vt 0.621420 0.102057
vt 0.617500 0.108269
vt 0.627770 0.091675
vt 0.628741 0.105871
vt 0.626976 0.119533
vt 0.588575 0.081467
vt 0.600867 0.079913
vt 0.601377 0.101668
vt 0.613160 0.078359
vt 0.611899 0.116384
vt 0.625452 0.076804
vt 0.622132 0.132038
vt 0.609249 0.242979
vt 0.601293 0.219990
vt 0.608683 0.207331
vt 0.616048 0.215579
vt 0.594789 0.194689
vt 0.607497 0.187348
vt 0.619095 0.187244
vt 0.597235 0.267012
vt 0.589714 0.236606
vt 0.566091 0.183571
vt 0.589998 0.169614
vt 0.580572 0.209503
vt 0.605259 0.163896
vt 0.618656 0.160438
vt 0.595411 0.114192
vt 0.605589 0.124710
vt 0.600151 0.131903
vt 0.591360 0.129195
vt 0.613408 0.139742
vt 0.602569 0.144343
vt 0.589505 0.147239
vt 0.582077 0.110563
vt 0.578485 0.129234
vt 0.574159 0.150126
vt 0.578592 0.279426
vt 0.558141 0.284902
vt 0.562967 0.264857
vt 0.575651 0.252676
vt 0.537450 0.285641
vt 0.552461 0.258133
vt 0.566633 0.232358
vt 0.517994 0.284860
vt 0.538135 0.253903
vt 0.552778 0.222717
vt 0.564957 0.119685
vt 0.563953 0.133824
vt 0.551797 0.140050
vt 0.547117 0.135041
vt 0.558430 0.151830
vt 0.543373 0.153626
vt 0.529567 0.153952
vt 0.561820 0.109223
vt 0.540962 0.129549
vt 0.548031 0.174006
vt 0.531752 0.173451
vt 0.484306 0.182044
vt 0.518706 0.150877
vt 0.513102 0.176541
vt 0.552610 0.106380
vt 0.535394 0.124250
vt 0.531416 0.120205
vt 0.539974 0.108208
vt 0.516296 0.140729
vt 0.518618 0.128019
vt 0.524504 0.113630
vt 0.569789 0.086993
vt 0.551002 0.092519
vt 0.495724 0.153805
vt 0.501553 0.136791
vt 0.513429 0.103571
vt 0.532216 0.098045
vt 0.506592 0.121216
vt 0.477366 0.157669
vt 0.461522 0.156645
vt 0.470840 0.147058
vt 0.484236 0.143272
vt 0.447667 0.152844
vt 0.466405 0.140993
vt 0.486507 0.130601
vt 0.465324 0.172937
vt 0.449164 0.168624
vt 0.407275 0.162577
vt 0.433814 0.147826
vt 0.431565 0.165541
vt 0.460352 0.133074
vt 0.486891 0.118323
vt 0.534711 0.230899
vt 0.524028 0.256122
vt 0.512833 0.260978
vt 0.514705 0.248621
vt 0.505425 0.282517
vt 0.497102 0.278847
vt 0.491991 0.270770
vt 0.538010 0.209404
vt 0.514775 0.233881
vt 0.478179 0.305979
vt 0.472720 0.299196
vt 0.455693 0.284535
vt 0.489445 0.258715
vt 0.465113 0.292728
vt 0.531736 0.197977
vt 0.512681 0.221287
vt 0.509694 0.212996
vt 0.519608 0.195342
vt 0.491134 0.242390
vt 0.495200 0.223404
vt 0.502309 0.200874
vt 0.467532 0.260278
vt 0.475024 0.237487
vt 0.480445 0.213209
vt 0.435219 0.309917
vt 0.444034 0.314011
vt 0.419969 0.321939
vt 0.405502 0.321926
vt 0.444051 0.320311
vt 0.409424 0.327827
vt 0.378141 0.330927
vt 0.421735 0.307384
vt 0.389690 0.320650
vt 0.355762 0.329792
vt 0.447504 0.185497
vt 0.428603 0.195370
vt 0.426886 0.188232
vt 0.436697 0.179793
vt 0.409551 0.203436
vt 0.414115 0.190733
vt 0.421060 0.178414
vt 0.449856 0.197363
vt 0.426856 0.207313
vt 0.380000 0.231739
vt 0.390946 0.210270
vt 0.404805 0.217908
vt 0.397513 0.195149
vt 0.402650 0.181257
vt 0.375002 0.214413
vt 0.361747 0.216318
vt 0.370142 0.205860
vt 0.381733 0.200794
vt 0.350654 0.215479
vt 0.366839 0.201517
vt 0.384243 0.189824
vt 0.364309 0.231717
vt 0.350652 0.232176
vt 0.339911 0.213102
vt 0.336149 0.232877
vt 0.362366 0.196260
vt 0.384820 0.179419
vt 0.350099 0.252159
vt 0.334843 0.273210
vt 0.331243 0.266536
vt 0.339558 0.250869
vt 0.318539 0.293569
vt 0.319191 0.276034
vt 0.325396 0.254830
vt 0.357545 0.257300
vt 0.339624 0.280740
vt 0.323353 0.305329
vt 0.413728 0.272454
vt 0.433686 0.252903
vt 0.438131 0.260515
vt 0.426571 0.275610
vt 0.456288 0.232603
vt 0.454072 0.251137
vt 0.445045 0.271387
vt 0.384404 0.283408
vt 0.404733 0.265317
vt 0.394743 0.290004
vt 0.426904 0.244046
vt 0.409847 0.292748
vt 0.451516 0.218983
vt 0.429234 0.291029
vt 0.398784 0.256983
vt 0.396795 0.246858
vt 0.411705 0.235748
vt 0.418651 0.238329
vt 0.399910 0.233161
vt 0.419606 0.222635
vt 0.437285 0.217322
vt 0.379248 0.273797
vt 0.378162 0.261791
vt 0.379408 0.247936
vt 0.360424 0.266407
vt 0.361122 0.277010
vt 0.349676 0.288290
vt 0.344744 0.286016
vt 0.361471 0.288591
vt 0.346353 0.299810
vt 0.333764 0.305804
vt 0.365714 0.298422
vt 0.349061 0.310608
vt 0.333695 0.321100
vt 0.406028 0.307108
vt 0.379884 0.318044
vt 0.376369 0.314471
vt 0.391036 0.306494
vt 0.353265 0.323637
vt 0.361527 0.315116
vt 0.376446 0.304219
vt 0.730976 0.377037
vt 0.735917 0.374548
vt 0.744682 0.375516
vt 0.745037 0.377682
vt 0.743940 0.371848
vt 0.752723 0.374605
vt 0.758630 0.378053
vt 0.709516 0.378134
vt 0.715594 0.377247
vt 0.727474 0.379359
vt 0.722671 0.374635
vt 0.745431 0.380584
vt 0.730904 0.371119
vt 0.763389 0.381808
vt 0.698818 0.379444
vt 0.682809 0.382340
vt 0.693513 0.379346
vt 0.706868 0.376723
vt 0.669441 0.384730
vt 0.690495 0.379264
vt 0.711782 0.374255
vt 0.689097 0.382232
vt 0.668679 0.386330
vt 0.657150 0.386869
vt 0.648260 0.390427
vt 0.686458 0.379213
vt 0.715767 0.371556
vt 0.521114 0.735639
vt 0.506947 0.728546
vt 0.503359 0.727731
vt 0.509930 0.731673
vt 0.491144 0.721239
vt 0.492896 0.723065
vt 0.497403 0.726431
vt 0.531599 0.742330
vt 0.517118 0.737263
vt 0.503563 0.731875
vt 0.534691 0.747839
vt 0.522172 0.743444
vt 0.524906 0.748431
vt 0.533299 0.752701
vt 0.510858 0.740239
vt 0.518812 0.748997
vt 0.528560 0.756990
vt 0.547940 0.751857
vt 0.544189 0.756652
vt 0.500500 0.739315
vt 0.510171 0.750248
vt 0.540162 0.762622
vt 0.520166 0.760529
vt 0.577192 0.756474
vt 0.569222 0.754943
vt 0.563144 0.757918
vt 0.565233 0.760338
vt 0.559466 0.753845
vt 0.554971 0.758108
vt 0.552752 0.762949
vt 0.507106 0.761348
vt 0.500692 0.752257
vt 0.493178 0.754094
vt 0.493458 0.760362
vt 0.492266 0.743075
vt 0.485665 0.749332
vt 0.480866 0.757212
vt 0.509828 0.769936
vt 0.492888 0.767873
vt 0.483831 0.733548
vt 0.477719 0.742178
vt 0.460662 0.763297
vt 0.477469 0.765873
vt 0.470981 0.751089
vt 0.483789 0.785871
vt 0.495659 0.781636
vt 0.488409 0.778873
vt 0.478808 0.780467
vt 0.504898 0.776504
vt 0.490775 0.774409
vt 0.476901 0.773907
vt 0.470246 0.789774
vt 0.466327 0.783265
vt 0.463147 0.775762
vt 0.467574 0.714172
vt 0.466145 0.728096
vt 0.470207 0.726724
vt 0.472627 0.718205
vt 0.466755 0.740608
vt 0.472585 0.733774
vt 0.477607 0.725069
vt 0.462719 0.714421
vt 0.461456 0.730825
vt 0.460593 0.745946
vt 0.455761 0.793294
vt 0.454024 0.787179
vt 0.444867 0.790696
vt 0.441810 0.796005
vt 0.450567 0.781478
vt 0.439507 0.788803
vt 0.429599 0.796981
vt 0.446721 0.776077
vt 0.434874 0.785654
vt 0.421994 0.795295
vt 0.450901 0.746131
vt 0.452251 0.748541
vt 0.454866 0.738888
vt 0.454866 0.733009
vt 0.455472 0.748360
vt 0.457501 0.735002
vt 0.458596 0.721824
vt 0.445529 0.759411
vt 0.447479 0.760293
vt 0.451289 0.761426
vt 0.423386 0.789229
vt 0.433652 0.781531
vt 0.434502 0.777829
vt 0.429611 0.780809
vt 0.443271 0.772508
vt 0.440655 0.770681
vt 0.437741 0.770932
vt 0.906521 0.635360
vt 0.905006 0.641710
vt 0.904149 0.646215
vt 0.904624 0.644389
vt 0.903345 0.649243
vt 0.902748 0.652610
vt 0.902480 0.654137
vt 0.907778 0.627765
vt 0.905798 0.636096
vt 0.903910 0.644313
vt 0.907747 0.623260
vt 0.907002 0.621130
vt 0.905992 0.627306
vt 0.906075 0.630952
vt 0.905644 0.621402
vt 0.904564 0.630166
vt 0.904124 0.637718
vt 0.909049 0.614639
vt 0.907984 0.613200
vt 0.906417 0.609581
vt 0.902951 0.624982
vt 0.906966 0.611900
vt 0.901711 0.635089
vt 0.901210 0.644431
vt 0.908840 0.589776
vt 0.908266 0.596063
vt 0.908695 0.599679
vt 0.909247 0.597524
vt 0.907745 0.603426
vt 0.908513 0.605472
vt 0.909411 0.605875
vt 0.908330 0.582185
vt 0.907692 0.591317
vt 0.907055 0.600449
vt 0.897937 0.633876
vt 0.892024 0.645042
vt 0.893537 0.647464
vt 0.897468 0.641680
vt 0.886210 0.657360
vt 0.891299 0.655583
vt 0.896594 0.650786
vt 0.898144 0.627102
vt 0.890982 0.640880
vt 0.868445 0.673667
vt 0.882344 0.670507
vt 0.882873 0.654709
vt 0.889580 0.666395
vt 0.895869 0.661599
vt 0.884124 0.682726
vt 0.888276 0.692760
vt 0.890766 0.686056
vt 0.889712 0.677496
vt 0.893199 0.700558
vt 0.894652 0.687796
vt 0.895326 0.674484
vt 0.879604 0.690791
vt 0.885800 0.701559
vt 0.891339 0.711909
vt 0.897402 0.623309
vt 0.895872 0.621516
vt 0.892040 0.630286
vt 0.891300 0.635284
vt 0.892906 0.621673
vt 0.888555 0.633486
vt 0.884659 0.645125
vt 0.902467 0.610752
vt 0.900018 0.610592
vt 0.892824 0.609901
vt 0.888677 0.621792
vt 0.896999 0.610324
vt 0.883825 0.634968
vt 0.877842 0.649842
vt 0.900419 0.600182
vt 0.903024 0.600787
vt 0.904597 0.594031
vt 0.903369 0.591350
vt 0.905295 0.599855
vt 0.906548 0.590683
vt 0.906436 0.583331
vt 0.896566 0.599337
vt 0.900014 0.589583
vt 0.907590 0.598060
vt 0.908762 0.586539
vt 0.911107 0.563497
vt 0.903602 0.579518
vt 0.909935 0.575018
vt 0.896160 0.582208
vt 0.887067 0.588287
vt 0.888741 0.592149
vt 0.894321 0.590281
vt 0.878108 0.596474
vt 0.884507 0.598641
vt 0.891010 0.599104
vt 0.896519 0.574997
vt 0.885177 0.583448
vt 0.856082 0.603865
vt 0.870847 0.607089
vt 0.873390 0.592257
vt 0.879911 0.608299
vt 0.887145 0.609204
vt 0.872824 0.643791
vt 0.879069 0.632421
vt 0.875338 0.628412
vt 0.869667 0.632862
vt 0.883403 0.620596
vt 0.876918 0.619374
vt 0.868672 0.620063
vt 0.863906 0.652346
vt 0.861239 0.637478
vt 0.858716 0.622475
vt 0.893925 0.570807
vt 0.889498 0.568762
vt 0.883687 0.574969
vt 0.884082 0.578646
vt 0.883392 0.568586
vt 0.877605 0.577487
vt 0.873907 0.585518
vt 0.904131 0.562051
vt 0.897156 0.560605
vt 0.883204 0.557712
vt 0.876424 0.569250
vt 0.890180 0.559158
vt 0.869643 0.580789
vt 0.862863 0.592327
vt 0.852024 0.652561
vt 0.851639 0.640207
vt 0.843677 0.641225
vt 0.840266 0.648504
vt 0.848382 0.627526
vt 0.838512 0.634114
vt 0.829666 0.642163
vt 0.847681 0.662843
vt 0.833977 0.655963
vt 0.843824 0.614197
vt 0.831567 0.624529
vt 0.807051 0.645192
vt 0.821089 0.649822
vt 0.819309 0.634860
vt 0.835310 0.666998
vt 0.825150 0.660518
vt 0.817282 0.662660
vt 0.819967 0.667371
vt 0.813074 0.655353
vt 0.806770 0.660056
vt 0.803864 0.665911
vt 0.842640 0.675139
vt 0.823599 0.674182
vt 0.799679 0.651351
vt 0.793613 0.656699
vt 0.782459 0.674801
vt 0.805117 0.673511
vt 0.788002 0.663154
vt 0.785655 0.648785
vt 0.771916 0.647536
vt 0.772673 0.651267
vt 0.781395 0.653486
vt 0.758618 0.648070
vt 0.765147 0.653531
vt 0.774838 0.658569
vt 0.789114 0.644087
vt 0.771177 0.642981
vt 0.746199 0.652297
vt 0.753240 0.641876
vt 0.755243 0.658229
vt 0.765640 0.664751
vt 0.736162 0.662878
vt 0.728847 0.674542
vt 0.737526 0.672195
vt 0.745163 0.665348
vt 0.724983 0.685026
vt 0.739379 0.678230
vt 0.753031 0.671402
vt 0.726642 0.694600
vt 0.744089 0.686941
vt 0.760813 0.680486
vt 0.766941 0.692204
vt 0.751876 0.696350
vt 0.759126 0.703744
vt 0.771141 0.704347
vt 0.738113 0.703121
vt 0.753936 0.710406
vt 0.771366 0.715868
vt 0.782820 0.691449
vt 0.785768 0.705551
vt 0.724798 0.710338
vt 0.745351 0.717501
vt 0.790301 0.735187
vt 0.788775 0.719498
vt 0.765493 0.724981
vt 0.705190 0.725460
vt 0.729494 0.728263
vt 0.723962 0.723759
vt 0.707375 0.720379
vt 0.750068 0.728554
vt 0.734089 0.721905
vt 0.714489 0.715808
vt 0.709047 0.731252
vt 0.736775 0.733920
vt 0.762146 0.735556
vt 0.843166 0.684454
vt 0.827295 0.681928
vt 0.830138 0.688452
vt 0.840214 0.692949
vt 0.812709 0.682331
vt 0.822999 0.691312
vt 0.834778 0.700128
vt 0.857633 0.690457
vt 0.851711 0.699936
vt 0.801461 0.686487
vt 0.815425 0.696371
vt 0.841369 0.719531
vt 0.846476 0.708822
vt 0.828345 0.706885
vt 0.797670 0.695860
vt 0.798810 0.707411
vt 0.807818 0.709233
vt 0.810478 0.703186
vt 0.803167 0.719661
vt 0.813818 0.717423
vt 0.821519 0.712806
vt 0.809936 0.731480
vt 0.821259 0.727659
vt 0.830632 0.723624
vt 0.883141 0.728310
vt 0.886700 0.725345
vt 0.883933 0.717180
vt 0.880534 0.715710
vt 0.889199 0.719945
vt 0.884458 0.710425
vt 0.879021 0.702957
vt 0.881011 0.747351
vt 0.886762 0.740528
vt 0.878178 0.729147
vt 0.890307 0.735694
vt 0.875621 0.714488
vt 0.893445 0.731077
vt 0.872581 0.698808
vt 0.856440 0.716261
vt 0.864525 0.722310
vt 0.865268 0.714923
vt 0.860341 0.708130
vt 0.871714 0.726592
vt 0.870040 0.714408
vt 0.865904 0.701870
vt 0.854008 0.725615
vt 0.863112 0.731372
vt 0.871270 0.737782
vt 0.819554 0.740825
vt 0.829131 0.747538
vt 0.832477 0.742926
vt 0.828017 0.736776
vt 0.838322 0.751933
vt 0.838993 0.743630
vt 0.836365 0.734210
vt 0.810895 0.745512
vt 0.823445 0.752391
vt 0.846355 0.765903
vt 0.847425 0.754377
vt 0.833883 0.758324
vt 0.846798 0.744241
vt 0.844950 0.733408
vt 0.867955 0.745840
vt 0.861335 0.739542
vt 0.859656 0.745230
vt 0.862842 0.751121
vt 0.853607 0.735460
vt 0.854251 0.744816
vt 0.855926 0.753876
vt 0.873524 0.754299
vt 0.866847 0.759010
vt 0.859018 0.762838
vt 0.896822 0.742963
vt 0.893966 0.745601
vt 0.896719 0.752878
vt 0.899431 0.754176
vt 0.891584 0.750712
vt 0.896488 0.758727
vt 0.901174 0.764670
vt 0.899849 0.742968
vt 0.902486 0.756008
vt 0.889763 0.758098
vt 0.895928 0.766311
vt 0.909319 0.784246
vt 0.905355 0.768767
vt 0.901867 0.774399
vt 0.908957 0.762978
vt 0.905542 0.753858
vt 0.906551 0.759892
vt 0.909297 0.767937
vt 0.902689 0.747119
vt 0.904950 0.758121
vt 0.908108 0.769750
vt 0.913915 0.775089
vt 0.914092 0.779806
vt 0.912948 0.782951
vt 0.889470 0.767762
vt 0.890278 0.777794
vt 0.894315 0.779396
vt 0.895100 0.773806
vt 0.892610 0.788112
vt 0.897618 0.786553
vt 0.900632 0.781845
vt 0.883319 0.764017
vt 0.884708 0.775905
vt 0.887143 0.799562
vt 0.897792 0.799335
vt 0.885867 0.787006
vt 0.903394 0.796692
vt 0.907233 0.792206
vt 0.877036 0.764530
vt 0.870869 0.767142
vt 0.873832 0.773306
vt 0.878743 0.774408
vt 0.864732 0.770973
vt 0.871315 0.777800
vt 0.878414 0.783094
vt 0.858488 0.774979
vt 0.867087 0.782163
vt 0.875332 0.789236
vt 0.824424 0.760826
vt 0.816340 0.755672
vt 0.809838 0.757193
vt 0.811984 0.760584
vt 0.804425 0.750350
vt 0.799564 0.754472
vt 0.796741 0.758351
vt 0.829619 0.765901
vt 0.814402 0.764575
vt 0.787784 0.745235
vt 0.783853 0.750565
vt 0.770787 0.758652
vt 0.796627 0.762323
vt 0.778314 0.754591
vt 0.722146 0.737840
vt 0.739035 0.744029
vt 0.750020 0.743455
vt 0.744376 0.739429
vt 0.758290 0.749609
vt 0.765520 0.746587
vt 0.766741 0.741866
vt 0.701829 0.737935
vt 0.724523 0.745052
vt 0.746069 0.751590
vt 0.921363 0.791081
vt 0.920601 0.793526
vt 0.926343 0.804781
vt 0.929458 0.808047
vt 0.920082 0.797517
vt 0.928290 0.811760
vt 0.936560 0.824193
vt 0.922138 0.789548
vt 0.931934 0.809691
vt 0.918509 0.801570
vt 0.928086 0.817634
vt 0.942594 0.831435
vt 0.939133 0.835105
vt 0.915372 0.805090
vt 0.911356 0.807931
vt 0.918424 0.816857
vt 0.923816 0.818684
vt 0.907583 0.811295
vt 0.919274 0.822593
vt 0.931036 0.831892
vt 0.903418 0.814177
vt 0.917924 0.827076
vt 0.933862 0.841167
vt 0.928406 0.796566
vt 0.925309 0.792109
vt 0.931135 0.804163
vt 0.935718 0.812565
vt 0.923468 0.790123
vt 0.932134 0.807612
vt 0.941185 0.825507
vt 0.920363 0.780377
vt 0.917960 0.777713
vt 0.915209 0.773858
vt 0.912449 0.766731
vt 0.905004 0.755109
vt 0.906191 0.757445
vt 0.911121 0.765541
vt 0.897974 0.744560
vt 0.902527 0.752017
vt 0.908249 0.761477
vt 0.925756 0.838877
vt 0.913057 0.827340
vt 0.907563 0.825378
vt 0.912115 0.830505
vt 0.899857 0.816338
vt 0.897208 0.817815
vt 0.896587 0.819992
vt 0.886522 0.806631
vt 0.884588 0.809115
vt 0.881615 0.809869
vt 0.853791 0.792247
vt 0.860836 0.797001
vt 0.865952 0.798375
vt 0.863728 0.795770
vt 0.869938 0.802531
vt 0.873536 0.802437
vt 0.874387 0.800186
vt 0.849104 0.788010
vt 0.861081 0.792164
vt 0.872699 0.795917
vt 0.853563 0.778633
vt 0.849966 0.781574
vt 0.856984 0.784954
vt 0.861719 0.784415
vt 0.848288 0.784589
vt 0.858749 0.788254
vt 0.867990 0.790259
vt 0.843200 0.773502
vt 0.839878 0.777323
vt 0.835936 0.780039
vt 0.830734 0.770421
vt 0.817055 0.768347
vt 0.819027 0.771069
vt 0.828558 0.773647
vt 0.801580 0.766618
vt 0.810035 0.770888
vt 0.821986 0.775285
vt 0.782528 0.764925
vt 0.794174 0.769961
vt 0.807616 0.775071
vt 0.760557 0.763641
vt 0.738848 0.762884
vt 0.753877 0.766452
vt 0.772804 0.768215
vt 0.720568 0.763132
vt 0.750039 0.768045
vt 0.780653 0.772186
vt 0.745681 0.758350
vt 0.721749 0.757941
vt 0.659420 0.757270
vt 0.709152 0.764699
vt 0.696016 0.757528
vt 0.746112 0.770175
vt 0.783560 0.775559
vt 0.728807 0.752558
vt 0.710728 0.746819
vt 0.700792 0.748567
vt 0.708656 0.752699
vt 0.689414 0.741472
vt 0.683674 0.746329
vt 0.685130 0.751758
vt 0.664941 0.737582
vt 0.661113 0.744102
vt 0.658751 0.750093
vt 0.776107 0.777354
vt 0.744061 0.772481
vt 0.743653 0.774353
vt 0.762461 0.778023
vt 0.713246 0.768278
vt 0.725656 0.772658
vt 0.743765 0.777589
vt 0.686143 0.765141
vt 0.705017 0.770705
vt 0.722901 0.776156
vt 0.639385 0.737562
vt 0.614700 0.739669
vt 0.621107 0.742650
vt 0.638409 0.742968
vt 0.591990 0.742669
vt 0.610397 0.745255
vt 0.632728 0.747666
vt 0.638488 0.731434
vt 0.606494 0.735752
vt 0.572183 0.745218
vt 0.574499 0.740069
vt 0.595800 0.747589
vt 0.620830 0.750835
vt 0.623546 0.737961
vt 0.608635 0.744267
vt 0.598369 0.743908
vt 0.602091 0.740214
vt 0.590898 0.751110
vt 0.583171 0.748200
vt 0.578363 0.744487
vt 0.547536 0.746758
vt 0.574318 0.749201
vt 0.568081 0.747973
vt 0.549987 0.746269
vt 0.599168 0.750858
vt 0.580278 0.748286
vt 0.558497 0.746108
vt 0.552362 0.748119
vt 0.583180 0.751037
vt 0.614319 0.753732
vt 0.568247 0.751010
vt 0.589949 0.754648
vt 0.600721 0.755150
vt 0.592867 0.753250
vt 0.614982 0.758588
vt 0.619475 0.757672
vt 0.619613 0.756034
vt 0.543218 0.748825
vt 0.576002 0.754023
vt 0.640339 0.762679
vt 0.608785 0.759220
vt 0.642612 0.761208
vt 0.647225 0.759692
vt 0.662650 0.766625
vt 0.682507 0.770232
vt 0.678065 0.768131
vt 0.663378 0.765050
vt 0.701923 0.773410
vt 0.688510 0.769134
vt 0.670410 0.764413
vt 0.665564 0.768699
vt 0.686753 0.772569
vt 0.709225 0.776683
vt 0.548146 0.748610
vt 0.553737 0.748910
vt 0.567977 0.751804
vt 0.571472 0.752787
vt 0.562101 0.750126
vt 0.578421 0.753433
vt 0.593266 0.756285
vt 0.686356 0.776341
vt 0.697880 0.777391
vt 0.688010 0.775136
vt 0.677375 0.773506
vt 0.706142 0.777642
vt 0.688285 0.774236
vt 0.670846 0.771034
vt 0.697468 0.779106
vt 0.709751 0.779779
vt 0.722427 0.780644
vt 0.738483 0.783064
vt 0.736620 0.782554
vt 0.727091 0.782101
vt 0.724242 0.782162
vt 0.731777 0.781962
vt 0.720056 0.781343
vt 0.710512 0.780933
vt 0.752136 0.783177
vt 0.748428 0.782501
vt 0.745002 0.782185
vt 0.779840 0.777784
vt 0.769033 0.779385
vt 0.766970 0.780290
vt 0.772496 0.779835
vt 0.757509 0.781068
vt 0.759241 0.781517
vt 0.763364 0.781834
vt 0.907920 0.592300
vt 0.908275 0.586170
vt 0.908708 0.582270
vt 0.908738 0.584104
vt 0.908663 0.579087
vt 0.909040 0.576668
vt 0.909443 0.575603
vt 0.908790 0.571785
vt 0.909138 0.569935
vt 0.909711 0.567670
vt 0.909111 0.561710
vt 0.908740 0.564119
vt 0.908179 0.560165
vt 0.908095 0.557221
vt 0.908331 0.565194
vt 0.907632 0.559286
vt 0.906999 0.553769
vt 0.909538 0.558439
vt 0.907969 0.553381
vt 0.907933 0.565606
vt 0.906899 0.558159
vt 0.904831 0.543265
vt 0.906400 0.548323
vt 0.905865 0.550712
vt 0.846219 0.432056
vt 0.837488 0.424756
vt 0.842611 0.430116
vt 0.849749 0.436500
vt 0.830171 0.418940
vt 0.840541 0.429027
vt 0.851365 0.439262
vt 0.855908 0.440415
vt 0.858850 0.444567
vt 0.823403 0.413728
vt 0.837810 0.427583
vt 0.866625 0.455293
vt 0.861983 0.448963
vt 0.852218 0.441438
vt 0.884666 0.466964
vt 0.875661 0.458309
vt 0.873953 0.457721
vt 0.878550 0.462639
vt 0.865959 0.449392
vt 0.867546 0.452170
vt 0.871098 0.456752
vt 0.892308 0.475001
vt 0.884372 0.469194
vt 0.876651 0.463433
vt 0.884347 0.472410
vt 0.892404 0.481463
vt 0.893984 0.481187
vt 0.889903 0.475931
vt 0.900684 0.490101
vt 0.899754 0.486440
vt 0.897057 0.481411
vt 0.881146 0.471912
vt 0.891022 0.483002
vt 0.900258 0.493139
vt 0.882458 0.476922
vt 0.886246 0.485163
vt 0.890819 0.489481
vt 0.890637 0.486221
vt 0.891530 0.495574
vt 0.895319 0.496745
vt 0.898103 0.495495
vt 0.873819 0.466569
vt 0.879666 0.477535
vt 0.896770 0.506353
vt 0.885868 0.489907
vt 0.899867 0.505557
vt 0.903761 0.504987
vt 0.866246 0.455976
vt 0.859997 0.446516
vt 0.866211 0.457455
vt 0.872266 0.466994
vt 0.855459 0.439771
vt 0.866255 0.458434
vt 0.876769 0.476051
vt 0.859220 0.443679
vt 0.851815 0.432065
vt 0.844409 0.420450
vt 0.899858 0.513952
vt 0.901831 0.520355
vt 0.903234 0.518642
vt 0.902384 0.513308
vt 0.903802 0.527146
vt 0.905047 0.521865
vt 0.905423 0.514271
vt 0.897586 0.513705
vt 0.899698 0.520193
vt 0.905620 0.534844
vt 0.901831 0.528453
vt 0.906850 0.527204
vt 0.908239 0.518470
vt 0.891686 0.502483
vt 0.895487 0.513668
vt 0.895208 0.511844
vt 0.893003 0.505235
vt 0.898898 0.522886
vt 0.897230 0.516476
vt 0.895161 0.509956
vt 0.891946 0.504148
vt 0.896495 0.517680
vt 0.900586 0.529779
vt 0.902291 0.535775
vt 0.898456 0.524190
vt 0.900444 0.530461
vt 0.903685 0.540335
vt 0.894946 0.513703
vt 0.899329 0.527227
vt 0.904282 0.542389
vt 0.891286 0.502838
vt 0.897893 0.523058
vt 0.904500 0.543277
vt 0.909174 0.528115
vt 0.907866 0.534314
vt 0.908248 0.540673
vt 0.909094 0.539782
vt 0.906802 0.542062
vt 0.907673 0.548207
vt 0.908605 0.552214
vt 0.910627 0.524121
vt 0.910160 0.538744
vt 0.909653 0.553492
vt 0.910839 0.550298
vt 0.912046 0.544348
vt 0.911937 0.537213
vt 0.911180 0.537842
vt 0.913228 0.536159
vt 0.912581 0.529462
vt 0.911735 0.525210
vt 0.604330 0.096415
vt 0.628660 0.097458
vt 0.631025 0.093585
vt 0.618443 0.091485
vt 0.654970 0.097420
vt 0.646735 0.091886
vt 0.634813 0.087018
vt 0.554119 0.101030
vt 0.589913 0.101795
vt 0.586406 0.094482
vt 0.625707 0.102559
vt 0.605526 0.089076
vt 0.661500 0.103324
vt 0.622314 0.083416
vt 0.591901 0.084253
vt 0.584903 0.088176
vt 0.594903 0.085993
vt 0.602723 0.082689
vt 0.581923 0.091554
vt 0.597930 0.087178
vt 0.612051 0.082274
vt 0.579536 0.086728
vt 0.572333 0.091022
vt 0.565107 0.095574
vt 0.565650 0.090257
vt 0.551357 0.094497
vt 0.551587 0.096065
vt 0.560406 0.093862
vt 0.536804 0.099782
vt 0.542753 0.100263
vt 0.551993 0.098747
vt 0.521348 0.107668
vt 0.529622 0.107826
vt 0.538964 0.106592
vt 0.505174 0.119819
vt 0.490521 0.132987
vt 0.501345 0.128004
vt 0.514229 0.118405
vt 0.478470 0.145579
vt 0.499034 0.132927
vt 0.520050 0.119038
vt 0.492542 0.123527
vt 0.476591 0.139020
vt 0.437780 0.177873
vt 0.466865 0.158662
vt 0.460329 0.155091
vt 0.495950 0.139452
vt 0.525034 0.120241
vt 0.475346 0.131325
vt 0.456292 0.141386
vt 0.453236 0.147688
vt 0.463166 0.144204
vt 0.436515 0.153322
vt 0.440484 0.157300
vt 0.448162 0.158193
vt 0.417608 0.166625
vt 0.424500 0.169690
vt 0.430947 0.172868
vt 0.380978 0.206066
vt 0.396877 0.196869
vt 0.398855 0.190841
vt 0.390187 0.193948
vt 0.413561 0.185775
vt 0.409621 0.181776
vt 0.402176 0.180779
vt 0.350830 0.231724
vt 0.372568 0.218261
vt 0.366092 0.213383
vt 0.394305 0.204799
vt 0.378636 0.198559
vt 0.416043 0.191336
vt 0.391092 0.183453
vt 0.353751 0.217491
vt 0.366756 0.203975
vt 0.357470 0.208533
vt 0.345398 0.218690
vt 0.376262 0.191788
vt 0.359639 0.203205
vt 0.341558 0.216694
vt 0.334550 0.233292
vt 0.326831 0.232795
vt 0.320858 0.231954
vt 0.297069 0.248570
vt 0.273994 0.264596
vt 0.285549 0.259925
vt 0.304365 0.247969
vt 0.254021 0.279472
vt 0.278529 0.267106
vt 0.306763 0.251123
vt 0.286682 0.251606
vt 0.261093 0.269468
vt 0.203239 0.309875
vt 0.237425 0.293756
vt 0.235723 0.287184
vt 0.268276 0.277980
vt 0.301889 0.260255
vt 0.272789 0.257488
vt 0.256962 0.265146
vt 0.246061 0.273745
vt 0.251474 0.272507
vt 0.238728 0.274853
vt 0.231158 0.282712
vt 0.229444 0.287238
vt 0.219935 0.285280
vt 0.213461 0.293024
vt 0.207970 0.300497
vt 0.191028 0.308954
vt 0.198136 0.301393
vt 0.187802 0.306701
vt 0.179286 0.313331
vt 0.202650 0.295270
vt 0.186834 0.304826
vt 0.171784 0.314638
vt 0.180537 0.318335
vt 0.168006 0.322096
vt 0.157755 0.324619
vt 0.165143 0.329580
vt 0.156271 0.331157
vt 0.147263 0.338143
vt 0.148857 0.340240
vt 0.146299 0.334157
vt 0.137523 0.342739
vt 0.132422 0.349794
vt 0.173309 0.329814
vt 0.152767 0.342817
vt 0.133221 0.354692
vt 0.283347 0.279376
vt 0.256355 0.291142
vt 0.246906 0.302194
vt 0.259283 0.300579
vt 0.228532 0.305613
vt 0.226506 0.314812
vt 0.232607 0.320830
vt 0.308120 0.275113
vt 0.276422 0.301073
vt 0.201344 0.320488
vt 0.202033 0.329125
vt 0.212589 0.351732
vt 0.246842 0.325025
vt 0.205245 0.338063
vt 0.144148 0.355649
vt 0.160237 0.353689
vt 0.165950 0.346693
vt 0.159224 0.345201
vt 0.180438 0.348365
vt 0.180491 0.340155
vt 0.177967 0.333920
vt 0.133313 0.365814
vt 0.154082 0.362393
vt 0.177042 0.358327
vt 0.323689 0.287714
vt 0.294048 0.305968
vt 0.307879 0.312221
vt 0.331529 0.306022
vt 0.270837 0.326308
vt 0.299282 0.326378
vt 0.331722 0.325292
vt 0.359546 0.278626
vt 0.364309 0.304063
vt 0.254986 0.345910
vt 0.289677 0.343486
vt 0.370934 0.349280
vt 0.367969 0.326392
vt 0.325833 0.343689
vt 0.399452 0.291725
vt 0.398940 0.311124
vt 0.426132 0.321183
vt 0.438578 0.315861
vt 0.405252 0.331100
vt 0.440392 0.337608
vt 0.473007 0.342714
vt 0.402827 0.270495
vt 0.454825 0.309266
vt 0.416432 0.350400
vt 0.455688 0.356554
vt 0.558819 0.386807
vt 0.506822 0.348036
vt 0.497277 0.366523
vt 0.476845 0.393761
vt 0.493724 0.388914
vt 0.470875 0.380202
vt 0.451956 0.380475
vt 0.501669 0.380751
vt 0.465846 0.371205
vt 0.432589 0.366660
vt 0.488199 0.414262
vt 0.505854 0.407398
vt 0.450783 0.397007
vt 0.523509 0.400535
vt 0.425278 0.382011
vt 0.541164 0.393671
vt 0.400497 0.367225
vt 0.372480 0.373608
vt 0.349873 0.383403
vt 0.372923 0.388859
vt 0.396129 0.385286
vt 0.334390 0.396094
vt 0.373041 0.398874
vt 0.412935 0.398815
vt 0.344077 0.364053
vt 0.321477 0.377026
vt 0.270538 0.408718
vt 0.326278 0.411524
vt 0.299155 0.390797
vt 0.372331 0.413224
vt 0.420712 0.414527
vt 0.252220 0.361273
vt 0.258751 0.373007
vt 0.278306 0.367521
vt 0.282323 0.357923
vt 0.274256 0.382564
vt 0.295875 0.371438
vt 0.312836 0.358860
vt 0.223556 0.367773
vt 0.234793 0.379693
vt 0.248851 0.391543
vt 0.363499 0.463030
vt 0.390847 0.448925
vt 0.367904 0.441331
vt 0.343324 0.446032
vt 0.410922 0.432017
vt 0.370161 0.428851
vt 0.330831 0.428792
vt 0.354460 0.503502
vt 0.387895 0.481192
vt 0.331963 0.471354
vt 0.421330 0.458882
vt 0.312909 0.450321
vt 0.454764 0.436572
vt 0.294159 0.430985
vt 0.131465 0.374800
vt 0.134851 0.382250
vt 0.145977 0.377381
vt 0.149006 0.370909
vt 0.142692 0.388308
vt 0.155585 0.379140
vt 0.167301 0.369147
vt 0.115571 0.381327
vt 0.122035 0.389064
vt 0.139392 0.407868
vt 0.155500 0.393207
vt 0.128992 0.396981
vt 0.169438 0.382075
vt 0.185942 0.370289
vt 0.221384 0.395455
vt 0.212778 0.385424
vt 0.197402 0.389314
vt 0.196451 0.396472
vt 0.200858 0.376704
vt 0.184663 0.385928
vt 0.174408 0.395617
vt 0.224785 0.406216
vt 0.195142 0.405347
vt 0.169001 0.405550
vt 0.266475 0.435984
vt 0.247332 0.442547
vt 0.265793 0.451857
vt 0.285168 0.451858
vt 0.236182 0.451896
vt 0.266567 0.461542
vt 0.298371 0.468942
vt 0.243460 0.422899
vt 0.224929 0.432156
vt 0.189004 0.455821
vt 0.233345 0.464086
vt 0.208525 0.441632
vt 0.268696 0.473971
vt 0.305186 0.485430
vt 0.217276 0.416040
vt 0.192823 0.413634
vt 0.190933 0.419961
vt 0.204768 0.424358
vt 0.170461 0.414567
vt 0.176845 0.422914
vt 0.189164 0.431599
vt 0.150677 0.418773
vt 0.160255 0.427618
vt 0.171502 0.438005
vt 0.093768 0.413715
vt 0.103577 0.409566
vt 0.103969 0.402781
vt 0.098084 0.402620
vt 0.115297 0.403971
vt 0.111128 0.396597
vt 0.104968 0.391560
vt 0.079688 0.433174
vt 0.091340 0.424559
vt 0.085607 0.416780
vt 0.102875 0.418449
vt 0.091227 0.403455
vt 0.116753 0.413198
vt 0.097412 0.390046
vt 0.089491 0.395262
vt 0.082038 0.403348
vt 0.081042 0.408299
vt 0.085188 0.405741
vt 0.074703 0.413249
vt 0.076232 0.416678
vt 0.079809 0.417687
vt 0.067600 0.426212
vt 0.070224 0.429147
vt 0.073691 0.431460
vt 0.091370 0.433623
vt 0.093784 0.440732
vt 0.100481 0.433944
vt 0.101568 0.427197
vt 0.099384 0.445853
vt 0.106910 0.434455
vt 0.112965 0.423693
vt 0.081903 0.443101
vt 0.085346 0.450563
vt 0.098811 0.468600
vt 0.108526 0.448803
vt 0.090289 0.458162
vt 0.116376 0.435437
vt 0.125406 0.423131
vt 0.152991 0.442014
vt 0.145719 0.433185
vt 0.135947 0.438085
vt 0.136455 0.445225
vt 0.136405 0.426858
vt 0.126967 0.436697
vt 0.121598 0.447741
vt 0.156870 0.452468
vt 0.137358 0.454551
vt 0.119859 0.459229
vt 0.061753 0.443665
vt 0.057577 0.460893
vt 0.060756 0.455419
vt 0.064603 0.443584
vt 0.055493 0.475339
vt 0.060994 0.461511
vt 0.067102 0.446588
vt 0.058173 0.448227
vt 0.053784 0.468678
vt 0.048582 0.509698
vt 0.056427 0.484805
vt 0.050476 0.487691
vt 0.062844 0.467278
vt 0.070099 0.450837
vt 0.079678 0.469626
vt 0.076975 0.461439
vt 0.070877 0.470147
vt 0.069908 0.478956
vt 0.073487 0.455783
vt 0.066702 0.469819
vt 0.061853 0.484718
vt 0.080640 0.481026
vt 0.068781 0.490902
vt 0.058733 0.500158
vt 0.077489 0.496243
vt 0.067415 0.503467
vt 0.066523 0.513439
vt 0.072454 0.512966
vt 0.058413 0.513572
vt 0.060697 0.523987
vt 0.066254 0.530871
vt 0.088665 0.492064
vt 0.081438 0.511786
vt 0.050378 0.526611
vt 0.053692 0.537769
vt 0.070426 0.566530
vt 0.075364 0.533232
vt 0.058993 0.548778
vt 0.046546 0.495213
vt 0.050098 0.477460
vt 0.047390 0.484601
vt 0.044057 0.498382
vt 0.053502 0.460913
vt 0.048362 0.477803
vt 0.043034 0.497048
vt 0.042769 0.514446
vt 0.040047 0.516275
vt 0.038102 0.517285
vt 0.038474 0.534175
vt 0.036464 0.533931
vt 0.034049 0.547144
vt 0.034385 0.552385
vt 0.034448 0.536798
vt 0.031866 0.554464
vt 0.030427 0.569167
vt 0.041038 0.536877
vt 0.035974 0.557552
vt 0.031211 0.578483
vt 0.050402 0.562176
vt 0.047187 0.551246
vt 0.042658 0.561287
vt 0.042581 0.571827
vt 0.043935 0.543160
vt 0.039161 0.560347
vt 0.035941 0.577839
vt 0.052803 0.576480
vt 0.042965 0.585459
vt 0.034556 0.595024
vt 0.277577 0.510413
vt 0.291322 0.504236
vt 0.274021 0.494598
vt 0.258799 0.494259
vt 0.300812 0.496371
vt 0.271607 0.485742
vt 0.243229 0.478782
vt 0.280344 0.544720
vt 0.296425 0.525055
vt 0.260586 0.514716
vt 0.310042 0.515346
vt 0.240854 0.494830
vt 0.325472 0.508185
vt 0.219280 0.476830
vt 0.336036 0.536129
vt 0.337871 0.526551
vt 0.328801 0.528613
vt 0.324943 0.536109
vt 0.335858 0.517900
vt 0.322575 0.523642
vt 0.312491 0.532931
vt 0.344255 0.544694
vt 0.346806 0.534396
vt 0.332808 0.549095
vt 0.349358 0.524098
vt 0.321130 0.548605
vt 0.351909 0.513800
vt 0.306709 0.547218
vt 0.308491 0.566342
vt 0.313442 0.586486
vt 0.319489 0.579483
vt 0.319572 0.564951
vt 0.319868 0.606081
vt 0.325373 0.587900
vt 0.329316 0.567718
vt 0.297120 0.573086
vt 0.305497 0.595908
vt 0.321488 0.653896
vt 0.327180 0.626596
vt 0.312360 0.620104
vt 0.332872 0.599295
vt 0.338563 0.571995
vt 0.153104 0.462458
vt 0.137862 0.463424
vt 0.137937 0.470257
vt 0.146323 0.472239
vt 0.123322 0.468738
vt 0.129455 0.476410
vt 0.137544 0.482727
vt 0.166719 0.466038
vt 0.155696 0.476209
vt 0.109754 0.478618
vt 0.118560 0.486257
vt 0.135123 0.504915
vt 0.146293 0.488314
vt 0.126785 0.494430
vt 0.114091 0.506251
vt 0.107881 0.498068
vt 0.100004 0.508225
vt 0.100965 0.517405
vt 0.099128 0.493337
vt 0.091645 0.509848
vt 0.087748 0.526966
vt 0.118025 0.516999
vt 0.102926 0.528850
vt 0.087995 0.542689
vt 0.154793 0.492401
vt 0.162810 0.495892
vt 0.166431 0.487233
vt 0.162511 0.481752
vt 0.171898 0.499014
vt 0.174065 0.486042
vt 0.172837 0.474829
vt 0.148167 0.505680
vt 0.157544 0.508094
vt 0.178094 0.524436
vt 0.184374 0.502876
vt 0.166350 0.513030
vt 0.186455 0.487556
vt 0.187793 0.473826
vt 0.240725 0.513603
vt 0.226083 0.496756
vt 0.216490 0.499428
vt 0.221207 0.510562
vt 0.207253 0.482726
vt 0.202485 0.492946
vt 0.201869 0.506604
vt 0.247695 0.531803
vt 0.224469 0.525686
vt 0.202563 0.522735
vt 0.052013 0.593938
vt 0.043657 0.599063
vt 0.044638 0.609687
vt 0.050134 0.611507
vt 0.036832 0.608361
vt 0.041248 0.619210
vt 0.047826 0.628630
vt 0.062029 0.595402
vt 0.058534 0.615937
vt 0.031737 0.620006
vt 0.037765 0.630737
vt 0.058433 0.667379
vt 0.057023 0.637092
vt 0.044940 0.643640
vt 0.040446 0.651683
vt 0.035131 0.640360
vt 0.033638 0.646768
vt 0.036078 0.655667
vt 0.029991 0.632212
vt 0.030271 0.644440
vt 0.031926 0.657226
vt 0.045635 0.666097
vt 0.039549 0.667769
vt 0.035105 0.670727
vt 0.136721 0.545748
vt 0.147108 0.536603
vt 0.145900 0.530090
vt 0.138753 0.533462
vt 0.157208 0.525617
vt 0.151261 0.520550
vt 0.142799 0.519927
vt 0.124017 0.569249
vt 0.136466 0.556704
vt 0.125632 0.552762
vt 0.147860 0.545389
vt 0.128546 0.538032
vt 0.160140 0.534640
vt 0.131783 0.522870
vt 0.118753 0.529554
vt 0.105794 0.538882
vt 0.108585 0.545676
vt 0.117367 0.542424
vt 0.094393 0.551402
vt 0.103428 0.555469
vt 0.114140 0.555807
vt 0.087864 0.566313
vt 0.099598 0.568085
vt 0.111214 0.569472
vt 0.048820 0.681528
vt 0.043288 0.680476
vt 0.046630 0.690783
vt 0.051308 0.695984
vt 0.040515 0.684612
vt 0.046723 0.697438
vt 0.053789 0.709276
vt 0.057552 0.690022
vt 0.059110 0.706031
vt 0.041081 0.693813
vt 0.048609 0.707648
vt 0.068279 0.740492
vt 0.062477 0.721994
vt 0.056738 0.721842
vt 0.064456 0.746567
vt 0.062394 0.740595
vt 0.056441 0.729133
vt 0.055221 0.727712
vt 0.059623 0.732241
vt 0.052446 0.719400
vt 0.046879 0.709418
vt 0.074053 0.764083
vt 0.070640 0.755027
vt 0.068498 0.747422
vt 0.083232 0.777331
vt 0.091504 0.787256
vt 0.086176 0.778119
vt 0.079283 0.768402
vt 0.098364 0.794260
vt 0.088354 0.778973
vt 0.078373 0.763494
vt 0.103941 0.798708
vt 0.092000 0.780909
vt 0.080778 0.762956
vt 0.107285 0.789487
vt 0.096225 0.777511
vt 0.100457 0.786252
vt 0.108683 0.796569
vt 0.087234 0.768400
vt 0.096550 0.783820
vt 0.107296 0.799187
vt 0.118968 0.791835
vt 0.102466 0.776380
vt 0.119258 0.803009
vt 0.090061 0.763856
vt 0.119103 0.808921
vt 0.078930 0.751889
vt 0.118715 0.813582
vt 0.092794 0.755733
vt 0.081265 0.732511
vt 0.077408 0.733283
vt 0.082978 0.747264
vt 0.069082 0.709380
vt 0.068870 0.720353
vt 0.072554 0.735201
vt 0.101392 0.759577
vt 0.087158 0.731923
vt 0.073622 0.703711
vt 0.130021 0.816426
vt 0.128666 0.819603
vt 0.135423 0.826719
vt 0.138877 0.827746
vt 0.129135 0.824157
vt 0.138339 0.831902
vt 0.146304 0.837428
vt 0.133302 0.814998
vt 0.143052 0.828536
vt 0.152455 0.840083
vt 0.289424 0.588076
vt 0.283716 0.605764
vt 0.291175 0.612584
vt 0.297575 0.605374
vt 0.278923 0.624439
vt 0.290876 0.626819
vt 0.302016 0.625754
vt 0.277043 0.576900
vt 0.272389 0.599379
vt 0.253996 0.642862
vt 0.274713 0.642275
vt 0.265678 0.620265
vt 0.288859 0.643412
vt 0.302166 0.645771
vt 0.241089 0.547565
vt 0.223025 0.540583
vt 0.219386 0.551869
vt 0.227684 0.560532
vt 0.204331 0.539285
vt 0.206560 0.555250
vt 0.211018 0.570769
vt 0.255825 0.560136
vt 0.237002 0.572888
vt 0.187156 0.543222
vt 0.191359 0.560266
vt 0.194326 0.600667
vt 0.217849 0.585707
vt 0.193856 0.578237
vt 0.260844 0.578162
vt 0.244147 0.586150
vt 0.248187 0.596637
vt 0.259266 0.596763
vt 0.228399 0.597706
vt 0.240001 0.607135
vt 0.252578 0.614155
vt 0.214849 0.610177
vt 0.229505 0.618876
vt 0.242183 0.628310
vt 0.138402 0.564714
vt 0.141897 0.569721
vt 0.147378 0.561013
vt 0.147719 0.554263
vt 0.147333 0.571796
vt 0.153023 0.559385
vt 0.157747 0.546802
vt 0.130683 0.576510
vt 0.136024 0.580737
vt 0.148441 0.586018
vt 0.153942 0.573612
vt 0.141827 0.583560
vt 0.160220 0.559862
vt 0.167670 0.544953
vt 0.174983 0.552809
vt 0.166781 0.564414
vt 0.171563 0.569951
vt 0.179144 0.565671
vt 0.161047 0.576931
vt 0.169206 0.580119
vt 0.179758 0.580714
vt 0.156045 0.588931
vt 0.165037 0.592069
vt 0.176217 0.595264
vt 0.128783 0.607316
vt 0.133334 0.601802
vt 0.130043 0.597529
vt 0.125778 0.598397
vt 0.137292 0.593751
vt 0.131962 0.590764
vt 0.126440 0.588131
vt 0.131889 0.625436
vt 0.135525 0.613771
vt 0.122019 0.608887
vt 0.139203 0.605554
vt 0.119126 0.597269
vt 0.143504 0.596569
vt 0.119396 0.585112
vt 0.091632 0.580945
vt 0.100545 0.593413
vt 0.103237 0.589147
vt 0.100201 0.580242
vt 0.111457 0.603229
vt 0.110488 0.593428
vt 0.109996 0.582276
vt 0.086495 0.587019
vt 0.099116 0.600720
vt 0.112730 0.613152
vt 0.145470 0.614549
vt 0.156380 0.611525
vt 0.153902 0.607143
vt 0.146924 0.607181
vt 0.167163 0.605384
vt 0.159102 0.601512
vt 0.150970 0.598961
vt 0.147526 0.621631
vt 0.160297 0.617063
vt 0.174280 0.611118
vt 0.091930 0.643911
vt 0.082319 0.625130
vt 0.076603 0.630279
vt 0.080264 0.643710
vt 0.072238 0.608045
vt 0.068282 0.623165
vt 0.068361 0.641394
vt 0.120359 0.668533
vt 0.102250 0.642356
vt 0.100630 0.662803
vt 0.089920 0.620826
vt 0.086052 0.660555
vt 0.079447 0.598767
vt 0.072877 0.660950
vt 0.108069 0.637432
vt 0.111123 0.631048
vt 0.102514 0.620374
vt 0.097081 0.619670
vt 0.112371 0.622645
vt 0.100230 0.610977
vt 0.089333 0.601947
vt 0.121198 0.653152
vt 0.122650 0.643614
vt 0.125293 0.635207
vt 0.106261 0.755177
vt 0.108674 0.746019
vt 0.099260 0.732104
vt 0.093774 0.731845
vt 0.109095 0.733054
vt 0.095940 0.718752
vt 0.083735 0.708501
vt 0.119199 0.776175
vt 0.120073 0.762880
vt 0.126298 0.735815
vt 0.109164 0.718787
vt 0.121833 0.749644
vt 0.093940 0.703754
vt 0.078660 0.688447
vt 0.083034 0.678311
vt 0.095425 0.692804
vt 0.098518 0.686722
vt 0.092765 0.675768
vt 0.109064 0.705148
vt 0.108464 0.692562
vt 0.105757 0.678935
vt 0.123336 0.715685
vt 0.121721 0.700822
vt 0.120733 0.686709
vt 0.135604 0.698946
vt 0.134691 0.709466
vt 0.144428 0.716329
vt 0.149088 0.712863
vt 0.136859 0.722757
vt 0.149338 0.727098
vt 0.161002 0.728395
vt 0.139794 0.691347
vt 0.154966 0.708330
vt 0.140882 0.738745
vt 0.154340 0.741805
vt 0.195300 0.751744
vt 0.170837 0.725717
vt 0.169478 0.745597
vt 0.131951 0.766883
vt 0.129631 0.777251
vt 0.135947 0.786439
vt 0.139649 0.783103
vt 0.129997 0.790027
vt 0.138493 0.797331
vt 0.145751 0.798703
vt 0.137292 0.759203
vt 0.145279 0.778032
vt 0.132986 0.803982
vt 0.142132 0.810095
vt 0.161636 0.813451
vt 0.152850 0.795412
vt 0.150766 0.813067
vt 0.159561 0.787512
vt 0.165428 0.776539
vt 0.158204 0.768871
vt 0.152185 0.772840
vt 0.169452 0.762280
vt 0.157118 0.757111
vt 0.146236 0.756257
vt 0.168250 0.800305
vt 0.174588 0.786899
vt 0.182086 0.772127
vt 0.153998 0.824511
vt 0.146224 0.821012
vt 0.149557 0.828048
vt 0.155630 0.832632
vt 0.139322 0.817518
vt 0.146844 0.828711
vt 0.155239 0.837826
vt 0.163028 0.827826
vt 0.164056 0.836871
vt 0.165000 0.844363
vt 0.155103 0.627653
vt 0.165018 0.631910
vt 0.168847 0.627278
vt 0.164852 0.622824
vt 0.176454 0.634274
vt 0.177807 0.627056
vt 0.177300 0.619149
vt 0.149777 0.634349
vt 0.162461 0.638506
vt 0.188311 0.643541
vt 0.189195 0.635925
vt 0.175070 0.641441
vt 0.190308 0.627664
vt 0.191952 0.617637
vt 0.202643 0.637490
vt 0.216052 0.637919
vt 0.213305 0.631933
vt 0.203337 0.629769
vt 0.229229 0.635472
vt 0.220021 0.627344
vt 0.207055 0.621092
vt 0.202357 0.644898
vt 0.217055 0.645400
vt 0.232673 0.644869
vt 0.157684 0.668688
vt 0.147731 0.658238
vt 0.142670 0.660008
vt 0.146708 0.667570
vt 0.137062 0.647410
vt 0.134006 0.653726
vt 0.134531 0.662749
vt 0.185991 0.678994
vt 0.167032 0.666811
vt 0.166621 0.679950
vt 0.154344 0.655920
vt 0.152617 0.678143
vt 0.143334 0.643709
vt 0.138885 0.674770
vt 0.172067 0.661914
vt 0.174361 0.655850
vt 0.165755 0.652107
vt 0.160754 0.653784
vt 0.174727 0.648836
vt 0.163257 0.646052
vt 0.152786 0.644068
vt 0.186214 0.666899
vt 0.186649 0.658826
vt 0.187408 0.651146
vt 0.226740 0.653965
vt 0.214232 0.652657
vt 0.210098 0.657914
vt 0.215649 0.661198
vt 0.200903 0.652180
vt 0.199831 0.659159
vt 0.201615 0.665923
vt 0.237713 0.657359
vt 0.222876 0.665841
vt 0.206928 0.672728
vt 0.148448 0.689239
vt 0.160440 0.703482
vt 0.164543 0.699517
vt 0.159144 0.689932
vt 0.174410 0.716216
vt 0.174447 0.704703
vt 0.171833 0.692390
vt 0.189912 0.724523
vt 0.187691 0.709093
vt 0.186455 0.695154
vt 0.243994 0.664874
vt 0.230107 0.671324
vt 0.235535 0.675902
vt 0.246170 0.673905
vt 0.217359 0.678486
vt 0.229971 0.682366
vt 0.244260 0.683700
vt 0.258557 0.659214
vt 0.259564 0.670937
vt 0.206750 0.687093
vt 0.222766 0.691273
vt 0.259312 0.697690
vt 0.259439 0.682265
vt 0.238799 0.694458
vt 0.229047 0.705271
vt 0.216108 0.700968
vt 0.211464 0.708732
vt 0.217608 0.714869
vt 0.201782 0.698082
vt 0.201101 0.709925
vt 0.204582 0.722228
vt 0.240262 0.711693
vt 0.226021 0.722648
vt 0.212469 0.734121
vt 0.295467 0.659677
vt 0.285082 0.656572
vt 0.281204 0.664743
vt 0.285538 0.669339
vt 0.272770 0.656540
vt 0.272167 0.667585
vt 0.273532 0.676822
vt 0.303881 0.665329
vt 0.290857 0.674928
vt 0.277559 0.684524
vt 0.307786 0.672698
vt 0.296126 0.680124
vt 0.300161 0.683941
vt 0.308667 0.681020
vt 0.285848 0.688932
vt 0.295775 0.690817
vt 0.306900 0.690426
vt 0.320665 0.665566
vt 0.319841 0.677236
vt 0.277656 0.699583
vt 0.290553 0.700514
vt 0.318194 0.700575
vt 0.319018 0.688905
vt 0.302969 0.701191
vt 0.296448 0.713372
vt 0.286152 0.711165
vt 0.283300 0.719724
vt 0.288705 0.724715
vt 0.274552 0.711657
vt 0.275222 0.723401
vt 0.279425 0.734196
vt 0.305819 0.718813
vt 0.296095 0.731755
vt 0.261216 0.714679
vt 0.263926 0.728061
vt 0.275995 0.758455
vt 0.286783 0.744096
vt 0.268085 0.741594
vt 0.247199 0.721396
vt 0.234798 0.730191
vt 0.241848 0.735855
vt 0.251586 0.732511
vt 0.225764 0.741537
vt 0.240105 0.745155
vt 0.254417 0.745088
vt 0.223509 0.756557
vt 0.241291 0.758849
vt 0.257886 0.759897
vt 0.312989 0.729274
vt 0.303869 0.739533
vt 0.310047 0.745819
vt 0.318148 0.742257
vt 0.297024 0.751423
vt 0.308421 0.755792
vt 0.320828 0.756730
vt 0.323575 0.719059
vt 0.328955 0.737544
vt 0.292522 0.765526
vt 0.306475 0.769557
vt 0.339716 0.774512
vt 0.334336 0.756028
vt 0.320904 0.772485
vt 0.317020 0.788819
vt 0.304642 0.784217
vt 0.303207 0.795492
vt 0.310384 0.803064
vt 0.291858 0.781722
vt 0.294384 0.797947
vt 0.300381 0.813286
vt 0.329283 0.796040
vt 0.320339 0.812129
vt 0.277706 0.779290
vt 0.281472 0.797866
vt 0.292651 0.842197
vt 0.310076 0.826564
vt 0.286280 0.816682
vt 0.234045 0.775262
vt 0.250250 0.793303
vt 0.254600 0.787308
vt 0.247427 0.774579
vt 0.268349 0.808131
vt 0.266685 0.793236
vt 0.262358 0.776697
vt 0.223587 0.780471
vt 0.244764 0.801087
vt 0.265769 0.820396
vt 0.339812 0.807290
vt 0.331060 0.820329
vt 0.339546 0.826010
vt 0.348312 0.820520
vt 0.324195 0.833794
vt 0.339055 0.836307
vt 0.353940 0.834992
vt 0.349681 0.793702
vt 0.359647 0.812891
vt 0.319839 0.847141
vt 0.338095 0.848393
vt 0.379577 0.851270
vt 0.369612 0.832081
vt 0.355811 0.848831
vt 0.351515 0.859684
vt 0.336767 0.858601
vt 0.335495 0.865277
vt 0.343548 0.868293
vt 0.321353 0.858907
vt 0.325844 0.868070
vt 0.332792 0.875314
vt 0.366749 0.861551
vt 0.353921 0.871832
vt 0.305599 0.860735
vt 0.313083 0.871047
vt 0.328264 0.892394
vt 0.341092 0.882113
vt 0.319860 0.880053
vt 0.227628 0.824652
vt 0.242458 0.827039
vt 0.235107 0.815187
vt 0.223093 0.809168
vt 0.255603 0.825967
vt 0.239338 0.809095
vt 0.221206 0.793770
vt 0.214399 0.837837
vt 0.232705 0.838730
vt 0.212594 0.821508
vt 0.249334 0.840467
vt 0.208776 0.804184
vt 0.266820 0.841862
vt 0.203681 0.784147
vt 0.177992 0.809719
vt 0.188167 0.815866
vt 0.189306 0.805948
vt 0.183108 0.797696
vt 0.199367 0.818914
vt 0.196948 0.803960
vt 0.191212 0.787795
vt 0.174632 0.821633
vt 0.186193 0.826976
vt 0.198426 0.831451
vt 0.175820 0.845870
vt 0.185564 0.844102
vt 0.180668 0.840063
vt 0.173265 0.839332
vt 0.193240 0.839578
vt 0.183319 0.835352
vt 0.173146 0.831630
vt 0.181919 0.852021
vt 0.192894 0.849004
vt 0.203111 0.844883
vt 0.266847 0.853403
vt 0.252085 0.850772
vt 0.252040 0.856770
vt 0.260481 0.860568
vt 0.237642 0.849604
vt 0.242821 0.857759
vt 0.250413 0.864552
vt 0.281410 0.857934
vt 0.271418 0.865400
vt 0.223666 0.849737
vt 0.230500 0.858272
vt 0.248515 0.875726
vt 0.261103 0.870655
vt 0.237508 0.866006
vt 0.193745 0.857224
vt 0.207578 0.861437
vt 0.208959 0.858039
vt 0.201566 0.854087
vt 0.222350 0.864488
vt 0.218203 0.858288
vt 0.211604 0.851590
vt 0.189259 0.861026
vt 0.206530 0.865502
vt 0.224178 0.869950
vt 0.292618 0.865478
vt 0.282405 0.870533
vt 0.290859 0.874489
vt 0.300396 0.873290
vt 0.275263 0.875546
vt 0.290083 0.879018
vt 0.305046 0.880718
vt 0.272682 0.880989
vt 0.290510 0.884485
vt 0.307966 0.887625
vt 0.209185 0.875973
vt 0.216792 0.875478
vt 0.207252 0.871773
vt 0.198953 0.870611
vt 0.221735 0.873539
vt 0.206576 0.869176
vt 0.191943 0.865630
vt 0.222807 0.881712
vt 0.230279 0.880603
vt 0.237831 0.878993
vt 0.240579 0.887615
vt 0.259180 0.893142
vt 0.256864 0.890512
vt 0.245005 0.886133
vt 0.277400 0.897916
vt 0.266428 0.891992
vt 0.252980 0.885525
vt 0.239264 0.889657
vt 0.261359 0.895864
vt 0.293689 0.900938
vt 0.284124 0.902452
vt 0.278236 0.893306
vt 0.264130 0.885704
vt 0.303057 0.899752
vt 0.307685 0.896714
vt 0.296447 0.893520
vt 0.288866 0.893714
vt 0.308812 0.892733
vt 0.293188 0.889699
vt 0.278341 0.887360
vt 0.320032 0.904406
vt 0.322679 0.899763
vt 0.325052 0.895658
vt 0.281365 0.903296
vt 0.262058 0.897575
vt 0.261809 0.898360
vt 0.272941 0.901941
vt 0.243052 0.892311
vt 0.250211 0.895421
vt 0.260716 0.899277
vt 0.337655 0.905218
vt 0.354292 0.903808
vt 0.349140 0.901447
vt 0.337731 0.901195
vt 0.368551 0.901148
vt 0.354865 0.898971
vt 0.340491 0.897453
vt 0.377401 0.896863
vt 0.359830 0.895001
vt 0.344059 0.893311
vt 0.356961 0.877799
vt 0.350611 0.882812
vt 0.360091 0.885610
vt 0.368362 0.883571
vt 0.347086 0.888167
vt 0.361055 0.889989
vt 0.375878 0.890218
vt 0.347967 0.865708
vt 0.343041 0.872380
vt 0.367865 0.872319
vt 0.338116 0.879051
vt 0.380502 0.879363
vt 0.333190 0.885723
vt 0.391813 0.887224
vt 0.406093 0.878255
vt 0.418049 0.867221
vt 0.406383 0.866844
vt 0.394617 0.872915
vt 0.427367 0.855667
vt 0.406556 0.859956
vt 0.385794 0.865981
vt 0.420202 0.880688
vt 0.432394 0.867054
vt 0.436212 0.843392
vt 0.445790 0.853373
vt 0.406797 0.850831
vt 0.377382 0.858269
vt 0.436920 0.876497
vt 0.453889 0.869022
vt 0.454875 0.864089
vt 0.445364 0.865861
vt 0.471891 0.858988
vt 0.466345 0.856214
vt 0.458158 0.854153
vt 0.434474 0.884020
vt 0.454564 0.873494
vt 0.505651 0.844250
vt 0.491314 0.846882
vt 0.476049 0.861648
vt 0.482453 0.845504
vt 0.475127 0.841859
vt 0.477312 0.864676
vt 0.457971 0.875260
vt 0.462279 0.874950
vt 0.476080 0.868002
vt 0.442458 0.883832
vt 0.455165 0.879609
vt 0.471313 0.872633
vt 0.502089 0.850541
vt 0.498583 0.855360
vt 0.432073 0.890069
vt 0.448911 0.883771
vt 0.494415 0.860265
vt 0.464920 0.877686
vt 0.447489 0.886826
vt 0.454583 0.883636
vt 0.446249 0.886495
vt 0.438293 0.889716
vt 0.459745 0.880992
vt 0.446368 0.885871
vt 0.432230 0.891273
vt 0.509887 0.834211
vt 0.526013 0.822148
vt 0.513832 0.826056
vt 0.499801 0.834618
vt 0.538378 0.811067
vt 0.516710 0.820359
vt 0.495547 0.830497
vt 0.527008 0.828146
vt 0.544337 0.814597
vt 0.581207 0.786553
vt 0.545412 0.801705
vt 0.561365 0.800886
vt 0.519833 0.812840
vt 0.495436 0.823383
vt 0.500442 0.814194
vt 0.521244 0.805973
vt 0.521357 0.801149
vt 0.508786 0.804135
vt 0.542607 0.796146
vt 0.533769 0.793457
vt 0.520680 0.793246
vt 0.478922 0.822018
vt 0.492217 0.808084
vt 0.565607 0.784968
vt 0.550007 0.783384
vt 0.518806 0.780214
vt 0.505511 0.794149
vt 0.534406 0.781799
vt 0.532205 0.832625
vt 0.526979 0.838024
vt 0.551658 0.822341
vt 0.564268 0.812985
vt 0.528530 0.838912
vt 0.564204 0.815354
vt 0.595840 0.793599
vt 0.541008 0.824609
vt 0.576653 0.803001
vt 0.538200 0.834797
vt 0.580800 0.806271
vt 0.617210 0.777422
vt 0.623468 0.777329
vt 0.582897 0.789944
vt 0.565660 0.803824
vt 0.583423 0.793863
vt 0.601580 0.780499
vt 0.552453 0.814825
vt 0.582390 0.796804
vt 0.614936 0.775232
vt 0.602107 0.773142
vt 0.622007 0.763075
vt 0.643952 0.752668
vt 0.635545 0.772201
vt 0.596996 0.797949
vt 0.609084 0.792054
vt 0.636945 0.774437
vt 0.561964 0.821808
vt 0.593244 0.803901
vt 0.629653 0.782314
vt 0.656220 0.735483
vt 0.659076 0.722929
vt 0.645270 0.734231
vt 0.636873 0.746439
vt 0.656922 0.714238
vt 0.638751 0.733579
vt 0.621075 0.753340
vt 0.676479 0.720975
vt 0.675210 0.708575
vt 0.677048 0.678476
vt 0.650723 0.709700
vt 0.674492 0.696242
vt 0.630294 0.732940
vt 0.609189 0.756163
vt 0.638770 0.712837
vt 0.623776 0.720716
vt 0.616326 0.732446
vt 0.622222 0.732583
vt 0.606483 0.732313
vt 0.603060 0.744076
vt 0.603797 0.752244
vt 0.655315 0.691897
vt 0.633582 0.705317
vt 0.590115 0.732158
vt 0.587888 0.745757
vt 0.611848 0.718738
vt 0.585661 0.759356
vt 0.583434 0.772954
vt 0.710589 0.668258
vt 0.699650 0.674622
vt 0.697130 0.684976
vt 0.702399 0.685833
vt 0.688228 0.683583
vt 0.688497 0.694946
vt 0.691364 0.703743
vt 0.735566 0.637600
vt 0.713678 0.653585
vt 0.722365 0.662325
vt 0.700703 0.662826
vt 0.709163 0.687050
vt 0.688697 0.670844
vt 0.695962 0.711774
vt 0.707611 0.645758
vt 0.698098 0.642105
vt 0.694973 0.648191
vt 0.698453 0.653685
vt 0.687724 0.640775
vt 0.687337 0.649216
vt 0.688084 0.659016
vt 0.712977 0.636621
vt 0.699630 0.634835
vt 0.676396 0.632240
vt 0.676932 0.639944
vt 0.687754 0.633402
vt 0.677073 0.649160
vt 0.676894 0.660465
vt 0.665263 0.655625
vt 0.666713 0.646825
vt 0.658851 0.643935
vt 0.654408 0.647529
vt 0.666183 0.638591
vt 0.655764 0.637599
vt 0.645458 0.638181
vt 0.662838 0.665440
vt 0.648627 0.652405
vt 0.665160 0.631200
vt 0.653459 0.630365
vt 0.634417 0.639369
vt 0.640164 0.629591
vt 0.708877 0.628758
vt 0.699417 0.622578
vt 0.694105 0.624242
vt 0.697522 0.628508
vt 0.686827 0.617788
vt 0.685337 0.622094
vt 0.686474 0.627189
vt 0.721539 0.626857
vt 0.708461 0.619848
vt 0.669450 0.606567
vt 0.672226 0.615243
vt 0.693647 0.613589
vt 0.674083 0.620438
vt 0.675451 0.625867
vt 0.658463 0.616770
vt 0.647975 0.620005
vt 0.655079 0.621394
vt 0.663211 0.620431
vt 0.641590 0.623981
vt 0.653685 0.624730
vt 0.664610 0.625161
vt 0.647017 0.615016
vt 0.635132 0.619721
vt 0.625710 0.623853
vt 0.733847 0.621324
vt 0.744527 0.613971
vt 0.731660 0.612471
vt 0.720685 0.616005
vt 0.751968 0.605852
vt 0.730236 0.607264
vt 0.709786 0.610016
vt 0.748543 0.626752
vt 0.761521 0.615904
vt 0.787475 0.594208
vt 0.757969 0.597298
vt 0.774498 0.605056
vt 0.728463 0.600388
vt 0.698956 0.603477
vt 0.570990 0.626977
vt 0.585823 0.627273
vt 0.600614 0.623409
vt 0.598292 0.621609
vt 0.605298 0.625642
vt 0.617061 0.621342
vt 0.624678 0.617272
vt 0.562906 0.623975
vt 0.596312 0.618295
vt 0.628495 0.612677
vt 0.567564 0.617576
vt 0.596064 0.613593
vt 0.596788 0.609208
vt 0.579952 0.609659
vt 0.624166 0.608004
vt 0.614345 0.603819
vt 0.598674 0.600942
vt 0.538224 0.619304
vt 0.556440 0.609597
vt 0.653439 0.601539
vt 0.637427 0.596512
vt 0.605404 0.586456
vt 0.576022 0.599247
vt 0.621416 0.591484
vt 0.477292 0.603186
vt 0.491449 0.611572
vt 0.510626 0.607219
vt 0.510186 0.600451
vt 0.512288 0.616918
vt 0.530876 0.608654
vt 0.544009 0.599229
vt 0.422631 0.590743
vt 0.447424 0.608049
vt 0.471139 0.591339
vt 0.467742 0.616989
vt 0.510351 0.590225
vt 0.488946 0.624055
vt 0.551066 0.588113
vt 0.478765 0.576825
vt 0.511391 0.578395
vt 0.512806 0.568404
vt 0.494089 0.562822
vt 0.546251 0.575457
vt 0.534059 0.562661
vt 0.515718 0.550480
vt 0.450770 0.567842
vt 0.472064 0.551961
vt 0.583922 0.570553
vt 0.562441 0.554651
vt 0.519477 0.522845
vt 0.493949 0.536855
vt 0.540959 0.538748
vt 0.423084 0.494119
vt 0.426533 0.521899
vt 0.441639 0.521436
vt 0.446604 0.505207
vt 0.434775 0.547376
vt 0.453622 0.536134
vt 0.470321 0.520715
vt 0.388015 0.444120
vt 0.403999 0.489296
vt 0.420881 0.463801
vt 0.410878 0.522473
vt 0.453746 0.483483
vt 0.416523 0.553608
vt 0.486612 0.503164
vt 0.412794 0.632578
vt 0.435498 0.631549
vt 0.431739 0.626384
vt 0.415827 0.625058
vt 0.461344 0.628844
vt 0.446193 0.622372
vt 0.427186 0.616588
vt 0.394066 0.641077
vt 0.414520 0.639651
vt 0.393238 0.633582
vt 0.439582 0.638170
vt 0.397245 0.624944
vt 0.470508 0.635947
vt 0.406395 0.613628
vt 0.386602 0.618106
vt 0.370685 0.625824
vt 0.371313 0.630363
vt 0.381281 0.627477
vt 0.359030 0.634507
vt 0.365965 0.636631
vt 0.377402 0.635482
vt 0.390604 0.605971
vt 0.371875 0.616988
vt 0.340508 0.636896
vt 0.355227 0.643858
vt 0.356598 0.626593
vt 0.365015 0.644091
vt 0.377629 0.642784
vt 0.418659 0.646525
vt 0.426817 0.652883
vt 0.441344 0.649928
vt 0.441129 0.644875
vt 0.442074 0.658216
vt 0.457601 0.651294
vt 0.467575 0.643765
vt 0.399351 0.648238
vt 0.408924 0.655488
vt 0.422591 0.663431
vt 0.365109 0.653351
vt 0.381920 0.660210
vt 0.380841 0.656057
vt 0.371555 0.651070
vt 0.401412 0.663691
vt 0.392230 0.656415
vt 0.383259 0.649667
vt 0.363538 0.658627
vt 0.384700 0.667019
vt 0.408317 0.672361
vt 0.369426 0.670697
vt 0.379778 0.684436
vt 0.389992 0.684005
vt 0.387661 0.676087
vt 0.394001 0.697839
vt 0.403131 0.691036
vt 0.408121 0.681968
vt 0.353682 0.665731
vt 0.367099 0.683885
vt 0.381298 0.700715
vt 0.395095 0.495004
vt 0.391526 0.506534
vt 0.395942 0.523631
vt 0.400898 0.523247
vt 0.388937 0.522906
vt 0.395280 0.539948
vt 0.403489 0.550080
vt 0.386498 0.465849
vt 0.385002 0.482783
vt 0.375614 0.517838
vt 0.384600 0.543391
vt 0.382380 0.498878
vt 0.391514 0.560175
vt 0.400450 0.574551
vt 0.377449 0.567533
vt 0.368896 0.590277
vt 0.375382 0.591887
vt 0.383488 0.578917
vt 0.361197 0.610487
vt 0.373798 0.604178
vt 0.388152 0.592303
vt 0.370492 0.559450
vt 0.361619 0.586845
vt 0.351190 0.610095
vt 0.374756 0.468248
vt 0.377203 0.457704
vt 0.370409 0.437834
vt 0.366360 0.436147
vt 0.376693 0.440251
vt 0.366794 0.418916
vt 0.357676 0.403342
vt 0.369367 0.470810
vt 0.360574 0.433209
vt 0.374786 0.418914
vt 0.361557 0.393708
vt 0.335099 0.343296
vt 0.349776 0.394309
vt 0.348328 0.368502
vt 0.361228 0.460665
vt 0.354412 0.429430
vt 0.349358 0.426001
vt 0.351488 0.443281
vt 0.344480 0.395916
vt 0.341239 0.404541
vt 0.340154 0.419734
vt 0.363980 0.488631
vt 0.352830 0.464868
vt 0.332590 0.359643
vt 0.330080 0.375990
vt 0.325061 0.408683
vt 0.340348 0.440208
vt 0.327571 0.392336
vt 0.348445 0.298072
vt 0.341808 0.328692
vt 0.340616 0.331288
vt 0.343978 0.314559
vt 0.334837 0.360042
vt 0.336061 0.350612
vt 0.338566 0.335749
vt 0.361688 0.241884
vt 0.352531 0.283584
vt 0.355041 0.267237
vt 0.343375 0.325284
vt 0.348394 0.292590
vt 0.334218 0.366983
vt 0.341746 0.317943
vt 0.344812 0.283256
vt 0.336995 0.285841
vt 0.334961 0.307581
vt 0.338591 0.315242
vt 0.328735 0.294913
vt 0.329391 0.321580
vt 0.331466 0.344478
vt 0.350686 0.249578
vt 0.339683 0.257272
vt 0.317678 0.272659
vt 0.320557 0.310835
vt 0.328681 0.264965
vt 0.322520 0.339603
vt 0.324205 0.368954
vt 0.341751 0.466006
vt 0.343232 0.491778
vt 0.350403 0.498522
vt 0.352238 0.484871
vt 0.344828 0.516590
vt 0.354068 0.516779
vt 0.360798 0.507293
vt 0.331105 0.451226
vt 0.333818 0.482095
vt 0.331290 0.532348
vt 0.345303 0.540601
vt 0.334428 0.508347
vt 0.356124 0.539652
vt 0.365409 0.532700
vt 0.362940 0.559312
vt 0.354699 0.561573
vt 0.351815 0.576887
vt 0.355799 0.582145
vt 0.344625 0.563222
vt 0.344008 0.582745
vt 0.345787 0.598798
vt 0.332779 0.559982
vt 0.332848 0.582112
vt 0.333587 0.603577
vt 0.305710 0.390273
vt 0.311874 0.390459
vt 0.312078 0.369984
vt 0.308394 0.362399
vt 0.317828 0.383519
vt 0.316336 0.357083
vt 0.313482 0.335565
vt 0.296389 0.418819
vt 0.305983 0.419318
vt 0.298749 0.385003
vt 0.313043 0.417414
vt 0.302709 0.354316
vt 0.319617 0.413936
vt 0.308173 0.321066
vt 0.322874 0.445103
vt 0.316205 0.444325
vt 0.319479 0.463941
vt 0.325361 0.472178
vt 0.310229 0.447823
vt 0.316808 0.472781
vt 0.324897 0.492840
vt 0.303908 0.452750
vt 0.312011 0.480241
vt 0.320684 0.505178
vt 0.291289 0.374709
vt 0.295623 0.349170
vt 0.289556 0.346647
vt 0.284420 0.361313
vt 0.299203 0.320878
vt 0.288834 0.329290
vt 0.278748 0.343607
vt 0.286647 0.397162
vt 0.278777 0.379619
vt 0.302849 0.289457
vt 0.288020 0.306255
vt 0.258361 0.339850
vt 0.270686 0.362338
vt 0.273190 0.323052
vt 0.297488 0.458729
vt 0.292197 0.466430
vt 0.299542 0.481932
vt 0.305398 0.482606
vt 0.289572 0.479866
vt 0.301238 0.495855
vt 0.312031 0.505048
vt 0.289319 0.434385
vt 0.283633 0.445577
vt 0.273699 0.486993
vt 0.290607 0.501096
vt 0.278618 0.458906
vt 0.304187 0.515744
vt 0.317376 0.527752
vt 0.320210 0.550512
vt 0.308173 0.538494
vt 0.311975 0.556942
vt 0.321031 0.570815
vt 0.297582 0.530317
vt 0.307574 0.560411
vt 0.319931 0.587239
vt 0.290755 0.532561
vt 0.303741 0.567959
vt 0.318171 0.601835
vt 0.281746 0.413421
vt 0.274770 0.396837
vt 0.272782 0.409898
vt 0.276855 0.425034
vt 0.267275 0.385654
vt 0.267549 0.409244
vt 0.271225 0.433718
vt 0.258290 0.384107
vt 0.260124 0.412251
vt 0.263879 0.441587
vt 0.364382 0.696544
vt 0.355149 0.681814
vt 0.346147 0.679191
vt 0.347208 0.687568
vt 0.342805 0.664503
vt 0.335468 0.666649
vt 0.330070 0.673477
vt 0.366664 0.710635
vt 0.345309 0.699195
vt 0.329000 0.641376
vt 0.322366 0.645485
vt 0.294259 0.665602
vt 0.324167 0.685941
vt 0.314370 0.651402
vt 0.291991 0.554505
vt 0.297284 0.585235
vt 0.303341 0.594349
vt 0.302726 0.581150
vt 0.304405 0.619308
vt 0.310958 0.617987
vt 0.315035 0.611747
vt 0.283145 0.538079
vt 0.290566 0.577578
vt 0.295806 0.617294
vt 0.318967 0.704502
vt 0.314717 0.724111
vt 0.330316 0.723609
vt 0.338387 0.712530
vt 0.313932 0.742931
vt 0.336500 0.734076
vt 0.355102 0.723115
vt 0.295759 0.701346
vt 0.292988 0.725484
vt 0.319304 0.758427
vt 0.288248 0.749084
vt 0.345415 0.745572
vt 0.369948 0.734323
vt 0.335689 0.765053
vt 0.357863 0.766224
vt 0.365832 0.758145
vt 0.356359 0.753706
vt 0.383158 0.764257
vt 0.383600 0.754014
vt 0.379056 0.744474
vt 0.314538 0.778407
vt 0.347472 0.776731
vt 0.380405 0.775054
vt 0.269440 0.708673
vt 0.243377 0.720551
vt 0.251220 0.730555
vt 0.269815 0.728006
vt 0.218485 0.735096
vt 0.239105 0.743611
vt 0.262771 0.748495
vt 0.259924 0.692658
vt 0.230753 0.709360
vt 0.163517 0.741559
vt 0.193039 0.751190
vt 0.200428 0.724769
vt 0.222561 0.760821
vt 0.252083 0.770452
vt 0.176488 0.688903
vt 0.178300 0.701930
vt 0.201409 0.696170
vt 0.209644 0.685882
vt 0.187011 0.713586
vt 0.215082 0.701040
vt 0.237956 0.686359
vt 0.131192 0.677510
vt 0.139273 0.693522
vt 0.182623 0.674553
vt 0.147355 0.709535
vt 0.219940 0.672395
vt 0.155436 0.725547
vt 0.254302 0.669511
vt 0.200321 0.658989
vt 0.229645 0.658686
vt 0.235847 0.647633
vt 0.221151 0.643569
vt 0.258039 0.652761
vt 0.253696 0.638613
vt 0.241950 0.627285
vt 0.173864 0.653519
vt 0.202127 0.636368
vt 0.280056 0.637865
vt 0.270627 0.621922
vt 0.242725 0.590926
vt 0.224823 0.617646
vt 0.259016 0.607348
vt 0.278111 0.543748
vt 0.274465 0.561075
vt 0.280410 0.578358
vt 0.284992 0.576212
vt 0.269390 0.583927
vt 0.278909 0.598779
vt 0.287274 0.609340
vt 0.268347 0.516024
vt 0.265322 0.541517
vt 0.258929 0.566368
vt 0.203712 0.610706
vt 0.179904 0.605606
vt 0.172794 0.618633
vt 0.185044 0.627004
vt 0.152013 0.602861
vt 0.152179 0.622239
vt 0.158979 0.639872
vt 0.215074 0.590965
vt 0.187792 0.587907
vt 0.117183 0.575332
vt 0.120685 0.600877
vt 0.157371 0.582891
vt 0.124188 0.626421
vt 0.127690 0.651966
vt 0.256835 0.501914
vt 0.245049 0.498804
vt 0.247505 0.517261
vt 0.255534 0.526408
vt 0.232595 0.504360
vt 0.240513 0.527244
vt 0.249420 0.547175
vt 0.255959 0.474451
vt 0.242661 0.474233
vt 0.204665 0.486256
vt 0.217668 0.515521
vt 0.228108 0.478304
vt 0.228395 0.539382
vt 0.236795 0.562878
vt 0.217168 0.569700
vt 0.212275 0.549301
vt 0.197549 0.555489
vt 0.194055 0.569726
vt 0.200959 0.530856
vt 0.184390 0.546818
vt 0.169725 0.564090
vt 0.185543 0.517008
vt 0.167832 0.537184
vt 0.147823 0.555634
vt 0.247948 0.400423
vt 0.238528 0.424029
vt 0.244184 0.430623
vt 0.251446 0.420848
vt 0.231314 0.450420
vt 0.242739 0.449325
vt 0.253739 0.445952
vt 0.241198 0.387411
vt 0.230312 0.418444
vt 0.219516 0.448683
vt 0.167554 0.513661
vt 0.149362 0.516693
vt 0.144496 0.527803
vt 0.153802 0.530855
vt 0.130048 0.523960
vt 0.130424 0.536266
vt 0.135767 0.546308
vt 0.176559 0.494919
vt 0.155135 0.501734
vt 0.106586 0.519609
vt 0.109235 0.533540
vt 0.134042 0.508622
vt 0.111885 0.547471
vt 0.114534 0.561401
vt 0.228156 0.390804
vt 0.213399 0.401800
vt 0.212502 0.416061
vt 0.220645 0.416205
vt 0.198558 0.416672
vt 0.202843 0.430587
vt 0.209953 0.441096
vt 0.231312 0.368005
vt 0.213169 0.385193
vt 0.177523 0.416642
vt 0.183416 0.433686
vt 0.196303 0.400631
vt 0.189377 0.448151
vt 0.195740 0.463350
vt 0.177899 0.477673
vt 0.174889 0.463320
vt 0.163394 0.473497
vt 0.160041 0.486027
vt 0.168830 0.451875
vt 0.155517 0.470057
vt 0.143830 0.489257
vt 0.161822 0.441711
vt 0.147601 0.463059
vt 0.132063 0.485395
vt 0.203482 0.349830
vt 0.198761 0.367227
vt 0.208511 0.363117
vt 0.215900 0.350573
vt 0.196582 0.383749
vt 0.211029 0.371759
vt 0.225914 0.355870
vt 0.193092 0.328276
vt 0.190711 0.352744
vt 0.209409 0.331170
vt 0.187128 0.372213
vt 0.225727 0.334063
vt 0.183114 0.391843
vt 0.242044 0.336957
vt 0.179514 0.360303
vt 0.169571 0.370770
vt 0.170514 0.379591
vt 0.177181 0.376591
vt 0.160116 0.384362
vt 0.165079 0.391468
vt 0.172567 0.393983
vt 0.180784 0.343699
vt 0.168476 0.359121
vt 0.143860 0.389966
vt 0.150722 0.402031
vt 0.156168 0.374544
vt 0.157432 0.408418
vt 0.165353 0.413308
vt 0.130533 0.469409
vt 0.143383 0.452601
vt 0.142127 0.442876
vt 0.134618 0.448341
vt 0.155088 0.433532
vt 0.148941 0.427421
vt 0.141793 0.425091
vt 0.117352 0.483016
vt 0.124869 0.455705
vt 0.132745 0.428016
vt 0.107253 0.487919
vt 0.115047 0.463513
vt 0.107498 0.469705
vt 0.099685 0.486847
vt 0.120791 0.440712
vt 0.107741 0.458825
vt 0.094435 0.480572
vt 0.098001 0.514492
vt 0.089416 0.509375
vt 0.125957 0.417260
vt 0.108053 0.444553
vt 0.072246 0.499140
vt 0.080831 0.504257
vt 0.090150 0.471847
vt 0.251460 0.521771
vt 0.210621 0.535127
vt 0.192448 0.532595
vt 0.208922 0.523511
vt 0.164967 0.547996
vt 0.157636 0.539037
vt 0.160701 0.527884
vt 0.285017 0.522562
vt 0.292492 0.507529
vt 0.233717 0.537950
vt 0.230523 0.511556
vt 0.183221 0.553891
vt 0.168555 0.515582
vt 0.301199 0.526854
vt 0.305274 0.533607
vt 0.271872 0.541393
vt 0.255694 0.540078
vt 0.298364 0.543420
vt 0.254666 0.550887
vt 0.216070 0.554453
vt 0.351803 0.513479
vt 0.349146 0.523456
vt 0.343831 0.543410
vt 0.281045 0.558229
vt 0.346488 0.533433
vt 0.232883 0.565696
vt 0.183956 0.571627
vt 0.249974 0.580612
vt 0.213654 0.604559
vt 0.197239 0.599731
vt 0.212307 0.583989
vt 0.172685 0.627829
vt 0.165668 0.611220
vt 0.168945 0.591534
vt 0.280040 0.582798
vt 0.233993 0.611343
vt 0.189058 0.639732
vt 0.293039 0.595292
vt 0.294666 0.613302
vt 0.265758 0.624409
vt 0.252532 0.618645
vt 0.286960 0.634595
vt 0.250226 0.640974
vt 0.217481 0.642927
vt 0.338245 0.571032
vt 0.332660 0.598653
vt 0.271776 0.656435
vt 0.327074 0.626275
vt 0.231740 0.660955
vt 0.190165 0.666580
vt 0.247805 0.675954
vt 0.220613 0.692976
vt 0.205654 0.690118
vt 0.216105 0.678295
vt 0.189656 0.708975
vt 0.180439 0.698556
vt 0.179807 0.684691
vt 0.273549 0.677088
vt 0.239345 0.695934
vt 0.206718 0.714991
vt 0.286394 0.682119
vt 0.291000 0.689652
vt 0.269491 0.698629
vt 0.256766 0.697786
vt 0.290079 0.699784
vt 0.261957 0.708166
vt 0.233773 0.713571
vt 0.320484 0.665854
vt 0.319481 0.677813
vt 0.317473 0.701729
vt 0.289716 0.711729
vt 0.318477 0.689771
vt 0.258988 0.720012
vt 0.224185 0.728476
vt 0.300267 0.751348
vt 0.268819 0.746056
vt 0.277403 0.738584
vt 0.299340 0.738418
vt 0.241031 0.738798
vt 0.266356 0.730861
vt 0.294102 0.725024
vt 0.298142 0.762072
vt 0.334155 0.756316
vt 0.261796 0.754512
vt 0.328595 0.738121
vt 0.223672 0.747739
vt 0.323034 0.719925
vt 0.292475 0.767785
vt 0.283504 0.770288
vt 0.262944 0.764909
vt 0.260736 0.760991
vt 0.269188 0.770793
vt 0.245420 0.763166
vt 0.228340 0.755763
vt 0.325188 0.775905
vt 0.310661 0.777298
vt 0.296133 0.778690
vt 0.565018 0.380768
vt 0.560615 0.391008
vt 0.562253 0.396889
vt 0.565461 0.393715
vt 0.556621 0.403784
vt 0.560644 0.406417
vt 0.565068 0.406758
vt 0.569910 0.350180
vt 0.564183 0.366780
vt 0.569524 0.375692
vt 0.558456 0.383380
vt 0.569492 0.391784
vt 0.547001 0.416580
vt 0.552763 0.417802
vt 0.552728 0.399980
vt 0.558524 0.419024
vt 0.570047 0.421468
vt 0.569583 0.406386
vt 0.564286 0.420246
vt 0.573645 0.380140
vt 0.573255 0.393148
vt 0.575980 0.395890
vt 0.577309 0.389793
vt 0.573695 0.406130
vt 0.577339 0.405202
vt 0.580548 0.402043
vt 0.574478 0.366031
vt 0.579047 0.381882
vt 0.574581 0.419497
vt 0.579115 0.417526
vt 0.588183 0.413583
vt 0.583615 0.397732
vt 0.583649 0.415554
vt 0.602773 0.367018
vt 0.594011 0.363184
vt 0.592546 0.372663
vt 0.597351 0.378615
vt 0.584435 0.362500
vt 0.586496 0.375920
vt 0.590717 0.388118
vt 0.619235 0.359166
vt 0.607504 0.352509
vt 0.611472 0.372770
vt 0.596963 0.349477
vt 0.603709 0.386375
vt 0.569012 0.346699
vt 0.573805 0.363420
vt 0.585602 0.347393
vt 0.578598 0.380141
vt 0.595946 0.399979
vt 0.583390 0.396862
vt 0.613077 0.298797
vt 0.601389 0.314227
vt 0.605495 0.321224
vt 0.613568 0.315590
vt 0.591992 0.330648
vt 0.601396 0.333948
vt 0.611258 0.334344
vt 0.629040 0.257260
vt 0.608283 0.286655
vt 0.626589 0.282737
vt 0.594412 0.306675
vt 0.624138 0.308213
vt 0.582082 0.325271
vt 0.621686 0.333690
vt 0.596615 0.283759
vt 0.580896 0.287105
vt 0.576923 0.298882
vt 0.585120 0.301557
vt 0.562031 0.295295
vt 0.565169 0.307930
vt 0.572694 0.317507
vt 0.609404 0.263067
vt 0.589632 0.269752
vt 0.530616 0.292908
vt 0.540215 0.306356
vt 0.567161 0.277870
vt 0.549814 0.319804
vt 0.559413 0.333251
vt 0.641578 0.202861
vt 0.612302 0.227825
vt 0.616899 0.232647
vt 0.635137 0.220154
vt 0.586473 0.253465
vt 0.603596 0.249537
vt 0.623100 0.241056
vt 0.689274 0.150056
vt 0.638878 0.191132
vt 0.674216 0.176857
vt 0.604416 0.221382
vt 0.659157 0.203658
vt 0.571566 0.251716
vt 0.644099 0.230459
vt 0.620730 0.189588
vt 0.595679 0.193462
vt 0.583870 0.210061
vt 0.593630 0.214916
vt 0.566333 0.201557
vt 0.561766 0.222359
vt 0.563848 0.239784
vt 0.643501 0.166223
vt 0.610606 0.174289
vt 0.534633 0.184334
vt 0.533629 0.211478
vt 0.578102 0.180511
vt 0.532625 0.238621
vt 0.531620 0.265765
vt 0.652684 0.134478
vt 0.625260 0.147606
vt 0.635373 0.149231
vt 0.656541 0.141368
vt 0.600073 0.162399
vt 0.624825 0.158957
vt 0.654052 0.151146
vt 0.679608 0.112119
vt 0.645114 0.128939
vt 0.682025 0.121603
vt 0.614846 0.144090
vt 0.684441 0.131088
vt 0.582744 0.160486
vt 0.686858 0.140572
vt 0.634238 0.124759
vt 0.620905 0.122264
vt 0.606179 0.132959
vt 0.608678 0.138418
vt 0.603754 0.122571
vt 0.589569 0.137873
vt 0.581375 0.151128
vt 0.659987 0.110135
vt 0.640366 0.108151
vt 0.601124 0.104183
vt 0.584501 0.124221
vt 0.620745 0.106167
vt 0.567879 0.144259
vt 0.551256 0.164296
vt 0.532216 0.460665
vt 0.538557 0.449278
vt 0.536130 0.445187
vt 0.530985 0.449937
vt 0.544915 0.436811
vt 0.539511 0.436577
vt 0.532186 0.438416
vt 0.525488 0.469453
vt 0.524486 0.455957
vt 0.523625 0.443027
vt 0.518381 0.472968
vt 0.518237 0.461637
vt 0.513621 0.465863
vt 0.511904 0.473737
vt 0.516409 0.452346
vt 0.510716 0.462621
vt 0.506254 0.472988
vt 0.516537 0.484613
vt 0.509299 0.483345
vt 0.502636 0.483034
vt 0.511614 0.493641
vt 0.506140 0.491707
vt 0.503488 0.497414
vt 0.505539 0.500676
vt 0.500224 0.491876
vt 0.498905 0.499566
vt 0.498959 0.506476
vt 0.516003 0.497006
vt 0.508108 0.504352
vt 0.494331 0.493753
vt 0.493496 0.501975
vt 0.500366 0.511949
vt 0.492639 0.510693
vt 0.517344 0.501118
vt 0.510379 0.507092
vt 0.511945 0.508700
vt 0.516683 0.505705
vt 0.503939 0.513719
vt 0.508727 0.513170
vt 0.514492 0.511075
vt 0.488043 0.511317
vt 0.488970 0.503805
vt 0.486028 0.504962
vt 0.484554 0.509815
vt 0.489152 0.497238
vt 0.484961 0.501504
vt 0.481620 0.506791
vt 0.486842 0.519494
vt 0.483301 0.516522
vt 0.488636 0.492040
vt 0.483828 0.497741
vt 0.479517 0.513406
vt 0.479429 0.503135
vt 0.479117 0.499682
vt 0.483002 0.495053
vt 0.482567 0.493553
vt 0.480040 0.496127
vt 0.487114 0.489535
vt 0.484972 0.489444
vt 0.482075 0.491559
vt 0.479871 0.521730
vt 0.481442 0.530276
vt 0.483067 0.529167
vt 0.482920 0.523601
vt 0.483640 0.538729
vt 0.484994 0.533627
vt 0.485913 0.527054
vt 0.477063 0.521470
vt 0.479501 0.531525
vt 0.481914 0.541800
vt 0.475514 0.523898
vt 0.474830 0.528055
vt 0.476690 0.533033
vt 0.477826 0.532465
vt 0.474890 0.533950
vt 0.477510 0.538651
vt 0.479808 0.541360
vt 0.476014 0.542048
vt 0.478899 0.546590
vt 0.481664 0.550855
vt 0.478836 0.553156
vt 0.482107 0.564423
vt 0.482413 0.562554
vt 0.480752 0.555386
vt 0.485393 0.575022
vt 0.484568 0.568206
vt 0.483272 0.559974
vt 0.478154 0.554572
vt 0.482305 0.568012
vt 0.486107 0.580790
vt 0.480060 0.562588
vt 0.483324 0.574006
vt 0.484642 0.578083
vt 0.483377 0.573249
vt 0.487191 0.587099
vt 0.487349 0.587228
vt 0.486845 0.584882
vt 0.646666 0.390043
vt 0.662873 0.386639
vt 0.658374 0.386906
vt 0.646894 0.389167
vt 0.676933 0.383584
vt 0.664835 0.385116
vt 0.650817 0.387368
vt 0.687217 0.380996
vt 0.672198 0.382946
vt 0.657803 0.384823
vt 0.686246 0.377385
vt 0.676733 0.379542
vt 0.681468 0.379605
vt 0.689445 0.378201
vt 0.667242 0.382031
vt 0.677960 0.380995
vt 0.690288 0.379320
vt 0.691769 0.374328
vt 0.682497 0.376377
vt 0.695300 0.375475
vt 0.672120 0.378846
vt 0.698760 0.376432
vt 0.659903 0.381899
vt 0.702499 0.377348
vt 0.711063 0.375500
vt 0.716276 0.373704
vt 0.711307 0.373648
vt 0.706404 0.374801
vt 0.718604 0.371803
vt 0.710758 0.372571
vt 0.703340 0.373840
vt 0.718618 0.376259
vt 0.723812 0.374215
vt 0.717167 0.369939
vt 0.727824 0.371906
vt 0.708417 0.371254
vt 0.700258 0.372661
vt 0.730064 0.377293
vt 0.742981 0.378288
vt 0.741159 0.376554
vt 0.733119 0.375359
vt 0.755830 0.378882
vt 0.747648 0.376106
vt 0.737931 0.373611
vt 0.689656 0.367894
vt 0.692454 0.369789
vt 0.698993 0.369234
vt 0.700295 0.368001
vt 0.696353 0.371324
vt 0.703766 0.370064
vt 0.710095 0.368712
vt 0.679147 0.369084
vt 0.683966 0.371143
vt 0.688057 0.372868
vt 0.670155 0.372535
vt 0.663455 0.376397
vt 0.669734 0.375625
vt 0.675795 0.373414
vt 0.659588 0.379714
vt 0.670042 0.377259
vt 0.679324 0.374917
vt 0.661574 0.373364
vt 0.654438 0.378314
vt 0.647974 0.382661
vt 0.621552 0.390650
vt 0.628259 0.388713
vt 0.636093 0.384701
vt 0.635438 0.384008
vt 0.637183 0.385872
vt 0.644347 0.381554
vt 0.649229 0.377820
vt 0.608185 0.397089
vt 0.617575 0.393926
vt 0.627081 0.390942
vt 0.596827 0.402410
vt 0.588101 0.406449
vt 0.597483 0.402847
vt 0.606333 0.399026
vt 0.582204 0.409294
vt 0.597864 0.403112
vt 0.613207 0.396913
vt 0.584168 0.407337
vt 0.575410 0.411495
vt 0.566919 0.415553
vt 0.534127 0.429391
vt 0.542671 0.426367
vt 0.551893 0.421534
vt 0.550873 0.421516
vt 0.553604 0.421604
vt 0.562201 0.417034
vt 0.568037 0.414044
vt 0.519454 0.438175
vt 0.526059 0.431600
vt 0.531217 0.433900
vt 0.549548 0.421555
vt 0.542531 0.428860
vt 0.573037 0.411509
vt 0.509796 0.448040
vt 0.503832 0.457574
vt 0.513289 0.451125
vt 0.520749 0.443171
vt 0.500907 0.465551
vt 0.515431 0.452879
vt 0.529357 0.440124
vt 0.675424 0.384737
vt 0.694384 0.382424
vt 0.703024 0.379551
vt 0.695895 0.379368
vt 0.715295 0.379824
vt 0.718417 0.377285
vt 0.717843 0.374668
vt 0.655402 0.390404
vt 0.682964 0.386283
vt 0.738086 0.378041
vt 0.735947 0.378690
vt 0.710525 0.382162
vt 0.736862 0.376313
vt 0.738957 0.372601
vt 0.780678 0.387844
vt 0.769332 0.381536
vt 0.763409 0.381333
vt 0.767821 0.384592
vt 0.755793 0.375788
vt 0.752698 0.378297
vt 0.753245 0.380944
vt 0.791268 0.394415
vt 0.773541 0.388957
vt 0.755813 0.383499
vt 0.328707 0.830967
vt 0.314750 0.816200
vt 0.317322 0.810429
vt 0.326518 0.816606
vt 0.301515 0.799811
vt 0.310698 0.798481
vt 0.321743 0.800509
vt 0.329670 0.844744
vt 0.343281 0.845213
vt 0.311372 0.823779
vt 0.338594 0.824719
vt 0.274777 0.781850
vt 0.288388 0.782320
vt 0.293075 0.802815
vt 0.301999 0.782790
vt 0.329221 0.783729
vt 0.333908 0.804224
vt 0.315610 0.783259
vt 0.348922 0.844435
vt 0.365635 0.842669
vt 0.349487 0.831859
vt 0.333010 0.828366
vt 0.377808 0.837864
vt 0.349815 0.824543
vt 0.321730 0.813280
vt 0.367404 0.861286
vt 0.386842 0.856864
vt 0.425716 0.848020
vt 0.387981 0.831478
vt 0.406279 0.852442
vt 0.350247 0.814935
vt 0.312512 0.798393
vt 0.826936 0.413361
vt 0.831255 0.413994
vt 0.837541 0.421334
vt 0.837658 0.424035
vt 0.837342 0.416691
vt 0.843712 0.425973
vt 0.848347 0.433951
vt 0.815997 0.402114
vt 0.823000 0.404355
vt 0.830002 0.406595
vt 0.800663 0.397849
vt 0.786818 0.394019
vt 0.795738 0.396653
vt 0.807523 0.399982
vt 0.775481 0.390930
vt 0.792872 0.395957
vt 0.811069 0.401179
vt 0.792050 0.395217
vt 0.775105 0.390561
vt 0.741214 0.381249
vt 0.765162 0.388146
vt 0.758159 0.385905
vt 0.789109 0.395043
vt 0.813057 0.401939
s 1
usemtl Dingus
f 2964/1/2964 2965/2/2965 2963/3/2963 2969/4/2969
f 2966/5/2966 2967/6/2967 2963/3/2963 2965/2/2965
f 2968/7/2968 2969/4/2969 2963/3/2963 2967/6/2967
f 1/8/1 302/9/302 2964/1/2964 299/10/299
f 302/9/302 303/11/303 2965/2/2965 2964/1/2964
f 299/10/299 2964/1/2964 2969/4/2969 300/12/300
f 3/13/3 307/14/307 2966/5/2966 304/15/304
f 307/14/307 306/16/306 2967/6/2967 2966/5/2966
f 304/15/304 2966/5/2966 2965/2/2965 303/11/303
f 2/17/2 301/18/301 2968/7/2968 305/19/305
f 301/18/301 300/12/300 2969/4/2969 2968/7/2968
f 305/19/305 2968/7/2968 2967/6/2967 306/16/306
f 2971/20/2971 2972/21/2972 2970/22/2970 2976/23/2976
f 2973/24/2973 2974/25/2974 2970/22/2970 2972/21/2972
f 2975/26/2975 2976/23/2976 2970/22/2970 2974/25/2974
f 4/27/4 311/28/311 2971/20/2971 308/29/308
f 311/28/311 312/30/312 2972/21/2972 2971/20/2971
f 308/29/308 2971/20/2971 2976/23/2976 309/31/309
f 6/32/6 316/33/316 2973/24/2973 313/34/313
f 316/33/316 315/35/315 2974/25/2974 2973/24/2973
f 313/34/313 2973/24/2973 2972/21/2972 312/30/312
f 5/36/5 310/37/310 2975/26/2975 314/38/314
f 310/37/310 309/31/309 2976/23/2976 2975/26/2975
f 314/38/314 2975/26/2975 2974/25/2974 315/35/315
f 2978/39/2978 2979/40/2979 2977/41/2977 2983/42/2983
f 2980/43/2980 2981/44/2981 2977/41/2977 2979/40/2979
f 2982/45/2982 2983/42/2983 2977/41/2977 2981/44/2981
f 7/46/7 320/47/320 2978/39/2978 317/48/317
f 320/47/320 321/49/321 2979/40/2979 2978/39/2978
f 317/48/317 2978/39/2978 2983/42/2983 318/50/318
f 9/51/9 325/52/325 2980/43/2980 322/53/322
f 325/52/325 324/54/324 2981/44/2981 2980/43/2980
f 322/53/322 2980/43/2980 2979/40/2979 321/49/321
f 8/55/8 319/56/319 2982/45/2982 323/57/323
f 319/56/319 318/50/318 2983/42/2983 2982/45/2982
f 323/57/323 2982/45/2982 2981/44/2981 324/54/324
f 2985/58/2985 2986/59/2986 2984/60/2984 2990/61/2990
f 2987/62/2987 2988/63/2988 2984/60/2984 2986/59/2986
f 2989/64/2989 2990/61/2990 2984/60/2984 2988/63/2988
f 10/65/10 331/66/331 2985/58/2985 328/67/328
f 331/66/331 330/68/330 2986/59/2986 2985/58/2985
f 328/67/328 2985/58/2985 2990/61/2990 327/69/327
f 8/55/8 323/57/323 2987/62/2987 329/70/329
f 323/57/323 324/54/324 2988/63/2988 2987/62/2987
f 329/70/329 2987/62/2987 2986/59/2986 330/68/330
f 9/51/9 326/71/326 2989/64/2989 325/52/325
f 326/71/326 327/69/327 2990/61/2990 2989/64/2989
f 325/52/325 2989/64/2989 2988/63/2988 324/54/324
f 2992/72/2992 2993/73/2993 2991/74/2991 2997/75/2997
f 2994/76/2994 2995/77/2995 2991/74/2991 2993/73/2993
f 2996/78/2996 2997/75/2997 2991/74/2991 2995/77/2995
f 11/79/11 335/80/335 2992/72/2992 332/81/332
f 335/80/335 336/82/336 2993/73/2993 2992/72/2992
f 332/81/332 2992/72/2992 2997/75/2997 333/83/333
f 13/84/13 340/85/340 2994/76/2994 337/86/337
f 340/85/340 339/87/339 2995/77/2995 2994/76/2994
f 337/86/337 2994/76/2994 2993/73/2993 336/82/336
f 12/88/12 334/89/334 2996/78/2996 338/90/338
f 334/89/334 333/83/333 2997/75/2997 2996/78/2996
f 338/90/338 2996/78/2996 2995/77/2995 339/87/339
f 2999/91/2999 3000/92/3000 2998/93/2998 3004/94/3004
f 3001/95/3001 3002/96/3002 2998/93/2998 3000/92/3000
f 3003/97/3003 3004/94/3004 2998/93/2998 3002/96/3002
f 12/88/12 341/98/341 2999/91/2999 334/89/334
f 341/98/341 342/99/342 3000/92/3000 2999/91/2999
f 334/89/334 2999/91/2999 3004/94/3004 333/83/333
f 14/100/14 346/101/346 3001/95/3001 343/102/343
f 346/101/346 345/103/345 3002/96/3002 3001/95/3001
f 343/102/343 3001/95/3001 3000/92/3000 342/99/342
f 11/79/11 332/81/332 3003/97/3003 344/104/344
f 332/81/332 333/83/333 3004/94/3004 3003/97/3003
f 344/104/344 3003/97/3003 3002/96/3002 345/103/345
f 3006/105/3006 3007/106/3007 3005/107/3005 3011/108/3011
f 3008/109/3008 3009/110/3009 3005/107/3005 3007/106/3007
f 3010/111/3010 3011/108/3011 3005/107/3005 3009/110/3009
f 14/100/14 347/112/347 3006/105/3006 346/101/346
f 347/112/347 348/113/348 3007/106/3007 3006/105/3006
f 346/101/346 3006/105/3006 3011/108/3011 345/103/345
f 15/114/15 352/115/352 3008/109/3008 349/116/349
f 352/115/352 351/117/351 3009/110/3009 3008/109/3008
f 349/116/349 3008/109/3008 3007/106/3007 348/113/348
f 11/79/11 344/104/344 3010/111/3010 350/118/350
f 344/104/344 345/103/345 3011/108/3011 3010/111/3010
f 350/118/350 3010/111/3010 3009/110/3009 351/117/351
f 3013/119/3013 3014/120/3014 3012/121/3012 3018/122/3018
f 3015/123/3015 3016/124/3016 3012/121/3012 3014/120/3014
f 3017/125/3017 3018/122/3018 3012/121/3012 3016/124/3016
f 16/126/16 358/127/358 3013/119/3013 355/128/355
f 358/127/358 357/129/357 3014/120/3014 3013/119/3013
f 355/128/355 3013/119/3013 3018/122/3018 354/130/354
f 15/114/15 349/116/349 3015/123/3015 356/131/356
f 349/116/349 348/113/348 3016/124/3016 3015/123/3015
f 356/131/356 3015/123/3015 3014/120/3014 357/129/357
f 14/100/14 353/132/353 3017/125/3017 347/112/347
f 353/132/353 354/130/354 3018/122/3018 3017/125/3017
f 347/112/347 3017/125/3017 3016/124/3016 348/113/348
f 3020/133/3020 3021/134/3021 3019/135/3019 3025/136/3025
f 3022/137/3022 3023/138/3023 3019/135/3019 3021/134/3021
f 3024/139/3024 3025/136/3025 3019/135/3019 3023/138/3023
f 17/140/17 364/141/364 3020/133/3020 361/142/361
f 364/141/364 363/143/363 3021/134/3021 3020/133/3020
f 361/142/361 3020/133/3020 3025/136/3025 360/144/360
f 16/126/16 355/128/355 3022/137/3022 362/145/362
f 355/128/355 354/130/354 3023/138/3023 3022/137/3022
f 362/145/362 3022/137/3022 3021/134/3021 363/143/363
f 14/100/14 359/146/359 3024/139/3024 353/132/353
f 359/146/359 360/144/360 3025/136/3025 3024/139/3024
f 353/132/353 3024/139/3024 3023/138/3023 354/130/354
f 3027/147/3027 3028/148/3028 3026/149/3026 3032/150/3032
f 3029/151/3029 3030/152/3030 3026/149/3026 3028/148/3028
f 3031/153/3031 3032/150/3032 3026/149/3026 3030/152/3030
f 14/100/14 343/102/343 3027/147/3027 365/154/365
f 343/102/343 342/99/342 3028/148/3028 3027/147/3027
f 365/154/365 3027/147/3027 3032/150/3032 366/155/366
f 12/88/12 368/156/368 3029/151/3029 341/98/341
f 368/156/368 369/157/369 3030/152/3030 3029/151/3029
f 341/98/341 3029/151/3029 3028/148/3028 342/99/342
f 18/158/18 367/159/367 3031/153/3031 370/160/370
f 367/159/367 366/155/366 3032/150/3032 3031/153/3031
f 370/160/370 3031/153/3031 3030/152/3030 369/157/369
f 3034/161/3034 3035/162/3035 3033/163/3033 3039/164/3039
f 3036/165/3036 3037/166/3037 3033/163/3033 3035/162/3035
f 3038/167/3038 3039/164/3039 3033/163/3033 3037/166/3037
f 14/100/14 371/168/371 3034/161/3034 359/146/359
f 371/168/371 372/169/372 3035/162/3035 3034/161/3034
f 359/146/359 3034/161/3034 3039/164/3039 360/144/360
f 19/170/19 376/171/376 3036/165/3036 373/172/373
f 376/171/376 375/173/375 3037/166/3037 3036/165/3036
f 373/172/373 3036/165/3036 3035/162/3035 372/169/372
f 17/140/17 361/142/361 3038/167/3038 374/174/374
f 361/142/361 360/144/360 3039/164/3039 3038/167/3038
f 374/174/374 3038/167/3038 3037/166/3037 375/173/375
f 3041/175/3041 3042/176/3042 3040/177/3040 3046/178/3046
f 3043/179/3043 3044/180/3044 3040/177/3040 3042/176/3042
f 3045/181/3045 3046/178/3046 3040/177/3040 3044/180/3044
f 14/100/14 365/154/365 3041/175/3041 371/168/371
f 365/154/365 366/155/366 3042/176/3042 3041/175/3041
f 371/168/371 3041/175/3041 3046/178/3046 372/169/372
f 18/158/18 377/182/377 3043/179/3043 367/159/367
f 377/182/377 378/183/378 3044/180/3044 3043/179/3043
f 367/159/367 3043/179/3043 3042/176/3042 366/155/366
f 19/170/19 373/172/373 3045/181/3045 379/184/379
f 373/172/373 372/169/372 3046/178/3046 3045/181/3045
f 379/184/379 3045/181/3045 3044/180/3044 378/183/378
f 3048/185/3048 3049/186/3049 3047/187/3047 3053/188/3053
f 3050/189/3050 3051/190/3051 3047/187/3047 3049/186/3049
f 3052/191/3052 3053/188/3053 3047/187/3047 3051/190/3051
f 20/192/20 385/193/385 3048/185/3048 382/194/382
f 385/193/385 384/195/384 3049/186/3049 3048/185/3048
f 382/194/382 3048/185/3048 3053/188/3053 381/196/381
f 18/158/18 370/160/370 3050/189/3050 383/197/383
f 370/160/370 369/157/369 3051/190/3051 3050/189/3050
f 383/197/383 3050/189/3050 3049/186/3049 384/195/384
f 12/88/12 380/198/380 3052/191/3052 368/156/368
f 380/198/380 381/196/381 3053/188/3053 3052/191/3052
f 368/156/368 3052/191/3052 3051/190/3051 369/157/369
f 3055/199/3055 3056/200/3056 3054/201/3054 3060/202/3060
f 3057/203/3057 3058/204/3058 3054/201/3054 3056/200/3056
f 3059/205/3059 3060/202/3060 3054/201/3054 3058/204/3058
f 20/192/20 382/194/382 3055/199/3055 388/206/388
f 382/194/382 381/196/381 3056/200/3056 3055/199/3055
f 388/206/388 3055/199/3055 3060/202/3060 387/207/387
f 12/88/12 338/208/338 3057/203/3057 380/198/380
f 338/208/338 339/209/339 3058/204/3058 3057/203/3057
f 380/198/380 3057/203/3057 3056/200/3056 381/196/381
f 13/210/13 386/211/386 3059/205/3059 340/212/340
f 386/211/386 387/207/387 3060/202/3060 3059/205/3059
f 340/212/340 3059/205/3059 3058/204/3058 339/209/339
f 3062/213/3062 3063/214/3063 3061/215/3061 3067/216/3067
f 3064/217/3064 3065/218/3065 3061/215/3061 3063/214/3063
f 3066/219/3066 3067/216/3067 3061/215/3061 3065/218/3065
f 21/220/21 394/221/394 3062/213/3062 391/222/391
f 394/221/394 393/223/393 3063/214/3063 3062/213/3062
f 391/222/391 3062/213/3062 3067/216/3067 390/224/390
f 18/158/18 383/197/383 3064/217/3064 392/225/392
f 383/197/383 384/195/384 3065/218/3065 3064/217/3064
f 392/225/392 3064/217/3064 3063/214/3063 393/223/393
f 20/192/20 389/226/389 3066/219/3066 385/193/385
f 389/226/389 390/224/390 3067/216/3067 3066/219/3066
f 385/193/385 3066/219/3066 3065/218/3065 384/195/384
f 3069/227/3069 3070/228/3070 3068/229/3068 3074/230/3074
f 3071/231/3071 3072/232/3072 3068/229/3068 3070/228/3070
f 3073/233/3073 3074/230/3074 3068/229/3068 3072/232/3072
f 21/220/21 395/234/395 3069/227/3069 394/221/394
f 395/234/395 396/235/396 3070/228/3070 3069/227/3069
f 394/221/394 3069/227/3069 3074/230/3074 393/223/393
f 22/236/22 400/237/400 3071/231/3071 397/238/397
f 400/237/400 399/239/399 3072/232/3072 3071/231/3071
f 397/238/397 3071/231/3071 3070/228/3070 396/235/396
f 18/158/18 392/225/392 3073/233/3073 398/240/398
f 392/225/392 393/223/393 3074/230/3074 3073/233/3073
f 398/240/398 3073/233/3073 3072/232/3072 399/239/399
f 3076/241/3076 3077/242/3077 3075/243/3075 3081/244/3081
f 3078/245/3078 3079/246/3079 3075/243/3075 3077/242/3077
f 3080/247/3080 3081/244/3081 3075/243/3075 3079/246/3079
f 23/248/23 406/249/406 3076/241/3076 403/250/403
f 406/249/406 405/251/405 3077/242/3077 3076/241/3076
f 403/250/403 3076/241/3076 3081/244/3081 402/252/402
f 18/158/18 398/240/398 3078/245/3078 404/253/404
f 398/240/398 399/239/399 3079/246/3079 3078/245/3078
f 404/253/404 3078/245/3078 3077/242/3077 405/251/405
f 22/236/22 401/254/401 3080/247/3080 400/237/400
f 401/254/401 402/252/402 3081/244/3081 3080/247/3080
f 400/237/400 3080/247/3080 3079/246/3079 399/239/399
f 3083/255/3083 3084/256/3084 3082/257/3082 3088/258/3088
f 3085/259/3085 3086/260/3086 3082/257/3082 3084/256/3084
f 3087/261/3087 3088/258/3088 3082/257/3082 3086/260/3086
f 23/248/23 409/262/409 3083/255/3083 406/249/406
f 409/262/409 408/263/408 3084/256/3084 3083/255/3083
f 406/249/406 3083/255/3083 3088/258/3088 405/251/405
f 19/170/19 379/184/379 3085/259/3085 407/264/407
f 379/184/379 378/183/378 3086/260/3086 3085/259/3085
f 407/264/407 3085/259/3085 3084/256/3084 408/263/408
f 18/158/18 404/253/404 3087/261/3087 377/182/377
f 404/253/404 405/251/405 3088/258/3088 3087/261/3087
f 377/182/377 3087/261/3087 3086/260/3086 378/183/378
f 3090/265/3090 3091/266/3091 3089/267/3089 3095/268/3095
f 3092/269/3092 3093/270/3093 3089/267/3089 3091/266/3091
f 3094/271/3094 3095/268/3095 3089/267/3089 3093/270/3093
f 23/248/23 410/272/410 3090/265/3090 409/262/409
f 410/272/410 411/273/411 3091/266/3091 3090/265/3090
f 409/262/409 3090/265/3090 3095/268/3095 408/263/408
f 24/274/24 415/275/415 3092/269/3092 412/276/412
f 415/275/415 414/277/414 3093/270/3093 3092/269/3092
f 412/276/412 3092/269/3092 3091/266/3091 411/273/411
f 19/170/19 407/264/407 3094/271/3094 413/278/413
f 407/264/407 408/263/408 3095/268/3095 3094/271/3094
f 413/278/413 3094/271/3094 3093/270/3093 414/277/414
f 3097/279/3097 3098/280/3098 3096/281/3096 3102/282/3102
f 3099/283/3099 3100/284/3100 3096/281/3096 3098/280/3098
f 3101/285/3101 3102/282/3102 3096/281/3096 3100/284/3100
f 19/170/19 413/278/413 3097/279/3097 418/286/418
f 413/278/413 414/277/414 3098/280/3098 3097/279/3097
f 418/286/418 3097/279/3097 3102/282/3102 417/287/417
f 24/274/24 421/288/421 3099/283/3099 415/275/415
f 421/288/421 420/289/420 3100/284/3100 3099/283/3099
f 415/275/415 3099/283/3099 3098/280/3098 414/277/414
f 5/290/5 416/291/416 3101/285/3101 419/292/419
f 416/291/416 417/287/417 3102/282/3102 3101/285/3101
f 419/292/419 3101/285/3101 3100/284/3100 420/289/420
f 3104/293/3104 3105/294/3105 3103/295/3103 3109/296/3109
f 3106/297/3106 3107/298/3107 3103/295/3103 3105/294/3105
f 3108/299/3108 3109/296/3109 3103/295/3103 3107/298/3107
f 5/290/5 422/300/422 3104/293/3104 416/291/416
f 422/300/422 423/301/423 3105/294/3105 3104/293/3104
f 416/291/416 3104/293/3104 3109/296/3109 417/287/417
f 17/140/17 374/174/374 3106/297/3106 424/302/424
f 374/174/374 375/173/375 3107/298/3107 3106/297/3106
f 424/302/424 3106/297/3106 3105/294/3105 423/301/423
f 19/170/19 418/286/418 3108/299/3108 376/171/376
f 418/286/418 417/287/417 3109/296/3109 3108/299/3108
f 376/171/376 3108/299/3108 3107/298/3107 375/173/375
f 3111/303/3111 3112/304/3112 3110/305/3110 3116/306/3116
f 3113/307/3113 3114/308/3114 3110/305/3110 3112/304/3112
f 3115/309/3115 3116/306/3116 3110/305/3110 3114/308/3114
f 5/290/5 314/310/314 3111/303/3111 422/300/422
f 314/310/314 315/311/315 3112/304/3112 3111/303/3111
f 422/300/422 3111/303/3111 3116/306/3116 423/301/423
f 6/312/6 425/313/425 3113/307/3113 316/314/316
f 425/313/425 426/315/426 3114/308/3114 3113/307/3113
f 316/314/316 3113/307/3113 3112/304/3112 315/311/315
f 17/140/17 424/302/424 3115/309/3115 427/316/427
f 424/302/424 423/301/423 3116/306/3116 3115/309/3115
f 427/316/427 3115/309/3115 3114/308/3114 426/315/426
f 3118/317/3118 3119/318/3119 3117/319/3117 3123/320/3123
f 3120/321/3120 3121/322/3121 3117/319/3117 3119/318/3119
f 3122/323/3122 3123/320/3123 3117/319/3117 3121/322/3121
f 25/324/25 433/325/433 3118/317/3118 428/326/428
f 433/325/433 432/327/432 3119/318/3119 3118/317/3118
f 428/326/428 3118/317/3118 3123/320/3123 429/328/429
f 3/329/3 434/330/434 3120/321/3120 431/331/431
f 434/330/434 435/332/435 3121/322/3121 3120/321/3120
f 431/331/431 3120/321/3120 3119/318/3119 432/327/432
f 26/333/26 430/334/430 3122/323/3122 436/335/436
f 430/334/430 429/328/429 3123/320/3123 3122/323/3122
f 436/335/436 3122/323/3122 3121/322/3121 435/332/435
f 3125/336/3125 3126/337/3126 3124/338/3124 3130/339/3130
f 3127/340/3127 3128/341/3128 3124/338/3124 3126/337/3126
f 3129/342/3129 3130/339/3130 3124/338/3124 3128/341/3128
f 26/333/26 437/343/437 3125/336/3125 430/334/430
f 437/343/437 438/344/438 3126/337/3126 3125/336/3125
f 430/334/430 3125/336/3125 3130/339/3130 429/328/429
f 27/345/27 442/346/442 3127/340/3127 439/347/439
f 442/346/442 441/348/441 3128/341/3128 3127/340/3127
f 439/347/439 3127/340/3127 3126/337/3126 438/344/438
f 25/324/25 428/326/428 3129/342/3129 440/349/440
f 428/326/428 429/328/429 3130/339/3130 3129/342/3129
f 440/349/440 3129/342/3129 3128/341/3128 441/348/441
f 3132/350/3132 3133/351/3133 3131/352/3131 3137/353/3137
f 3134/354/3134 3135/355/3135 3131/352/3131 3133/351/3133
f 3136/356/3136 3137/353/3137 3131/352/3131 3135/355/3135
f 28/357/28 448/358/448 3132/350/3132 445/359/445
f 448/358/448 447/360/447 3133/351/3133 3132/350/3132
f 445/359/445 3132/350/3132 3137/353/3137 444/361/444
f 27/345/27 439/347/439 3134/354/3134 446/362/446
f 439/347/439 438/344/438 3135/355/3135 3134/354/3134
f 446/362/446 3134/354/3134 3133/351/3133 447/360/447
f 26/333/26 443/363/443 3136/356/3136 437/343/437
f 443/363/443 444/361/444 3137/353/3137 3136/356/3136
f 437/343/437 3136/356/3136 3135/355/3135 438/344/438
f 3139/364/3139 3140/365/3140 3138/366/3138 3144/367/3144
f 3141/368/3141 3142/369/3142 3138/366/3138 3140/365/3140
f 3143/370/3143 3144/367/3144 3138/366/3138 3142/369/3142
f 28/357/28 449/371/449 3139/364/3139 448/358/448
f 449/371/449 450/372/450 3140/365/3140 3139/364/3139
f 448/358/448 3139/364/3139 3144/367/3144 447/360/447
f 29/373/29 454/374/454 3141/368/3141 451/375/451
f 454/374/454 453/376/453 3142/369/3142 3141/368/3141
f 451/375/451 3141/368/3141 3140/365/3140 450/372/450
f 27/345/27 446/362/446 3143/370/3143 452/377/452
f 446/362/446 447/360/447 3144/367/3144 3143/370/3143
f 452/377/452 3143/370/3143 3142/369/3142 453/376/453
f 3146/378/3146 3147/379/3147 3145/380/3145 3151/381/3151
f 3148/382/3148 3149/383/3149 3145/380/3145 3147/379/3147
f 3150/384/3150 3151/381/3151 3145/380/3145 3149/383/3149
f 30/385/30 458/386/458 3146/378/3146 455/387/455
f 458/386/458 459/388/459 3147/379/3147 3146/378/3146
f 455/387/455 3146/378/3146 3151/381/3151 456/389/456
f 32/390/32 463/391/463 3148/382/3148 460/392/460
f 463/391/463 462/393/462 3149/383/3149 3148/382/3148
f 460/392/460 3148/382/3148 3147/379/3147 459/388/459
f 31/394/31 457/395/457 3150/384/3150 461/396/461
f 457/395/457 456/389/456 3151/381/3151 3150/384/3150
f 461/396/461 3150/384/3150 3149/383/3149 462/393/462
f 3153/397/3153 3154/398/3154 3152/399/3152 3158/400/3158
f 3155/401/3155 3156/402/3156 3152/399/3152 3154/398/3154
f 3157/403/3157 3158/400/3158 3152/399/3152 3156/402/3156
f 30/385/30 455/387/455 3153/397/3153 464/404/464
f 455/387/455 456/389/456 3154/398/3154 3153/397/3153
f 464/404/464 3153/397/3153 3158/400/3158 465/405/465
f 31/394/31 467/406/467 3155/401/3155 457/395/457
f 467/406/467 468/407/468 3156/402/3156 3155/401/3155
f 457/395/457 3155/401/3155 3154/398/3154 456/389/456
f 33/408/33 466/409/466 3157/403/3157 469/410/469
f 466/409/466 465/405/465 3158/400/3158 3157/403/3157
f 469/410/469 3157/403/3157 3156/402/3156 468/407/468
f 3160/411/3160 3161/412/3161 3159/413/3159 3165/414/3165
f 3162/415/3162 3163/416/3163 3159/413/3159 3161/412/3161
f 3164/417/3164 3165/414/3165 3159/413/3159 3163/416/3163
f 30/385/30 464/404/464 3160/411/3160 470/418/470
f 464/404/464 465/405/465 3161/412/3161 3160/411/3160
f 470/418/470 3160/411/3160 3165/414/3165 471/419/471
f 33/408/33 473/420/473 3162/415/3162 466/409/466
f 473/420/473 474/421/474 3163/416/3163 3162/415/3162
f 466/409/466 3162/415/3162 3161/412/3161 465/405/465
f 34/422/34 472/423/472 3164/417/3164 475/424/475
f 472/423/472 471/419/471 3165/414/3165 3164/417/3164
f 475/424/475 3164/417/3164 3163/416/3163 474/421/474
f 3167/425/3167 3168/426/3168 3166/427/3166 3172/428/3172
f 3169/429/3169 3170/430/3170 3166/427/3166 3168/426/3168
f 3171/431/3171 3172/428/3172 3166/427/3166 3170/430/3170
f 34/422/34 475/424/475 3167/425/3167 476/432/476
f 475/424/475 474/421/474 3168/426/3168 3167/425/3167
f 476/432/476 3167/425/3167 3172/428/3172 477/433/477
f 33/408/33 479/434/479 3169/429/3169 473/420/473
f 479/434/479 480/435/480 3170/430/3170 3169/429/3169
f 473/420/473 3169/429/3169 3168/426/3168 474/421/474
f 35/436/35 478/437/478 3171/431/3171 481/438/481
f 478/437/478 477/433/477 3172/428/3172 3171/431/3171
f 481/438/481 3171/431/3171 3170/430/3170 480/435/480
f 3174/439/3174 3175/440/3175 3173/441/3173 3179/442/3179
f 3176/443/3176 3177/444/3177 3173/441/3173 3175/440/3175
f 3178/445/3178 3179/442/3179 3173/441/3173 3177/444/3177
f 36/446/36 487/447/487 3174/439/3174 484/448/484
f 487/447/487 486/449/486 3175/440/3175 3174/439/3174
f 484/448/484 3174/439/3174 3179/442/3179 483/450/483
f 35/436/35 481/438/481 3176/443/3176 485/451/485
f 481/438/481 480/435/480 3177/444/3177 3176/443/3176
f 485/451/485 3176/443/3176 3175/440/3175 486/449/486
f 33/408/33 482/452/482 3178/445/3178 479/434/479
f 482/452/482 483/450/483 3179/442/3179 3178/445/3178
f 479/434/479 3178/445/3178 3177/444/3177 480/435/480
f 3181/453/3181 3182/454/3182 3180/455/3180 3186/456/3186
f 3183/457/3183 3184/458/3184 3180/455/3180 3182/454/3182
f 3185/459/3185 3186/456/3186 3180/455/3180 3184/458/3184
f 37/460/37 493/461/493 3181/453/3181 490/462/490
f 493/461/493 492/463/492 3182/454/3182 3181/453/3181
f 490/462/490 3181/453/3181 3186/456/3186 489/464/489
f 36/446/36 484/448/484 3183/457/3183 491/465/491
f 484/448/484 483/450/483 3184/458/3184 3183/457/3183
f 491/465/491 3183/457/3183 3182/454/3182 492/463/492
f 33/408/33 488/466/488 3185/459/3185 482/452/482
f 488/466/488 489/464/489 3186/456/3186 3185/459/3185
f 482/452/482 3185/459/3185 3184/458/3184 483/450/483
f 3188/467/3188 3189/468/3189 3187/469/3187 3193/470/3193
f 3190/471/3190 3191/472/3191 3187/469/3187 3189/468/3189
f 3192/473/3192 3193/470/3193 3187/469/3187 3191/472/3191
f 33/408/33 469/410/469 3188/467/3188 488/466/488
f 469/410/469 468/407/468 3189/468/3189 3188/467/3188
f 488/466/488 3188/467/3188 3193/470/3193 489/464/489
f 31/394/31 494/474/494 3190/471/3190 467/406/467
f 494/474/494 495/475/495 3191/472/3191 3190/471/3190
f 467/406/467 3190/471/3190 3189/468/3189 468/407/468
f 37/460/37 490/462/490 3192/473/3192 496/476/496
f 490/462/490 489/464/489 3193/470/3193 3192/473/3192
f 496/476/496 3192/473/3192 3191/472/3191 495/475/495
f 3195/477/3195 3196/478/3196 3194/479/3194 3200/480/3200
f 3197/481/3197 3198/482/3198 3194/479/3194 3196/478/3196
f 3199/483/3199 3200/480/3200 3194/479/3194 3198/482/3198
f 31/394/31 497/484/497 3195/477/3195 494/474/494
f 497/484/497 498/485/498 3196/478/3196 3195/477/3195
f 494/474/494 3195/477/3195 3200/480/3200 495/475/495
f 38/486/38 502/487/502 3197/481/3197 499/488/499
f 502/487/502 501/489/501 3198/482/3198 3197/481/3197
f 499/488/499 3197/481/3197 3196/478/3196 498/485/498
f 37/460/37 496/476/496 3199/483/3199 500/490/500
f 496/476/496 495/475/495 3200/480/3200 3199/483/3199
f 500/490/500 3199/483/3199 3198/482/3198 501/489/501
f 3202/491/3202 3203/492/3203 3201/493/3201 3207/494/3207
f 3204/495/3204 3205/496/3205 3201/493/3201 3203/492/3203
f 3206/497/3206 3207/494/3207 3201/493/3201 3205/496/3205
f 36/446/36 491/465/491 3202/491/3202 503/498/503
f 491/465/491 492/463/492 3203/492/3203 3202/491/3202
f 503/498/503 3202/491/3202 3207/494/3207 504/499/504
f 37/460/37 506/500/506 3204/495/3204 493/461/493
f 506/500/506 507/501/507 3205/496/3205 3204/495/3204
f 493/461/493 3204/495/3204 3203/492/3203 492/463/492
f 39/502/39 505/503/505 3206/497/3206 508/504/508
f 505/503/505 504/499/504 3207/494/3207 3206/497/3206
f 508/504/508 3206/497/3206 3205/496/3205 507/501/507
f 3209/505/3209 3210/506/3210 3208/507/3208 3214/508/3214
f 3211/509/3211 3212/510/3212 3208/507/3208 3210/506/3210
f 3213/511/3213 3214/508/3214 3208/507/3208 3212/510/3212
f 37/460/37 509/512/509 3209/505/3209 506/500/506
f 509/512/509 510/513/510 3210/506/3210 3209/505/3209
f 506/500/506 3209/505/3209 3214/508/3214 507/501/507
f 40/514/40 514/515/514 3211/509/3211 511/516/511
f 514/515/514 513/517/513 3212/510/3212 3211/509/3211
f 511/516/511 3211/509/3211 3210/506/3210 510/513/510
f 39/502/39 508/504/508 3213/511/3213 512/518/512
f 508/504/508 507/501/507 3214/508/3214 3213/511/3213
f 512/518/512 3213/511/3213 3212/510/3212 513/517/513
f 3216/519/3216 3217/520/3217 3215/521/3215 3221/522/3221
f 3218/523/3218 3219/524/3219 3215/521/3215 3217/520/3217
f 3220/525/3220 3221/522/3221 3215/521/3215 3219/524/3219
f 37/460/37 500/490/500 3216/519/3216 509/512/509
f 500/490/500 501/489/501 3217/520/3217 3216/519/3216
f 509/512/509 3216/519/3216 3221/522/3221 510/513/510
f 38/486/38 515/526/515 3218/523/3218 502/487/502
f 515/526/515 516/527/516 3219/524/3219 3218/523/3218
f 502/487/502 3218/523/3218 3217/520/3217 501/489/501
f 40/514/40 511/516/511 3220/525/3220 517/528/517
f 511/516/511 510/513/510 3221/522/3221 3220/525/3220
f 517/528/517 3220/525/3220 3219/524/3219 516/527/516
f 3223/529/3223 3224/530/3224 3222/531/3222 3228/532/3228
f 3225/533/3225 3226/534/3226 3222/531/3222 3224/530/3224
f 3227/535/3227 3228/532/3228 3222/531/3222 3226/534/3226
f 41/536/41 523/537/523 3223/529/3223 520/538/520
f 523/537/523 522/539/522 3224/530/3224 3223/529/3223
f 520/538/520 3223/529/3223 3228/532/3228 519/540/519
f 39/502/39 512/518/512 3225/533/3225 521/541/521
f 512/518/512 513/517/513 3226/534/3226 3225/533/3225
f 521/541/521 3225/533/3225 3224/530/3224 522/539/522
f 40/514/40 518/542/518 3227/535/3227 514/515/514
f 518/542/518 519/540/519 3228/532/3228 3227/535/3227
f 514/515/514 3227/535/3227 3226/534/3226 513/517/513
f 3230/543/3230 3231/544/3231 3229/545/3229 3235/546/3235
f 3232/547/3232 3233/548/3233 3229/545/3229 3231/544/3231
f 3234/549/3234 3235/546/3235 3229/545/3229 3233/548/3233
f 39/502/39 521/541/521 3230/543/3230 524/550/524
f 521/541/521 522/539/522 3231/544/3231 3230/543/3230
f 524/550/524 3230/543/3230 3235/546/3235 525/551/525
f 41/536/41 527/552/527 3232/547/3232 523/537/523
f 527/552/527 528/553/528 3233/548/3233 3232/547/3232
f 523/537/523 3232/547/3232 3231/544/3231 522/539/522
f 42/554/42 526/555/526 3234/549/3234 529/556/529
f 526/555/526 525/551/525 3235/546/3235 3234/549/3234
f 529/556/529 3234/549/3234 3233/548/3233 528/553/528
f 3237/557/3237 3238/558/3238 3236/559/3236 3242/560/3242
f 3239/561/3239 3240/562/3240 3236/559/3236 3238/558/3238
f 3241/563/3241 3242/560/3242 3236/559/3236 3240/562/3240
f 41/536/41 520/538/520 3237/557/3237 530/564/530
f 520/538/520 519/540/519 3238/558/3238 3237/557/3237
f 530/564/530 3237/557/3237 3242/560/3242 531/565/531
f 40/514/40 533/566/533 3239/561/3239 518/542/518
f 533/566/533 534/567/534 3240/562/3240 3239/561/3239
f 518/542/518 3239/561/3239 3238/558/3238 519/540/519
f 43/568/43 532/569/532 3241/563/3241 535/570/535
f 532/569/532 531/565/531 3242/560/3242 3241/563/3241
f 535/570/535 3241/563/3241 3240/562/3240 534/567/534
f 3244/571/3244 3245/572/3245 3243/573/3243 3249/574/3249
f 3246/575/3246 3247/576/3247 3243/573/3243 3245/572/3245
f 3248/577/3248 3249/574/3249 3243/573/3243 3247/576/3247
f 38/486/38 536/578/536 3244/571/3244 515/526/515
f 536/578/536 537/579/537 3245/572/3245 3244/571/3244
f 515/526/515 3244/571/3244 3249/574/3249 516/527/516
f 44/580/44 541/581/541 3246/575/3246 538/582/538
f 541/581/541 540/583/540 3247/576/3247 3246/575/3246
f 538/582/538 3246/575/3246 3245/572/3245 537/579/537
f 40/514/40 517/528/517 3248/577/3248 539/584/539
f 517/528/517 516/527/516 3249/574/3249 3248/577/3248
f 539/584/539 3248/577/3248 3247/576/3247 540/583/540
f 3251/585/3251 3252/586/3252 3250/587/3250 3256/588/3256
f 3253/589/3253 3254/590/3254 3250/587/3250 3252/586/3252
f 3255/591/3255 3256/588/3256 3250/587/3250 3254/590/3254
f 44/580/44 542/592/542 3251/585/3251 541/581/541
f 542/592/542 543/593/543 3252/586/3252 3251/585/3251
f 541/581/541 3251/585/3251 3256/588/3256 540/583/540
f 45/594/45 547/595/547 3253/589/3253 544/596/544
f 547/595/547 546/597/546 3254/590/3254 3253/589/3253
f 544/596/544 3253/589/3253 3252/586/3252 543/593/543
f 40/514/40 539/584/539 3255/591/3255 545/598/545
f 539/584/539 540/583/540 3256/588/3256 3255/591/3255
f 545/598/545 3255/591/3255 3254/590/3254 546/597/546
f 3258/599/3258 3259/600/3259 3257/601/3257 3263/602/3263
f 3260/603/3260 3261/604/3261 3257/601/3257 3259/600/3259
f 3262/605/3262 3263/602/3263 3257/601/3257 3261/604/3261
f 46/606/46 553/607/553 3258/599/3258 550/608/550
f 553/607/553 552/609/552 3259/600/3259 3258/599/3258
f 550/608/550 3258/599/3258 3263/602/3263 549/610/549
f 45/594/45 544/596/544 3260/603/3260 551/611/551
f 544/596/544 543/593/543 3261/604/3261 3260/603/3260
f 551/611/551 3260/603/3260 3259/600/3259 552/609/552
f 44/580/44 548/612/548 3262/605/3262 542/592/542
f 548/612/548 549/610/549 3263/602/3263 3262/605/3262
f 542/592/542 3262/605/3262 3261/604/3261 543/593/543
f 3265/613/3265 3266/614/3266 3264/615/3264 3270/616/3270
f 3267/617/3267 3268/618/3268 3264/615/3264 3266/614/3266
f 3269/619/3269 3270/616/3270 3264/615/3264 3268/618/3268
f 46/606/46 554/620/554 3265/613/3265 553/607/553
f 554/620/554 555/621/555 3266/614/3266 3265/613/3265
f 553/607/553 3265/613/3265 3270/616/3270 552/609/552
f 47/622/47 559/623/559 3267/617/3267 556/624/556
f 559/623/559 558/625/558 3268/618/3268 3267/617/3267
f 556/624/556 3267/617/3267 3266/614/3266 555/621/555
f 45/594/45 551/611/551 3269/619/3269 557/626/557
f 551/611/551 552/609/552 3270/616/3270 3269/619/3269
f 557/626/557 3269/619/3269 3268/618/3268 558/625/558
f 3272/627/3272 3273/628/3273 3271/629/3271 3277/630/3277
f 3274/631/3274 3275/632/3275 3271/629/3271 3273/628/3273
f 3276/633/3276 3277/630/3277 3271/629/3271 3275/632/3275
f 48/634/48 565/635/565 3272/627/3272 562/636/562
f 565/635/565 564/637/564 3273/628/3273 3272/627/3272
f 562/636/562 3272/627/3272 3277/630/3277 561/638/561
f 47/622/47 556/624/556 3274/631/3274 563/639/563
f 556/624/556 555/621/555 3275/632/3275 3274/631/3274
f 563/639/563 3274/631/3274 3273/628/3273 564/637/564
f 46/606/46 560/640/560 3276/633/3276 554/620/554
f 560/640/560 561/638/561 3277/630/3277 3276/633/3276
f 554/620/554 3276/633/3276 3275/632/3275 555/621/555
f 3279/641/3279 3280/642/3280 3278/643/3278 3284/644/3284
f 3281/645/3281 3282/646/3282 3278/643/3278 3280/642/3280
f 3283/647/3283 3284/644/3284 3278/643/3278 3282/646/3282
f 44/580/44 538/582/538 3279/641/3279 566/648/566
f 538/582/538 537/579/537 3280/642/3280 3279/641/3279
f 566/648/566 3279/641/3279 3284/644/3284 567/649/567
f 38/486/38 569/650/569 3281/645/3281 536/578/536
f 569/650/569 570/651/570 3282/646/3282 3281/645/3281
f 536/578/536 3281/645/3281 3280/642/3280 537/579/537
f 49/652/49 568/653/568 3283/647/3283 571/654/571
f 568/653/568 567/649/567 3284/644/3284 3283/647/3283
f 571/654/571 3283/647/3283 3282/646/3282 570/651/570
f 3286/655/3286 3287/656/3287 3285/657/3285 3291/658/3291
f 3288/659/3288 3289/660/3289 3285/657/3285 3287/656/3287
f 3290/661/3290 3291/658/3291 3285/657/3285 3289/660/3289
f 44/580/44 566/648/566 3286/655/3286 548/612/548
f 566/648/566 567/649/567 3287/656/3287 3286/655/3286
f 548/612/548 3286/655/3286 3291/658/3291 549/610/549
f 49/652/49 574/662/574 3288/659/3288 568/653/568
f 574/662/574 573/663/573 3289/660/3289 3288/659/3288
f 568/653/568 3288/659/3288 3287/656/3287 567/649/567
f 46/606/46 550/608/550 3290/661/3290 572/664/572
f 550/608/550 549/610/549 3291/658/3291 3290/661/3290
f 572/664/572 3290/661/3290 3289/660/3289 573/663/573
f 3293/665/3293 3294/666/3294 3292/667/3292 3298/668/3298
f 3295/669/3295 3296/670/3296 3292/667/3292 3294/666/3294
f 3297/671/3297 3298/668/3298 3292/667/3292 3296/670/3296
f 38/486/38 499/488/499 3293/665/3293 575/672/575
f 499/488/499 498/485/498 3294/666/3294 3293/665/3293
f 575/672/575 3293/665/3293 3298/668/3298 576/673/576
f 31/394/31 578/674/578 3295/669/3295 497/484/497
f 578/674/578 579/675/579 3296/670/3296 3295/669/3295
f 497/484/497 3295/669/3295 3294/666/3294 498/485/498
f 50/676/50 577/677/577 3297/671/3297 580/678/580
f 577/677/577 576/673/576 3298/668/3298 3297/671/3297
f 580/678/580 3297/671/3297 3296/670/3296 579/675/579
f 3300/679/3300 3301/680/3301 3299/681/3299 3305/682/3305
f 3302/683/3302 3303/684/3303 3299/681/3299 3301/680/3301
f 3304/685/3304 3305/682/3305 3299/681/3299 3303/684/3303
f 51/686/51 586/687/586 3300/679/3300 583/688/583
f 586/687/586 585/689/585 3301/680/3301 3300/679/3300
f 583/688/583 3300/679/3300 3305/682/3305 582/690/582
f 38/486/38 575/672/575 3302/683/3302 584/691/584
f 575/672/575 576/673/576 3303/684/3303 3302/683/3302
f 584/691/584 3302/683/3302 3301/680/3301 585/689/585
f 50/676/50 581/692/581 3304/685/3304 577/677/577
f 581/692/581 582/690/582 3305/682/3305 3304/685/3304
f 577/677/577 3304/685/3304 3303/684/3303 576/673/576
f 3307/693/3307 3308/694/3308 3306/695/3306 3312/696/3312
f 3309/697/3309 3310/698/3310 3306/695/3306 3308/694/3308
f 3311/699/3311 3312/696/3312 3306/695/3306 3310/698/3310
f 49/652/49 571/654/571 3307/693/3307 587/700/587
f 571/654/571 570/651/570 3308/694/3308 3307/693/3307
f 587/700/587 3307/693/3307 3312/696/3312 588/701/588
f 38/486/38 590/702/590 3309/697/3309 569/650/569
f 590/702/590 591/703/591 3310/698/3310 3309/697/3309
f 569/650/569 3309/697/3309 3308/694/3308 570/651/570
f 52/704/52 589/705/589 3311/699/3311 592/706/592
f 589/705/589 588/701/588 3312/696/3312 3311/699/3311
f 592/706/592 3311/699/3311 3310/698/3310 591/703/591
f 3314/707/3314 3315/708/3315 3313/709/3313 3319/710/3319
f 3316/711/3316 3317/712/3317 3313/709/3313 3315/708/3315
f 3318/713/3318 3319/710/3319 3313/709/3313 3317/712/3317
f 51/686/51 593/714/593 3314/707/3314 586/687/586
f 593/714/593 594/715/594 3315/708/3315 3314/707/3314
f 586/687/586 3314/707/3314 3319/710/3319 585/689/585
f 52/704/52 592/706/592 3316/711/3316 595/716/595
f 592/706/592 591/703/591 3317/712/3317 3316/711/3316
f 595/716/595 3316/711/3316 3315/708/3315 594/715/594
f 38/486/38 584/691/584 3318/713/3318 590/702/590
f 584/691/584 585/689/585 3319/710/3319 3318/713/3318
f 590/702/590 3318/713/3318 3317/712/3317 591/703/591
f 3321/717/3321 3322/718/3322 3320/719/3320 3326/720/3326
f 3323/721/3323 3324/722/3324 3320/719/3320 3322/718/3322
f 3325/723/3325 3326/720/3326 3320/719/3320 3324/722/3324
f 49/652/49 587/700/587 3321/717/3321 596/724/596
f 587/700/587 588/701/588 3322/718/3322 3321/717/3321
f 596/724/596 3321/717/3321 3326/720/3326 597/725/597
f 52/704/52 595/716/595 3323/721/3323 589/705/589
f 595/716/595 594/715/594 3324/722/3324 3323/721/3323
f 589/705/589 3323/721/3323 3322/718/3322 588/701/588
f 51/686/51 598/726/598 3325/723/3325 593/714/593
f 598/726/598 597/725/597 3326/720/3326 3325/723/3325
f 593/714/593 3325/723/3325 3324/722/3324 594/715/594
f 3328/727/3328 3329/728/3329 3327/729/3327 3333/730/3333
f 3330/731/3330 3331/732/3331 3327/729/3327 3329/728/3329
f 3332/733/3332 3333/730/3333 3327/729/3327 3331/732/3331
f 31/394/31 599/734/599 3328/727/3328 578/674/578
f 599/734/599 600/735/600 3329/728/3329 3328/727/3328
f 578/674/578 3328/727/3328 3333/730/3333 579/675/579
f 53/736/53 604/737/604 3330/731/3330 601/738/601
f 604/737/604 603/739/603 3331/732/3331 3330/731/3330
f 601/738/601 3330/731/3330 3329/728/3329 600/735/600
f 50/676/50 580/678/580 3332/733/3332 602/740/602
f 580/678/580 579/675/579 3333/730/3333 3332/733/3332
f 602/740/602 3332/733/3332 3331/732/3331 603/739/603
f 3335/741/3335 3336/742/3336 3334/743/3334 3340/744/3340
f 3337/745/3337 3338/746/3338 3334/743/3334 3336/742/3336
f 3339/747/3339 3340/744/3340 3334/743/3334 3338/746/3338
f 54/748/54 610/749/610 3335/741/3335 607/750/607
f 610/749/610 609/751/609 3336/742/3336 3335/741/3335
f 607/750/607 3335/741/3335 3340/744/3340 606/752/606
f 53/736/53 601/738/601 3337/745/3337 608/753/608
f 601/738/601 600/735/600 3338/746/3338 3337/745/3337
f 608/753/608 3337/745/3337 3336/742/3336 609/751/609
f 31/394/31 605/754/605 3339/747/3339 599/734/599
f 605/754/605 606/752/606 3340/744/3340 3339/747/3339
f 599/734/599 3339/747/3339 3338/746/3338 600/735/600
f 3342/755/3342 3343/756/3343 3341/757/3341 3347/758/3347
f 3344/759/3344 3345/760/3345 3341/757/3341 3343/756/3343
f 3346/761/3346 3347/758/3347 3341/757/3341 3345/760/3345
f 53/736/53 608/753/608 3342/755/3342 611/762/611
f 608/753/608 609/751/609 3343/756/3343 3342/755/3342
f 611/762/611 3342/755/3342 3347/758/3347 612/763/612
f 54/748/54 614/764/614 3344/759/3344 610/749/610
f 614/764/614 615/765/615 3345/760/3345 3344/759/3344
f 610/749/610 3344/759/3344 3343/756/3343 609/751/609
f 55/766/55 613/767/613 3346/761/3346 616/768/616
f 613/767/613 612/763/612 3347/758/3347 3346/761/3346
f 616/768/616 3346/761/3346 3345/760/3345 615/765/615
f 3349/769/3349 3350/770/3350 3348/771/3348 3354/772/3354
f 3351/773/3351 3352/774/3352 3348/771/3348 3350/770/3350
f 3353/775/3353 3354/772/3354 3348/771/3348 3352/774/3352
f 56/776/56 622/777/622 3349/769/3349 619/778/619
f 622/777/622 621/779/621 3350/770/3350 3349/769/3349
f 619/778/619 3349/769/3349 3354/772/3354 618/780/618
f 46/606/46 572/664/572 3351/773/3351 620/781/620
f 572/664/572 573/663/573 3352/774/3352 3351/773/3351
f 620/781/620 3351/773/3351 3350/770/3350 621/779/621
f 49/652/49 617/782/617 3353/775/3353 574/662/574
f 617/782/617 618/780/618 3354/772/3354 3353/775/3353
f 574/662/574 3353/775/3353 3352/774/3352 573/663/573
f 3356/783/3356 3357/784/3357 3355/785/3355 3361/786/3361
f 3358/787/3358 3359/788/3359 3355/785/3355 3357/784/3357
f 3360/789/3360 3361/786/3361 3355/785/3355 3359/788/3359
f 56/776/56 619/778/619 3356/783/3356 625/790/625
f 619/778/619 618/780/618 3357/784/3357 3356/783/3356
f 625/790/625 3356/783/3356 3361/786/3361 624/791/624
f 49/652/49 596/724/596 3358/787/3358 617/782/617
f 596/724/596 597/725/597 3359/788/3359 3358/787/3358
f 617/782/617 3358/787/3358 3357/784/3357 618/780/618
f 51/686/51 623/792/623 3360/789/3360 598/726/598
f 623/792/623 624/791/624 3361/786/3361 3360/789/3360
f 598/726/598 3360/789/3360 3359/788/3359 597/725/597
f 3363/793/3363 3364/794/3364 3362/795/3362 3368/796/3368
f 3365/797/3365 3366/798/3366 3362/795/3362 3364/794/3364
f 3367/799/3367 3368/796/3368 3362/795/3362 3366/798/3366
f 50/676/50 626/800/626 3363/793/3363 581/692/581
f 626/800/626 627/801/627 3364/794/3364 3363/793/3363
f 581/692/581 3363/793/3363 3368/796/3368 582/690/582
f 57/802/57 631/803/631 3365/797/3365 628/804/628
f 631/803/631 630/805/630 3366/798/3366 3365/797/3365
f 628/804/628 3365/797/3365 3364/794/3364 627/801/627
f 51/686/51 583/688/583 3367/799/3367 629/806/629
f 583/688/583 582/690/582 3368/796/3368 3367/799/3367
f 629/806/629 3367/799/3367 3366/798/3366 630/805/630
f 3370/807/3370 3371/808/3371 3369/809/3369 3375/810/3375
f 3372/811/3372 3373/812/3373 3369/809/3369 3371/808/3371
f 3374/813/3374 3375/810/3375 3369/809/3369 3373/812/3373
f 50/676/50 602/740/602 3370/807/3370 626/800/626
f 602/740/602 603/739/603 3371/808/3371 3370/807/3370
f 626/800/626 3370/807/3370 3375/810/3375 627/801/627
f 53/736/53 632/814/632 3372/811/3372 604/737/604
f 632/814/632 633/815/633 3373/812/3373 3372/811/3372
f 604/737/604 3372/811/3372 3371/808/3371 603/739/603
f 57/802/57 628/804/628 3374/813/3374 634/816/634
f 628/804/628 627/801/627 3375/810/3375 3374/813/3374
f 634/816/634 3374/813/3374 3373/812/3373 633/815/633
f 3377/817/3377 3378/818/3378 3376/819/3376 3382/820/3382
f 3379/821/3379 3380/822/3380 3376/819/3376 3378/818/3378
f 3381/823/3381 3382/820/3382 3376/819/3376 3380/822/3380
f 46/606/46 635/824/635 3377/817/3377 560/640/560
f 635/824/635 636/825/636 3378/818/3378 3377/817/3377
f 560/640/560 3377/817/3377 3382/820/3382 561/638/561
f 58/826/58 640/827/640 3379/821/3379 637/828/637
f 640/827/640 639/829/639 3380/822/3380 3379/821/3379
f 637/828/637 3379/821/3379 3378/818/3378 636/825/636
f 48/634/48 562/636/562 3381/823/3381 638/830/638
f 562/636/562 561/638/561 3382/820/3382 3381/823/3381
f 638/830/638 3381/823/3381 3380/822/3380 639/829/639
f 3384/831/3384 3385/832/3385 3383/833/3383 3389/834/3389
f 3386/835/3386 3387/836/3387 3383/833/3383 3385/832/3385
f 3388/837/3388 3389/834/3389 3383/833/3383 3387/836/3387
f 56/776/56 641/838/641 3384/831/3384 622/777/622
f 641/838/641 642/839/642 3385/832/3385 3384/831/3384
f 622/777/622 3384/831/3384 3389/834/3389 621/779/621
f 59/840/59 646/841/646 3386/835/3386 643/842/643
f 646/841/646 645/843/645 3387/836/3387 3386/835/3386
f 643/842/643 3386/835/3386 3385/832/3385 642/839/642
f 46/606/46 620/781/620 3388/837/3388 644/844/644
f 620/781/620 621/779/621 3389/834/3389 3388/837/3388
f 644/844/644 3388/837/3388 3387/836/3387 645/843/645
f 3391/845/3391 3392/846/3392 3390/847/3390 3396/848/3396
f 3393/849/3393 3394/850/3394 3390/847/3390 3392/846/3392
f 3395/851/3395 3396/848/3396 3390/847/3390 3394/850/3394
f 59/840/59 649/852/649 3391/845/3391 646/841/646
f 649/852/649 648/853/648 3392/846/3392 3391/845/3391
f 646/841/646 3391/845/3391 3396/848/3396 645/843/645
f 58/826/58 637/828/637 3393/849/3393 647/854/647
f 637/828/637 636/825/636 3394/850/3394 3393/849/3393
f 647/854/647 3393/849/3393 3392/846/3392 648/853/648
f 46/606/46 644/844/644 3395/851/3395 635/824/635
f 644/844/644 645/843/645 3396/848/3396 3395/851/3395
f 635/824/635 3395/851/3395 3394/850/3394 636/825/636
f 3398/855/3398 3399/856/3399 3397/857/3397 3403/858/3403
f 3400/859/3400 3401/860/3401 3397/857/3397 3399/856/3399
f 3402/861/3402 3403/858/3403 3397/857/3397 3401/860/3401
f 48/634/48 638/830/638 3398/855/3398 650/862/650
f 638/830/638 639/829/639 3399/856/3399 3398/855/3398
f 650/862/650 3398/855/3398 3403/858/3403 651/863/651
f 58/826/58 653/864/653 3400/859/3400 640/827/640
f 653/864/653 654/865/654 3401/860/3401 3400/859/3400
f 640/827/640 3400/859/3400 3399/856/3399 639/829/639
f 60/866/60 652/867/652 3402/861/3402 655/868/655
f 652/867/652 651/863/651 3403/858/3403 3402/861/3402
f 655/868/655 3402/861/3402 3401/860/3401 654/865/654
f 3405/869/3405 3406/870/3406 3404/871/3404 3410/872/3410
f 3407/873/3407 3408/874/3408 3404/871/3404 3406/870/3406
f 3409/875/3409 3410/872/3410 3404/871/3404 3408/874/3408
f 48/634/48 650/862/650 3405/869/3405 656/876/656
f 650/862/650 651/863/651 3406/870/3406 3405/869/3405
f 656/876/656 3405/869/3405 3410/872/3410 657/877/657
f 60/866/60 659/878/659 3407/873/3407 652/867/652
f 659/878/659 660/879/660 3408/874/3408 3407/873/3407
f 652/867/652 3407/873/3407 3406/870/3406 651/863/651
f 61/880/61 658/881/658 3409/875/3409 661/882/661
f 658/881/658 657/877/657 3410/872/3410 3409/875/3409
f 661/882/661 3409/875/3409 3408/874/3408 660/879/660
f 3412/883/3412 3413/884/3413 3411/885/3411 3417/886/3417
f 3414/887/3414 3415/888/3415 3411/885/3411 3413/884/3413
f 3416/889/3416 3417/886/3417 3411/885/3411 3415/888/3415
f 62/890/62 667/891/667 3412/883/3412 664/892/664
f 667/891/667 666/893/666 3413/884/3413 3412/883/3412
f 664/892/664 3412/883/3412 3417/886/3417 663/894/663
f 60/866/60 655/868/655 3414/887/3414 665/895/665
f 655/868/655 654/865/654 3415/888/3415 3414/887/3414
f 665/895/665 3414/887/3414 3413/884/3413 666/893/666
f 58/826/58 662/896/662 3416/889/3416 653/864/653
f 662/896/662 663/894/663 3417/886/3417 3416/889/3416
f 653/864/653 3416/889/3416 3415/888/3415 654/865/654
f 3419/897/3419 3420/898/3420 3418/899/3418 3424/900/3424
f 3421/901/3421 3422/902/3422 3418/899/3418 3420/898/3420
f 3423/903/3423 3424/900/3424 3418/899/3418 3422/902/3422
f 59/840/59 668/904/668 3419/897/3419 649/852/649
f 668/904/668 669/905/669 3420/898/3420 3419/897/3419
f 649/852/649 3419/897/3419 3424/900/3424 648/853/648
f 62/890/62 664/892/664 3421/901/3421 670/906/670
f 664/892/664 663/894/663 3422/902/3422 3421/901/3421
f 670/906/670 3421/901/3421 3420/898/3420 669/905/669
f 58/826/58 647/854/647 3423/903/3423 662/896/662
f 647/854/647 648/853/648 3424/900/3424 3423/903/3423
f 662/896/662 3423/903/3423 3422/902/3422 663/894/663
f 3426/907/3426 3427/908/3427 3425/909/3425 3431/910/3431
f 3428/911/3428 3429/912/3429 3425/909/3425 3427/908/3427
f 3430/913/3430 3431/910/3431 3425/909/3425 3429/912/3429
f 62/890/62 673/914/673 3426/907/3426 667/891/667
f 673/914/673 672/915/672 3427/908/3427 3426/907/3426
f 667/891/667 3426/907/3426 3431/910/3431 666/893/666
f 8/55/8 674/916/674 3428/911/3428 671/917/671
f 674/916/674 675/918/675 3429/912/3429 3428/911/3428
f 671/917/671 3428/911/3428 3427/908/3427 672/915/672
f 60/866/60 665/895/665 3430/913/3430 676/919/676
f 665/895/665 666/893/666 3431/910/3431 3430/913/3430
f 676/919/676 3430/913/3430 3429/912/3429 675/918/675
f 3433/920/3433 3434/921/3434 3432/922/3432 3438/923/3438
f 3435/924/3435 3436/925/3436 3432/922/3432 3434/921/3434
f 3437/926/3437 3438/923/3438 3432/922/3432 3436/925/3436
f 8/55/8 671/917/671 3433/920/3433 677/927/677
f 671/917/671 672/915/672 3434/921/3434 3433/920/3433
f 677/927/677 3433/920/3433 3438/923/3438 678/928/678
f 62/890/62 680/929/680 3435/924/3435 673/914/673
f 680/929/680 681/930/681 3436/925/3436 3435/924/3435
f 673/914/673 3435/924/3435 3434/921/3434 672/915/672
f 63/931/63 679/932/679 3437/926/3437 682/933/682
f 679/932/679 678/928/678 3438/923/3438 3437/926/3437
f 682/933/682 3437/926/3437 3436/925/3436 681/930/681
f 3440/934/3440 3441/935/3441 3439/936/3439 3445/937/3445
f 3442/938/3442 3443/939/3443 3439/936/3439 3441/935/3441
f 3444/940/3444 3445/937/3445 3439/936/3439 3443/939/3443
f 63/931/63 682/933/682 3440/934/3440 685/941/685
f 682/933/682 681/930/681 3441/935/3441 3440/934/3440
f 685/941/685 3440/934/3440 3445/937/3445 684/942/684
f 62/890/62 670/906/670 3442/938/3442 680/929/680
f 670/906/670 669/905/669 3443/939/3443 3442/938/3442
f 680/929/680 3442/938/3442 3441/935/3441 681/930/681
f 59/840/59 683/943/683 3444/940/3444 668/904/668
f 683/943/683 684/942/684 3445/937/3445 3444/940/3444
f 668/904/668 3444/940/3444 3443/939/3443 669/905/669
f 3447/944/3447 3448/945/3448 3446/946/3446 3452/947/3452
f 3449/948/3449 3450/949/3450 3446/946/3446 3448/945/3448
f 3451/950/3451 3452/947/3452 3446/946/3446 3450/949/3450
f 7/46/7 317/48/317 3447/944/3447 686/951/686
f 317/48/317 318/50/318 3448/945/3448 3447/944/3447
f 686/951/686 3447/944/3447 3452/947/3452 687/952/687
f 8/55/8 677/927/677 3449/948/3449 319/56/319
f 677/927/677 678/928/678 3450/949/3450 3449/948/3449
f 319/56/319 3449/948/3449 3448/945/3448 318/50/318
f 63/931/63 688/953/688 3451/950/3451 679/932/679
f 688/953/688 687/952/687 3452/947/3452 3451/950/3451
f 679/932/679 3451/950/3451 3450/949/3450 678/928/678
f 3454/954/3454 3455/955/3455 3453/956/3453 3459/957/3459
f 3456/958/3456 3457/959/3457 3453/956/3453 3455/955/3455
f 3458/960/3458 3459/957/3459 3453/956/3453 3457/959/3457
f 7/46/7 686/951/686 3454/954/3454 689/961/689
f 686/951/686 687/952/687 3455/955/3455 3454/954/3454
f 689/961/689 3454/954/3454 3459/957/3459 690/962/690
f 63/931/63 692/963/692 3456/958/3456 688/953/688
f 692/963/692 693/964/693 3457/959/3457 3456/958/3456
f 688/953/688 3456/958/3456 3455/955/3455 687/952/687
f 64/965/64 691/966/691 3458/960/3458 694/967/694
f 691/966/691 690/962/690 3459/957/3459 3458/960/3458
f 694/967/694 3458/960/3458 3457/959/3457 693/964/693
f 3461/968/3461 3462/969/3462 3460/970/3460 3466/971/3466
f 3463/972/3463 3464/973/3464 3460/970/3460 3462/969/3462
f 3465/974/3465 3466/971/3466 3460/970/3460 3464/973/3464
f 65/975/65 700/976/700 3461/968/3461 697/977/697
f 700/976/700 699/978/699 3462/969/3462 3461/968/3461
f 697/977/697 3461/968/3461 3466/971/3466 696/979/696
f 7/46/7 689/961/689 3463/972/3463 698/980/698
f 689/961/689 690/962/690 3464/973/3464 3463/972/3463
f 698/980/698 3463/972/3463 3462/969/3462 699/978/699
f 64/965/64 695/981/695 3465/974/3465 691/966/691
f 695/981/695 696/979/696 3466/971/3466 3465/974/3465
f 691/966/691 3465/974/3465 3464/973/3464 690/962/690
f 3468/982/3468 3469/983/3469 3467/984/3467 3473/985/3473
f 3470/986/3470 3471/987/3471 3467/984/3467 3469/983/3469
f 3472/988/3472 3473/985/3473 3467/984/3467 3471/987/3471
f 64/965/64 701/989/701 3468/982/3468 695/981/695
f 701/989/701 702/990/702 3469/983/3469 3468/982/3468
f 695/981/695 3468/982/3468 3473/985/3473 696/979/696
f 66/991/66 706/992/706 3470/986/3470 703/993/703
f 706/992/706 705/994/705 3471/987/3471 3470/986/3470
f 703/993/703 3470/986/3470 3469/983/3469 702/990/702
f 65/975/65 697/977/697 3472/988/3472 704/995/704
f 697/977/697 696/979/696 3473/985/3473 3472/988/3472
f 704/995/704 3472/988/3472 3471/987/3471 705/994/705
f 3475/996/3475 3476/997/3476 3474/998/3474 3480/999/3480
f 3477/1000/3477 3478/1001/3478 3474/998/3474 3476/997/3476
f 3479/1002/3479 3480/999/3480 3474/998/3474 3478/1001/3478
f 67/1003/67 712/1004/712 3475/996/3475 709/1005/709
f 712/1004/712 711/1006/711 3476/997/3476 3475/996/3475
f 709/1005/709 3475/996/3475 3480/999/3480 708/1007/708
f 59/840/59 643/842/643 3477/1000/3477 710/1008/710
f 643/842/643 642/839/642 3478/1001/3478 3477/1000/3477
f 710/1008/710 3477/1000/3477 3476/997/3476 711/1006/711
f 56/776/56 707/1009/707 3479/1002/3479 641/838/641
f 707/1009/707 708/1007/708 3480/999/3480 3479/1002/3479
f 641/838/641 3479/1002/3479 3478/1001/3478 642/839/642
f 3482/1010/3482 3483/1011/3483 3481/1012/3481 3487/1013/3487
f 3484/1014/3484 3485/1015/3485 3481/1012/3481 3483/1011/3483
f 3486/1016/3486 3487/1013/3487 3481/1012/3481 3485/1015/3485
f 67/1003/67 715/1017/715 3482/1010/3482 712/1004/712
f 715/1017/715 714/1018/714 3483/1011/3483 3482/1010/3482
f 712/1004/712 3482/1010/3482 3487/1013/3487 711/1006/711
f 63/931/63 685/941/685 3484/1014/3484 713/1019/713
f 685/941/685 684/942/684 3485/1015/3485 3484/1014/3484
f 713/1019/713 3484/1014/3484 3483/1011/3483 714/1018/714
f 59/840/59 710/1008/710 3486/1016/3486 683/943/683
f 710/1008/710 711/1006/711 3487/1013/3487 3486/1016/3486
f 683/943/683 3486/1016/3486 3485/1015/3485 684/942/684
f 3489/1020/3489 3490/1021/3490 3488/1022/3488 3494/1023/3494
f 3491/1024/3491 3492/1025/3492 3488/1022/3488 3490/1021/3490
f 3493/1026/3493 3494/1023/3494 3488/1022/3488 3492/1025/3492
f 67/1003/67 709/1005/709 3489/1020/3489 716/1027/716
f 709/1005/709 708/1007/708 3490/1021/3490 3489/1020/3489
f 716/1027/716 3489/1020/3489 3494/1023/3494 717/1028/717
f 56/776/56 719/1029/719 3491/1024/3491 707/1009/707
f 719/1029/719 720/1030/720 3492/1025/3492 3491/1024/3491
f 707/1009/707 3491/1024/3491 3490/1021/3490 708/1007/708
f 68/1031/68 718/1032/718 3493/1026/3493 721/1033/721
f 718/1032/718 717/1028/717 3494/1023/3494 3493/1026/3493
f 721/1033/721 3493/1026/3493 3492/1025/3492 720/1030/720
f 3496/1034/3496 3497/1035/3497 3495/1036/3495 3501/1037/3501
f 3498/1038/3498 3499/1039/3499 3495/1036/3495 3497/1035/3497
f 3500/1040/3500 3501/1037/3501 3495/1036/3495 3499/1039/3499
f 68/1031/68 721/1033/721 3496/1034/3496 724/1041/724
f 721/1033/721 720/1030/720 3497/1035/3497 3496/1034/3496
f 724/1041/724 3496/1034/3496 3501/1037/3501 723/1042/723
f 56/776/56 625/790/625 3498/1038/3498 719/1029/719
f 625/790/625 624/791/624 3499/1039/3499 3498/1038/3498
f 719/1029/719 3498/1038/3498 3497/1035/3497 720/1030/720
f 51/686/51 722/1043/722 3500/1040/3500 623/792/623
f 722/1043/722 723/1042/723 3501/1037/3501 3500/1040/3500
f 623/792/623 3500/1040/3500 3499/1039/3499 624/791/624
f 3503/1044/3503 3504/1045/3504 3502/1046/3502 3508/1047/3508
f 3505/1048/3505 3506/1049/3506 3502/1046/3502 3504/1045/3504
f 3507/1050/3507 3508/1047/3508 3502/1046/3502 3506/1049/3506
f 63/931/63 713/1019/713 3503/1044/3503 725/1051/725
f 713/1019/713 714/1018/714 3504/1045/3504 3503/1044/3503
f 725/1051/725 3503/1044/3503 3508/1047/3508 726/1052/726
f 67/1003/67 728/1053/728 3505/1048/3505 715/1017/715
f 728/1053/728 729/1054/729 3506/1049/3506 3505/1048/3505
f 715/1017/715 3505/1048/3505 3504/1045/3504 714/1018/714
f 69/1055/69 727/1056/727 3507/1050/3507 730/1057/730
f 727/1056/727 726/1052/726 3508/1047/3508 3507/1050/3507
f 730/1057/730 3507/1050/3507 3506/1049/3506 729/1054/729
f 3510/1058/3510 3511/1059/3511 3509/1060/3509 3515/1061/3515
f 3512/1062/3512 3513/1063/3513 3509/1060/3509 3511/1059/3511
f 3514/1064/3514 3515/1061/3515 3509/1060/3509 3513/1063/3513
f 63/931/63 725/1051/725 3510/1058/3510 692/963/692
f 725/1051/725 726/1052/726 3511/1059/3511 3510/1058/3510
f 692/963/692 3510/1058/3510 3515/1061/3515 693/964/693
f 69/1055/69 733/1065/733 3512/1062/3512 727/1056/727
f 733/1065/733 732/1066/732 3513/1063/3513 3512/1062/3512
f 727/1056/727 3512/1062/3512 3511/1059/3511 726/1052/726
f 64/965/64 694/967/694 3514/1064/3514 731/1067/731
f 694/967/694 693/964/693 3515/1061/3515 3514/1064/3514
f 731/1067/731 3514/1064/3514 3513/1063/3513 732/1066/732
f 3517/1068/3517 3518/1069/3518 3516/1070/3516 3522/1071/3522
f 3519/1072/3519 3520/1073/3520 3516/1070/3516 3518/1069/3518
f 3521/1074/3521 3522/1071/3522 3516/1070/3516 3520/1073/3520
f 69/1055/69 730/1057/730 3517/1068/3517 736/1075/736
f 730/1057/730 729/1054/729 3518/1069/3518 3517/1068/3517
f 736/1075/736 3517/1068/3517 3522/1071/3522 735/1076/735
f 67/1003/67 716/1027/716 3519/1072/3519 728/1053/728
f 716/1027/716 717/1028/717 3520/1073/3520 3519/1072/3519
f 728/1053/728 3519/1072/3519 3518/1069/3518 729/1054/729
f 68/1031/68 734/1077/734 3521/1074/3521 718/1032/718
f 734/1077/734 735/1076/735 3522/1071/3522 3521/1074/3521
f 718/1032/718 3521/1074/3521 3520/1073/3520 717/1028/717
f 3524/1078/3524 3525/1079/3525 3523/1080/3523 3529/1081/3529
f 3526/1082/3526 3527/1083/3527 3523/1080/3523 3525/1079/3525
f 3528/1084/3528 3529/1081/3529 3523/1080/3523 3527/1083/3527
f 68/1031/68 724/1041/724 3524/1078/3524 737/1085/737
f 724/1041/724 723/1042/723 3525/1079/3525 3524/1078/3524
f 737/1085/737 3524/1078/3524 3529/1081/3529 738/1086/738
f 51/686/51 740/1087/740 3526/1082/3526 722/1043/722
f 740/1087/740 741/1088/741 3527/1083/3527 3526/1082/3526
f 722/1043/722 3526/1082/3526 3525/1079/3525 723/1042/723
f 70/1089/70 739/1090/739 3528/1084/3528 742/1091/742
f 739/1090/739 738/1086/738 3529/1081/3529 3528/1084/3528
f 742/1091/742 3528/1084/3528 3527/1083/3527 741/1088/741
f 3531/1092/3531 3532/1093/3532 3530/1094/3530 3536/1095/3536
f 3533/1096/3533 3534/1097/3534 3530/1094/3530 3532/1093/3532
f 3535/1098/3535 3536/1095/3536 3530/1094/3530 3534/1097/3534
f 70/1089/70 742/1091/742 3531/1092/3531 745/1099/745
f 742/1091/742 741/1088/741 3532/1093/3532 3531/1092/3531
f 745/1099/745 3531/1092/3531 3536/1095/3536 744/1100/744
f 51/686/51 629/806/629 3533/1096/3533 740/1087/740
f 629/806/629 630/805/630 3534/1097/3534 3533/1096/3533
f 740/1087/740 3533/1096/3533 3532/1093/3532 741/1088/741
f 57/802/57 743/1101/743 3535/1098/3535 631/803/631
f 743/1101/743 744/1100/744 3536/1095/3536 3535/1098/3535
f 631/803/631 3535/1098/3535 3534/1097/3534 630/805/630
f 3538/1102/3538 3539/1103/3539 3537/1104/3537 3543/1105/3543
f 3540/1106/3540 3541/1107/3541 3537/1104/3537 3539/1103/3539
f 3542/1108/3542 3543/1105/3543 3537/1104/3537 3541/1107/3541
f 71/1109/71 751/1110/751 3538/1102/3538 748/1111/748
f 751/1110/751 750/1112/750 3539/1103/3539 3538/1102/3538
f 748/1111/748 3538/1102/3538 3543/1105/3543 747/1113/747
f 69/1055/69 736/1075/736 3540/1106/3540 749/1114/749
f 736/1075/736 735/1076/735 3541/1107/3541 3540/1106/3540
f 749/1114/749 3540/1106/3540 3539/1103/3539 750/1112/750
f 68/1031/68 746/1115/746 3542/1108/3542 734/1077/734
f 746/1115/746 747/1113/747 3543/1105/3543 3542/1108/3542
f 734/1077/734 3542/1108/3542 3541/1107/3541 735/1076/735
f 3545/1116/3545 3546/1117/3546 3544/1118/3544 3550/1119/3550
f 3547/1120/3547 3548/1121/3548 3544/1118/3544 3546/1117/3546
f 3549/1122/3549 3550/1119/3550 3544/1118/3544 3548/1121/3548
f 71/1109/71 754/1123/754 3545/1116/3545 751/1110/751
f 754/1123/754 753/1124/753 3546/1117/3546 3545/1116/3545
f 751/1110/751 3545/1116/3545 3550/1119/3550 750/1112/750
f 64/965/64 731/1067/731 3547/1120/3547 752/1125/752
f 731/1067/731 732/1066/732 3548/1121/3548 3547/1120/3547
f 752/1125/752 3547/1120/3547 3546/1117/3546 753/1124/753
f 69/1055/69 749/1114/749 3549/1122/3549 733/1065/733
f 749/1114/749 750/1112/750 3550/1119/3550 3549/1122/3549
f 733/1065/733 3549/1122/3549 3548/1121/3548 732/1066/732
f 3552/1126/3552 3553/1127/3553 3551/1128/3551 3557/1129/3557
f 3554/1130/3554 3555/1131/3555 3551/1128/3551 3553/1127/3553
f 3556/1132/3556 3557/1129/3557 3551/1128/3551 3555/1131/3555
f 71/1109/71 748/1111/748 3552/1126/3552 757/1133/757
f 748/1111/748 747/1113/747 3553/1127/3553 3552/1126/3552
f 757/1133/757 3552/1126/3552 3557/1129/3557 756/1134/756
f 68/1031/68 737/1085/737 3554/1130/3554 746/1115/746
f 737/1085/737 738/1086/738 3555/1131/3555 3554/1130/3554
f 746/1115/746 3554/1130/3554 3553/1127/3553 747/1113/747
f 70/1089/70 755/1135/755 3556/1132/3556 739/1090/739
f 755/1135/755 756/1134/756 3557/1129/3557 3556/1132/3556
f 739/1090/739 3556/1132/3556 3555/1131/3555 738/1086/738
f 3559/1136/3559 3560/1137/3560 3558/1138/3558 3564/1139/3564
f 3561/1140/3561 3562/1141/3562 3558/1138/3558 3560/1137/3560
f 3563/1142/3563 3564/1139/3564 3558/1138/3558 3562/1141/3562
f 70/1089/70 745/1099/745 3559/1136/3559 758/1143/758
f 745/1099/745 744/1100/744 3560/1137/3560 3559/1136/3559
f 758/1143/758 3559/1136/3559 3564/1139/3564 759/1144/759
f 57/802/57 761/1145/761 3561/1140/3561 743/1101/743
f 761/1145/761 762/1146/762 3562/1141/3562 3561/1140/3561
f 743/1101/743 3561/1140/3561 3560/1137/3560 744/1100/744
f 72/1147/72 760/1148/760 3563/1142/3563 763/1149/763
f 760/1148/760 759/1144/759 3564/1139/3564 3563/1142/3563
f 763/1149/763 3563/1142/3563 3562/1141/3562 762/1146/762
f 3566/1150/3566 3567/1151/3567 3565/1152/3565 3571/1153/3571
f 3568/1154/3568 3569/1155/3569 3565/1152/3565 3567/1151/3567
f 3570/1156/3570 3571/1153/3571 3565/1152/3565 3569/1155/3569
f 72/1147/72 763/1149/763 3566/1150/3566 766/1157/766
f 763/1149/763 762/1146/762 3567/1151/3567 3566/1150/3566
f 766/1157/766 3566/1150/3566 3571/1153/3571 765/1158/765
f 57/802/57 634/816/634 3568/1154/3568 761/1145/761
f 634/816/634 633/815/633 3569/1155/3569 3568/1154/3568
f 761/1145/761 3568/1154/3568 3567/1151/3567 762/1146/762
f 53/736/53 764/1159/764 3570/1156/3570 632/814/632
f 764/1159/764 765/1158/765 3571/1153/3571 3570/1156/3570
f 632/814/632 3570/1156/3570 3569/1155/3569 633/815/633
f 3573/1160/3573 3574/1161/3574 3572/1162/3572 3578/1163/3578
f 3575/1164/3575 3576/1165/3576 3572/1162/3572 3574/1161/3574
f 3577/1166/3577 3578/1163/3578 3572/1162/3572 3576/1165/3576
f 72/1147/72 766/1157/766 3573/1160/3573 767/1167/767
f 766/1157/766 765/1158/765 3574/1161/3574 3573/1160/3573
f 767/1167/767 3573/1160/3573 3578/1163/3578 768/1168/768
f 53/736/53 770/1169/770 3575/1164/3575 764/1159/764
f 770/1169/770 771/1170/771 3576/1165/3576 3575/1164/3575
f 764/1159/764 3575/1164/3575 3574/1161/3574 765/1158/765
f 73/1171/73 769/1172/769 3577/1166/3577 772/1173/772
f 769/1172/769 768/1168/768 3578/1163/3578 3577/1166/3577
f 772/1173/772 3577/1166/3577 3576/1165/3576 771/1170/771
f 3580/1174/3580 3581/1175/3581 3579/1176/3579 3585/1177/3585
f 3582/1178/3582 3583/1179/3583 3579/1176/3579 3581/1175/3581
f 3584/1180/3584 3585/1177/3585 3579/1176/3579 3583/1179/3583
f 73/1171/73 772/1173/772 3580/1174/3580 775/1181/775
f 772/1173/772 771/1170/771 3581/1175/3581 3580/1174/3580
f 775/1181/775 3580/1174/3580 3585/1177/3585 774/1182/774
f 53/736/53 611/762/611 3582/1178/3582 770/1169/770
f 611/762/611 612/763/612 3583/1179/3583 3582/1178/3582
f 770/1169/770 3582/1178/3582 3581/1175/3581 771/1170/771
f 55/766/55 773/1183/773 3584/1180/3584 613/767/613
f 773/1183/773 774/1182/774 3585/1177/3585 3584/1180/3584
f 613/767/613 3584/1180/3584 3583/1179/3583 612/763/612
f 3587/1184/3587 3588/1185/3588 3586/1186/3586 3592/1187/3592
f 3589/1188/3589 3590/1189/3590 3586/1186/3586 3588/1185/3588
f 3591/1190/3591 3592/1187/3592 3586/1186/3586 3590/1189/3590
f 72/1147/72 776/1191/776 3587/1184/3587 760/1148/760
f 776/1191/776 777/1192/777 3588/1185/3588 3587/1184/3587
f 760/1148/760 3587/1184/3587 3592/1187/3592 759/1144/759
f 74/1193/74 781/1194/781 3589/1188/3589 778/1195/778
f 781/1194/781 780/1196/780 3590/1189/3590 3589/1188/3589
f 778/1195/778 3589/1188/3589 3588/1185/3588 777/1192/777
f 70/1089/70 758/1143/758 3591/1190/3591 779/1197/779
f 758/1143/758 759/1144/759 3592/1187/3592 3591/1190/3591
f 779/1197/779 3591/1190/3591 3590/1189/3590 780/1196/780
f 3594/1198/3594 3595/1199/3595 3593/1200/3593 3599/1201/3599
f 3596/1202/3596 3597/1203/3597 3593/1200/3593 3595/1199/3595
f 3598/1204/3598 3599/1201/3599 3593/1200/3593 3597/1203/3597
f 72/1147/72 767/1167/767 3594/1198/3594 776/1191/776
f 767/1167/767 768/1168/768 3595/1199/3595 3594/1198/3594
f 776/1191/776 3594/1198/3594 3599/1201/3599 777/1192/777
f 73/1171/73 782/1205/782 3596/1202/3596 769/1172/769
f 782/1205/782 783/1206/783 3597/1203/3597 3596/1202/3596
f 769/1172/769 3596/1202/3596 3595/1199/3595 768/1168/768
f 74/1193/74 778/1195/778 3598/1204/3598 784/1207/784
f 778/1195/778 777/1192/777 3599/1201/3599 3598/1204/3598
f 784/1207/784 3598/1204/3598 3597/1203/3597 783/1206/783
f 3601/1208/3601 3602/1209/3602 3600/1210/3600 3606/1211/3606
f 3603/1212/3603 3604/1213/3604 3600/1210/3600 3602/1209/3602
f 3605/1214/3605 3606/1211/3606 3600/1210/3600 3604/1213/3604
f 70/1089/70 785/1215/785 3601/1208/3601 755/1135/755
f 785/1215/785 786/1216/786 3602/1209/3602 3601/1208/3601
f 755/1135/755 3601/1208/3601 3606/1211/3606 756/1134/756
f 75/1217/75 790/1218/790 3603/1212/3603 787/1219/787
f 790/1218/790 789/1220/789 3604/1213/3604 3603/1212/3603
f 787/1219/787 3603/1212/3603 3602/1209/3602 786/1216/786
f 71/1109/71 757/1133/757 3605/1214/3605 788/1221/788
f 757/1133/757 756/1134/756 3606/1211/3606 3605/1214/3605
f 788/1221/788 3605/1214/3605 3604/1213/3604 789/1220/789
f 3608/1222/3608 3609/1223/3609 3607/1224/3607 3613/1225/3613
f 3610/1226/3610 3611/1227/3611 3607/1224/3607 3609/1223/3609
f 3612/1228/3612 3613/1225/3613 3607/1224/3607 3611/1227/3611
f 70/1089/70 779/1197/779 3608/1222/3608 785/1215/785
f 779/1197/779 780/1196/780 3609/1223/3609 3608/1222/3608
f 785/1215/785 3608/1222/3608 3613/1225/3613 786/1216/786
f 74/1193/74 791/1229/791 3610/1226/3610 781/1194/781
f 791/1229/791 792/1230/792 3611/1227/3611 3610/1226/3610
f 781/1194/781 3610/1226/3610 3609/1223/3609 780/1196/780
f 75/1217/75 787/1219/787 3612/1228/3612 793/1231/793
f 787/1219/787 786/1216/786 3613/1225/3613 3612/1228/3612
f 793/1231/793 3612/1228/3612 3611/1227/3611 792/1230/792
f 3615/1232/3615 3616/1233/3616 3614/1234/3614 3620/1235/3620
f 3617/1236/3617 3618/1237/3618 3614/1234/3614 3616/1233/3616
f 3619/1238/3619 3620/1235/3620 3614/1234/3614 3618/1237/3618
f 71/1109/71 794/1239/794 3615/1232/3615 754/1123/754
f 794/1239/794 795/1240/795 3616/1233/3616 3615/1232/3615
f 754/1123/754 3615/1232/3615 3620/1235/3620 753/1124/753
f 76/1241/76 799/1242/799 3617/1236/3617 796/1243/796
f 799/1242/799 798/1244/798 3618/1237/3618 3617/1236/3617
f 796/1243/796 3617/1236/3617 3616/1233/3616 795/1240/795
f 64/965/64 752/1125/752 3619/1238/3619 797/1245/797
f 752/1125/752 753/1124/753 3620/1235/3620 3619/1238/3619
f 797/1245/797 3619/1238/3619 3618/1237/3618 798/1244/798
f 3622/1246/3622 3623/1247/3623 3621/1248/3621 3627/1249/3627
f 3624/1250/3624 3625/1251/3625 3621/1248/3621 3623/1247/3623
f 3626/1252/3626 3627/1249/3627 3621/1248/3621 3625/1251/3625
f 71/1109/71 788/1221/788 3622/1246/3622 794/1239/794
f 788/1221/788 789/1220/789 3623/1247/3623 3622/1246/3622
f 794/1239/794 3622/1246/3622 3627/1249/3627 795/1240/795
f 75/1217/75 800/1253/800 3624/1250/3624 790/1218/790
f 800/1253/800 801/1254/801 3625/1251/3625 3624/1250/3624
f 790/1218/790 3624/1250/3624 3623/1247/3623 789/1220/789
f 76/1241/76 796/1243/796 3626/1252/3626 802/1255/802
f 796/1243/796 795/1240/795 3627/1249/3627 3626/1252/3626
f 802/1255/802 3626/1252/3626 3625/1251/3625 801/1254/801
f 3629/1256/3629 3630/1257/3630 3628/1258/3628 3634/1259/3634
f 3631/1260/3631 3632/1261/3632 3628/1258/3628 3630/1257/3630
f 3633/1262/3633 3634/1259/3634 3628/1258/3628 3632/1261/3632
f 73/1171/73 775/1181/775 3629/1256/3629 803/1263/803
f 775/1181/775 774/1182/774 3630/1257/3630 3629/1256/3629
f 803/1263/803 3629/1256/3629 3634/1259/3634 804/1264/804
f 55/766/55 806/1265/806 3631/1260/3631 773/1183/773
f 806/1265/806 807/1266/807 3632/1261/3632 3631/1260/3631
f 773/1183/773 3631/1260/3631 3630/1257/3630 774/1182/774
f 77/1267/77 805/1268/805 3633/1262/3633 808/1269/808
f 805/1268/805 804/1264/804 3634/1259/3634 3633/1262/3633
f 808/1269/808 3633/1262/3633 3632/1261/3632 807/1266/807
f 3636/1270/3636 3637/1271/3637 3635/1272/3635 3641/1273/3641
f 3638/1274/3638 3639/1275/3639 3635/1272/3635 3637/1271/3637
f 3640/1276/3640 3641/1273/3641 3635/1272/3635 3639/1275/3639
f 78/1277/78 814/1278/814 3636/1270/3636 811/1279/811
f 814/1278/814 813/1280/813 3637/1271/3637 3636/1270/3636
f 811/1279/811 3636/1270/3636 3641/1273/3641 810/1281/810
f 77/1267/77 808/1269/808 3638/1274/3638 812/1282/812
f 808/1269/808 807/1266/807 3639/1275/3639 3638/1274/3638
f 812/1282/812 3638/1274/3638 3637/1271/3637 813/1280/813
f 55/766/55 809/1283/809 3640/1276/3640 806/1265/806
f 809/1283/809 810/1281/810 3641/1273/3641 3640/1276/3640
f 806/1265/806 3640/1276/3640 3639/1275/3639 807/1266/807
f 3643/1284/3643 3644/1285/3644 3642/1286/3642 3648/1287/3648
f 3645/1288/3645 3646/1289/3646 3642/1286/3642 3644/1285/3644
f 3647/1290/3647 3648/1287/3648 3642/1286/3642 3646/1289/3646
f 78/1277/78 815/1291/815 3643/1284/3643 814/1278/814
f 815/1291/815 816/1292/816 3644/1285/3644 3643/1284/3643
f 814/1278/814 3643/1284/3643 3648/1287/3648 813/1280/813
f 79/1293/79 820/1294/820 3645/1288/3645 817/1295/817
f 820/1294/820 819/1296/819 3646/1289/3646 3645/1288/3645
f 817/1295/817 3645/1288/3645 3644/1285/3644 816/1292/816
f 77/1267/77 812/1282/812 3647/1290/3647 818/1297/818
f 812/1282/812 813/1280/813 3648/1287/3648 3647/1290/3647
f 818/1297/818 3647/1290/3647 3646/1289/3646 819/1296/819
f 3650/1298/3650 3651/1299/3651 3649/1300/3649 3655/1301/3655
f 3652/1302/3652 3653/1303/3653 3649/1300/3649 3651/1299/3651
f 3654/1304/3654 3655/1301/3655 3649/1300/3649 3653/1303/3653
f 76/1241/76 821/1305/821 3650/1298/3650 799/1242/799
f 821/1305/821 822/1306/822 3651/1299/3651 3650/1298/3650
f 799/1242/799 3650/1298/3650 3655/1301/3655 798/1244/798
f 80/1307/80 826/1308/826 3652/1302/3652 823/1309/823
f 826/1308/826 825/1310/825 3653/1303/3653 3652/1302/3652
f 823/1309/823 3652/1302/3652 3651/1299/3651 822/1306/822
f 64/965/64 797/1245/797 3654/1304/3654 824/1311/824
f 797/1245/797 798/1244/798 3655/1301/3655 3654/1304/3654
f 824/1311/824 3654/1304/3654 3653/1303/3653 825/1310/825
f 3657/1312/3657 3658/1313/3658 3656/1314/3656 3662/1315/3662
f 3659/1316/3659 3660/1317/3660 3656/1314/3656 3658/1313/3658
f 3661/1318/3661 3662/1315/3662 3656/1314/3656 3660/1317/3660
f 80/1307/80 829/1319/829 3657/1312/3657 826/1308/826
f 829/1319/829 828/1320/828 3658/1313/3658 3657/1312/3657
f 826/1308/826 3657/1312/3657 3662/1315/3662 825/1310/825
f 66/991/66 703/993/703 3659/1316/3659 827/1321/827
f 703/993/703 702/990/702 3660/1317/3660 3659/1316/3659
f 827/1321/827 3659/1316/3659 3658/1313/3658 828/1320/828
f 64/965/64 824/1311/824 3661/1318/3661 701/989/701
f 824/1311/824 825/1310/825 3662/1315/3662 3661/1318/3661
f 701/989/701 3661/1318/3661 3660/1317/3660 702/990/702
f 3664/1322/3664 3665/1323/3665 3663/1324/3663 3669/1325/3669
f 3666/1326/3666 3667/1327/3667 3663/1324/3663 3665/1323/3665
f 3668/1328/3668 3669/1325/3669 3663/1324/3663 3667/1327/3667
f 77/1267/77 830/1329/830 3664/1322/3664 805/1268/805
f 830/1329/830 831/1330/831 3665/1323/3665 3664/1322/3664
f 805/1268/805 3664/1322/3664 3669/1325/3669 804/1264/804
f 81/1331/81 835/1332/835 3666/1326/3666 832/1333/832
f 835/1332/835 834/1334/834 3667/1327/3667 3666/1326/3666
f 832/1333/832 3666/1326/3666 3665/1323/3665 831/1330/831
f 73/1171/73 803/1263/803 3668/1328/3668 833/1335/833
f 803/1263/803 804/1264/804 3669/1325/3669 3668/1328/3668
f 833/1335/833 3668/1328/3668 3667/1327/3667 834/1334/834
f 3671/1336/3671 3672/1337/3672 3670/1338/3670 3676/1339/3676
f 3673/1340/3673 3674/1341/3674 3670/1338/3670 3672/1337/3672
f 3675/1342/3675 3676/1339/3676 3670/1338/3670 3674/1341/3674
f 73/1171/73 833/1335/833 3671/1336/3671 782/1205/782
f 833/1335/833 834/1334/834 3672/1337/3672 3671/1336/3671
f 782/1205/782 3671/1336/3671 3676/1339/3676 783/1206/783
f 81/1331/81 838/1343/838 3673/1340/3673 835/1332/835
f 838/1343/838 837/1344/837 3674/1341/3674 3673/1340/3673
f 835/1332/835 3673/1340/3673 3672/1337/3672 834/1334/834
f 74/1193/74 784/1207/784 3675/1342/3675 836/1345/836
f 784/1207/784 783/1206/783 3676/1339/3676 3675/1342/3675
f 836/1345/836 3675/1342/3675 3674/1341/3674 837/1344/837
f 3678/1346/3678 3679/1347/3679 3677/1348/3677 3683/1349/3683
f 3680/1350/3680 3681/1351/3681 3677/1348/3677 3679/1347/3679
f 3682/1352/3682 3683/1349/3683 3677/1348/3677 3681/1351/3681
f 75/1217/75 839/1353/839 3678/1346/3678 800/1253/800
f 839/1353/839 840/1354/840 3679/1347/3679 3678/1346/3678
f 800/1253/800 3678/1346/3678 3683/1349/3683 801/1254/801
f 82/1355/82 844/1356/844 3680/1350/3680 841/1357/841
f 844/1356/844 843/1358/843 3681/1351/3681 3680/1350/3680
f 841/1357/841 3680/1350/3680 3679/1347/3679 840/1354/840
f 76/1241/76 802/1255/802 3682/1352/3682 842/1359/842
f 802/1255/802 801/1254/801 3683/1349/3683 3682/1352/3682
f 842/1359/842 3682/1352/3682 3681/1351/3681 843/1358/843
f 3685/1360/3685 3686/1361/3686 3684/1362/3684 3690/1363/3690
f 3687/1364/3687 3688/1365/3688 3684/1362/3684 3686/1361/3686
f 3689/1366/3689 3690/1363/3690 3684/1362/3684 3688/1365/3688
f 76/1241/76 842/1359/842 3685/1360/3685 821/1305/821
f 842/1359/842 843/1358/843 3686/1361/3686 3685/1360/3685
f 821/1305/821 3685/1360/3685 3690/1363/3690 822/1306/822
f 82/1355/82 847/1367/847 3687/1364/3687 844/1356/844
f 847/1367/847 846/1368/846 3688/1365/3688 3687/1364/3687
f 844/1356/844 3687/1364/3687 3686/1361/3686 843/1358/843
f 80/1307/80 823/1309/823 3689/1366/3689 845/1369/845
f 823/1309/823 822/1306/822 3690/1363/3690 3689/1366/3689
f 845/1369/845 3689/1366/3689 3688/1365/3688 846/1368/846
f 3692/1370/3692 3693/1371/3693 3691/1372/3691 3697/1373/3697
f 3694/1374/3694 3695/1375/3695 3691/1372/3691 3693/1371/3693
f 3696/1376/3696 3697/1373/3697 3691/1372/3691 3695/1375/3695
f 83/1377/83 853/1378/853 3692/1370/3692 850/1379/850
f 853/1378/853 852/1380/852 3693/1371/3693 3692/1370/3692
f 850/1379/850 3692/1370/3692 3697/1373/3697 849/1381/849
f 66/991/66 827/1321/827 3694/1374/3694 851/1382/851
f 827/1321/827 828/1320/828 3695/1375/3695 3694/1374/3694
f 851/1382/851 3694/1374/3694 3693/1371/3693 852/1380/852
f 80/1307/80 848/1383/848 3696/1376/3696 829/1319/829
f 848/1383/848 849/1381/849 3697/1373/3697 3696/1376/3696
f 829/1319/829 3696/1376/3696 3695/1375/3695 828/1320/828
f 3699/1384/3699 3700/1385/3700 3698/1386/3698 3704/1387/3704
f 3701/1388/3701 3702/1389/3702 3698/1386/3698 3700/1385/3700
f 3703/1390/3703 3704/1387/3704 3698/1386/3698 3702/1389/3702
f 83/1377/83 854/1391/854 3699/1384/3699 853/1378/853
f 854/1391/854 855/1392/855 3700/1385/3700 3699/1384/3699
f 853/1378/853 3699/1384/3699 3704/1387/3704 852/1380/852
f 84/1393/84 859/1394/859 3701/1388/3701 856/1395/856
f 859/1394/859 858/1396/858 3702/1389/3702 3701/1388/3701
f 856/1395/856 3701/1388/3701 3700/1385/3700 855/1392/855
f 66/991/66 851/1382/851 3703/1390/3703 857/1397/857
f 851/1382/851 852/1380/852 3704/1387/3704 3703/1390/3703
f 857/1397/857 3703/1390/3703 3702/1389/3702 858/1396/858
f 3706/1398/3706 3707/1399/3707 3705/1400/3705 3711/1401/3711
f 3708/1402/3708 3709/1403/3709 3705/1400/3705 3707/1399/3707
f 3710/1404/3710 3711/1401/3711 3705/1400/3705 3709/1403/3709
f 84/1393/84 856/1395/856 3706/1398/3706 860/1405/860
f 856/1395/856 855/1392/855 3707/1399/3707 3706/1398/3706
f 860/1405/860 3706/1398/3706 3711/1401/3711 861/1406/861
f 83/1377/83 863/1407/863 3708/1402/3708 854/1391/854
f 863/1407/863 864/1408/864 3709/1403/3709 3708/1402/3708
f 854/1391/854 3708/1402/3708 3707/1399/3707 855/1392/855
f 85/1409/85 862/1410/862 3710/1404/3710 865/1411/865
f 862/1410/862 861/1406/861 3711/1401/3711 3710/1404/3710
f 865/1411/865 3710/1404/3710 3709/1403/3709 864/1408/864
f 3713/1412/3713 3714/1413/3714 3712/1414/3712 3718/1415/3718
f 3715/1416/3715 3716/1417/3716 3712/1414/3712 3714/1413/3714
f 3717/1418/3717 3718/1415/3718 3712/1414/3712 3716/1417/3716
f 83/1377/83 866/1419/866 3713/1412/3713 863/1407/863
f 866/1419/866 867/1420/867 3714/1413/3714 3713/1412/3713
f 863/1407/863 3713/1412/3713 3718/1415/3718 864/1408/864
f 86/1421/86 871/1422/871 3715/1416/3715 868/1423/868
f 871/1422/871 870/1424/870 3716/1417/3716 3715/1416/3715
f 868/1423/868 3715/1416/3715 3714/1413/3714 867/1420/867
f 85/1409/85 865/1411/865 3717/1418/3717 869/1425/869
f 865/1411/865 864/1408/864 3718/1415/3718 3717/1418/3717
f 869/1425/869 3717/1418/3717 3716/1417/3716 870/1424/870
f 3720/1426/3720 3721/1427/3721 3719/1428/3719 3725/1429/3725
f 3722/1430/3722 3723/1431/3723 3719/1428/3719 3721/1427/3721
f 3724/1432/3724 3725/1429/3725 3719/1428/3719 3723/1431/3723
f 83/1377/83 850/1379/850 3720/1426/3720 872/1433/872
f 850/1379/850 849/1381/849 3721/1427/3721 3720/1426/3720
f 872/1433/872 3720/1426/3720 3725/1429/3725 873/1434/873
f 80/1307/80 875/1435/875 3722/1430/3722 848/1383/848
f 875/1435/875 876/1436/876 3723/1431/3723 3722/1430/3722
f 848/1383/848 3722/1430/3722 3721/1427/3721 849/1381/849
f 87/1437/87 874/1438/874 3724/1432/3724 877/1439/877
f 874/1438/874 873/1434/873 3725/1429/3725 3724/1432/3724
f 877/1439/877 3724/1432/3724 3723/1431/3723 876/1436/876
f 3727/1440/3727 3728/1441/3728 3726/1442/3726 3732/1443/3732
f 3729/1444/3729 3730/1445/3730 3726/1442/3726 3728/1441/3728
f 3731/1446/3731 3732/1443/3732 3726/1442/3726 3730/1445/3730
f 87/1437/87 877/1439/877 3727/1440/3727 880/1447/880
f 877/1439/877 876/1436/876 3728/1441/3728 3727/1440/3727
f 880/1447/880 3727/1440/3727 3732/1443/3732 879/1448/879
f 80/1307/80 845/1369/845 3729/1444/3729 875/1435/875
f 845/1369/845 846/1368/846 3730/1445/3730 3729/1444/3729
f 875/1435/875 3729/1444/3729 3728/1441/3728 876/1436/876
f 82/1355/82 878/1449/878 3731/1446/3731 847/1367/847
f 878/1449/878 879/1448/879 3732/1443/3732 3731/1446/3731
f 847/1367/847 3731/1446/3731 3730/1445/3730 846/1368/846
f 3734/1450/3734 3735/1451/3735 3733/1452/3733 3739/1453/3739
f 3736/1454/3736 3737/1455/3737 3733/1452/3733 3735/1451/3735
f 3738/1456/3738 3739/1453/3739 3733/1452/3733 3737/1455/3737
f 87/1437/87 881/1457/881 3734/1450/3734 874/1438/874
f 881/1457/881 882/1458/882 3735/1451/3735 3734/1450/3734
f 874/1438/874 3734/1450/3734 3739/1453/3739 873/1434/873
f 88/1459/88 886/1460/886 3736/1454/3736 883/1461/883
f 886/1460/886 885/1462/885 3737/1455/3737 3736/1454/3736
f 883/1461/883 3736/1454/3736 3735/1451/3735 882/1458/882
f 83/1377/83 872/1433/872 3738/1456/3738 884/1463/884
f 872/1433/872 873/1434/873 3739/1453/3739 3738/1456/3738
f 884/1463/884 3738/1456/3738 3737/1455/3737 885/1462/885
f 3741/1464/3741 3742/1465/3742 3740/1466/3740 3746/1467/3746
f 3743/1468/3743 3744/1469/3744 3740/1466/3740 3742/1465/3742
f 3745/1470/3745 3746/1467/3746 3740/1466/3740 3744/1469/3744
f 87/1437/87 880/1447/880 3741/1464/3741 881/1457/881
f 880/1447/880 879/1448/879 3742/1465/3742 3741/1464/3741
f 881/1457/881 3741/1464/3741 3746/1467/3746 882/1458/882
f 82/1355/82 887/1471/887 3743/1468/3743 878/1449/878
f 887/1471/887 888/1472/888 3744/1469/3744 3743/1468/3743
f 878/1449/878 3743/1468/3743 3742/1465/3742 879/1448/879
f 88/1459/88 883/1461/883 3745/1470/3745 889/1473/889
f 883/1461/883 882/1458/882 3746/1467/3746 3745/1470/3745
f 889/1473/889 3745/1470/3745 3744/1469/3744 888/1472/888
f 3748/1474/3748 3749/1475/3749 3747/1476/3747 3753/1477/3753
f 3750/1478/3750 3751/1479/3751 3747/1476/3747 3749/1475/3749
f 3752/1480/3752 3753/1477/3753 3747/1476/3747 3751/1479/3751
f 83/1377/83 884/1463/884 3748/1474/3748 866/1419/866
f 884/1463/884 885/1462/885 3749/1475/3749 3748/1474/3748
f 866/1419/866 3748/1474/3748 3753/1477/3753 867/1420/867
f 88/1459/88 892/1481/892 3750/1478/3750 886/1460/886
f 892/1481/892 891/1482/891 3751/1479/3751 3750/1478/3750
f 886/1460/886 3750/1478/3750 3749/1475/3749 885/1462/885
f 86/1421/86 868/1423/868 3752/1480/3752 890/1483/890
f 868/1423/868 867/1420/867 3753/1477/3753 3752/1480/3752
f 890/1483/890 3752/1480/3752 3751/1479/3751 891/1482/891
f 3755/1484/3755 3756/1485/3756 3754/1486/3754 3760/1487/3760
f 3757/1488/3757 3758/1489/3758 3754/1486/3754 3756/1485/3756
f 3759/1490/3759 3760/1487/3760 3754/1486/3754 3758/1489/3758
f 88/1459/88 889/1473/889 3755/1484/3755 893/1491/893
f 889/1473/889 888/1472/888 3756/1485/3756 3755/1484/3755
f 893/1491/893 3755/1484/3755 3760/1487/3760 894/1492/894
f 82/1355/82 896/1493/896 3757/1488/3757 887/1471/887
f 896/1493/896 897/1494/897 3758/1489/3758 3757/1488/3757
f 887/1471/887 3757/1488/3757 3756/1485/3756 888/1472/888
f 89/1495/89 895/1496/895 3759/1490/3759 898/1497/898
f 895/1496/895 894/1492/894 3760/1487/3760 3759/1490/3759
f 898/1497/898 3759/1490/3759 3758/1489/3758 897/1494/897
f 3762/1498/3762 3763/1499/3763 3761/1500/3761 3767/1501/3767
f 3764/1502/3764 3765/1503/3765 3761/1500/3761 3763/1499/3763
f 3766/1504/3766 3767/1501/3767 3761/1500/3761 3765/1503/3765
f 89/1495/89 898/1497/898 3762/1498/3762 901/1505/901
f 898/1497/898 897/1494/897 3763/1499/3763 3762/1498/3762
f 901/1505/901 3762/1498/3762 3767/1501/3767 900/1506/900
f 82/1355/82 841/1357/841 3764/1502/3764 896/1493/896
f 841/1357/841 840/1354/840 3765/1503/3765 3764/1502/3764
f 896/1493/896 3764/1502/3764 3763/1499/3763 897/1494/897
f 75/1217/75 899/1507/899 3766/1504/3766 839/1353/839
f 899/1507/899 900/1506/900 3767/1501/3767 3766/1504/3766
f 839/1353/839 3766/1504/3766 3765/1503/3765 840/1354/840
f 3769/1508/3769 3770/1509/3770 3768/1510/3768 3774/1511/3774
f 3771/1512/3771 3772/1513/3772 3768/1510/3768 3770/1509/3770
f 3773/1514/3773 3774/1511/3774 3768/1510/3768 3772/1513/3772
f 86/1421/86 890/1483/890 3769/1508/3769 902/1515/902
f 890/1483/890 891/1482/891 3770/1509/3770 3769/1508/3769
f 902/1515/902 3769/1508/3769 3774/1511/3774 903/1516/903
f 88/1459/88 893/1491/893 3771/1512/3771 892/1481/892
f 893/1491/893 894/1492/894 3772/1513/3772 3771/1512/3771
f 892/1481/892 3771/1512/3771 3770/1509/3770 891/1482/891
f 89/1495/89 904/1517/904 3773/1514/3773 895/1496/895
f 904/1517/904 903/1516/903 3774/1511/3774 3773/1514/3773
f 895/1496/895 3773/1514/3773 3772/1513/3772 894/1492/894
f 3776/1518/3776 3777/1519/3777 3775/1520/3775 3781/1521/3781
f 3778/1522/3778 3779/1523/3779 3775/1520/3775 3777/1519/3777
f 3780/1524/3780 3781/1521/3781 3775/1520/3775 3779/1523/3779
f 75/1217/75 793/1231/793 3776/1518/3776 905/1525/905
f 793/1231/793 792/1230/792 3777/1519/3777 3776/1518/3776
f 905/1525/905 3776/1518/3776 3781/1521/3781 906/1526/906
f 74/1193/74 908/1527/908 3778/1522/3778 791/1229/791
f 908/1527/908 909/1528/909 3779/1523/3779 3778/1522/3778
f 791/1229/791 3778/1522/3778 3777/1519/3777 792/1230/792
f 90/1529/90 907/1530/907 3780/1524/3780 910/1531/910
f 907/1530/907 906/1526/906 3781/1521/3781 3780/1524/3780
f 910/1531/910 3780/1524/3780 3779/1523/3779 909/1528/909
f 3783/1532/3783 3784/1533/3784 3782/1534/3782 3788/1535/3788
f 3785/1536/3785 3786/1537/3786 3782/1534/3782 3784/1533/3784
f 3787/1538/3787 3788/1535/3788 3782/1534/3782 3786/1537/3786
f 89/1495/89 901/1505/901 3783/1532/3783 911/1539/911
f 901/1505/901 900/1506/900 3784/1533/3784 3783/1532/3783
f 911/1539/911 3783/1532/3783 3788/1535/3788 912/1540/912
f 75/1217/75 905/1525/905 3785/1536/3785 899/1507/899
f 905/1525/905 906/1526/906 3786/1537/3786 3785/1536/3785
f 899/1507/899 3785/1536/3785 3784/1533/3784 900/1506/900
f 90/1529/90 913/1541/913 3787/1538/3787 907/1530/907
f 913/1541/913 912/1540/912 3788/1535/3788 3787/1538/3787
f 907/1530/907 3787/1538/3787 3786/1537/3786 906/1526/906
f 3790/1542/3790 3791/1543/3791 3789/1544/3789 3795/1545/3795
f 3792/1546/3792 3793/1547/3793 3789/1544/3789 3791/1543/3791
f 3794/1548/3794 3795/1545/3795 3789/1544/3789 3793/1547/3793
f 74/1193/74 836/1345/836 3790/1542/3790 914/1549/914
f 836/1345/836 837/1344/837 3791/1543/3791 3790/1542/3790
f 914/1549/914 3790/1542/3790 3795/1545/3795 915/1550/915
f 81/1331/81 917/1551/917 3792/1546/3792 838/1343/838
f 917/1551/917 918/1552/918 3793/1547/3793 3792/1546/3792
f 838/1343/838 3792/1546/3792 3791/1543/3791 837/1344/837
f 91/1553/91 916/1554/916 3794/1548/3794 919/1555/919
f 916/1554/916 915/1550/915 3795/1545/3795 3794/1548/3794
f 919/1555/919 3794/1548/3794 3793/1547/3793 918/1552/918
f 3797/1556/3797 3798/1557/3798 3796/1558/3796 3802/1559/3802
f 3799/1560/3799 3800/1561/3800 3796/1558/3796 3798/1557/3798
f 3801/1562/3801 3802/1559/3802 3796/1558/3796 3800/1561/3800
f 90/1529/90 910/1531/910 3797/1556/3797 920/1563/920
f 910/1531/910 909/1528/909 3798/1557/3798 3797/1556/3797
f 920/1563/920 3797/1556/3797 3802/1559/3802 921/1564/921
f 74/1193/74 914/1549/914 3799/1560/3799 908/1527/908
f 914/1549/914 915/1550/915 3800/1561/3800 3799/1560/3799
f 908/1527/908 3799/1560/3799 3798/1557/3798 909/1528/909
f 91/1553/91 922/1565/922 3801/1562/3801 916/1554/916
f 922/1565/922 921/1564/921 3802/1559/3802 3801/1562/3801
f 916/1554/916 3801/1562/3801 3800/1561/3800 915/1550/915
f 3804/1566/3804 3805/1567/3805 3803/1568/3803 3809/1569/3809
f 3806/1570/3806 3807/1571/3807 3803/1568/3803 3805/1567/3805
f 3808/1572/3808 3809/1569/3809 3803/1568/3803 3807/1571/3807
f 92/1573/92 928/1574/928 3804/1566/3804 925/1575/925
f 928/1574/928 927/1576/927 3805/1567/3805 3804/1566/3804
f 925/1575/925 3804/1566/3804 3809/1569/3809 924/1577/924
f 89/1495/89 911/1539/911 3806/1570/3806 926/1578/926
f 911/1539/911 912/1540/912 3807/1571/3807 3806/1570/3806
f 926/1578/926 3806/1570/3806 3805/1567/3805 927/1576/927
f 90/1529/90 923/1579/923 3808/1572/3808 913/1541/913
f 923/1579/923 924/1577/924 3809/1569/3809 3808/1572/3808
f 913/1541/913 3808/1572/3808 3807/1571/3807 912/1540/912
f 3811/1580/3811 3812/1581/3812 3810/1582/3810 3816/1583/3816
f 3813/1584/3813 3814/1585/3814 3810/1582/3810 3812/1581/3812
f 3815/1586/3815 3816/1583/3816 3810/1582/3810 3814/1585/3814
f 92/1573/92 931/1587/931 3811/1580/3811 928/1574/928
f 931/1587/931 930/1588/930 3812/1581/3812 3811/1580/3811
f 928/1574/928 3811/1580/3811 3816/1583/3816 927/1576/927
f 86/1421/86 902/1515/902 3813/1584/3813 929/1589/929
f 902/1515/902 903/1516/903 3814/1585/3814 3813/1584/3813
f 929/1589/929 3813/1584/3813 3812/1581/3812 930/1588/930
f 89/1495/89 926/1578/926 3815/1586/3815 904/1517/904
f 926/1578/926 927/1576/927 3816/1583/3816 3815/1586/3815
f 904/1517/904 3815/1586/3815 3814/1585/3814 903/1516/903
f 3818/1590/3818 3819/1591/3819 3817/1592/3817 3823/1593/3823
f 3820/1594/3820 3821/1595/3821 3817/1592/3817 3819/1591/3819
f 3822/1596/3822 3823/1593/3823 3817/1592/3817 3821/1595/3821
f 93/1597/93 937/1598/937 3818/1590/3818 934/1599/934
f 937/1598/937 936/1600/936 3819/1591/3819 3818/1590/3818
f 934/1599/934 3818/1590/3818 3823/1593/3823 933/1601/933
f 90/1529/90 920/1563/920 3820/1594/3820 935/1602/935
f 920/1563/920 921/1564/921 3821/1595/3821 3820/1594/3820
f 935/1602/935 3820/1594/3820 3819/1591/3819 936/1600/936
f 91/1553/91 932/1603/932 3822/1596/3822 922/1565/922
f 932/1603/932 933/1601/933 3823/1593/3823 3822/1596/3822
f 922/1565/922 3822/1596/3822 3821/1595/3821 921/1564/921
f 3825/1604/3825 3826/1605/3826 3824/1606/3824 3830/1607/3830
f 3827/1608/3827 3828/1609/3828 3824/1606/3824 3826/1605/3826
f 3829/1610/3829 3830/1607/3830 3824/1606/3824 3828/1609/3828
f 93/1597/93 940/1611/940 3825/1604/3825 937/1598/937
f 940/1611/940 939/1612/939 3826/1605/3826 3825/1604/3825
f 937/1598/937 3825/1604/3825 3830/1607/3830 936/1600/936
f 92/1573/92 925/1575/925 3827/1608/3827 938/1613/938
f 925/1575/925 924/1577/924 3828/1609/3828 3827/1608/3827
f 938/1613/938 3827/1608/3827 3826/1605/3826 939/1612/939
f 90/1529/90 935/1602/935 3829/1610/3829 923/1579/923
f 935/1602/935 936/1600/936 3830/1607/3830 3829/1610/3829
f 923/1579/923 3829/1610/3829 3828/1609/3828 924/1577/924
f 3832/1614/3832 3833/1615/3833 3831/1616/3831 3837/1617/3837
f 3834/1618/3834 3835/1619/3835 3831/1616/3831 3833/1615/3833
f 3836/1620/3836 3837/1617/3837 3831/1616/3831 3835/1619/3835
f 86/1421/86 929/1589/929 3832/1614/3832 941/1621/941
f 929/1589/929 930/1588/930 3833/1615/3833 3832/1614/3832
f 941/1621/941 3832/1614/3832 3837/1617/3837 942/1622/942
f 92/1573/92 944/1623/944 3834/1618/3834 931/1587/931
f 944/1623/944 945/1624/945 3835/1619/3835 3834/1618/3834
f 931/1587/931 3834/1618/3834 3833/1615/3833 930/1588/930
f 94/1625/94 943/1626/943 3836/1620/3836 946/1627/946
f 943/1626/943 942/1622/942 3837/1617/3837 3836/1620/3836
f 946/1627/946 3836/1620/3836 3835/1619/3835 945/1624/945
f 3839/1628/3839 3840/1629/3840 3838/1630/3838 3844/1631/3844
f 3841/1632/3841 3842/1633/3842 3838/1630/3838 3840/1629/3840
f 3843/1634/3843 3844/1631/3844 3838/1630/3838 3842/1633/3842
f 93/1597/93 947/1635/947 3839/1628/3839 940/1611/940
f 947/1635/947 948/1636/948 3840/1629/3840 3839/1628/3839
f 940/1611/940 3839/1628/3839 3844/1631/3844 939/1612/939
f 94/1625/94 946/1627/946 3841/1632/3841 949/1637/949
f 946/1627/946 945/1624/945 3842/1633/3842 3841/1632/3841
f 949/1637/949 3841/1632/3841 3840/1629/3840 948/1636/948
f 92/1573/92 938/1613/938 3843/1634/3843 944/1623/944
f 938/1613/938 939/1612/939 3844/1631/3844 3843/1634/3843
f 944/1623/944 3843/1634/3843 3842/1633/3842 945/1624/945
f 3846/1638/3846 3847/1639/3847 3845/1640/3845 3851/1641/3851
f 3848/1642/3848 3849/1643/3849 3845/1640/3845 3847/1639/3847
f 3850/1644/3850 3851/1641/3851 3845/1640/3845 3849/1643/3849
f 94/1625/94 950/1645/950 3846/1638/3846 943/1626/943
f 950/1645/950 951/1646/951 3847/1639/3847 3846/1638/3846
f 943/1626/943 3846/1638/3846 3851/1641/3851 942/1622/942
f 95/1647/95 955/1648/955 3848/1642/3848 952/1649/952
f 955/1648/955 954/1650/954 3849/1643/3849 3848/1642/3848
f 952/1649/952 3848/1642/3848 3847/1639/3847 951/1646/951
f 86/1421/86 941/1621/941 3850/1644/3850 953/1651/953
f 941/1621/941 942/1622/942 3851/1641/3851 3850/1644/3850
f 953/1651/953 3850/1644/3850 3849/1643/3849 954/1650/954
f 3853/1652/3853 3854/1653/3854 3852/1654/3852 3858/1655/3858
f 3855/1656/3855 3856/1657/3856 3852/1654/3852 3854/1653/3854
f 3857/1658/3857 3858/1655/3858 3852/1654/3852 3856/1657/3856
f 94/1625/94 956/1659/956 3853/1652/3853 950/1645/950
f 956/1659/956 957/1660/957 3854/1653/3854 3853/1652/3853
f 950/1645/950 3853/1652/3853 3858/1655/3858 951/1646/951
f 96/1661/96 961/1662/961 3855/1656/3855 958/1663/958
f 961/1662/961 960/1664/960 3856/1657/3856 3855/1656/3855
f 958/1663/958 3855/1656/3855 3854/1653/3854 957/1660/957
f 95/1647/95 952/1649/952 3857/1658/3857 959/1665/959
f 952/1649/952 951/1646/951 3858/1655/3858 3857/1658/3857
f 959/1665/959 3857/1658/3857 3856/1657/3856 960/1664/960
f 3860/1666/3860 3861/1667/3861 3859/1668/3859 3865/1669/3865
f 3862/1670/3862 3863/1671/3863 3859/1668/3859 3861/1667/3861
f 3864/1672/3864 3865/1669/3865 3859/1668/3859 3863/1671/3863
f 95/1647/95 964/1673/964 3860/1666/3860 955/1648/955
f 964/1673/964 963/1674/963 3861/1667/3861 3860/1666/3860
f 955/1648/955 3860/1666/3860 3865/1669/3865 954/1650/954
f 85/1675/85 869/1676/869 3862/1670/3862 962/1677/962
f 869/1676/869 870/1678/870 3863/1671/3863 3862/1670/3862
f 962/1677/962 3862/1670/3862 3861/1667/3861 963/1674/963
f 86/1421/86 953/1651/953 3864/1672/3864 871/1679/871
f 953/1651/953 954/1650/954 3865/1669/3865 3864/1672/3864
f 871/1679/871 3864/1672/3864 3863/1671/3863 870/1678/870
f 3867/1680/3867 3868/1681/3868 3866/1682/3866 3872/1683/3872
f 3869/1684/3869 3870/1685/3870 3866/1682/3866 3868/1681/3868
f 3871/1686/3871 3872/1683/3872 3866/1682/3866 3870/1685/3870
f 97/1687/97 970/1688/970 3867/1680/3867 967/1689/967
f 970/1688/970 969/1690/969 3868/1681/3868 3867/1680/3867
f 967/1689/967 3867/1680/3867 3872/1683/3872 966/1691/966
f 93/1597/93 934/1599/934 3869/1684/3869 968/1692/968
f 934/1599/934 933/1601/933 3870/1685/3870 3869/1684/3869
f 968/1692/968 3869/1684/3869 3868/1681/3868 969/1690/969
f 91/1553/91 965/1693/965 3871/1686/3871 932/1603/932
f 965/1693/965 966/1691/966 3872/1683/3872 3871/1686/3871
f 932/1603/932 3871/1686/3871 3870/1685/3870 933/1601/933
f 3874/1694/3874 3875/1695/3875 3873/1696/3873 3879/1697/3879
f 3876/1698/3876 3877/1699/3877 3873/1696/3873 3875/1695/3875
f 3878/1700/3878 3879/1697/3879 3873/1696/3873 3877/1699/3877
f 97/1687/97 967/1689/967 3874/1694/3874 973/1701/973
f 967/1689/967 966/1691/966 3875/1695/3875 3874/1694/3874
f 973/1701/973 3874/1694/3874 3879/1697/3879 972/1702/972
f 91/1553/91 919/1555/919 3876/1698/3876 965/1693/965
f 919/1555/919 918/1552/918 3877/1699/3877 3876/1698/3876
f 965/1693/965 3876/1698/3876 3875/1695/3875 966/1691/966
f 81/1331/81 971/1703/971 3878/1700/3878 917/1551/917
f 971/1703/971 972/1702/972 3879/1697/3879 3878/1700/3878
f 917/1551/917 3878/1700/3878 3877/1699/3877 918/1552/918
f 3881/1704/3881 3882/1705/3882 3880/1706/3880 3886/1707/3886
f 3883/1708/3883 3884/1709/3884 3880/1706/3880 3882/1705/3882
f 3885/1710/3885 3886/1707/3886 3880/1706/3880 3884/1709/3884
f 97/1687/97 974/1711/974 3881/1704/3881 970/1688/970
f 974/1711/974 975/1712/975 3882/1705/3882 3881/1704/3881
f 970/1688/970 3881/1704/3881 3886/1707/3886 969/1690/969
f 98/1713/98 979/1714/979 3883/1708/3883 976/1715/976
f 979/1714/979 978/1716/978 3884/1709/3884 3883/1708/3883
f 976/1715/976 3883/1708/3883 3882/1705/3882 975/1712/975
f 93/1597/93 968/1692/968 3885/1710/3885 977/1717/977
f 968/1692/968 969/1690/969 3886/1707/3886 3885/1710/3885
f 977/1717/977 3885/1710/3885 3884/1709/3884 978/1716/978
f 3888/1718/3888 3889/1719/3889 3887/1720/3887 3893/1721/3893
f 3890/1722/3890 3891/1723/3891 3887/1720/3887 3889/1719/3889
f 3892/1724/3892 3893/1721/3893 3887/1720/3887 3891/1723/3891
f 98/1713/98 980/1725/980 3888/1718/3888 979/1714/979
f 980/1725/980 981/1726/981 3889/1719/3889 3888/1718/3888
f 979/1714/979 3888/1718/3888 3893/1721/3893 978/1716/978
f 99/1727/99 985/1728/985 3890/1722/3890 982/1729/982
f 985/1728/985 984/1730/984 3891/1723/3891 3890/1722/3890
f 982/1729/982 3890/1722/3890 3889/1719/3889 981/1726/981
f 93/1597/93 977/1717/977 3892/1724/3892 983/1731/983
f 977/1717/977 978/1716/978 3893/1721/3893 3892/1724/3892
f 983/1731/983 3892/1724/3892 3891/1723/3891 984/1730/984
f 3895/1732/3895 3896/1733/3896 3894/1734/3894 3900/1735/3900
f 3897/1736/3897 3898/1737/3898 3894/1734/3894 3896/1733/3896
f 3899/1738/3899 3900/1735/3900 3894/1734/3894 3898/1737/3898
f 97/1687/97 973/1701/973 3895/1732/3895 986/1739/986
f 973/1701/973 972/1702/972 3896/1733/3896 3895/1732/3895
f 986/1739/986 3895/1732/3895 3900/1735/3900 987/1740/987
f 81/1331/81 989/1741/989 3897/1736/3897 971/1703/971
f 989/1741/989 990/1742/990 3898/1737/3898 3897/1736/3897
f 971/1703/971 3897/1736/3897 3896/1733/3896 972/1702/972
f 100/1743/100 988/1744/988 3899/1738/3899 991/1745/991
f 988/1744/988 987/1740/987 3900/1735/3900 3899/1738/3899
f 991/1745/991 3899/1738/3899 3898/1737/3898 990/1742/990
f 3902/1746/3902 3903/1747/3903 3901/1748/3901 3907/1749/3907
f 3904/1750/3904 3905/1751/3905 3901/1748/3901 3903/1747/3903
f 3906/1752/3906 3907/1749/3907 3901/1748/3901 3905/1751/3905
f 98/1713/98 976/1715/976 3902/1746/3902 992/1753/992
f 976/1715/976 975/1712/975 3903/1747/3903 3902/1746/3902
f 992/1753/992 3902/1746/3902 3907/1749/3907 993/1754/993
f 97/1687/97 986/1739/986 3904/1750/3904 974/1711/974
f 986/1739/986 987/1740/987 3905/1751/3905 3904/1750/3904
f 974/1711/974 3904/1750/3904 3903/1747/3903 975/1712/975
f 100/1743/100 994/1755/994 3906/1752/3906 988/1744/988
f 994/1755/994 993/1754/993 3907/1749/3907 3906/1752/3906
f 988/1744/988 3906/1752/3906 3905/1751/3905 987/1740/987
f 3909/1756/3909 3910/1757/3910 3908/1758/3908 3914/1759/3914
f 3911/1760/3911 3912/1761/3912 3908/1758/3908 3910/1757/3910
f 3913/1762/3913 3914/1759/3914 3908/1758/3908 3912/1761/3912
f 81/1331/81 995/1763/995 3909/1756/3909 989/1741/989
f 995/1763/995 996/1764/996 3910/1757/3910 3909/1756/3909
f 989/1741/989 3909/1756/3909 3914/1759/3914 990/1742/990
f 101/1765/101 1000/1766/1000 3911/1760/3911 997/1767/997
f 1000/1766/1000 999/1768/999 3912/1761/3912 3911/1760/3911
f 997/1767/997 3911/1760/3911 3910/1757/3910 996/1764/996
f 100/1743/100 991/1745/991 3913/1762/3913 998/1769/998
f 991/1745/991 990/1742/990 3914/1759/3914 3913/1762/3913
f 998/1769/998 3913/1762/3913 3912/1761/3912 999/1768/999
f 3916/1770/3916 3917/1771/3917 3915/1772/3915 3921/1773/3921
f 3918/1774/3918 3919/1775/3919 3915/1772/3915 3917/1771/3917
f 3920/1776/3920 3921/1773/3921 3915/1772/3915 3919/1775/3919
f 77/1267/77 1001/1777/1001 3916/1770/3916 830/1329/830
f 1001/1777/1001 1002/1778/1002 3917/1771/3917 3916/1770/3916
f 830/1329/830 3916/1770/3916 3921/1773/3921 831/1330/831
f 101/1765/101 997/1767/997 3918/1774/3918 1003/1779/1003
f 997/1767/997 996/1764/996 3919/1775/3919 3918/1774/3918
f 1003/1779/1003 3918/1774/3918 3917/1771/3917 1002/1778/1002
f 81/1331/81 832/1333/832 3920/1776/3920 995/1763/995
f 832/1333/832 831/1330/831 3921/1773/3921 3920/1776/3920
f 995/1763/995 3920/1776/3920 3919/1775/3919 996/1764/996
f 3923/1780/3923 3924/1781/3924 3922/1782/3922 3928/1783/3928
f 3925/1784/3925 3926/1785/3926 3922/1782/3922 3924/1781/3924
f 3927/1786/3927 3928/1783/3928 3922/1782/3922 3926/1785/3926
f 77/1267/77 1004/1787/1004 3923/1780/3923 1001/1777/1001
f 1004/1787/1004 1005/1788/1005 3924/1781/3924 3923/1780/3923
f 1001/1777/1001 3923/1780/3923 3928/1783/3928 1002/1778/1002
f 102/1789/102 1009/1790/1009 3925/1784/3925 1006/1791/1006
f 1009/1790/1009 1008/1792/1008 3926/1785/3926 3925/1784/3925
f 1006/1791/1006 3925/1784/3925 3924/1781/3924 1005/1788/1005
f 101/1765/101 1003/1779/1003 3927/1786/3927 1007/1793/1007
f 1003/1779/1003 1002/1778/1002 3928/1783/3928 3927/1786/3927
f 1007/1793/1007 3927/1786/3927 3926/1785/3926 1008/1792/1008
f 3930/1794/3930 3931/1795/3931 3929/1796/3929 3935/1797/3935
f 3932/1798/3932 3933/1799/3933 3929/1796/3929 3931/1795/3931
f 3934/1800/3934 3935/1797/3935 3929/1796/3929 3933/1799/3933
f 102/1789/102 1010/1801/1010 3930/1794/3930 1009/1790/1009
f 1010/1801/1010 1011/1802/1011 3931/1795/3931 3930/1794/3930
f 1009/1790/1009 3930/1794/3930 3935/1797/3935 1008/1792/1008
f 103/1803/103 1015/1804/1015 3932/1798/3932 1012/1805/1012
f 1015/1804/1015 1014/1806/1014 3933/1799/3933 3932/1798/3932
f 1012/1805/1012 3932/1798/3932 3931/1795/3931 1011/1802/1011
f 101/1765/101 1007/1793/1007 3934/1800/3934 1013/1807/1013
f 1007/1793/1007 1008/1792/1008 3935/1797/3935 3934/1800/3934
f 1013/1807/1013 3934/1800/3934 3933/1799/3933 1014/1806/1014
f 3937/1808/3937 3938/1809/3938 3936/1810/3936 3942/1811/3942
f 3939/1812/3939 3940/1813/3940 3936/1810/3936 3938/1809/3938
f 3941/1814/3941 3942/1811/3942 3936/1810/3936 3940/1813/3940
f 103/1803/103 1018/1815/1018 3937/1808/3937 1015/1804/1015
f 1018/1815/1018 1017/1816/1017 3938/1809/3938 3937/1808/3937
f 1015/1804/1015 3937/1808/3937 3942/1811/3942 1014/1806/1014
f 100/1743/100 998/1769/998 3939/1812/3939 1016/1817/1016
f 998/1769/998 999/1768/999 3940/1813/3940 3939/1812/3939
f 1016/1817/1016 3939/1812/3939 3938/1809/3938 1017/1816/1017
f 101/1765/101 1013/1807/1013 3941/1814/3941 1000/1766/1000
f 1013/1807/1013 1014/1806/1014 3942/1811/3942 3941/1814/3941
f 1000/1766/1000 3941/1814/3941 3940/1813/3940 999/1768/999
f 3944/1818/3944 3945/1819/3945 3943/1820/3943 3949/1821/3949
f 3946/1822/3946 3947/1823/3947 3943/1820/3943 3945/1819/3945
f 3948/1824/3948 3949/1821/3949 3943/1820/3943 3947/1823/3947
f 102/1789/102 1019/1825/1019 3944/1818/3944 1010/1801/1010
f 1019/1825/1019 1020/1826/1020 3945/1819/3945 3944/1818/3944
f 1010/1801/1010 3944/1818/3944 3949/1821/3949 1011/1802/1011
f 104/1827/104 1024/1828/1024 3946/1822/3946 1021/1829/1021
f 1024/1828/1024 1023/1830/1023 3947/1823/3947 3946/1822/3946
f 1021/1829/1021 3946/1822/3946 3945/1819/3945 1020/1826/1020
f 103/1803/103 1012/1805/1012 3948/1824/3948 1022/1831/1022
f 1012/1805/1012 1011/1802/1011 3949/1821/3949 3948/1824/3948
f 1022/1831/1022 3948/1824/3948 3947/1823/3947 1023/1830/1023
f 3951/1832/3951 3952/1833/3952 3950/1834/3950 3956/1835/3956
f 3953/1836/3953 3954/1837/3954 3950/1834/3950 3952/1833/3952
f 3955/1838/3955 3956/1835/3956 3950/1834/3950 3954/1837/3954
f 104/1827/104 1025/1839/1025 3951/1832/3951 1024/1828/1024
f 1025/1839/1025 1026/1840/1026 3952/1833/3952 3951/1832/3951
f 1024/1828/1024 3951/1832/3951 3956/1835/3956 1023/1830/1023
f 105/1841/105 1030/1842/1030 3953/1836/3953 1027/1843/1027
f 1030/1842/1030 1029/1844/1029 3954/1837/3954 3953/1836/3953
f 1027/1843/1027 3953/1836/3953 3952/1833/3952 1026/1840/1026
f 103/1803/103 1022/1831/1022 3955/1838/3955 1028/1845/1028
f 1022/1831/1022 1023/1830/1023 3956/1835/3956 3955/1838/3955
f 1028/1845/1028 3955/1838/3955 3954/1837/3954 1029/1844/1029
f 3958/1846/3958 3959/1847/3959 3957/1848/3957 3963/1849/3963
f 3960/1850/3960 3961/1851/3961 3957/1848/3957 3959/1847/3959
f 3962/1852/3962 3963/1849/3963 3957/1848/3957 3961/1851/3961
f 103/1803/103 1031/1853/1031 3958/1846/3958 1018/1815/1018
f 1031/1853/1031 1032/1854/1032 3959/1847/3959 3958/1846/3958
f 1018/1815/1018 3958/1846/3958 3963/1849/3963 1017/1816/1017
f 106/1855/106 1036/1856/1036 3960/1850/3960 1033/1857/1033
f 1036/1856/1036 1035/1858/1035 3961/1851/3961 3960/1850/3960
f 1033/1857/1033 3960/1850/3960 3959/1847/3959 1032/1854/1032
f 100/1743/100 1016/1817/1016 3962/1852/3962 1034/1859/1034
f 1016/1817/1016 1017/1816/1017 3963/1849/3963 3962/1852/3962
f 1034/1859/1034 3962/1852/3962 3961/1851/3961 1035/1858/1035
f 3965/1860/3965 3966/1861/3966 3964/1862/3964 3970/1863/3970
f 3967/1864/3967 3968/1865/3968 3964/1862/3964 3966/1861/3966
f 3969/1866/3969 3970/1863/3970 3964/1862/3964 3968/1865/3968
f 98/1713/98 992/1753/992 3965/1860/3965 1037/1867/1037
f 992/1753/992 993/1754/993 3966/1861/3966 3965/1860/3965
f 1037/1867/1037 3965/1860/3965 3970/1863/3970 1038/1868/1038
f 100/1743/100 1034/1859/1034 3967/1864/3967 994/1755/994
f 1034/1859/1034 1035/1858/1035 3968/1865/3968 3967/1864/3967
f 994/1755/994 3967/1864/3967 3966/1861/3966 993/1754/993
f 106/1855/106 1039/1869/1039 3969/1866/3969 1036/1856/1036
f 1039/1869/1039 1038/1868/1038 3970/1863/3970 3969/1866/3969
f 1036/1856/1036 3969/1866/3969 3968/1865/3968 1035/1858/1035
f 3972/1870/3972 3973/1871/3973 3971/1872/3971 3977/1873/3977
f 3974/1874/3974 3975/1875/3975 3971/1872/3971 3973/1871/3973
f 3976/1876/3976 3977/1873/3977 3971/1872/3971 3975/1875/3975
f 98/1713/98 1040/1877/1040 3972/1870/3972 980/1725/980
f 1040/1877/1040 1041/1878/1041 3973/1871/3973 3972/1870/3972
f 980/1725/980 3972/1870/3972 3977/1873/3977 981/1726/981
f 107/1879/107 1045/1880/1045 3974/1874/3974 1042/1881/1042
f 1045/1880/1045 1044/1882/1044 3975/1875/3975 3974/1874/3974
f 1042/1881/1042 3974/1874/3974 3973/1871/3973 1041/1878/1041
f 99/1727/99 982/1729/982 3976/1876/3976 1043/1883/1043
f 982/1729/982 981/1726/981 3977/1873/3977 3976/1876/3976
f 1043/1883/1043 3976/1876/3976 3975/1875/3975 1044/1882/1044
f 3979/1884/3979 3980/1885/3980 3978/1886/3978 3984/1887/3984
f 3981/1888/3981 3982/1889/3982 3978/1886/3978 3980/1885/3980
f 3983/1890/3983 3984/1887/3984 3978/1886/3978 3982/1889/3982
f 98/1713/98 1037/1867/1037 3979/1884/3979 1040/1877/1040
f 1037/1867/1037 1038/1868/1038 3980/1885/3980 3979/1884/3979
f 1040/1877/1040 3979/1884/3979 3984/1887/3984 1041/1878/1041
f 106/1855/106 1046/1891/1046 3981/1888/3981 1039/1869/1039
f 1046/1891/1046 1047/1892/1047 3982/1889/3982 3981/1888/3981
f 1039/1869/1039 3981/1888/3981 3980/1885/3980 1038/1868/1038
f 107/1879/107 1042/1881/1042 3983/1890/3983 1048/1893/1048
f 1042/1881/1042 1041/1878/1041 3984/1887/3984 3983/1890/3983
f 1048/1893/1048 3983/1890/3983 3982/1889/3982 1047/1892/1047
f 3986/1894/3986 3987/1895/3987 3985/1896/3985 3991/1897/3991
f 3988/1898/3988 3989/1899/3989 3985/1896/3985 3987/1895/3987
f 3990/1900/3990 3991/1897/3991 3985/1896/3985 3989/1899/3989
f 108/1901/108 1054/1902/1054 3986/1894/3986 1051/1903/1051
f 1054/1902/1054 1053/1904/1053 3987/1895/3987 3986/1894/3986
f 1051/1903/1051 3986/1894/3986 3991/1897/3991 1050/1905/1050
f 99/1727/99 1043/1883/1043 3988/1898/3988 1052/1906/1052
f 1043/1883/1043 1044/1882/1044 3989/1899/3989 3988/1898/3988
f 1052/1906/1052 3988/1898/3988 3987/1895/3987 1053/1904/1053
f 107/1879/107 1049/1907/1049 3990/1900/3990 1045/1880/1045
f 1049/1907/1049 1050/1905/1050 3991/1897/3991 3990/1900/3990
f 1045/1880/1045 3990/1900/3990 3989/1899/3989 1044/1882/1044
f 3993/1908/3993 3994/1909/3994 3992/1910/3992 3998/1911/3998
f 3995/1912/3995 3996/1913/3996 3992/1910/3992 3994/1909/3994
f 3997/1914/3997 3998/1911/3998 3992/1910/3992 3996/1913/3996
f 99/1727/99 1052/1906/1052 3993/1908/3993 1055/1915/1055
f 1052/1906/1052 1053/1904/1053 3994/1909/3994 3993/1908/3993
f 1055/1915/1055 3993/1908/3993 3998/1911/3998 1056/1916/1056
f 108/1901/108 1058/1917/1058 3995/1912/3995 1054/1902/1054
f 1058/1917/1058 1059/1918/1059 3996/1913/3996 3995/1912/3995
f 1054/1902/1054 3995/1912/3995 3994/1909/3994 1053/1904/1053
f 109/1919/109 1057/1920/1057 3997/1914/3997 1060/1921/1060
f 1057/1920/1057 1056/1916/1056 3998/1911/3998 3997/1914/3997
f 1060/1921/1060 3997/1914/3997 3996/1913/3996 1059/1918/1059
f 4000/1922/4000 4001/1923/4001 3999/1924/3999 4005/1925/4005
f 4002/1926/4002 4003/1927/4003 3999/1924/3999 4001/1923/4001
f 4004/1928/4004 4005/1925/4005 3999/1924/3999 4003/1927/4003
f 109/1919/109 1060/1921/1060 4000/1922/4000 1061/1929/1061
f 1060/1921/1060 1059/1918/1059 4001/1923/4001 4000/1922/4000
f 1061/1929/1061 4000/1922/4000 4005/1925/4005 1062/1930/1062
f 108/1901/108 1064/1931/1064 4002/1926/4002 1058/1917/1058
f 1064/1931/1064 1065/1932/1065 4003/1927/4003 4002/1926/4002
f 1058/1917/1058 4002/1926/4002 4001/1923/4001 1059/1918/1059
f 110/1933/110 1063/1934/1063 4004/1928/4004 1066/1935/1066
f 1063/1934/1063 1062/1930/1062 4005/1925/4005 4004/1928/4004
f 1066/1935/1066 4004/1928/4004 4003/1927/4003 1065/1932/1065
f 4007/1936/4007 4008/1937/4008 4006/1938/4006 4012/1939/4012
f 4009/1940/4009 4010/1941/4010 4006/1938/4006 4008/1937/4008
f 4011/1942/4011 4012/1939/4012 4006/1938/4006 4010/1941/4010
f 109/1919/109 1061/1929/1061 4007/1936/4007 1067/1943/1067
f 1061/1929/1061 1062/1930/1062 4008/1937/4008 4007/1936/4007
f 1067/1943/1067 4007/1936/4007 4012/1939/4012 1068/1944/1068
f 110/1933/110 1070/1945/1070 4009/1940/4009 1063/1934/1063
f 1070/1945/1070 1071/1946/1071 4010/1941/4010 4009/1940/4009
f 1063/1934/1063 4009/1940/4009 4008/1937/4008 1062/1930/1062
f 111/1947/111 1069/1948/1069 4011/1942/4011 1072/1949/1072
f 1069/1948/1069 1068/1944/1068 4012/1939/4012 4011/1942/4011
f 1072/1949/1072 4011/1942/4011 4010/1941/4010 1071/1946/1071
f 4014/1950/4014 4015/1951/4015 4013/1952/4013 4019/1953/4019
f 4016/1954/4016 4017/1955/4017 4013/1952/4013 4015/1951/4015
f 4018/1956/4018 4019/1953/4019 4013/1952/4013 4017/1955/4017
f 111/1947/111 1072/1949/1072 4014/1950/4014 1073/1957/1073
f 1072/1949/1072 1071/1946/1071 4015/1951/4015 4014/1950/4014
f 1073/1957/1073 4014/1950/4014 4019/1953/4019 1074/1958/1074
f 110/1933/110 1076/1959/1076 4016/1954/4016 1070/1945/1070
f 1076/1959/1076 1077/1960/1077 4017/1955/4017 4016/1954/4016
f 1070/1945/1070 4016/1954/4016 4015/1951/4015 1071/1946/1071
f 112/1961/112 1075/1962/1075 4018/1956/4018 1078/1963/1078
f 1075/1962/1075 1074/1958/1074 4019/1953/4019 4018/1956/4018
f 1078/1963/1078 4018/1956/4018 4017/1955/4017 1077/1960/1077
f 4021/1964/4021 4022/1965/4022 4020/1966/4020 4026/1967/4026
f 4023/1968/4023 4024/1969/4024 4020/1966/4020 4022/1965/4022
f 4025/1970/4025 4026/1967/4026 4020/1966/4020 4024/1969/4024
f 110/1933/110 1079/1971/1079 4021/1964/4021 1076/1959/1076
f 1079/1971/1079 1080/1972/1080 4022/1965/4022 4021/1964/4021
f 1076/1959/1076 4021/1964/4021 4026/1967/4026 1077/1960/1077
f 113/1973/113 1084/1974/1084 4023/1968/4023 1081/1975/1081
f 1084/1974/1084 1083/1976/1083 4024/1969/4024 4023/1968/4023
f 1081/1975/1081 4023/1968/4023 4022/1965/4022 1080/1972/1080
f 112/1961/112 1078/1963/1078 4025/1970/4025 1082/1977/1082
f 1078/1963/1078 1077/1960/1077 4026/1967/4026 4025/1970/4025
f 1082/1977/1082 4025/1970/4025 4024/1969/4024 1083/1976/1083
f 4028/1978/4028 4029/1979/4029 4027/1980/4027 4033/1981/4033
f 4030/1982/4030 4031/1983/4031 4027/1980/4027 4029/1979/4029
f 4032/1984/4032 4033/1981/4033 4027/1980/4027 4031/1983/4031
f 114/1985/114 1090/1986/1090 4028/1978/4028 1087/1987/1087
f 1090/1986/1090 1089/1988/1089 4029/1979/4029 4028/1978/4028
f 1087/1987/1087 4028/1978/4028 4033/1981/4033 1086/1989/1086
f 113/1973/113 1081/1975/1081 4030/1982/4030 1088/1990/1088
f 1081/1975/1081 1080/1972/1080 4031/1983/4031 4030/1982/4030
f 1088/1990/1088 4030/1982/4030 4029/1979/4029 1089/1988/1089
f 110/1933/110 1085/1991/1085 4032/1984/4032 1079/1971/1079
f 1085/1991/1085 1086/1989/1086 4033/1981/4033 4032/1984/4032
f 1079/1971/1079 4032/1984/4032 4031/1983/4031 1080/1972/1080
f 4035/1992/4035 4036/1993/4036 4034/1994/4034 4040/1995/4040
f 4037/1996/4037 4038/1997/4038 4034/1994/4034 4036/1993/4036
f 4039/1998/4039 4040/1995/4040 4034/1994/4034 4038/1997/4038
f 107/1879/107 1048/1893/1048 4035/1992/4035 1091/1999/1091
f 1048/1893/1048 1047/1892/1047 4036/1993/4036 4035/1992/4035
f 1091/1999/1091 4035/1992/4035 4040/1995/4040 1092/2000/1092
f 106/1855/106 1094/2001/1094 4037/1996/4037 1046/1891/1046
f 1094/2001/1094 1095/2002/1095 4038/1997/4038 4037/1996/4037
f 1046/1891/1046 4037/1996/4037 4036/1993/4036 1047/1892/1047
f 115/2003/115 1093/2004/1093 4039/1998/4039 1096/2005/1096
f 1093/2004/1093 1092/2000/1092 4040/1995/4040 4039/1998/4039
f 1096/2005/1096 4039/1998/4039 4038/1997/4038 1095/2002/1095
f 4042/2006/4042 4043/2007/4043 4041/2008/4041 4047/2009/4047
f 4044/2010/4044 4045/2011/4045 4041/2008/4041 4043/2007/4043
f 4046/2012/4046 4047/2009/4047 4041/2008/4041 4045/2011/4045
f 115/2003/115 1096/2005/1096 4042/2006/4042 1097/2013/1097
f 1096/2005/1096 1095/2002/1095 4043/2007/4043 4042/2006/4042
f 1097/2013/1097 4042/2006/4042 4047/2009/4047 1098/2014/1098
f 106/1855/106 1100/2015/1100 4044/2010/4044 1094/2001/1094
f 1100/2015/1100 1101/2016/1101 4045/2011/4045 4044/2010/4044
f 1094/2001/1094 4044/2010/4044 4043/2007/4043 1095/2002/1095
f 116/2017/116 1099/2018/1099 4046/2012/4046 1102/2019/1102
f 1099/2018/1099 1098/2014/1098 4047/2009/4047 4046/2012/4046
f 1102/2019/1102 4046/2012/4046 4045/2011/4045 1101/2016/1101
f 4049/2020/4049 4050/2021/4050 4048/2022/4048 4054/2023/4054
f 4051/2024/4051 4052/2025/4052 4048/2022/4048 4050/2021/4050
f 4053/2026/4053 4054/2023/4054 4048/2022/4048 4052/2025/4052
f 116/2017/116 1103/2027/1103 4049/2020/4049 1099/2018/1099
f 1103/2027/1103 1104/2028/1104 4050/2021/4050 4049/2020/4049
f 1099/2018/1099 4049/2020/4049 4054/2023/4054 1098/2014/1098
f 117/2029/117 1108/2030/1108 4051/2024/4051 1105/2031/1105
f 1108/2030/1108 1107/2032/1107 4052/2025/4052 4051/2024/4051
f 1105/2031/1105 4051/2024/4051 4050/2021/4050 1104/2028/1104
f 115/2003/115 1097/2013/1097 4053/2026/4053 1106/2033/1106
f 1097/2013/1097 1098/2014/1098 4054/2023/4054 4053/2026/4053
f 1106/2033/1106 4053/2026/4053 4052/2025/4052 1107/2032/1107
f 4056/2034/4056 4057/2035/4057 4055/2036/4055 4061/2037/4061
f 4058/2038/4058 4059/2039/4059 4055/2036/4055 4057/2035/4057
f 4060/2040/4060 4061/2037/4061 4055/2036/4055 4059/2039/4059
f 108/1901/108 1051/1903/1051 4056/2034/4056 1109/2041/1109
f 1051/1903/1051 1050/1905/1050 4057/2035/4057 4056/2034/4056
f 1109/2041/1109 4056/2034/4056 4061/2037/4061 1110/2042/1110
f 107/1879/107 1112/2043/1112 4058/2038/4058 1049/1907/1049
f 1112/2043/1112 1113/2044/1113 4059/2039/4059 4058/2038/4058
f 1049/1907/1049 4058/2038/4058 4057/2035/4057 1050/1905/1050
f 118/2045/118 1111/2046/1111 4060/2040/4060 1114/2047/1114
f 1111/2046/1111 1110/2042/1110 4061/2037/4061 4060/2040/4060
f 1114/2047/1114 4060/2040/4060 4059/2039/4059 1113/2044/1113
f 4063/2048/4063 4064/2049/4064 4062/2050/4062 4068/2051/4068
f 4065/2052/4065 4066/2053/4066 4062/2050/4062 4064/2049/4064
f 4067/2054/4067 4068/2051/4068 4062/2050/4062 4066/2053/4066
f 115/2003/115 1115/2055/1115 4063/2048/4063 1093/2004/1093
f 1115/2055/1115 1116/2056/1116 4064/2049/4064 4063/2048/4063
f 1093/2004/1093 4063/2048/4063 4068/2051/4068 1092/2000/1092
f 118/2045/118 1114/2047/1114 4065/2052/4065 1117/2057/1117
f 1114/2047/1114 1113/2044/1113 4066/2053/4066 4065/2052/4065
f 1117/2057/1117 4065/2052/4065 4064/2049/4064 1116/2056/1116
f 107/1879/107 1091/1999/1091 4067/2054/4067 1112/2043/1112
f 1091/1999/1091 1092/2000/1092 4068/2051/4068 4067/2054/4067
f 1112/2043/1112 4067/2054/4067 4066/2053/4066 1113/2044/1113
f 4070/2058/4070 4071/2059/4071 4069/2060/4069 4075/2061/4075
f 4072/2062/4072 4073/2063/4073 4069/2060/4069 4071/2059/4071
f 4074/2064/4074 4075/2061/4075 4069/2060/4069 4073/2063/4073
f 110/1933/110 1066/1935/1066 4070/2058/4070 1118/2065/1118
f 1066/1935/1066 1065/1932/1065 4071/2059/4071 4070/2058/4070
f 1118/2065/1118 4070/2058/4070 4075/2061/4075 1119/2066/1119
f 108/1901/108 1121/2067/1121 4072/2062/4072 1064/1931/1064
f 1121/2067/1121 1122/2068/1122 4073/2063/4073 4072/2062/4072
f 1064/1931/1064 4072/2062/4072 4071/2059/4071 1065/1932/1065
f 119/2069/119 1120/2070/1120 4074/2064/4074 1123/2071/1123
f 1120/2070/1120 1119/2066/1119 4075/2061/4075 4074/2064/4074
f 1123/2071/1123 4074/2064/4074 4073/2063/4073 1122/2068/1122
f 4077/2072/4077 4078/2073/4078 4076/2074/4076 4082/2075/4082
f 4079/2076/4079 4080/2077/4080 4076/2074/4076 4078/2073/4078
f 4081/2078/4081 4082/2075/4082 4076/2074/4076 4080/2077/4080
f 108/1901/108 1109/2041/1109 4077/2072/4077 1121/2067/1121
f 1109/2041/1109 1110/2042/1110 4078/2073/4078 4077/2072/4077
f 1121/2067/1121 4077/2072/4077 4082/2075/4082 1122/2068/1122
f 118/2045/118 1124/2079/1124 4079/2076/4079 1111/2046/1111
f 1124/2079/1124 1125/2080/1125 4080/2077/4080 4079/2076/4079
f 1111/2046/1111 4079/2076/4079 4078/2073/4078 1110/2042/1110
f 119/2069/119 1123/2071/1123 4081/2078/4081 1126/2081/1126
f 1123/2071/1123 1122/2068/1122 4082/2075/4082 4081/2078/4081
f 1126/2081/1126 4081/2078/4081 4080/2077/4080 1125/2080/1125
f 4084/2082/4084 4085/2083/4085 4083/2084/4083 4089/2085/4089
f 4086/2086/4086 4087/2087/4087 4083/2084/4083 4085/2083/4085
f 4088/2088/4088 4089/2085/4089 4083/2084/4083 4087/2087/4087
f 110/1933/110 1118/2065/1118 4084/2082/4084 1127/2089/1127
f 1118/2065/1118 1119/2066/1119 4085/2083/4085 4084/2082/4084
f 1127/2089/1127 4084/2082/4084 4089/2085/4089 1128/2090/1128
f 119/2069/119 1130/2091/1130 4086/2086/4086 1120/2070/1120
f 1130/2091/1130 1131/2092/1131 4087/2087/4087 4086/2086/4086
f 1120/2070/1120 4086/2086/4086 4085/2083/4085 1119/2066/1119
f 120/2093/120 1129/2094/1129 4088/2088/4088 1132/2095/1132
f 1129/2094/1129 1128/2090/1128 4089/2085/4089 4088/2088/4088
f 1132/2095/1132 4088/2088/4088 4087/2087/4087 1131/2092/1131
f 4091/2096/4091 4092/2097/4092 4090/2098/4090 4096/2099/4096
f 4093/2100/4093 4094/2101/4094 4090/2098/4090 4092/2097/4092
f 4095/2102/4095 4096/2099/4096 4090/2098/4090 4094/2101/4094
f 115/2003/115 1133/2103/1133 4091/2096/4091 1115/2055/1115
f 1133/2103/1133 1134/2104/1134 4092/2097/4092 4091/2096/4091
f 1115/2055/1115 4091/2096/4091 4096/2099/4096 1116/2056/1116
f 121/2105/121 1138/2106/1138 4093/2100/4093 1135/2107/1135
f 1138/2106/1138 1137/2108/1137 4094/2101/4094 4093/2100/4093
f 1135/2107/1135 4093/2100/4093 4092/2097/4092 1134/2104/1134
f 118/2045/118 1117/2057/1117 4095/2102/4095 1136/2109/1136
f 1117/2057/1117 1116/2056/1116 4096/2099/4096 4095/2102/4095
f 1136/2109/1136 4095/2102/4095 4094/2101/4094 1137/2108/1137
f 4098/2110/4098 4099/2111/4099 4097/2112/4097 4103/2113/4103
f 4100/2114/4100 4101/2115/4101 4097/2112/4097 4099/2111/4099
f 4102/2116/4102 4103/2113/4103 4097/2112/4097 4101/2115/4101
f 121/2105/121 1135/2107/1135 4098/2110/4098 1141/2117/1141
f 1135/2107/1135 1134/2104/1134 4099/2111/4099 4098/2110/4098
f 1141/2117/1141 4098/2110/4098 4103/2113/4103 1140/2118/1140
f 115/2003/115 1106/2033/1106 4100/2114/4100 1133/2103/1133
f 1106/2033/1106 1107/2032/1107 4101/2115/4101 4100/2114/4100
f 1133/2103/1133 4100/2114/4100 4099/2111/4099 1134/2104/1134
f 117/2029/117 1139/2119/1139 4102/2116/4102 1108/2030/1108
f 1139/2119/1139 1140/2118/1140 4103/2113/4103 4102/2116/4102
f 1108/2030/1108 4102/2116/4102 4101/2115/4101 1107/2032/1107
f 4105/2120/4105 4106/2121/4106 4104/2122/4104 4110/2123/4110
f 4107/2124/4107 4108/2125/4108 4104/2122/4104 4106/2121/4106
f 4109/2126/4109 4110/2123/4110 4104/2122/4104 4108/2125/4108
f 122/2127/122 1147/2128/1147 4105/2120/4105 1144/2129/1144
f 1147/2128/1147 1146/2130/1146 4106/2121/4106 4105/2120/4105
f 1144/2129/1144 4105/2120/4105 4110/2123/4110 1143/2131/1143
f 119/2069/119 1126/2081/1126 4107/2124/4107 1145/2132/1145
f 1126/2081/1126 1125/2080/1125 4108/2125/4108 4107/2124/4107
f 1145/2132/1145 4107/2124/4107 4106/2121/4106 1146/2130/1146
f 118/2045/118 1142/2133/1142 4109/2126/4109 1124/2079/1124
f 1142/2133/1142 1143/2131/1143 4110/2123/4110 4109/2126/4109
f 1124/2079/1124 4109/2126/4109 4108/2125/4108 1125/2080/1125
f 4112/2134/4112 4113/2135/4113 4111/2136/4111 4117/2137/4117
f 4114/2138/4114 4115/2139/4115 4111/2136/4111 4113/2135/4113
f 4116/2140/4116 4117/2137/4117 4111/2136/4111 4115/2139/4115
f 121/2105/121 1148/2141/1148 4112/2134/4112 1138/2106/1138
f 1148/2141/1148 1149/2142/1149 4113/2135/4113 4112/2134/4112
f 1138/2106/1138 4112/2134/4112 4117/2137/4117 1137/2108/1137
f 122/2127/122 1144/2129/1144 4114/2138/4114 1150/2143/1150
f 1144/2129/1144 1143/2131/1143 4115/2139/4115 4114/2138/4114
f 1150/2143/1150 4114/2138/4114 4113/2135/4113 1149/2142/1149
f 118/2045/118 1136/2109/1136 4116/2140/4116 1142/2133/1142
f 1136/2109/1136 1137/2108/1137 4117/2137/4117 4116/2140/4116
f 1142/2133/1142 4116/2140/4116 4115/2139/4115 1143/2131/1143
f 4119/2144/4119 4120/2145/4120 4118/2146/4118 4124/2147/4124
f 4121/2148/4121 4122/2149/4122 4118/2146/4118 4120/2145/4120
f 4123/2150/4123 4124/2147/4124 4118/2146/4118 4122/2149/4122
f 122/2127/122 1151/2151/1151 4119/2144/4119 1147/2128/1147
f 1151/2151/1151 1152/2152/1152 4120/2145/4120 4119/2144/4119
f 1147/2128/1147 4119/2144/4119 4124/2147/4124 1146/2130/1146
f 123/2153/123 1156/2154/1156 4121/2148/4121 1153/2155/1153
f 1156/2154/1156 1155/2156/1155 4122/2149/4122 4121/2148/4121
f 1153/2155/1153 4121/2148/4121 4120/2145/4120 1152/2152/1152
f 119/2069/119 1145/2132/1145 4123/2150/4123 1154/2157/1154
f 1145/2132/1145 1146/2130/1146 4124/2147/4124 4123/2150/4123
f 1154/2157/1154 4123/2150/4123 4122/2149/4122 1155/2156/1155
f 4126/2158/4126 4127/2159/4127 4125/2160/4125 4131/2161/4131
f 4128/2162/4128 4129/2163/4129 4125/2160/4125 4127/2159/4127
f 4130/2164/4130 4131/2161/4131 4125/2160/4125 4129/2163/4129
f 123/2153/123 1159/2165/1159 4126/2158/4126 1156/2154/1156
f 1159/2165/1159 1158/2166/1158 4127/2159/4127 4126/2158/4126
f 1156/2154/1156 4126/2158/4126 4131/2161/4131 1155/2156/1155
f 120/2093/120 1132/2095/1132 4128/2162/4128 1157/2167/1157
f 1132/2095/1132 1131/2092/1131 4129/2163/4129 4128/2162/4128
f 1157/2167/1157 4128/2162/4128 4127/2159/4127 1158/2166/1158
f 119/2069/119 1154/2157/1154 4130/2164/4130 1130/2091/1130
f 1154/2157/1154 1155/2156/1155 4131/2161/4131 4130/2164/4130
f 1130/2091/1130 4130/2164/4130 4129/2163/4129 1131/2092/1131
f 4133/2168/4133 4134/2169/4134 4132/2170/4132 4138/2171/4138
f 4135/2172/4135 4136/2173/4136 4132/2170/4132 4134/2169/4134
f 4137/2174/4137 4138/2171/4138 4132/2170/4132 4136/2173/4136
f 123/2153/123 1153/2155/1153 4133/2168/4133 1160/2175/1160
f 1153/2155/1153 1152/2152/1152 4134/2169/4134 4133/2168/4133
f 1160/2175/1160 4133/2168/4133 4138/2171/4138 1161/2176/1161
f 122/2127/122 1163/2177/1163 4135/2172/4135 1151/2151/1151
f 1163/2177/1163 1164/2178/1164 4136/2173/4136 4135/2172/4135
f 1151/2151/1151 4135/2172/4135 4134/2169/4134 1152/2152/1152
f 124/2179/124 1162/2180/1162 4137/2174/4137 1165/2181/1165
f 1162/2180/1162 1161/2176/1161 4138/2171/4138 4137/2174/4137
f 1165/2181/1165 4137/2174/4137 4136/2173/4136 1164/2178/1164
f 4140/2182/4140 4141/2183/4141 4139/2184/4139 4145/2185/4145
f 4142/2186/4142 4143/2187/4143 4139/2184/4139 4141/2183/4141
f 4144/2188/4144 4145/2185/4145 4139/2184/4139 4143/2187/4143
f 121/2105/121 1166/2189/1166 4140/2182/4140 1148/2141/1148
f 1166/2189/1166 1167/2190/1167 4141/2183/4141 4140/2182/4140
f 1148/2141/1148 4140/2182/4140 4145/2185/4145 1149/2142/1149
f 124/2179/124 1165/2181/1165 4142/2186/4142 1168/2191/1168
f 1165/2181/1165 1164/2178/1164 4143/2187/4143 4142/2186/4142
f 1168/2191/1168 4142/2186/4142 4141/2183/4141 1167/2190/1167
f 122/2127/122 1150/2143/1150 4144/2188/4144 1163/2177/1163
f 1150/2143/1150 1149/2142/1149 4145/2185/4145 4144/2188/4144
f 1163/2177/1163 4144/2188/4144 4143/2187/4143 1164/2178/1164
f 4147/2192/4147 4148/2193/4148 4146/2194/4146 4152/2195/4152
f 4149/2196/4149 4150/2197/4150 4146/2194/4146 4148/2193/4148
f 4151/2198/4151 4152/2195/4152 4146/2194/4146 4150/2197/4150
f 123/2153/123 1160/2175/1160 4147/2192/4147 1159/2165/1159
f 1160/2175/1160 1161/2176/1161 4148/2193/4148 4147/2192/4147
f 1159/2165/1159 4147/2192/4147 4152/2195/4152 1158/2166/1158
f 124/2179/124 1171/2199/1171 4149/2196/4149 1162/2180/1162
f 1171/2199/1171 1170/2200/1170 4150/2197/4150 4149/2196/4149
f 1162/2180/1162 4149/2196/4149 4148/2193/4148 1161/2176/1161
f 120/2093/120 1157/2167/1157 4151/2198/4151 1169/2201/1169
f 1157/2167/1157 1158/2166/1158 4152/2195/4152 4151/2198/4151
f 1169/2201/1169 4151/2198/4151 4150/2197/4150 1170/2200/1170
f 4154/2202/4154 4155/2203/4155 4153/2204/4153 4159/2205/4159
f 4156/2206/4156 4157/2207/4157 4153/2204/4153 4155/2203/4155
f 4158/2208/4158 4159/2205/4159 4153/2204/4153 4157/2207/4157
f 125/2209/125 1177/2210/1177 4154/2202/4154 1174/2211/1174
f 1177/2210/1177 1176/2212/1176 4155/2203/4155 4154/2202/4154
f 1174/2211/1174 4154/2202/4154 4159/2205/4159 1173/2213/1173
f 120/2093/120 1169/2201/1169 4156/2206/4156 1175/2214/1175
f 1169/2201/1169 1170/2200/1170 4157/2207/4157 4156/2206/4156
f 1175/2214/1175 4156/2206/4156 4155/2203/4155 1176/2212/1176
f 124/2179/124 1172/2215/1172 4158/2208/4158 1171/2199/1171
f 1172/2215/1172 1173/2213/1173 4159/2205/4159 4158/2208/4158
f 1171/2199/1171 4158/2208/4158 4157/2207/4157 1170/2200/1170
f 4161/2216/4161 4162/2217/4162 4160/2218/4160 4166/2219/4166
f 4163/2220/4163 4164/2221/4164 4160/2218/4160 4162/2217/4162
f 4165/2222/4165 4166/2219/4166 4160/2218/4160 4164/2221/4164
f 121/2105/121 1178/2223/1178 4161/2216/4161 1166/2189/1166
f 1178/2223/1178 1179/2224/1179 4162/2217/4162 4161/2216/4161
f 1166/2189/1166 4161/2216/4161 4166/2219/4166 1167/2190/1167
f 126/2225/126 1183/2226/1183 4163/2220/4163 1180/2227/1180
f 1183/2226/1183 1182/2228/1182 4164/2221/4164 4163/2220/4163
f 1180/2227/1180 4163/2220/4163 4162/2217/4162 1179/2224/1179
f 124/2179/124 1168/2191/1168 4165/2222/4165 1181/2229/1181
f 1168/2191/1168 1167/2190/1167 4166/2219/4166 4165/2222/4165
f 1181/2229/1181 4165/2222/4165 4164/2221/4164 1182/2228/1182
f 4168/2230/4168 4169/2231/4169 4167/2232/4167 4173/2233/4173
f 4170/2234/4170 4171/2235/4171 4167/2232/4167 4169/2231/4169
f 4172/2236/4172 4173/2233/4173 4167/2232/4167 4171/2235/4171
f 125/2209/125 1174/2211/1174 4168/2230/4168 1184/2237/1184
f 1174/2211/1174 1173/2213/1173 4169/2231/4169 4168/2230/4168
f 1184/2237/1184 4168/2230/4168 4173/2233/4173 1185/2238/1185
f 124/2179/124 1181/2229/1181 4170/2234/4170 1172/2215/1172
f 1181/2229/1181 1182/2228/1182 4171/2235/4171 4170/2234/4170
f 1172/2215/1172 4170/2234/4170 4169/2231/4169 1173/2213/1173
f 126/2225/126 1186/2239/1186 4172/2236/4172 1183/2226/1183
f 1186/2239/1186 1185/2238/1185 4173/2233/4173 4172/2236/4172
f 1183/2226/1183 4172/2236/4172 4171/2235/4171 1182/2228/1182
f 4175/2240/4175 4176/2241/4176 4174/2242/4174 4180/2243/4180
f 4177/2244/4177 4178/2245/4178 4174/2242/4174 4176/2241/4176
f 4179/2246/4179 4180/2243/4180 4174/2242/4174 4178/2245/4178
f 125/2209/125 1184/2237/1184 4175/2240/4175 1187/2247/1187
f 1184/2237/1184 1185/2238/1185 4176/2241/4176 4175/2240/4175
f 1187/2247/1187 4175/2240/4175 4180/2243/4180 1188/2248/1188
f 126/2225/126 1190/2249/1190 4177/2244/4177 1186/2239/1186
f 1190/2249/1190 1191/2250/1191 4178/2245/4178 4177/2244/4177
f 1186/2239/1186 4177/2244/4177 4176/2241/4176 1185/2238/1185
f 127/2251/127 1189/2252/1189 4179/2246/4179 1192/2253/1192
f 1189/2252/1189 1188/2248/1188 4180/2243/4180 4179/2246/4179
f 1192/2253/1192 4179/2246/4179 4178/2245/4178 1191/2250/1191
f 4182/2254/4182 4183/2255/4183 4181/2256/4181 4187/2257/4187
f 4184/2258/4184 4185/2259/4185 4181/2256/4181 4183/2255/4183
f 4186/2260/4186 4187/2257/4187 4181/2256/4181 4185/2259/4185
f 121/2105/121 1141/2117/1141 4182/2254/4182 1193/2261/1193
f 1141/2117/1141 1140/2118/1140 4183/2255/4183 4182/2254/4182
f 1193/2261/1193 4182/2254/4182 4187/2257/4187 1194/2262/1194
f 117/2029/117 1196/2263/1196 4184/2258/4184 1139/2119/1139
f 1196/2263/1196 1197/2264/1197 4185/2259/4185 4184/2258/4184
f 1139/2119/1139 4184/2258/4184 4183/2255/4183 1140/2118/1140
f 128/2265/128 1195/2266/1195 4186/2260/4186 1198/2267/1198
f 1195/2266/1195 1194/2262/1194 4187/2257/4187 4186/2260/4186
f 1198/2267/1198 4186/2260/4186 4185/2259/4185 1197/2264/1197
f 4189/2268/4189 4190/2269/4190 4188/2270/4188 4194/2271/4194
f 4191/2272/4191 4192/2273/4192 4188/2270/4188 4190/2269/4190
f 4193/2274/4193 4194/2271/4194 4188/2270/4188 4192/2273/4192
f 128/2265/128 1201/2275/1201 4189/2268/4189 1195/2266/1195
f 1201/2275/1201 1200/2276/1200 4190/2269/4190 4189/2268/4189
f 1195/2266/1195 4189/2268/4189 4194/2271/4194 1194/2262/1194
f 126/2225/126 1180/2227/1180 4191/2272/4191 1199/2277/1199
f 1180/2227/1180 1179/2224/1179 4192/2273/4192 4191/2272/4191
f 1199/2277/1199 4191/2272/4191 4190/2269/4190 1200/2276/1200
f 121/2105/121 1193/2261/1193 4193/2274/4193 1178/2223/1178
f 1193/2261/1193 1194/2262/1194 4194/2271/4194 4193/2274/4193
f 1178/2223/1178 4193/2274/4193 4192/2273/4192 1179/2224/1179
f 4196/2278/4196 4197/2279/4197 4195/2280/4195 4201/2281/4201
f 4198/2282/4198 4199/2283/4199 4195/2280/4195 4197/2279/4197
f 4200/2284/4200 4201/2281/4201 4195/2280/4195 4199/2283/4199
f 129/2285/129 1207/2286/1207 4196/2278/4196 1204/2287/1204
f 1207/2286/1207 1206/2288/1206 4197/2279/4197 4196/2278/4196
f 1204/2287/1204 4196/2278/4196 4201/2281/4201 1203/2289/1203
f 127/2251/127 1192/2253/1192 4198/2282/4198 1205/2290/1205
f 1192/2253/1192 1191/2250/1191 4199/2283/4199 4198/2282/4198
f 1205/2290/1205 4198/2282/4198 4197/2279/4197 1206/2288/1206
f 126/2225/126 1202/2291/1202 4200/2284/4200 1190/2249/1190
f 1202/2291/1202 1203/2289/1203 4201/2281/4201 4200/2284/4200
f 1190/2249/1190 4200/2284/4200 4199/2283/4199 1191/2250/1191
f 4203/2292/4203 4204/2293/4204 4202/2294/4202 4208/2295/4208
f 4205/2296/4205 4206/2297/4206 4202/2294/4202 4204/2293/4204
f 4207/2298/4207 4208/2295/4208 4202/2294/4202 4206/2297/4206
f 128/2265/128 1208/2299/1208 4203/2292/4203 1201/2275/1201
f 1208/2299/1208 1209/2300/1209 4204/2293/4204 4203/2292/4203
f 1201/2275/1201 4203/2292/4203 4208/2295/4208 1200/2276/1200
f 129/2285/129 1204/2287/1204 4205/2296/4205 1210/2301/1210
f 1204/2287/1204 1203/2289/1203 4206/2297/4206 4205/2296/4205
f 1210/2301/1210 4205/2296/4205 4204/2293/4204 1209/2300/1209
f 126/2225/126 1199/2277/1199 4207/2298/4207 1202/2291/1202
f 1199/2277/1199 1200/2276/1200 4208/2295/4208 4207/2298/4207
f 1202/2291/1202 4207/2298/4207 4206/2297/4206 1203/2289/1203
f 4210/2302/4210 4211/2303/4211 4209/2304/4209 4215/2305/4215
f 4212/2306/4212 4213/2307/4213 4209/2304/4209 4211/2303/4211
f 4214/2308/4214 4215/2305/4215 4209/2304/4209 4213/2307/4213
f 130/2309/130 1216/2310/1216 4210/2302/4210 1213/2311/1213
f 1216/2310/1216 1215/2312/1215 4211/2303/4211 4210/2302/4210
f 1213/2311/1213 4210/2302/4210 4215/2305/4215 1212/2313/1212
f 129/2285/129 1210/2301/1210 4212/2306/4212 1214/2314/1214
f 1210/2301/1210 1209/2300/1209 4213/2307/4213 4212/2306/4212
f 1214/2314/1214 4212/2306/4212 4211/2303/4211 1215/2312/1215
f 128/2265/128 1211/2315/1211 4214/2308/4214 1208/2299/1208
f 1211/2315/1211 1212/2313/1212 4215/2305/4215 4214/2308/4214
f 1208/2299/1208 4214/2308/4214 4213/2307/4213 1209/2300/1209
f 4217/2316/4217 4218/2317/4218 4216/2318/4216 4222/2319/4222
f 4219/2320/4219 4220/2321/4220 4216/2318/4216 4218/2317/4218
f 4221/2322/4221 4222/2319/4222 4216/2318/4216 4220/2321/4220
f 117/2029/117 1217/2323/1217 4217/2316/4217 1196/2263/1196
f 1217/2323/1217 1218/2324/1218 4218/2317/4218 4217/2316/4217
f 1196/2263/1196 4217/2316/4217 4222/2319/4222 1197/2264/1197
f 131/2325/131 1222/2326/1222 4219/2320/4219 1219/2327/1219
f 1222/2326/1222 1221/2328/1221 4220/2321/4220 4219/2320/4219
f 1219/2327/1219 4219/2320/4219 4218/2317/4218 1218/2324/1218
f 128/2265/128 1198/2267/1198 4221/2322/4221 1220/2329/1220
f 1198/2267/1198 1197/2264/1197 4222/2319/4222 4221/2322/4221
f 1220/2329/1220 4221/2322/4221 4220/2321/4220 1221/2328/1221
f 4224/2330/4224 4225/2331/4225 4223/2332/4223 4229/2333/4229
f 4226/2334/4226 4227/2335/4227 4223/2332/4223 4225/2331/4225
f 4228/2336/4228 4229/2333/4229 4223/2332/4223 4227/2335/4227
f 128/2265/128 1220/2329/1220 4224/2330/4224 1211/2315/1211
f 1220/2329/1220 1221/2328/1221 4225/2331/4225 4224/2330/4224
f 1211/2315/1211 4224/2330/4224 4229/2333/4229 1212/2313/1212
f 131/2325/131 1225/2337/1225 4226/2334/4226 1222/2326/1222
f 1225/2337/1225 1224/2338/1224 4227/2335/4227 4226/2334/4226
f 1222/2326/1222 4226/2334/4226 4225/2331/4225 1221/2328/1221
f 130/2309/130 1213/2311/1213 4228/2336/4228 1223/2339/1223
f 1213/2311/1213 1212/2313/1212 4229/2333/4229 4228/2336/4228
f 1223/2339/1223 4228/2336/4228 4227/2335/4227 1224/2338/1224
f 4231/2340/4231 4232/2341/4232 4230/2342/4230 4236/2343/4236
f 4233/2344/4233 4234/2345/4234 4230/2342/4230 4232/2341/4232
f 4235/2346/4235 4236/2343/4236 4230/2342/4230 4234/2345/4234
f 117/2029/117 1228/2347/1228 4231/2340/4231 1217/2323/1217
f 1228/2347/1228 1227/2348/1227 4232/2341/4232 4231/2340/4231
f 1217/2323/1217 4231/2340/4231 4236/2343/4236 1218/2324/1218
f 79/1293/79 1229/2349/1229 4233/2344/4233 1226/2350/1226
f 1229/2349/1229 1230/2351/1230 4234/2345/4234 4233/2344/4233
f 1226/2350/1226 4233/2344/4233 4232/2341/4232 1227/2348/1227
f 131/2325/131 1219/2327/1219 4235/2346/4235 1231/2352/1231
f 1219/2327/1219 1218/2324/1218 4236/2343/4236 4235/2346/4235
f 1231/2352/1231 4235/2346/4235 4234/2345/4234 1230/2351/1230
f 4238/2353/4238 4239/2354/4239 4237/2355/4237 4243/2356/4243
f 4240/2357/4240 4241/2358/4241 4237/2355/4237 4239/2354/4239
f 4242/2359/4242 4243/2356/4243 4237/2355/4237 4241/2358/4241
f 132/2360/132 1237/2361/1237 4238/2353/4238 1234/2362/1234
f 1237/2361/1237 1236/2363/1236 4239/2354/4239 4238/2353/4238
f 1234/2362/1234 4238/2353/4238 4243/2356/4243 1233/2364/1233
f 130/2309/130 1223/2339/1223 4240/2357/4240 1235/2365/1235
f 1223/2339/1223 1224/2338/1224 4241/2358/4241 4240/2357/4240
f 1235/2365/1235 4240/2357/4240 4239/2354/4239 1236/2363/1236
f 131/2325/131 1232/2366/1232 4242/2359/4242 1225/2337/1225
f 1232/2366/1232 1233/2364/1233 4243/2356/4243 4242/2359/4242
f 1225/2337/1225 4242/2359/4242 4241/2358/4241 1224/2338/1224
f 4245/2367/4245 4246/2368/4246 4244/2369/4244 4250/2370/4250
f 4247/2371/4247 4248/2372/4248 4244/2369/4244 4246/2368/4246
f 4249/2373/4249 4250/2370/4250 4244/2369/4244 4248/2372/4248
f 130/2309/130 1235/2365/1235 4245/2367/4245 1238/2374/1238
f 1235/2365/1235 1236/2363/1236 4246/2368/4246 4245/2367/4245
f 1238/2374/1238 4245/2367/4245 4250/2370/4250 1239/2375/1239
f 132/2360/132 1241/2376/1241 4247/2371/4247 1237/2361/1237
f 1241/2376/1241 1242/2377/1242 4248/2372/4248 4247/2371/4247
f 1237/2361/1237 4247/2371/4247 4246/2368/4246 1236/2363/1236
f 133/2378/133 1240/2379/1240 4249/2373/4249 1243/2380/1243
f 1240/2379/1240 1239/2375/1239 4250/2370/4250 4249/2373/4249
f 1243/2380/1243 4249/2373/4249 4248/2372/4248 1242/2377/1242
f 4252/2381/4252 4253/2382/4253 4251/2383/4251 4257/2384/4257
f 4254/2385/4254 4255/2386/4255 4251/2383/4251 4253/2382/4253
f 4256/2387/4256 4257/2384/4257 4251/2383/4251 4255/2386/4255
f 134/2388/134 1249/2389/1249 4252/2381/4252 1246/2390/1246
f 1249/2389/1249 1248/2391/1248 4253/2382/4253 4252/2381/4252
f 1246/2390/1246 4252/2381/4252 4257/2384/4257 1245/2392/1245
f 127/2251/127 1205/2290/1205 4254/2385/4254 1247/2393/1247
f 1205/2290/1205 1206/2288/1206 4255/2386/4255 4254/2385/4254
f 1247/2393/1247 4254/2385/4254 4253/2382/4253 1248/2391/1248
f 129/2285/129 1244/2394/1244 4256/2387/4256 1207/2286/1207
f 1244/2394/1244 1245/2392/1245 4257/2384/4257 4256/2387/4256
f 1207/2286/1207 4256/2387/4256 4255/2386/4255 1206/2288/1206
f 4259/2395/4259 4260/2396/4260 4258/2397/4258 4264/2398/4264
f 4261/2399/4261 4262/2400/4262 4258/2397/4258 4260/2396/4260
f 4263/2401/4263 4264/2398/4264 4258/2397/4258 4262/2400/4262
f 130/2309/130 1250/2402/1250 4259/2395/4259 1216/2310/1216
f 1250/2402/1250 1251/2403/1251 4260/2396/4260 4259/2395/4259
f 1216/2310/1216 4259/2395/4259 4264/2398/4264 1215/2312/1215
f 134/2388/134 1246/2390/1246 4261/2399/4261 1252/2404/1252
f 1246/2390/1246 1245/2392/1245 4262/2400/4262 4261/2399/4261
f 1252/2404/1252 4261/2399/4261 4260/2396/4260 1251/2403/1251
f 129/2285/129 1214/2314/1214 4263/2401/4263 1244/2394/1244
f 1214/2314/1214 1215/2312/1215 4264/2398/4264 4263/2401/4263
f 1244/2394/1244 4263/2401/4263 4262/2400/4262 1245/2392/1245
f 4266/2405/4266 4267/2406/4267 4265/2407/4265 4271/2408/4271
f 4268/2409/4268 4269/2410/4269 4265/2407/4265 4267/2406/4267
f 4270/2411/4270 4271/2408/4271 4265/2407/4265 4269/2410/4269
f 130/2309/130 1238/2374/1238 4266/2405/4266 1253/2412/1253
f 1238/2374/1238 1239/2375/1239 4267/2406/4267 4266/2405/4266
f 1253/2412/1253 4266/2405/4266 4271/2408/4271 1254/2413/1254
f 133/2378/133 1256/2414/1256 4268/2409/4268 1240/2379/1240
f 1256/2414/1256 1257/2415/1257 4269/2410/4269 4268/2409/4268
f 1240/2379/1240 4268/2409/4268 4267/2406/4267 1239/2375/1239
f 135/2416/135 1255/2417/1255 4270/2411/4270 1258/2418/1258
f 1255/2417/1255 1254/2413/1254 4271/2408/4271 4270/2411/4270
f 1258/2418/1258 4270/2411/4270 4269/2410/4269 1257/2415/1257
f 4273/2419/4273 4274/2420/4274 4272/2421/4272 4278/2422/4278
f 4275/2423/4275 4276/2424/4276 4272/2421/4272 4274/2420/4274
f 4277/2425/4277 4278/2422/4278 4272/2421/4272 4276/2424/4276
f 135/2416/135 1258/2418/1258 4273/2419/4273 1259/2426/1259
f 1258/2418/1258 1257/2415/1257 4274/2420/4274 4273/2419/4273
f 1259/2426/1259 4273/2419/4273 4278/2422/4278 1260/2427/1260
f 133/2378/133 1262/2428/1262 4275/2423/4275 1256/2414/1256
f 1262/2428/1262 1263/2429/1263 4276/2424/4276 4275/2423/4275
f 1256/2414/1256 4275/2423/4275 4274/2420/4274 1257/2415/1257
f 136/2430/136 1261/2431/1261 4277/2425/4277 1264/2432/1264
f 1261/2431/1261 1260/2427/1260 4278/2422/4278 4277/2425/4277
f 1264/2432/1264 4277/2425/4277 4276/2424/4276 1263/2429/1263
f 4280/2433/4280 4281/2434/4281 4279/2435/4279 4285/2436/4285
f 4282/2437/4282 4283/2438/4283 4279/2435/4279 4281/2434/4281
f 4284/2439/4284 4285/2436/4285 4279/2435/4279 4283/2438/4283
f 137/2440/137 1270/2441/1270 4280/2433/4280 1267/2442/1267
f 1270/2441/1270 1269/2443/1269 4281/2434/4281 4280/2433/4280
f 1267/2442/1267 4280/2433/4280 4285/2436/4285 1266/2444/1266
f 136/2430/136 1264/2432/1264 4282/2437/4282 1268/2445/1268
f 1264/2432/1264 1263/2429/1263 4283/2438/4283 4282/2437/4282
f 1268/2445/1268 4282/2437/4282 4281/2434/4281 1269/2443/1269
f 133/2378/133 1265/2446/1265 4284/2439/4284 1262/2428/1262
f 1265/2446/1265 1266/2444/1266 4285/2436/4285 4284/2439/4284
f 1262/2428/1262 4284/2439/4284 4283/2438/4283 1263/2429/1263
f 4287/2447/4287 4288/2448/4288 4286/2449/4286 4292/2450/4292
f 4289/2451/4289 4290/2452/4290 4286/2449/4286 4288/2448/4288
f 4291/2453/4291 4292/2450/4292 4286/2449/4286 4290/2452/4290
f 138/2454/138 1276/2455/1276 4287/2447/4287 1273/2456/1273
f 1276/2455/1276 1275/2457/1275 4288/2448/4288 4287/2447/4287
f 1273/2456/1273 4287/2447/4287 4292/2450/4292 1272/2458/1272
f 136/2430/136 1268/2445/1268 4289/2451/4289 1274/2459/1274
f 1268/2445/1268 1269/2443/1269 4290/2452/4290 4289/2451/4289
f 1274/2459/1274 4289/2451/4289 4288/2448/4288 1275/2457/1275
f 137/2440/137 1271/2460/1271 4291/2453/4291 1270/2441/1270
f 1271/2460/1271 1272/2458/1272 4292/2450/4292 4291/2453/4291
f 1270/2441/1270 4291/2453/4291 4290/2452/4290 1269/2443/1269
f 4294/2461/4294 4295/2462/4295 4293/2463/4293 4299/2464/4299
f 4296/2465/4296 4297/2466/4297 4293/2463/4293 4295/2462/4295
f 4298/2467/4298 4299/2464/4299 4293/2463/4293 4297/2466/4297
f 139/2468/139 1282/2469/1282 4294/2461/4294 1279/2470/1279
f 1282/2469/1282 1281/2471/1281 4295/2462/4295 4294/2461/4294
f 1279/2470/1279 4294/2461/4294 4299/2464/4299 1278/2472/1278
f 130/2309/130 1253/2412/1253 4296/2465/4296 1280/2473/1280
f 1253/2412/1253 1254/2413/1254 4297/2466/4297 4296/2465/4296
f 1280/2473/1280 4296/2465/4296 4295/2462/4295 1281/2471/1281
f 135/2416/135 1277/2474/1277 4298/2467/4298 1255/2417/1255
f 1277/2474/1277 1278/2472/1278 4299/2464/4299 4298/2467/4298
f 1255/2417/1255 4298/2467/4298 4297/2466/4297 1254/2413/1254
f 4301/2475/4301 4302/2476/4302 4300/2477/4300 4306/2478/4306
f 4303/2479/4303 4304/2480/4304 4300/2477/4300 4302/2476/4302
f 4305/2481/4305 4306/2478/4306 4300/2477/4300 4304/2480/4304
f 134/2388/134 1252/2404/1252 4301/2475/4301 1283/2482/1283
f 1252/2404/1252 1251/2403/1251 4302/2476/4302 4301/2475/4301
f 1283/2482/1283 4301/2475/4301 4306/2478/4306 1284/2483/1284
f 130/2309/130 1280/2473/1280 4303/2479/4303 1250/2402/1250
f 1280/2473/1280 1281/2471/1281 4304/2480/4304 4303/2479/4303
f 1250/2402/1250 4303/2479/4303 4302/2476/4302 1251/2403/1251
f 139/2468/139 1285/2484/1285 4305/2481/4305 1282/2469/1282
f 1285/2484/1285 1284/2483/1284 4306/2478/4306 4305/2481/4305
f 1282/2469/1282 4305/2481/4305 4304/2480/4304 1281/2471/1281
f 4308/2485/4308 4309/2486/4309 4307/2487/4307 4313/2488/4313
f 4310/2489/4310 4311/2490/4311 4307/2487/4307 4309/2486/4309
f 4312/2491/4312 4313/2488/4313 4307/2487/4307 4311/2490/4311
f 136/2430/136 1286/2492/1286 4308/2485/4308 1261/2431/1261
f 1286/2492/1286 1287/2493/1287 4309/2486/4309 4308/2485/4308
f 1261/2431/1261 4308/2485/4308 4313/2488/4313 1260/2427/1260
f 139/2468/139 1279/2470/1279 4310/2489/4310 1288/2494/1288
f 1279/2470/1279 1278/2472/1278 4311/2490/4311 4310/2489/4310
f 1288/2494/1288 4310/2489/4310 4309/2486/4309 1287/2493/1287
f 135/2416/135 1259/2426/1259 4312/2491/4312 1277/2474/1277
f 1259/2426/1259 1260/2427/1260 4313/2488/4313 4312/2491/4312
f 1277/2474/1277 4312/2491/4312 4311/2490/4311 1278/2472/1278
f 4315/2495/4315 4316/2496/4316 4314/2497/4314 4320/2498/4320
f 4317/2499/4317 4318/2500/4318 4314/2497/4314 4316/2496/4316
f 4319/2501/4319 4320/2498/4320 4314/2497/4314 4318/2500/4318
f 138/2454/138 1289/2502/1289 4315/2495/4315 1276/2455/1276
f 1289/2502/1289 1290/2503/1290 4316/2496/4316 4315/2495/4315
f 1276/2455/1276 4315/2495/4315 4320/2498/4320 1275/2457/1275
f 140/2504/140 1294/2505/1294 4317/2499/4317 1291/2506/1291
f 1294/2505/1294 1293/2507/1293 4318/2500/4318 4317/2499/4317
f 1291/2506/1291 4317/2499/4317 4316/2496/4316 1290/2503/1290
f 136/2430/136 1274/2459/1274 4319/2501/4319 1292/2508/1292
f 1274/2459/1274 1275/2457/1275 4320/2498/4320 4319/2501/4319
f 1292/2508/1292 4319/2501/4319 4318/2500/4318 1293/2507/1293
f 4322/2509/4322 4323/2510/4323 4321/2511/4321 4327/2512/4327
f 4324/2513/4324 4325/2514/4325 4321/2511/4321 4323/2510/4323
f 4326/2515/4326 4327/2512/4327 4321/2511/4321 4325/2514/4325
f 141/2516/141 1300/2517/1300 4322/2509/4322 1297/2518/1297
f 1300/2517/1300 1299/2519/1299 4323/2510/4323 4322/2509/4322
f 1297/2518/1297 4322/2509/4322 4327/2512/4327 1296/2520/1296
f 140/2504/140 1291/2506/1291 4324/2513/4324 1298/2521/1298
f 1291/2506/1291 1290/2503/1290 4325/2514/4325 4324/2513/4324
f 1298/2521/1298 4324/2513/4324 4323/2510/4323 1299/2519/1299
f 138/2454/138 1295/2522/1295 4326/2515/4326 1289/2502/1289
f 1295/2522/1295 1296/2520/1296 4327/2512/4327 4326/2515/4326
f 1289/2502/1289 4326/2515/4326 4325/2514/4325 1290/2503/1290
f 4329/2523/4329 4330/2524/4330 4328/2525/4328 4334/2526/4334
f 4331/2527/4331 4332/2528/4332 4328/2525/4328 4330/2524/4330
f 4333/2529/4333 4334/2526/4334 4328/2525/4328 4332/2528/4332
f 141/2516/141 1301/2530/1301 4329/2523/4329 1300/2517/1300
f 1301/2530/1301 1302/2531/1302 4330/2524/4330 4329/2523/4329
f 1300/2517/1300 4329/2523/4329 4334/2526/4334 1299/2519/1299
f 142/2532/142 1306/2533/1306 4331/2527/4331 1303/2534/1303
f 1306/2533/1306 1305/2535/1305 4332/2528/4332 4331/2527/4331
f 1303/2534/1303 4331/2527/4331 4330/2524/4330 1302/2531/1302
f 140/2504/140 1298/2521/1298 4333/2529/4333 1304/2536/1304
f 1298/2521/1298 1299/2519/1299 4334/2526/4334 4333/2529/4333
f 1304/2536/1304 4333/2529/4333 4332/2528/4332 1305/2535/1305
f 4336/2537/4336 4337/2538/4337 4335/2539/4335 4341/2540/4341
f 4338/2541/4338 4339/2542/4339 4335/2539/4335 4337/2538/4337
f 4340/2543/4340 4341/2540/4341 4335/2539/4335 4339/2542/4339
f 140/2504/140 1307/2544/1307 4336/2537/4336 1294/2505/1294
f 1307/2544/1307 1308/2545/1308 4337/2538/4337 4336/2537/4336
f 1294/2505/1294 4336/2537/4336 4341/2540/4341 1293/2507/1293
f 143/2546/143 1312/2547/1312 4338/2541/4338 1309/2548/1309
f 1312/2547/1312 1311/2549/1311 4339/2542/4339 4338/2541/4338
f 1309/2548/1309 4338/2541/4338 4337/2538/4337 1308/2545/1308
f 136/2430/136 1292/2508/1292 4340/2543/4340 1310/2550/1310
f 1292/2508/1292 1293/2507/1293 4341/2540/4341 4340/2543/4340
f 1310/2550/1310 4340/2543/4340 4339/2542/4339 1311/2549/1311
f 4343/2551/4343 4344/2552/4344 4342/2553/4342 4348/2554/4348
f 4345/2555/4345 4346/2556/4346 4342/2553/4342 4344/2552/4344
f 4347/2557/4347 4348/2554/4348 4342/2553/4342 4346/2556/4346
f 136/2430/136 1310/2550/1310 4343/2551/4343 1313/2558/1313
f 1310/2550/1310 1311/2549/1311 4344/2552/4344 4343/2551/4343
f 1313/2558/1313 4343/2551/4343 4348/2554/4348 1314/2559/1314
f 143/2546/143 1316/2560/1316 4345/2555/4345 1312/2547/1312
f 1316/2560/1316 1317/2561/1317 4346/2556/4346 4345/2555/4345
f 1312/2547/1312 4345/2555/4345 4344/2552/4344 1311/2549/1311
f 144/2562/144 1315/2563/1315 4347/2557/4347 1318/2564/1318
f 1315/2563/1315 1314/2559/1314 4348/2554/4348 4347/2557/4347
f 1318/2564/1318 4347/2557/4347 4346/2556/4346 1317/2561/1317
f 4350/2565/4350 4351/2566/4351 4349/2567/4349 4355/2568/4355
f 4352/2569/4352 4353/2570/4353 4349/2567/4349 4351/2566/4351
f 4354/2571/4354 4355/2568/4355 4349/2567/4349 4353/2570/4353
f 136/2430/136 1313/2558/1313 4350/2565/4350 1286/2492/1286
f 1313/2558/1313 1314/2559/1314 4351/2566/4351 4350/2565/4350
f 1286/2492/1286 4350/2565/4350 4355/2568/4355 1287/2493/1287
f 144/2562/144 1321/2572/1321 4352/2569/4352 1315/2563/1315
f 1321/2572/1321 1320/2573/1320 4353/2570/4353 4352/2569/4352
f 1315/2563/1315 4352/2569/4352 4351/2566/4351 1314/2559/1314
f 139/2468/139 1288/2494/1288 4354/2571/4354 1319/2574/1319
f 1288/2494/1288 1287/2493/1287 4355/2568/4355 4354/2571/4354
f 1319/2574/1319 4354/2571/4354 4353/2570/4353 1320/2573/1320
f 4357/2575/4357 4358/2576/4358 4356/2577/4356 4362/2578/4362
f 4359/2579/4359 4360/2580/4360 4356/2577/4356 4358/2576/4358
f 4361/2581/4361 4362/2578/4362 4356/2577/4356 4360/2580/4360
f 144/2562/144 1322/2582/1322 4357/2575/4357 1321/2572/1321
f 1322/2582/1322 1323/2583/1323 4358/2576/4358 4357/2575/4357
f 1321/2572/1321 4357/2575/4357 4362/2578/4362 1320/2573/1320
f 145/2584/145 1327/2585/1327 4359/2579/4359 1324/2586/1324
f 1327/2585/1327 1326/2587/1326 4360/2580/4360 4359/2579/4359
f 1324/2586/1324 4359/2579/4359 4358/2576/4358 1323/2583/1323
f 139/2468/139 1319/2574/1319 4361/2581/4361 1325/2588/1325
f 1319/2574/1319 1320/2573/1320 4362/2578/4362 4361/2581/4361
f 1325/2588/1325 4361/2581/4361 4360/2580/4360 1326/2587/1326
f 4364/2589/4364 4365/2590/4365 4363/2591/4363 4369/2592/4369
f 4366/2593/4366 4367/2594/4367 4363/2591/4363 4365/2590/4365
f 4368/2595/4368 4369/2592/4369 4363/2591/4363 4367/2594/4367
f 145/2584/145 1330/2596/1330 4364/2589/4364 1327/2585/1327
f 1330/2596/1330 1329/2597/1329 4365/2590/4365 4364/2589/4364
f 1327/2585/1327 4364/2589/4364 4369/2592/4369 1326/2587/1326
f 134/2388/134 1283/2482/1283 4366/2593/4366 1328/2598/1328
f 1283/2482/1283 1284/2483/1284 4367/2594/4367 4366/2593/4366
f 1328/2598/1328 4366/2593/4366 4365/2590/4365 1329/2597/1329
f 139/2468/139 1325/2588/1325 4368/2595/4368 1285/2484/1285
f 1325/2588/1325 1326/2587/1326 4369/2592/4369 4368/2595/4368
f 1285/2484/1285 4368/2595/4368 4367/2594/4367 1284/2483/1284
f 4371/2599/4371 4372/2600/4372 4370/2601/4370 4376/2602/4376
f 4373/2603/4373 4374/2604/4374 4370/2601/4370 4372/2600/4372
f 4375/2605/4375 4376/2602/4376 4370/2601/4370 4374/2604/4374
f 146/2606/146 1336/2607/1336 4371/2599/4371 1333/2608/1333
f 1336/2607/1336 1335/2609/1335 4372/2600/4372 4371/2599/4371
f 1333/2608/1333 4371/2599/4371 4376/2602/4376 1332/2610/1332
f 145/2584/145 1324/2586/1324 4373/2603/4373 1334/2611/1334
f 1324/2586/1324 1323/2583/1323 4374/2604/4374 4373/2603/4373
f 1334/2611/1334 4373/2603/4373 4372/2600/4372 1335/2609/1335
f 144/2562/144 1331/2612/1331 4375/2605/4375 1322/2582/1322
f 1331/2612/1331 1332/2610/1332 4376/2602/4376 4375/2605/4375
f 1322/2582/1322 4375/2605/4375 4374/2604/4374 1323/2583/1323
f 4378/2613/4378 4379/2614/4379 4377/2615/4377 4383/2616/4383
f 4380/2617/4380 4381/2618/4381 4377/2615/4377 4379/2614/4379
f 4382/2619/4382 4383/2616/4383 4377/2615/4377 4381/2618/4381
f 146/2606/146 1337/2620/1337 4378/2613/4378 1336/2607/1336
f 1337/2620/1337 1338/2621/1338 4379/2614/4379 4378/2613/4378
f 1336/2607/1336 4378/2613/4378 4383/2616/4383 1335/2609/1335
f 147/2622/147 1342/2623/1342 4380/2617/4380 1339/2624/1339
f 1342/2623/1342 1341/2625/1341 4381/2618/4381 4380/2617/4380
f 1339/2624/1339 4380/2617/4380 4379/2614/4379 1338/2621/1338
f 145/2584/145 1334/2611/1334 4382/2619/4382 1340/2626/1340
f 1334/2611/1334 1335/2609/1335 4383/2616/4383 4382/2619/4382
f 1340/2626/1340 4382/2619/4382 4381/2618/4381 1341/2625/1341
f 4385/2627/4385 4386/2628/4386 4384/2629/4384 4390/2630/4390
f 4387/2631/4387 4388/2632/4388 4384/2629/4384 4386/2628/4386
f 4389/2633/4389 4390/2630/4390 4384/2629/4384 4388/2632/4388
f 147/2622/147 1343/2634/1343 4385/2627/4385 1342/2623/1342
f 1343/2634/1343 1344/2635/1344 4386/2628/4386 4385/2627/4385
f 1342/2623/1342 4385/2627/4385 4390/2630/4390 1341/2625/1341
f 148/2636/148 1348/2637/1348 4387/2631/4387 1345/2638/1345
f 1348/2637/1348 1347/2639/1347 4388/2632/4388 4387/2631/4387
f 1345/2638/1345 4387/2631/4387 4386/2628/4386 1344/2635/1344
f 145/2584/145 1340/2626/1340 4389/2633/4389 1346/2640/1346
f 1340/2626/1340 1341/2625/1341 4390/2630/4390 4389/2633/4389
f 1346/2640/1346 4389/2633/4389 4388/2632/4388 1347/2639/1347
f 4392/2641/4392 4393/2642/4393 4391/2643/4391 4397/2644/4397
f 4394/2645/4394 4395/2646/4395 4391/2643/4391 4393/2642/4393
f 4396/2647/4396 4397/2644/4397 4391/2643/4391 4395/2646/4395
f 145/2584/145 1349/2648/1349 4392/2641/4392 1330/2596/1330
f 1349/2648/1349 1350/2649/1350 4393/2642/4393 4392/2641/4392
f 1330/2596/1330 4392/2641/4392 4397/2644/4397 1329/2597/1329
f 149/2650/149 1354/2651/1354 4394/2645/4394 1351/2652/1351
f 1354/2651/1354 1353/2653/1353 4395/2646/4395 4394/2645/4394
f 1351/2652/1351 4394/2645/4394 4393/2642/4393 1350/2649/1350
f 134/2388/134 1328/2598/1328 4396/2647/4396 1352/2654/1352
f 1328/2598/1328 1329/2597/1329 4397/2644/4397 4396/2647/4396
f 1352/2654/1352 4396/2647/4396 4395/2646/4395 1353/2653/1353
f 4399/2655/4399 4400/2656/4400 4398/2657/4398 4404/2658/4404
f 4401/2659/4401 4402/2660/4402 4398/2657/4398 4400/2656/4400
f 4403/2661/4403 4404/2658/4404 4398/2657/4398 4402/2660/4402
f 149/2650/149 1351/2652/1351 4399/2655/4399 1357/2662/1357
f 1351/2652/1351 1350/2649/1350 4400/2656/4400 4399/2655/4399
f 1357/2662/1357 4399/2655/4399 4404/2658/4404 1356/2663/1356
f 145/2584/145 1346/2640/1346 4401/2659/4401 1349/2648/1349
f 1346/2640/1346 1347/2639/1347 4402/2660/4402 4401/2659/4401
f 1349/2648/1349 4401/2659/4401 4400/2656/4400 1350/2649/1350
f 148/2636/148 1355/2664/1355 4403/2661/4403 1348/2637/1348
f 1355/2664/1355 1356/2663/1356 4404/2658/4404 4403/2661/4403
f 1348/2637/1348 4403/2661/4403 4402/2660/4402 1347/2639/1347
f 4406/2665/4406 4407/2666/4407 4405/2667/4405 4411/2668/4411
f 4408/2669/4408 4409/2670/4409 4405/2667/4405 4407/2666/4407
f 4410/2671/4410 4411/2668/4411 4405/2667/4405 4409/2670/4409
f 134/2388/134 1352/2654/1352 4406/2665/4406 1249/2389/1249
f 1352/2654/1352 1353/2653/1353 4407/2666/4407 4406/2665/4406
f 1249/2389/1249 4406/2665/4406 4411/2668/4411 1248/2391/1248
f 149/2650/149 1360/2672/1360 4408/2669/4408 1354/2651/1354
f 1360/2672/1360 1359/2673/1359 4409/2670/4409 4408/2669/4408
f 1354/2651/1354 4408/2669/4408 4407/2666/4407 1353/2653/1353
f 127/2251/127 1247/2393/1247 4410/2671/4410 1358/2674/1358
f 1247/2393/1247 1248/2391/1248 4411/2668/4411 4410/2671/4410
f 1358/2674/1358 4410/2671/4410 4409/2670/4409 1359/2673/1359
f 4413/2675/4413 4414/2676/4414 4412/2677/4412 4418/2678/4418
f 4415/2679/4415 4416/2680/4416 4412/2677/4412 4414/2676/4414
f 4417/2681/4417 4418/2678/4418 4412/2677/4412 4416/2680/4416
f 148/2636/148 1363/2682/1363 4413/2675/4413 1355/2664/1355
f 1363/2682/1363 1362/2683/1362 4414/2676/4414 4413/2675/4413
f 1355/2664/1355 4413/2675/4413 4418/2678/4418 1356/2663/1356
f 127/2251/127 1358/2674/1358 4415/2679/4415 1361/2684/1361
f 1358/2674/1358 1359/2673/1359 4416/2680/4416 4415/2679/4415
f 1361/2684/1361 4415/2679/4415 4414/2676/4414 1362/2683/1362
f 149/2650/149 1357/2662/1357 4417/2681/4417 1360/2672/1360
f 1357/2662/1357 1356/2663/1356 4418/2678/4418 4417/2681/4417
f 1360/2672/1360 4417/2681/4417 4416/2680/4416 1359/2673/1359
f 4420/2685/4420 4421/2686/4421 4419/2687/4419 4425/2688/4425
f 4422/2689/4422 4423/2690/4423 4419/2687/4419 4421/2686/4421
f 4424/2691/4424 4425/2688/4425 4419/2687/4419 4423/2690/4423
f 148/2636/148 1364/2692/1364 4420/2685/4420 1363/2682/1363
f 1364/2692/1364 1365/2693/1365 4421/2686/4421 4420/2685/4420
f 1363/2682/1363 4420/2685/4420 4425/2688/4425 1362/2683/1362
f 150/2694/150 1369/2695/1369 4422/2689/4422 1366/2696/1366
f 1369/2695/1369 1368/2697/1368 4423/2690/4423 4422/2689/4422
f 1366/2696/1366 4422/2689/4422 4421/2686/4421 1365/2693/1365
f 127/2251/127 1361/2684/1361 4424/2691/4424 1367/2698/1367
f 1361/2684/1361 1362/2683/1362 4425/2688/4425 4424/2691/4424
f 1367/2698/1367 4424/2691/4424 4423/2690/4423 1368/2697/1368
f 4427/2699/4427 4428/2700/4428 4426/2701/4426 4432/2702/4432
f 4429/2703/4429 4430/2704/4430 4426/2701/4426 4428/2700/4428
f 4431/2705/4431 4432/2702/4432 4426/2701/4426 4430/2704/4430
f 151/2706/151 1375/2707/1375 4427/2699/4427 1372/2708/1372
f 1375/2707/1375 1374/2709/1374 4428/2700/4428 4427/2699/4427
f 1372/2708/1372 4427/2699/4427 4432/2702/4432 1371/2710/1371
f 150/2694/150 1366/2696/1366 4429/2703/4429 1373/2711/1373
f 1366/2696/1366 1365/2693/1365 4430/2704/4430 4429/2703/4429
f 1373/2711/1373 4429/2703/4429 4428/2700/4428 1374/2709/1374
f 148/2636/148 1370/2712/1370 4431/2705/4431 1364/2692/1364
f 1370/2712/1370 1371/2710/1371 4432/2702/4432 4431/2705/4431
f 1364/2692/1364 4431/2705/4431 4430/2704/4430 1365/2693/1365
f 4434/2713/4434 4435/2714/4435 4433/2715/4433 4439/2716/4439
f 4436/2717/4436 4437/2718/4437 4433/2715/4433 4435/2714/4435
f 4438/2719/4438 4439/2716/4439 4433/2715/4433 4437/2718/4437
f 151/2706/151 1376/2720/1376 4434/2713/4434 1375/2707/1375
f 1376/2720/1376 1377/2721/1377 4435/2714/4435 4434/2713/4434
f 1375/2707/1375 4434/2713/4434 4439/2716/4439 1374/2709/1374
f 152/2722/152 1381/2723/1381 4436/2717/4436 1378/2724/1378
f 1381/2723/1381 1380/2725/1380 4437/2718/4437 4436/2717/4436
f 1378/2724/1378 4436/2717/4436 4435/2714/4435 1377/2721/1377
f 150/2694/150 1373/2711/1373 4438/2719/4438 1379/2726/1379
f 1373/2711/1373 1374/2709/1374 4439/2716/4439 4438/2719/4438
f 1379/2726/1379 4438/2719/4438 4437/2718/4437 1380/2725/1380
f 4441/2727/4441 4442/2728/4442 4440/2729/4440 4446/2730/4446
f 4443/2731/4443 4444/2732/4444 4440/2729/4440 4442/2728/4442
f 4445/2733/4445 4446/2730/4446 4440/2729/4440 4444/2732/4444
f 152/2722/152 1378/2724/1378 4441/2727/4441 1382/2734/1382
f 1378/2724/1378 1377/2721/1377 4442/2728/4442 4441/2727/4441
f 1382/2734/1382 4441/2727/4441 4446/2730/4446 1383/2735/1383
f 151/2706/151 1385/2736/1385 4443/2731/4443 1376/2720/1376
f 1385/2736/1385 1386/2737/1386 4444/2732/4444 4443/2731/4443
f 1376/2720/1376 4443/2731/4443 4442/2728/4442 1377/2721/1377
f 153/2738/153 1384/2739/1384 4445/2733/4445 1387/2740/1387
f 1384/2739/1384 1383/2735/1383 4446/2730/4446 4445/2733/4445
f 1387/2740/1387 4445/2733/4445 4444/2732/4444 1386/2737/1386
f 4448/2741/4448 4449/2742/4449 4447/2743/4447 4453/2744/4453
f 4450/2745/4450 4451/2746/4451 4447/2743/4447 4449/2742/4449
f 4452/2747/4452 4453/2744/4453 4447/2743/4447 4451/2746/4451
f 150/2694/150 1379/2726/1379 4448/2741/4448 1388/2748/1388
f 1379/2726/1379 1380/2725/1380 4449/2742/4449 4448/2741/4448
f 1388/2748/1388 4448/2741/4448 4453/2744/4453 1389/2749/1389
f 152/2722/152 1391/2750/1391 4450/2745/4450 1381/2723/1381
f 1391/2750/1391 1392/2751/1392 4451/2746/4451 4450/2745/4450
f 1381/2723/1381 4450/2745/4450 4449/2742/4449 1380/2725/1380
f 154/2752/154 1390/2753/1390 4452/2747/4452 1393/2754/1393
f 1390/2753/1390 1389/2749/1389 4453/2744/4453 4452/2747/4452
f 1393/2754/1393 4452/2747/4452 4451/2746/4451 1392/2751/1392
f 4455/2755/4455 4456/2756/4456 4454/2757/4454 4460/2758/4460
f 4457/2759/4457 4458/2760/4458 4454/2757/4454 4456/2756/4456
f 4459/2761/4459 4460/2758/4460 4454/2757/4454 4458/2760/4458
f 155/2762/155 1399/2763/1399 4455/2755/4455 1396/2764/1396
f 1399/2763/1399 1398/2765/1398 4456/2756/4456 4455/2755/4455
f 1396/2764/1396 4455/2755/4455 4460/2758/4460 1395/2766/1395
f 127/2251/127 1367/2698/1367 4457/2759/4457 1397/2767/1397
f 1367/2698/1367 1368/2697/1368 4458/2760/4458 4457/2759/4457
f 1397/2767/1397 4457/2759/4457 4456/2756/4456 1398/2765/1398
f 150/2694/150 1394/2768/1394 4459/2761/4459 1369/2695/1369
f 1394/2768/1394 1395/2766/1395 4460/2758/4460 4459/2761/4459
f 1369/2695/1369 4459/2761/4459 4458/2760/4458 1368/2697/1368
f 4462/2769/4462 4463/2770/4463 4461/2771/4461 4467/2772/4467
f 4464/2773/4464 4465/2774/4465 4461/2771/4461 4463/2770/4463
f 4466/2775/4466 4467/2772/4467 4461/2771/4461 4465/2774/4465
f 154/2752/154 1400/2776/1400 4462/2769/4462 1390/2753/1390
f 1400/2776/1400 1401/2777/1401 4463/2770/4463 4462/2769/4462
f 1390/2753/1390 4462/2769/4462 4467/2772/4467 1389/2749/1389
f 155/2762/155 1396/2764/1396 4464/2773/4464 1402/2778/1402
f 1396/2764/1396 1395/2766/1395 4465/2774/4465 4464/2773/4464
f 1402/2778/1402 4464/2773/4464 4463/2770/4463 1401/2777/1401
f 150/2694/150 1388/2748/1388 4466/2775/4466 1394/2768/1394
f 1388/2748/1388 1389/2749/1389 4467/2772/4467 4466/2775/4466
f 1394/2768/1394 4466/2775/4466 4465/2774/4465 1395/2766/1395
f 4469/2779/4469 4470/2780/4470 4468/2781/4468 4474/2782/4474
f 4471/2783/4471 4472/2784/4472 4468/2781/4468 4470/2780/4470
f 4473/2785/4473 4474/2782/4474 4468/2781/4468 4472/2784/4472
f 155/2762/155 1405/2786/1405 4469/2779/4469 1399/2763/1399
f 1405/2786/1405 1404/2787/1404 4470/2780/4470 4469/2779/4469
f 1399/2763/1399 4469/2779/4469 4474/2782/4474 1398/2765/1398
f 125/2209/125 1187/2247/1187 4471/2783/4471 1403/2788/1403
f 1187/2247/1187 1188/2248/1188 4472/2784/4472 4471/2783/4471
f 1403/2788/1403 4471/2783/4471 4470/2780/4470 1404/2787/1404
f 127/2251/127 1397/2767/1397 4473/2785/4473 1189/2252/1189
f 1397/2767/1397 1398/2765/1398 4474/2782/4474 4473/2785/4473
f 1189/2252/1189 4473/2785/4473 4472/2784/4472 1188/2248/1188
f 4476/2789/4476 4477/2790/4477 4475/2791/4475 4481/2792/4481
f 4478/2793/4478 4479/2794/4479 4475/2791/4475 4477/2790/4477
f 4480/2795/4480 4481/2792/4481 4475/2791/4475 4479/2794/4479
f 155/2762/155 1402/2778/1402 4476/2789/4476 1406/2796/1406
f 1402/2778/1402 1401/2777/1401 4477/2790/4477 4476/2789/4476
f 1406/2796/1406 4476/2789/4476 4481/2792/4481 1407/2797/1407
f 154/2752/154 1409/2798/1409 4478/2793/4478 1400/2776/1400
f 1409/2798/1409 1410/2799/1410 4479/2794/4479 4478/2793/4478
f 1400/2776/1400 4478/2793/4478 4477/2790/4477 1401/2777/1401
f 156/2800/156 1408/2801/1408 4480/2795/4480 1411/2802/1411
f 1408/2801/1408 1407/2797/1407 4481/2792/4481 4480/2795/4480
f 1411/2802/1411 4480/2795/4480 4479/2794/4479 1410/2799/1410
f 4483/2803/4483 4484/2804/4484 4482/2805/4482 4488/2806/4488
f 4485/2807/4485 4486/2808/4486 4482/2805/4482 4484/2804/4484
f 4487/2809/4487 4488/2806/4488 4482/2805/4482 4486/2808/4486
f 156/2800/156 1414/2810/1414 4483/2803/4483 1408/2801/1408
f 1414/2810/1414 1413/2811/1413 4484/2804/4484 4483/2803/4483
f 1408/2801/1408 4483/2803/4483 4488/2806/4488 1407/2797/1407
f 125/2209/125 1403/2788/1403 4485/2807/4485 1412/2812/1412
f 1403/2788/1403 1404/2787/1404 4486/2808/4486 4485/2807/4485
f 1412/2812/1412 4485/2807/4485 4484/2804/4484 1413/2811/1413
f 155/2762/155 1406/2796/1406 4487/2809/4487 1405/2786/1405
f 1406/2796/1406 1407/2797/1407 4488/2806/4488 4487/2809/4487
f 1405/2786/1405 4487/2809/4487 4486/2808/4486 1404/2787/1404
f 4490/2813/4490 4491/2814/4491 4489/2815/4489 4495/2816/4495
f 4492/2817/4492 4493/2818/4493 4489/2815/4489 4491/2814/4491
f 4494/2819/4494 4495/2816/4495 4489/2815/4489 4493/2818/4493
f 157/2820/157 1420/2821/1420 4490/2813/4490 1417/2822/1417
f 1420/2821/1420 1419/2823/1419 4491/2814/4491 4490/2813/4490
f 1417/2822/1417 4490/2813/4490 4495/2816/4495 1416/2824/1416
f 156/2800/156 1411/2802/1411 4492/2817/4492 1418/2825/1418
f 1411/2802/1411 1410/2799/1410 4493/2818/4493 4492/2817/4492
f 1418/2825/1418 4492/2817/4492 4491/2814/4491 1419/2823/1419
f 154/2752/154 1415/2826/1415 4494/2819/4494 1409/2798/1409
f 1415/2826/1415 1416/2824/1416 4495/2816/4495 4494/2819/4494
f 1409/2798/1409 4494/2819/4494 4493/2818/4493 1410/2799/1410
f 4497/2827/4497 4498/2828/4498 4496/2829/4496 4502/2830/4502
f 4499/2831/4499 4500/2832/4500 4496/2829/4496 4498/2828/4498
f 4501/2833/4501 4502/2830/4502 4496/2829/4496 4500/2832/4500
f 157/2820/157 1421/2834/1421 4497/2827/4497 1420/2821/1420
f 1421/2834/1421 1422/2835/1422 4498/2828/4498 4497/2827/4497
f 1420/2821/1420 4497/2827/4497 4502/2830/4502 1419/2823/1419
f 158/2836/158 1426/2837/1426 4499/2831/4499 1423/2838/1423
f 1426/2837/1426 1425/2839/1425 4500/2832/4500 4499/2831/4499
f 1423/2838/1423 4499/2831/4499 4498/2828/4498 1422/2835/1422
f 156/2800/156 1418/2825/1418 4501/2833/4501 1424/2840/1424
f 1418/2825/1418 1419/2823/1419 4502/2830/4502 4501/2833/4501
f 1424/2840/1424 4501/2833/4501 4500/2832/4500 1425/2839/1425
f 4504/2841/4504 4505/2842/4505 4503/2843/4503 4509/2844/4509
f 4506/2845/4506 4507/2846/4507 4503/2843/4503 4505/2842/4505
f 4508/2847/4508 4509/2844/4509 4503/2843/4503 4507/2846/4507
f 158/2836/158 1423/2838/1423 4504/2841/4504 1427/2848/1427
f 1423/2838/1423 1422/2835/1422 4505/2842/4505 4504/2841/4504
f 1427/2848/1427 4504/2841/4504 4509/2844/4509 1428/2849/1428
f 157/2820/157 1430/2850/1430 4506/2845/4506 1421/2834/1421
f 1430/2850/1430 1431/2851/1431 4507/2846/4507 4506/2845/4506
f 1421/2834/1421 4506/2845/4506 4505/2842/4505 1422/2835/1422
f 159/2852/159 1429/2853/1429 4508/2847/4508 1432/2854/1432
f 1429/2853/1429 1428/2849/1428 4509/2844/4509 4508/2847/4508
f 1432/2854/1432 4508/2847/4508 4507/2846/4507 1431/2851/1431
f 4511/2855/4511 4512/2856/4512 4510/2857/4510 4516/2858/4516
f 4513/2859/4513 4514/2860/4514 4510/2857/4510 4512/2856/4512
f 4515/2861/4515 4516/2858/4516 4510/2857/4510 4514/2860/4514
f 159/2852/159 1433/2862/1433 4511/2855/4511 1429/2853/1429
f 1433/2862/1433 1434/2863/1434 4512/2856/4512 4511/2855/4511
f 1429/2853/1429 4511/2855/4511 4516/2858/4516 1428/2849/1428
f 160/2864/160 1438/2865/1438 4513/2859/4513 1435/2866/1435
f 1438/2865/1438 1437/2867/1437 4514/2860/4514 4513/2859/4513
f 1435/2866/1435 4513/2859/4513 4512/2856/4512 1434/2863/1434
f 158/2836/158 1427/2848/1427 4515/2861/4515 1436/2868/1436
f 1427/2848/1427 1428/2849/1428 4516/2858/4516 4515/2861/4515
f 1436/2868/1436 4515/2861/4515 4514/2860/4514 1437/2867/1437
f 4518/2869/4518 4519/2870/4519 4517/2871/4517 4523/2872/4523
f 4520/2873/4520 4521/2874/4521 4517/2871/4517 4519/2870/4519
f 4522/2875/4522 4523/2872/4523 4517/2871/4517 4521/2874/4521
f 156/2800/156 1439/2876/1439 4518/2869/4518 1414/2810/1414
f 1439/2876/1439 1440/2877/1440 4519/2870/4519 4518/2869/4518
f 1414/2810/1414 4518/2869/4518 4523/2872/4523 1413/2811/1413
f 161/2878/161 1444/2879/1444 4520/2873/4520 1441/2880/1441
f 1444/2879/1444 1443/2881/1443 4521/2874/4521 4520/2873/4520
f 1441/2880/1441 4520/2873/4520 4519/2870/4519 1440/2877/1440
f 125/2209/125 1412/2812/1412 4522/2875/4522 1442/2882/1442
f 1412/2812/1412 1413/2811/1413 4523/2872/4523 4522/2875/4522
f 1442/2882/1442 4522/2875/4522 4521/2874/4521 1443/2881/1443
f 4525/2883/4525 4526/2884/4526 4524/2885/4524 4530/2886/4530
f 4527/2887/4527 4528/2888/4528 4524/2885/4524 4526/2884/4526
f 4529/2889/4529 4530/2886/4530 4524/2885/4524 4528/2888/4528
f 162/2890/162 1450/2891/1450 4525/2883/4525 1447/2892/1447
f 1450/2891/1450 1449/2893/1449 4526/2884/4526 4525/2883/4525
f 1447/2892/1447 4525/2883/4525 4530/2886/4530 1446/2894/1446
f 156/2800/156 1424/2840/1424 4527/2887/4527 1448/2895/1448
f 1424/2840/1424 1425/2839/1425 4528/2888/4528 4527/2887/4527
f 1448/2895/1448 4527/2887/4527 4526/2884/4526 1449/2893/1449
f 158/2836/158 1445/2896/1445 4529/2889/4529 1426/2837/1426
f 1445/2896/1445 1446/2894/1446 4530/2886/4530 4529/2889/4529
f 1426/2837/1426 4529/2889/4529 4528/2888/4528 1425/2839/1425
f 4532/2897/4532 4533/2898/4533 4531/2899/4531 4537/2900/4537
f 4534/2901/4534 4535/2902/4535 4531/2899/4531 4533/2898/4533
f 4536/2903/4536 4537/2900/4537 4531/2899/4531 4535/2902/4535
f 161/2878/161 1441/2880/1441 4532/2897/4532 1451/2904/1451
f 1441/2880/1441 1440/2877/1440 4533/2898/4533 4532/2897/4532
f 1451/2904/1451 4532/2897/4532 4537/2900/4537 1452/2905/1452
f 156/2800/156 1448/2895/1448 4534/2901/4534 1439/2876/1439
f 1448/2895/1448 1449/2893/1449 4535/2902/4535 4534/2901/4534
f 1439/2876/1439 4534/2901/4534 4533/2898/4533 1440/2877/1440
f 162/2890/162 1453/2906/1453 4536/2903/4536 1450/2891/1450
f 1453/2906/1453 1452/2905/1452 4537/2900/4537 4536/2903/4536
f 1450/2891/1450 4536/2903/4536 4535/2902/4535 1449/2893/1449
f 4539/2907/4539 4540/2908/4540 4538/2909/4538 4544/2910/4544
f 4541/2911/4541 4542/2912/4542 4538/2909/4538 4540/2908/4540
f 4543/2913/4543 4544/2910/4544 4538/2909/4538 4542/2912/4542
f 125/2209/125 1442/2882/1442 4539/2907/4539 1454/2914/1454
f 1442/2882/1442 1443/2881/1443 4540/2908/4540 4539/2907/4539
f 1454/2914/1454 4539/2907/4539 4544/2910/4544 1455/2915/1455
f 161/2878/161 1457/2916/1457 4541/2911/4541 1444/2879/1444
f 1457/2916/1457 1458/2917/1458 4542/2912/4542 4541/2911/4541
f 1444/2879/1444 4541/2911/4541 4540/2908/4540 1443/2881/1443
f 163/2918/163 1456/2919/1456 4543/2913/4543 1459/2920/1459
f 1456/2919/1456 1455/2915/1455 4544/2910/4544 4543/2913/4543
f 1459/2920/1459 4543/2913/4543 4542/2912/4542 1458/2917/1458
f 4546/2921/4546 4547/2922/4547 4545/2923/4545 4551/2924/4551
f 4548/2925/4548 4549/2926/4549 4545/2923/4545 4547/2922/4547
f 4550/2927/4550 4551/2924/4551 4545/2923/4545 4549/2926/4549
f 162/2890/162 1460/2928/1460 4546/2921/4546 1453/2906/1453
f 1460/2928/1460 1461/2929/1461 4547/2922/4547 4546/2921/4546
f 1453/2906/1453 4546/2921/4546 4551/2924/4551 1452/2905/1452
f 163/2918/163 1459/2920/1459 4548/2925/4548 1462/2930/1462
f 1459/2920/1459 1458/2917/1458 4549/2926/4549 4548/2925/4548
f 1462/2930/1462 4548/2925/4548 4547/2922/4547 1461/2929/1461
f 161/2878/161 1451/2904/1451 4550/2927/4550 1457/2916/1457
f 1451/2904/1451 1452/2905/1452 4551/2924/4551 4550/2927/4550
f 1457/2916/1457 4550/2927/4550 4549/2926/4549 1458/2917/1458
f 4553/2931/4553 4554/2932/4554 4552/2933/4552 4558/2934/4558
f 4555/2935/4555 4556/2936/4556 4552/2933/4552 4554/2932/4554
f 4557/2937/4557 4558/2934/4558 4552/2933/4552 4556/2936/4556
f 125/2209/125 1454/2914/1454 4553/2931/4553 1177/2210/1177
f 1454/2914/1454 1455/2915/1455 4554/2932/4554 4553/2931/4553
f 1177/2210/1177 4553/2931/4553 4558/2934/4558 1176/2212/1176
f 163/2918/163 1465/2938/1465 4555/2935/4555 1456/2919/1456
f 1465/2938/1465 1464/2939/1464 4556/2936/4556 4555/2935/4555
f 1456/2919/1456 4555/2935/4555 4554/2932/4554 1455/2915/1455
f 120/2093/120 1175/2214/1175 4557/2937/4557 1463/2940/1463
f 1175/2214/1175 1176/2212/1176 4558/2934/4558 4557/2937/4557
f 1463/2940/1463 4557/2937/4557 4556/2936/4556 1464/2939/1464
f 4560/2941/4560 4561/2942/4561 4559/2943/4559 4565/2944/4565
f 4562/2945/4562 4563/2946/4563 4559/2943/4559 4561/2942/4561
f 4564/2947/4564 4565/2944/4565 4559/2943/4559 4563/2946/4563
f 158/2836/158 1436/2868/1436 4560/2941/4560 1466/2948/1466
f 1436/2868/1436 1437/2867/1437 4561/2942/4561 4560/2941/4560
f 1466/2948/1466 4560/2941/4560 4565/2944/4565 1467/2949/1467
f 160/2864/160 1469/2950/1469 4562/2945/4562 1438/2865/1438
f 1469/2950/1469 1470/2951/1470 4563/2946/4563 4562/2945/4562
f 1438/2865/1438 4562/2945/4562 4561/2942/4561 1437/2867/1437
f 164/2952/164 1468/2953/1468 4564/2947/4564 1471/2954/1471
f 1468/2953/1468 1467/2949/1467 4565/2944/4565 4564/2947/4564
f 1471/2954/1471 4564/2947/4564 4563/2946/4563 1470/2951/1470
f 4567/2955/4567 4568/2956/4568 4566/2957/4566 4572/2958/4572
f 4569/2959/4569 4570/2960/4570 4566/2957/4566 4568/2956/4568
f 4571/2961/4571 4572/2958/4572 4566/2957/4566 4570/2960/4570
f 164/2952/164 1474/2962/1474 4567/2955/4567 1468/2953/1468
f 1474/2962/1474 1473/2963/1473 4568/2956/4568 4567/2955/4567
f 1468/2953/1468 4567/2955/4567 4572/2958/4572 1467/2949/1467
f 162/2890/162 1447/2892/1447 4569/2959/4569 1472/2964/1472
f 1447/2892/1447 1446/2894/1446 4570/2960/4570 4569/2959/4569
f 1472/2964/1472 4569/2959/4569 4568/2956/4568 1473/2963/1473
f 158/2836/158 1466/2948/1466 4571/2961/4571 1445/2896/1445
f 1466/2948/1466 1467/2949/1467 4572/2958/4572 4571/2961/4571
f 1445/2896/1445 4571/2961/4571 4570/2960/4570 1446/2894/1446
f 4574/2965/4574 4575/2966/4575 4573/2967/4573 4579/2968/4579
f 4576/2969/4576 4577/2970/4577 4573/2967/4573 4575/2966/4575
f 4578/2971/4578 4579/2968/4579 4573/2967/4573 4577/2970/4577
f 160/2864/160 1475/2972/1475 4574/2965/4574 1469/2950/1469
f 1475/2972/1475 1476/2973/1476 4575/2966/4575 4574/2965/4574
f 1469/2950/1469 4574/2965/4574 4579/2968/4579 1470/2951/1470
f 165/2974/165 1480/2975/1480 4576/2969/4576 1477/2976/1477
f 1480/2975/1480 1479/2977/1479 4577/2970/4577 4576/2969/4576
f 1477/2976/1477 4576/2969/4576 4575/2966/4575 1476/2973/1476
f 164/2952/164 1471/2954/1471 4578/2971/4578 1478/2978/1478
f 1471/2954/1471 1470/2951/1470 4579/2968/4579 4578/2971/4578
f 1478/2978/1478 4578/2971/4578 4577/2970/4577 1479/2977/1479
f 4581/2979/4581 4582/2980/4582 4580/2981/4580 4586/2982/4586
f 4583/2983/4583 4584/2984/4584 4580/2981/4580 4582/2980/4582
f 4585/2985/4585 4586/2982/4586 4580/2981/4580 4584/2984/4584
f 160/2864/160 1481/2986/1481 4581/2979/4581 1475/2972/1475
f 1481/2986/1481 1482/2987/1482 4582/2980/4582 4581/2979/4581
f 1475/2972/1475 4581/2979/4581 4586/2982/4586 1476/2973/1476
f 166/2988/166 1486/2989/1486 4583/2983/4583 1483/2990/1483
f 1486/2989/1486 1485/2991/1485 4584/2984/4584 4583/2983/4583
f 1483/2990/1483 4583/2983/4583 4582/2980/4582 1482/2987/1482
f 165/2974/165 1477/2976/1477 4585/2985/4585 1484/2992/1484
f 1477/2976/1477 1476/2973/1476 4586/2982/4586 4585/2985/4585
f 1484/2992/1484 4585/2985/4585 4584/2984/4584 1485/2991/1485
f 4588/2993/4588 4589/2994/4589 4587/2995/4587 4593/2996/4593
f 4590/2997/4590 4591/2998/4591 4587/2995/4587 4589/2994/4589
f 4592/2999/4592 4593/2996/4593 4587/2995/4587 4591/2998/4591
f 167/3000/167 1492/3001/1492 4588/2993/4588 1489/3002/1489
f 1492/3001/1492 1491/3003/1491 4589/2994/4589 4588/2993/4588
f 1489/3002/1489 4588/2993/4588 4593/2996/4593 1488/3004/1488
f 165/2974/165 1484/2992/1484 4590/2997/4590 1490/3005/1490
f 1484/2992/1484 1485/2991/1485 4591/2998/4591 4590/2997/4590
f 1490/3005/1490 4590/2997/4590 4589/2994/4589 1491/3003/1491
f 166/2988/166 1487/3006/1487 4592/2999/4592 1486/2989/1486
f 1487/3006/1487 1488/3004/1488 4593/2996/4593 4592/2999/4592
f 1486/2989/1486 4592/2999/4592 4591/2998/4591 1485/2991/1485
f 4595/3007/4595 4596/3008/4596 4594/3009/4594 4600/3010/4600
f 4597/3011/4597 4598/3012/4598 4594/3009/4594 4596/3008/4596
f 4599/3013/4599 4600/3010/4600 4594/3009/4594 4598/3012/4598
f 167/3000/167 1493/3014/1493 4595/3007/4595 1492/3001/1492
f 1493/3014/1493 1494/3015/1494 4596/3008/4596 4595/3007/4595
f 1492/3001/1492 4595/3007/4595 4600/3010/4600 1491/3003/1491
f 168/3016/168 1498/3017/1498 4597/3011/4597 1495/3018/1495
f 1498/3017/1498 1497/3019/1497 4598/3012/4598 4597/3011/4597
f 1495/3018/1495 4597/3011/4597 4596/3008/4596 1494/3015/1494
f 165/2974/165 1490/3005/1490 4599/3013/4599 1496/3020/1496
f 1490/3005/1490 1491/3003/1491 4600/3010/4600 4599/3013/4599
f 1496/3020/1496 4599/3013/4599 4598/3012/4598 1497/3019/1497
f 4602/3021/4602 4603/3022/4603 4601/3023/4601 4607/3024/4607
f 4604/3025/4604 4605/3026/4605 4601/3023/4601 4603/3022/4603
f 4606/3027/4606 4607/3024/4607 4601/3023/4601 4605/3026/4605
f 168/3016/168 1499/3028/1499 4602/3021/4602 1498/3017/1498
f 1499/3028/1499 1500/3029/1500 4603/3022/4603 4602/3021/4602
f 1498/3017/1498 4602/3021/4602 4607/3024/4607 1497/3019/1497
f 169/3030/169 1504/3031/1504 4604/3025/4604 1501/3032/1501
f 1504/3031/1504 1503/3033/1503 4605/3026/4605 4604/3025/4604
f 1501/3032/1501 4604/3025/4604 4603/3022/4603 1500/3029/1500
f 165/2974/165 1496/3020/1496 4606/3027/4606 1502/3034/1502
f 1496/3020/1496 1497/3019/1497 4607/3024/4607 4606/3027/4606
f 1502/3034/1502 4606/3027/4606 4605/3026/4605 1503/3033/1503
f 4609/3035/4609 4610/3036/4610 4608/3037/4608 4614/3038/4614
f 4611/3039/4611 4612/3040/4612 4608/3037/4608 4610/3036/4610
f 4613/3041/4613 4614/3038/4614 4608/3037/4608 4612/3040/4612
f 170/3042/170 1510/3043/1510 4609/3035/4609 1507/3044/1507
f 1510/3043/1510 1509/3045/1509 4610/3036/4610 4609/3035/4609
f 1507/3044/1507 4609/3035/4609 4614/3038/4614 1506/3046/1506
f 165/2974/165 1502/3034/1502 4611/3039/4611 1508/3047/1508
f 1502/3034/1502 1503/3033/1503 4612/3040/4612 4611/3039/4611
f 1508/3047/1508 4611/3039/4611 4610/3036/4610 1509/3045/1509
f 169/3030/169 1505/3048/1505 4613/3041/4613 1504/3031/1504
f 1505/3048/1505 1506/3046/1506 4614/3038/4614 4613/3041/4613
f 1504/3031/1504 4613/3041/4613 4612/3040/4612 1503/3033/1503
f 4616/3049/4616 4617/3050/4617 4615/3051/4615 4621/3052/4621
f 4618/3053/4618 4619/3054/4619 4615/3051/4615 4617/3050/4617
f 4620/3055/4620 4621/3052/4621 4615/3051/4615 4619/3054/4619
f 164/2952/164 1478/2978/1478 4616/3049/4616 1511/3056/1511
f 1478/2978/1478 1479/2977/1479 4617/3050/4617 4616/3049/4616
f 1511/3056/1511 4616/3049/4616 4621/3052/4621 1512/3057/1512
f 165/2974/165 1508/3047/1508 4618/3053/4618 1480/2975/1480
f 1508/3047/1508 1509/3045/1509 4619/3054/4619 4618/3053/4618
f 1480/2975/1480 4618/3053/4618 4617/3050/4617 1479/2977/1479
f 170/3042/170 1513/3058/1513 4620/3055/4620 1510/3043/1510
f 1513/3058/1513 1512/3057/1512 4621/3052/4621 4620/3055/4620
f 1510/3043/1510 4620/3055/4620 4619/3054/4619 1509/3045/1509
f 4623/3059/4623 4624/3060/4624 4622/3061/4622 4628/3062/4628
f 4625/3063/4625 4626/3064/4626 4622/3061/4622 4624/3060/4624
f 4627/3065/4627 4628/3062/4628 4622/3061/4622 4626/3064/4626
f 171/3066/171 1519/3067/1519 4623/3059/4623 1516/3068/1516
f 1519/3067/1519 1518/3069/1518 4624/3060/4624 4623/3059/4623
f 1516/3068/1516 4623/3059/4623 4628/3062/4628 1515/3070/1515
f 170/3042/170 1507/3044/1507 4625/3063/4625 1517/3071/1517
f 1507/3044/1507 1506/3046/1506 4626/3064/4626 4625/3063/4625
f 1517/3071/1517 4625/3063/4625 4624/3060/4624 1518/3069/1518
f 169/3030/169 1514/3072/1514 4627/3065/4627 1505/3048/1505
f 1514/3072/1514 1515/3070/1515 4628/3062/4628 4627/3065/4627
f 1505/3048/1505 4627/3065/4627 4626/3064/4626 1506/3046/1506
f 4630/3073/4630 4631/3074/4631 4629/3075/4629 4635/3076/4635
f 4632/3077/4632 4633/3078/4633 4629/3075/4629 4631/3074/4631
f 4634/3079/4634 4635/3076/4635 4629/3075/4629 4633/3078/4633
f 171/3066/171 1520/3080/1520 4630/3073/4630 1519/3067/1519
f 1520/3080/1520 1521/3081/1521 4631/3074/4631 4630/3073/4630
f 1519/3067/1519 4630/3073/4630 4635/3076/4635 1518/3069/1518
f 172/3082/172 1525/3083/1525 4632/3077/4632 1522/3084/1522
f 1525/3083/1525 1524/3085/1524 4633/3078/4633 4632/3077/4632
f 1522/3084/1522 4632/3077/4632 4631/3074/4631 1521/3081/1521
f 170/3042/170 1517/3071/1517 4634/3079/4634 1523/3086/1523
f 1517/3071/1517 1518/3069/1518 4635/3076/4635 4634/3079/4634
f 1523/3086/1523 4634/3079/4634 4633/3078/4633 1524/3085/1524
f 4637/3087/4637 4638/3088/4638 4636/3089/4636 4642/3090/4642
f 4639/3091/4639 4640/3092/4640 4636/3089/4636 4638/3088/4638
f 4641/3093/4641 4642/3090/4642 4636/3089/4636 4640/3092/4640
f 164/2952/164 1511/3056/1511 4637/3087/4637 1526/3094/1526
f 1511/3056/1511 1512/3057/1512 4638/3088/4638 4637/3087/4637
f 1526/3094/1526 4637/3087/4637 4642/3090/4642 1527/3095/1527
f 170/3042/170 1529/3096/1529 4639/3091/4639 1513/3058/1513
f 1529/3096/1529 1530/3097/1530 4640/3092/4640 4639/3091/4639
f 1513/3058/1513 4639/3091/4639 4638/3088/4638 1512/3057/1512
f 173/3098/173 1528/3099/1528 4641/3093/4641 1531/3100/1531
f 1528/3099/1528 1527/3095/1527 4642/3090/4642 4641/3093/4641
f 1531/3100/1531 4641/3093/4641 4640/3092/4640 1530/3097/1530
f 4644/3101/4644 4645/3102/4645 4643/3103/4643 4649/3104/4649
f 4646/3105/4646 4647/3106/4647 4643/3103/4643 4645/3102/4645
f 4648/3107/4648 4649/3104/4649 4643/3103/4643 4647/3106/4647
f 162/2890/162 1472/2964/1472 4644/3101/4644 1532/3108/1532
f 1472/2964/1472 1473/2963/1473 4645/3102/4645 4644/3101/4644
f 1532/3108/1532 4644/3101/4644 4649/3104/4649 1533/3109/1533
f 164/2952/164 1526/3094/1526 4646/3105/4646 1474/2962/1474
f 1526/3094/1526 1527/3095/1527 4647/3106/4647 4646/3105/4646
f 1474/2962/1474 4646/3105/4646 4645/3102/4645 1473/2963/1473
f 173/3098/173 1534/3110/1534 4648/3107/4648 1528/3099/1528
f 1534/3110/1534 1533/3109/1533 4649/3104/4649 4648/3107/4648
f 1528/3099/1528 4648/3107/4648 4647/3106/4647 1527/3095/1527
f 4651/3111/4651 4652/3112/4652 4650/3113/4650 4656/3114/4656
f 4653/3115/4653 4654/3116/4654 4650/3113/4650 4652/3112/4652
f 4655/3117/4655 4656/3114/4656 4650/3113/4650 4654/3116/4654
f 173/3098/173 1531/3100/1531 4651/3111/4651 1537/3118/1537
f 1531/3100/1531 1530/3097/1530 4652/3112/4652 4651/3111/4651
f 1537/3118/1537 4651/3111/4651 4656/3114/4656 1536/3119/1536
f 170/3042/170 1523/3086/1523 4653/3115/4653 1529/3096/1529
f 1523/3086/1523 1524/3085/1524 4654/3116/4654 4653/3115/4653
f 1529/3096/1529 4653/3115/4653 4652/3112/4652 1530/3097/1530
f 172/3082/172 1535/3120/1535 4655/3117/4655 1525/3083/1525
f 1535/3120/1535 1536/3119/1536 4656/3114/4656 4655/3117/4655
f 1525/3083/1525 4655/3117/4655 4654/3116/4654 1524/3085/1524
f 4658/3121/4658 4659/3122/4659 4657/3123/4657 4663/3124/4663
f 4660/3125/4660 4661/3126/4661 4657/3123/4657 4659/3122/4659
f 4662/3127/4662 4663/3124/4663 4657/3123/4657 4661/3126/4661
f 162/2890/162 1538/3128/1538 4658/3121/4658 1460/2928/1460
f 1538/3128/1538 1539/3129/1539 4659/3122/4659 4658/3121/4658
f 1460/2928/1460 4658/3121/4658 4663/3124/4663 1461/2929/1461
f 174/3130/174 1543/3131/1543 4660/3125/4660 1540/3132/1540
f 1543/3131/1543 1542/3133/1542 4661/3126/4661 4660/3125/4660
f 1540/3132/1540 4660/3125/4660 4659/3122/4659 1539/3129/1539
f 163/2918/163 1462/2930/1462 4662/3127/4662 1541/3134/1541
f 1462/2930/1462 1461/2929/1461 4663/3124/4663 4662/3127/4662
f 1541/3134/1541 4662/3127/4662 4661/3126/4661 1542/3133/1542
f 4665/3135/4665 4666/3136/4666 4664/3137/4664 4670/3138/4670
f 4667/3139/4667 4668/3140/4668 4664/3137/4664 4666/3136/4666
f 4669/3141/4669 4670/3138/4670 4664/3137/4664 4668/3140/4668
f 162/2890/162 1532/3108/1532 4665/3135/4665 1538/3128/1538
f 1532/3108/1532 1533/3109/1533 4666/3136/4666 4665/3135/4665
f 1538/3128/1538 4665/3135/4665 4670/3138/4670 1539/3129/1539
f 173/3098/173 1544/3142/1544 4667/3139/4667 1534/3110/1534
f 1544/3142/1544 1545/3143/1545 4668/3140/4668 4667/3139/4667
f 1534/3110/1534 4667/3139/4667 4666/3136/4666 1533/3109/1533
f 174/3130/174 1540/3132/1540 4669/3141/4669 1546/3144/1546
f 1540/3132/1540 1539/3129/1539 4670/3138/4670 4669/3141/4669
f 1546/3144/1546 4669/3141/4669 4668/3140/4668 1545/3143/1545
f 4672/3145/4672 4673/3146/4673 4671/3147/4671 4677/3148/4677
f 4674/3149/4674 4675/3150/4675 4671/3147/4671 4673/3146/4673
f 4676/3151/4676 4677/3148/4677 4671/3147/4671 4675/3150/4675
f 175/3152/175 1552/3153/1552 4672/3145/4672 1549/3154/1549
f 1552/3153/1552 1551/3155/1551 4673/3146/4673 4672/3145/4672
f 1549/3154/1549 4672/3145/4672 4677/3148/4677 1548/3156/1548
f 163/2918/163 1541/3134/1541 4674/3149/4674 1550/3157/1550
f 1541/3134/1541 1542/3133/1542 4675/3150/4675 4674/3149/4674
f 1550/3157/1550 4674/3149/4674 4673/3146/4673 1551/3155/1551
f 174/3130/174 1547/3158/1547 4676/3151/4676 1543/3131/1543
f 1547/3158/1547 1548/3156/1548 4677/3148/4677 4676/3151/4676
f 1543/3131/1543 4676/3151/4676 4675/3150/4675 1542/3133/1542
f 4679/3159/4679 4680/3160/4680 4678/3161/4678 4684/3162/4684
f 4681/3163/4681 4682/3164/4682 4678/3161/4678 4680/3160/4680
f 4683/3165/4683 4684/3162/4684 4678/3161/4678 4682/3164/4682
f 174/3130/174 1546/3144/1546 4679/3159/4679 1547/3158/1547
f 1546/3144/1546 1545/3143/1545 4680/3160/4680 4679/3159/4679
f 1547/3158/1547 4679/3159/4679 4684/3162/4684 1548/3156/1548
f 173/3098/173 1553/3166/1553 4681/3163/4681 1544/3142/1544
f 1553/3166/1553 1554/3167/1554 4682/3164/4682 4681/3163/4681
f 1544/3142/1544 4681/3163/4681 4680/3160/4680 1545/3143/1545
f 175/3152/175 1549/3154/1549 4683/3165/4683 1555/3168/1555
f 1549/3154/1549 1548/3156/1548 4684/3162/4684 4683/3165/4683
f 1555/3168/1555 4683/3165/4683 4682/3164/4682 1554/3167/1554
f 4686/3169/4686 4687/3170/4687 4685/3171/4685 4691/3172/4691
f 4688/3173/4688 4689/3174/4689 4685/3171/4685 4687/3170/4687
f 4690/3175/4690 4691/3172/4691 4685/3171/4685 4689/3174/4689
f 175/3152/175 1558/3176/1558 4686/3169/4686 1552/3153/1552
f 1558/3176/1558 1557/3177/1557 4687/3170/4687 4686/3169/4686
f 1552/3153/1552 4686/3169/4686 4691/3172/4691 1551/3155/1551
f 120/2093/120 1463/2940/1463 4688/3173/4688 1556/3178/1556
f 1463/2940/1463 1464/2939/1464 4689/3174/4689 4688/3173/4688
f 1556/3178/1556 4688/3173/4688 4687/3170/4687 1557/3177/1557
f 163/2918/163 1550/3157/1550 4690/3175/4690 1465/2938/1465
f 1550/3157/1550 1551/3155/1551 4691/3172/4691 4690/3175/4690
f 1465/2938/1465 4690/3175/4690 4689/3174/4689 1464/2939/1464
f 4693/3179/4693 4694/3180/4694 4692/3181/4692 4698/3182/4698
f 4695/3183/4695 4696/3184/4696 4692/3181/4692 4694/3180/4694
f 4697/3185/4697 4698/3182/4698 4692/3181/4692 4696/3184/4696
f 173/3098/173 1559/3186/1559 4693/3179/4693 1553/3166/1553
f 1559/3186/1559 1560/3187/1560 4694/3180/4694 4693/3179/4693
f 1553/3166/1553 4693/3179/4693 4698/3182/4698 1554/3167/1554
f 176/3188/176 1564/3189/1564 4695/3183/4695 1561/3190/1561
f 1564/3189/1564 1563/3191/1563 4696/3184/4696 4695/3183/4695
f 1561/3190/1561 4695/3183/4695 4694/3180/4694 1560/3187/1560
f 175/3152/175 1555/3168/1555 4697/3185/4697 1562/3192/1562
f 1555/3168/1555 1554/3167/1554 4698/3182/4698 4697/3185/4697
f 1562/3192/1562 4697/3185/4697 4696/3184/4696 1563/3191/1563
f 4700/3193/4700 4701/3194/4701 4699/3195/4699 4705/3196/4705
f 4702/3197/4702 4703/3198/4703 4699/3195/4699 4701/3194/4701
f 4704/3199/4704 4705/3196/4705 4699/3195/4699 4703/3198/4703
f 173/3098/173 1537/3118/1537 4700/3193/4700 1559/3186/1559
f 1537/3118/1537 1536/3119/1536 4701/3194/4701 4700/3193/4700
f 1559/3186/1559 4700/3193/4700 4705/3196/4705 1560/3187/1560
f 172/3082/172 1565/3200/1565 4702/3197/4702 1535/3120/1535
f 1565/3200/1565 1566/3201/1566 4703/3198/4703 4702/3197/4702
f 1535/3120/1535 4702/3197/4702 4701/3194/4701 1536/3119/1536
f 176/3188/176 1561/3190/1561 4704/3199/4704 1567/3202/1567
f 1561/3190/1561 1560/3187/1560 4705/3196/4705 4704/3199/4704
f 1567/3202/1567 4704/3199/4704 4703/3198/4703 1566/3201/1566
f 4707/3203/4707 4708/3204/4708 4706/3205/4706 4712/3206/4712
f 4709/3207/4709 4710/3208/4710 4706/3205/4706 4708/3204/4708
f 4711/3209/4711 4712/3206/4712 4706/3205/4706 4710/3208/4710
f 175/3152/175 1568/3210/1568 4707/3203/4707 1558/3176/1558
f 1568/3210/1568 1569/3211/1569 4708/3204/4708 4707/3203/4707
f 1558/3176/1558 4707/3203/4707 4712/3206/4712 1557/3177/1557
f 177/3212/177 1573/3213/1573 4709/3207/4709 1570/3214/1570
f 1573/3213/1573 1572/3215/1572 4710/3208/4710 4709/3207/4709
f 1570/3214/1570 4709/3207/4709 4708/3204/4708 1569/3211/1569
f 120/2093/120 1556/3178/1556 4711/3209/4711 1571/3216/1571
f 1556/3178/1556 1557/3177/1557 4712/3206/4712 4711/3209/4711
f 1571/3216/1571 4711/3209/4711 4710/3208/4710 1572/3215/1572
f 4714/3217/4714 4715/3218/4715 4713/3219/4713 4719/3220/4719
f 4716/3221/4716 4717/3222/4717 4713/3219/4713 4715/3218/4715
f 4718/3223/4718 4719/3220/4719 4713/3219/4713 4717/3222/4717
f 175/3152/175 1562/3192/1562 4714/3217/4714 1568/3210/1568
f 1562/3192/1562 1563/3191/1563 4715/3218/4715 4714/3217/4714
f 1568/3210/1568 4714/3217/4714 4719/3220/4719 1569/3211/1569
f 176/3188/176 1574/3224/1574 4716/3221/4716 1564/3189/1564
f 1574/3224/1574 1575/3225/1575 4717/3222/4717 4716/3221/4716
f 1564/3189/1564 4716/3221/4716 4715/3218/4715 1563/3191/1563
f 177/3212/177 1570/3214/1570 4718/3223/4718 1576/3226/1576
f 1570/3214/1570 1569/3211/1569 4719/3220/4719 4718/3223/4718
f 1576/3226/1576 4718/3223/4718 4717/3222/4717 1575/3225/1575
f 4721/3227/4721 4722/3228/4722 4720/3229/4720 4726/3230/4726
f 4723/3231/4723 4724/3232/4724 4720/3229/4720 4722/3228/4722
f 4725/3233/4725 4726/3230/4726 4720/3229/4720 4724/3232/4724
f 110/1933/110 1127/2089/1127 4721/3227/4721 1577/3234/1577
f 1127/2089/1127 1128/2090/1128 4722/3228/4722 4721/3227/4721
f 1577/3234/1577 4721/3227/4721 4726/3230/4726 1578/3235/1578
f 120/2093/120 1571/3216/1571 4723/3231/4723 1129/2094/1129
f 1571/3216/1571 1572/3215/1572 4724/3232/4724 4723/3231/4723
f 1129/2094/1129 4723/3231/4723 4722/3228/4722 1128/2090/1128
f 177/3212/177 1579/3236/1579 4725/3233/4725 1573/3213/1573
f 1579/3236/1579 1578/3235/1578 4726/3230/4726 4725/3233/4725
f 1573/3213/1573 4725/3233/4725 4724/3232/4724 1572/3215/1572
f 4728/3237/4728 4729/3238/4729 4727/3239/4727 4733/3240/4733
f 4730/3241/4730 4731/3242/4731 4727/3239/4727 4729/3238/4729
f 4732/3243/4732 4733/3240/4733 4727/3239/4727 4731/3242/4731
f 177/3212/177 1580/3244/1580 4728/3237/4728 1579/3236/1579
f 1580/3244/1580 1581/3245/1581 4729/3238/4729 4728/3237/4728
f 1579/3236/1579 4728/3237/4728 4733/3240/4733 1578/3235/1578
f 178/3246/178 1585/3247/1585 4730/3241/4730 1582/3248/1582
f 1585/3247/1585 1584/3249/1584 4731/3242/4731 4730/3241/4730
f 1582/3248/1582 4730/3241/4730 4729/3238/4729 1581/3245/1581
f 110/1933/110 1577/3234/1577 4732/3243/4732 1583/3250/1583
f 1577/3234/1577 1578/3235/1578 4733/3240/4733 4732/3243/4732
f 1583/3250/1583 4732/3243/4732 4731/3242/4731 1584/3249/1584
f 4735/3251/4735 4736/3252/4736 4734/3253/4734 4740/3254/4740
f 4737/3255/4737 4738/3256/4738 4734/3253/4734 4736/3252/4736
f 4739/3257/4739 4740/3254/4740 4734/3253/4734 4738/3256/4738
f 177/3212/177 1576/3226/1576 4735/3251/4735 1580/3244/1580
f 1576/3226/1576 1575/3225/1575 4736/3252/4736 4735/3251/4735
f 1580/3244/1580 4735/3251/4735 4740/3254/4740 1581/3245/1581
f 176/3188/176 1586/3258/1586 4737/3255/4737 1574/3224/1574
f 1586/3258/1586 1587/3259/1587 4738/3256/4738 4737/3255/4737
f 1574/3224/1574 4737/3255/4737 4736/3252/4736 1575/3225/1575
f 178/3246/178 1582/3248/1582 4739/3257/4739 1588/3260/1588
f 1582/3248/1582 1581/3245/1581 4740/3254/4740 4739/3257/4739
f 1588/3260/1588 4739/3257/4739 4738/3256/4738 1587/3259/1587
f 4742/3261/4742 4743/3262/4743 4741/3263/4741 4747/3264/4747
f 4744/3265/4744 4745/3266/4745 4741/3263/4741 4743/3262/4743
f 4746/3267/4746 4747/3264/4747 4741/3263/4741 4745/3266/4745
f 114/1985/114 1087/1987/1087 4742/3261/4742 1589/3268/1589
f 1087/1987/1087 1086/1989/1086 4743/3262/4743 4742/3261/4742
f 1589/3268/1589 4742/3261/4742 4747/3264/4747 1590/3269/1590
f 110/1933/110 1583/3250/1583 4744/3265/4744 1085/1991/1085
f 1583/3250/1583 1584/3249/1584 4745/3266/4745 4744/3265/4744
f 1085/1991/1085 4744/3265/4744 4743/3262/4743 1086/1989/1086
f 178/3246/178 1591/3270/1591 4746/3267/4746 1585/3247/1585
f 1591/3270/1591 1590/3269/1590 4747/3264/4747 4746/3267/4746
f 1585/3247/1585 4746/3267/4746 4745/3266/4745 1584/3249/1584
f 4749/3271/4749 4750/3272/4750 4748/3273/4748 4754/3274/4754
f 4751/3275/4751 4752/3276/4752 4748/3273/4748 4750/3272/4750
f 4753/3277/4753 4754/3274/4754 4748/3273/4748 4752/3276/4752
f 178/3246/178 1592/3278/1592 4749/3271/4749 1591/3270/1591
f 1592/3278/1592 1593/3279/1593 4750/3272/4750 4749/3271/4749
f 1591/3270/1591 4749/3271/4749 4754/3274/4754 1590/3269/1590
f 179/3280/179 1597/3281/1597 4751/3275/4751 1594/3282/1594
f 1597/3281/1597 1596/3283/1596 4752/3276/4752 4751/3275/4751
f 1594/3282/1594 4751/3275/4751 4750/3272/4750 1593/3279/1593
f 114/1985/114 1589/3268/1589 4753/3277/4753 1595/3284/1595
f 1589/3268/1589 1590/3269/1590 4754/3274/4754 4753/3277/4753
f 1595/3284/1595 4753/3277/4753 4752/3276/4752 1596/3283/1596
f 4756/3285/4756 4757/3286/4757 4755/3287/4755 4761/3288/4761
f 4758/3289/4758 4759/3290/4759 4755/3287/4755 4757/3286/4757
f 4760/3291/4760 4761/3288/4761 4755/3287/4755 4759/3290/4759
f 180/3292/180 1603/3293/1603 4756/3285/4756 1600/3294/1600
f 1603/3293/1603 1602/3295/1602 4757/3286/4757 4756/3285/4756
f 1600/3294/1600 4756/3285/4756 4761/3288/4761 1599/3296/1599
f 178/3246/178 1588/3260/1588 4758/3289/4758 1601/3297/1601
f 1588/3260/1588 1587/3259/1587 4759/3290/4759 4758/3289/4758
f 1601/3297/1601 4758/3289/4758 4757/3286/4757 1602/3295/1602
f 176/3188/176 1598/3298/1598 4760/3291/4760 1586/3258/1586
f 1598/3298/1598 1599/3296/1599 4761/3288/4761 4760/3291/4760
f 1586/3258/1586 4760/3291/4760 4759/3290/4759 1587/3259/1587
f 4763/3299/4763 4764/3300/4764 4762/3301/4762 4768/3302/4768
f 4765/3303/4765 4766/3304/4766 4762/3301/4762 4764/3300/4764
f 4767/3305/4767 4768/3302/4768 4762/3301/4762 4766/3304/4766
f 180/3292/180 1600/3294/1600 4763/3299/4763 1606/3306/1606
f 1600/3294/1600 1599/3296/1599 4764/3300/4764 4763/3299/4763
f 1606/3306/1606 4763/3299/4763 4768/3302/4768 1605/3307/1605
f 176/3188/176 1567/3202/1567 4765/3303/4765 1598/3298/1598
f 1567/3202/1567 1566/3201/1566 4766/3304/4766 4765/3303/4765
f 1598/3298/1598 4765/3303/4765 4764/3300/4764 1599/3296/1599
f 172/3082/172 1604/3308/1604 4767/3305/4767 1565/3200/1565
f 1604/3308/1604 1605/3307/1605 4768/3302/4768 4767/3305/4767
f 1565/3200/1565 4767/3305/4767 4766/3304/4766 1566/3201/1566
f 4770/3309/4770 4771/3310/4771 4769/3311/4769 4775/3312/4775
f 4772/3313/4772 4773/3314/4773 4769/3311/4769 4771/3310/4771
f 4774/3315/4774 4775/3312/4775 4769/3311/4769 4773/3314/4773
f 178/3246/178 1601/3297/1601 4770/3309/4770 1592/3278/1592
f 1601/3297/1601 1602/3295/1602 4771/3310/4771 4770/3309/4770
f 1592/3278/1592 4770/3309/4770 4775/3312/4775 1593/3279/1593
f 180/3292/180 1609/3316/1609 4772/3313/4772 1603/3293/1603
f 1609/3316/1609 1608/3317/1608 4773/3314/4773 4772/3313/4772
f 1603/3293/1603 4772/3313/4772 4771/3310/4771 1602/3295/1602
f 179/3280/179 1594/3282/1594 4774/3315/4774 1607/3318/1607
f 1594/3282/1594 1593/3279/1593 4775/3312/4775 4774/3315/4774
f 1607/3318/1607 4774/3315/4774 4773/3314/4773 1608/3317/1608
f 4777/3319/4777 4778/3320/4778 4776/3321/4776 4782/3322/4782
f 4779/3323/4779 4780/3324/4780 4776/3321/4776 4778/3320/4778
f 4781/3325/4781 4782/3322/4782 4776/3321/4776 4780/3324/4780
f 181/3326/181 1615/3327/1615 4777/3319/4777 1612/3328/1612
f 1615/3327/1615 1614/3329/1614 4778/3320/4778 4777/3319/4777
f 1612/3328/1612 4777/3319/4777 4782/3322/4782 1611/3330/1611
f 114/1985/114 1595/3284/1595 4779/3323/4779 1613/3331/1613
f 1595/3284/1595 1596/3283/1596 4780/3324/4780 4779/3323/4779
f 1613/3331/1613 4779/3323/4779 4778/3320/4778 1614/3329/1614
f 179/3280/179 1610/3332/1610 4781/3325/4781 1597/3281/1597
f 1610/3332/1610 1611/3330/1611 4782/3322/4782 4781/3325/4781
f 1597/3281/1597 4781/3325/4781 4780/3324/4780 1596/3283/1596
f 4784/3333/4784 4785/3334/4785 4783/3335/4783 4789/3336/4789
f 4786/3337/4786 4787/3338/4787 4783/3335/4783 4785/3334/4785
f 4788/3339/4788 4789/3336/4789 4783/3335/4783 4787/3338/4787
f 179/3280/179 1616/3340/1616 4784/3333/4784 1610/3332/1610
f 1616/3340/1616 1617/3341/1617 4785/3334/4785 4784/3333/4784
f 1610/3332/1610 4784/3333/4784 4789/3336/4789 1611/3330/1611
f 182/3342/182 1621/3343/1621 4786/3337/4786 1618/3344/1618
f 1621/3343/1621 1620/3345/1620 4787/3338/4787 4786/3337/4786
f 1618/3344/1618 4786/3337/4786 4785/3334/4785 1617/3341/1617
f 181/3326/181 1612/3328/1612 4788/3339/4788 1619/3346/1619
f 1612/3328/1612 1611/3330/1611 4789/3336/4789 4788/3339/4788
f 1619/3346/1619 4788/3339/4788 4787/3338/4787 1620/3345/1620
f 4791/3347/4791 4792/3348/4792 4790/3349/4790 4796/3350/4796
f 4793/3351/4793 4794/3352/4794 4790/3349/4790 4792/3348/4792
f 4795/3353/4795 4796/3350/4796 4790/3349/4790 4794/3352/4794
f 114/1985/114 1613/3331/1613 4791/3347/4791 1622/3354/1622
f 1613/3331/1613 1614/3329/1614 4792/3348/4792 4791/3347/4791
f 1622/3354/1622 4791/3347/4791 4796/3350/4796 1623/3355/1623
f 181/3326/181 1625/3356/1625 4793/3351/4793 1615/3327/1615
f 1625/3356/1625 1626/3357/1626 4794/3352/4794 4793/3351/4793
f 1615/3327/1615 4793/3351/4793 4792/3348/4792 1614/3329/1614
f 183/3358/183 1624/3359/1624 4795/3353/4795 1627/3360/1627
f 1624/3359/1624 1623/3355/1623 4796/3350/4796 4795/3353/4795
f 1627/3360/1627 4795/3353/4795 4794/3352/4794 1626/3357/1626
f 4798/3361/4798 4799/3362/4799 4797/3363/4797 4803/3364/4803
f 4800/3365/4800 4801/3366/4801 4797/3363/4797 4799/3362/4799
f 4802/3367/4802 4803/3364/4803 4797/3363/4797 4801/3366/4801
f 182/3342/182 1628/3368/1628 4798/3361/4798 1621/3343/1621
f 1628/3368/1628 1629/3369/1629 4799/3362/4799 4798/3361/4798
f 1621/3343/1621 4798/3361/4798 4803/3364/4803 1620/3345/1620
f 183/3358/183 1627/3360/1627 4800/3365/4800 1630/3370/1630
f 1627/3360/1627 1626/3357/1626 4801/3366/4801 4800/3365/4800
f 1630/3370/1630 4800/3365/4800 4799/3362/4799 1629/3369/1629
f 181/3326/181 1619/3346/1619 4802/3367/4802 1625/3356/1625
f 1619/3346/1619 1620/3345/1620 4803/3364/4803 4802/3367/4802
f 1625/3356/1625 4802/3367/4802 4801/3366/4801 1626/3357/1626
f 4805/3371/4805 4806/3372/4806 4804/3373/4804 4810/3374/4810
f 4807/3375/4807 4808/3376/4808 4804/3373/4804 4806/3372/4806
f 4809/3377/4809 4810/3374/4810 4804/3373/4804 4808/3376/4808
f 114/1985/114 1622/3354/1622 4805/3371/4805 1631/3378/1631
f 1622/3354/1622 1623/3355/1623 4806/3372/4806 4805/3371/4805
f 1631/3378/1631 4805/3371/4805 4810/3374/4810 1632/3379/1632
f 183/3358/183 1634/3380/1634 4807/3375/4807 1624/3359/1624
f 1634/3380/1634 1635/3381/1635 4808/3376/4808 4807/3375/4807
f 1624/3359/1624 4807/3375/4807 4806/3372/4806 1623/3355/1623
f 184/3382/184 1633/3383/1633 4809/3377/4809 1636/3384/1636
f 1633/3383/1633 1632/3379/1632 4810/3374/4810 4809/3377/4809
f 1636/3384/1636 4809/3377/4809 4808/3376/4808 1635/3381/1635
f 4812/3385/4812 4813/3386/4813 4811/3387/4811 4817/3388/4817
f 4814/3389/4814 4815/3390/4815 4811/3387/4811 4813/3386/4813
f 4816/3391/4816 4817/3388/4817 4811/3387/4811 4815/3390/4815
f 184/3382/184 1636/3384/1636 4812/3385/4812 1637/3392/1637
f 1636/3384/1636 1635/3381/1635 4813/3386/4813 4812/3385/4812
f 1637/3392/1637 4812/3385/4812 4817/3388/4817 1638/3393/1638
f 183/3358/183 1640/3394/1640 4814/3389/4814 1634/3380/1634
f 1640/3394/1640 1641/3395/1641 4815/3390/4815 4814/3389/4814
f 1634/3380/1634 4814/3389/4814 4813/3386/4813 1635/3381/1635
f 185/3396/185 1639/3397/1639 4816/3391/4816 1642/3398/1642
f 1639/3397/1639 1638/3393/1638 4817/3388/4817 4816/3391/4816
f 1642/3398/1642 4816/3391/4816 4815/3390/4815 1641/3395/1641
f 4819/3399/4819 4820/3400/4820 4818/3401/4818 4824/3402/4824
f 4821/3403/4821 4822/3404/4822 4818/3401/4818 4820/3400/4820
f 4823/3405/4823 4824/3402/4824 4818/3401/4818 4822/3404/4822
f 184/3382/184 1637/3392/1637 4819/3399/4819 1643/3406/1643
f 1637/3392/1637 1638/3393/1638 4820/3400/4820 4819/3399/4819
f 1643/3406/1643 4819/3399/4819 4824/3402/4824 1644/3407/1644
f 185/3396/185 1646/3408/1646 4821/3403/4821 1639/3397/1639
f 1646/3408/1646 1647/3409/1647 4822/3404/4822 4821/3403/4821
f 1639/3397/1639 4821/3403/4821 4820/3400/4820 1638/3393/1638
f 186/3410/186 1645/3411/1645 4823/3405/4823 1648/3412/1648
f 1645/3411/1645 1644/3407/1644 4824/3402/4824 4823/3405/4823
f 1648/3412/1648 4823/3405/4823 4822/3404/4822 1647/3409/1647
f 4826/3413/4826 4827/3414/4827 4825/3415/4825 4831/3416/4831
f 4828/3417/4828 4829/3418/4829 4825/3415/4825 4827/3414/4827
f 4830/3419/4830 4831/3416/4831 4825/3415/4825 4829/3418/4829
f 95/1647/95 1652/3420/1652 4826/3413/4826 1649/3421/1649
f 1652/3420/1652 1653/3422/1653 4827/3414/4827 4826/3413/4826
f 1649/3421/1649 4826/3413/4826 4831/3416/4831 1650/3423/1650
f 184/3382/184 1643/3406/1643 4828/3417/4828 1654/3424/1654
f 1643/3406/1643 1644/3407/1644 4829/3418/4829 4828/3417/4828
f 1654/3424/1654 4828/3417/4828 4827/3414/4827 1653/3422/1653
f 186/3410/186 1651/3425/1651 4830/3419/4830 1645/3411/1645
f 1651/3425/1651 1650/3423/1650 4831/3416/4831 4830/3419/4830
f 1645/3411/1645 4830/3419/4830 4829/3418/4829 1644/3407/1644
f 4833/3426/4833 4834/3427/4834 4832/3428/4832 4838/3429/4838
f 4835/3430/4835 4836/3431/4836 4832/3428/4832 4834/3427/4834
f 4837/3432/4837 4838/3429/4838 4832/3428/4832 4836/3431/4836
f 95/1647/95 1655/3433/1655 4833/3426/4833 1652/3420/1652
f 1655/3433/1655 1656/3434/1656 4834/3427/4834 4833/3426/4833
f 1652/3420/1652 4833/3426/4833 4838/3429/4838 1653/3422/1653
f 187/3435/187 1660/3436/1660 4835/3430/4835 1657/3437/1657
f 1660/3436/1660 1659/3438/1659 4836/3431/4836 4835/3430/4835
f 1657/3437/1657 4835/3430/4835 4834/3427/4834 1656/3434/1656
f 184/3382/184 1654/3424/1654 4837/3432/4837 1658/3439/1658
f 1654/3424/1654 1653/3422/1653 4838/3429/4838 4837/3432/4837
f 1658/3439/1658 4837/3432/4837 4836/3431/4836 1659/3438/1659
f 4840/3440/4840 4841/3441/4841 4839/3442/4839 4845/3443/4845
f 4842/3444/4842 4843/3445/4843 4839/3442/4839 4841/3441/4841
f 4844/3446/4844 4845/3443/4845 4839/3442/4839 4843/3445/4843
f 182/3342/182 1661/3447/1661 4840/3440/4840 1628/3368/1628
f 1661/3447/1661 1662/3448/1662 4841/3441/4841 4840/3440/4840
f 1628/3368/1628 4840/3440/4840 4845/3443/4845 1629/3369/1629
f 188/3449/188 1666/3450/1666 4842/3444/4842 1663/3451/1663
f 1666/3450/1666 1665/3452/1665 4843/3445/4843 4842/3444/4842
f 1663/3451/1663 4842/3444/4842 4841/3441/4841 1662/3448/1662
f 183/3358/183 1630/3370/1630 4844/3446/4844 1664/3453/1664
f 1630/3370/1630 1629/3369/1629 4845/3443/4845 4844/3446/4844
f 1664/3453/1664 4844/3446/4844 4843/3445/4843 1665/3452/1665
f 4847/3454/4847 4848/3455/4848 4846/3456/4846 4852/3457/4852
f 4849/3458/4849 4850/3459/4850 4846/3456/4846 4848/3455/4848
f 4851/3460/4851 4852/3457/4852 4846/3456/4846 4850/3459/4850
f 188/3449/188 1663/3451/1663 4847/3454/4847 1667/3461/1667
f 1663/3451/1663 1662/3448/1662 4848/3455/4848 4847/3454/4847
f 1667/3461/1667 4847/3454/4847 4852/3457/4852 1668/3462/1668
f 182/3342/182 1670/3463/1670 4849/3458/4849 1661/3447/1661
f 1670/3463/1670 1671/3464/1671 4850/3459/4850 4849/3458/4849
f 1661/3447/1661 4849/3458/4849 4848/3455/4848 1662/3448/1662
f 189/3465/189 1669/3466/1669 4851/3460/4851 1672/3467/1672
f 1669/3466/1669 1668/3462/1668 4852/3457/4852 4851/3460/4851
f 1672/3467/1672 4851/3460/4851 4850/3459/4850 1671/3464/1671
f 4854/3468/4854 4855/3469/4855 4853/3470/4853 4859/3471/4859
f 4856/3472/4856 4857/3473/4857 4853/3470/4853 4855/3469/4855
f 4858/3474/4858 4859/3471/4859 4853/3470/4853 4857/3473/4857
f 188/3449/188 1667/3461/1667 4854/3468/4854 1673/3475/1673
f 1667/3461/1667 1668/3462/1668 4855/3469/4855 4854/3468/4854
f 1673/3475/1673 4854/3468/4854 4859/3471/4859 1674/3476/1674
f 189/3465/189 1676/3477/1676 4856/3472/4856 1669/3466/1669
f 1676/3477/1676 1677/3478/1677 4857/3473/4857 4856/3472/4856
f 1669/3466/1669 4856/3472/4856 4855/3469/4855 1668/3462/1668
f 190/3479/190 1675/3480/1675 4858/3474/4858 1678/3481/1678
f 1675/3480/1675 1674/3476/1674 4859/3471/4859 4858/3474/4858
f 1678/3481/1678 4858/3474/4858 4857/3473/4857 1677/3478/1677
f 4861/3482/4861 4862/3483/4862 4860/3484/4860 4866/3485/4866
f 4863/3486/4863 4864/3487/4864 4860/3484/4860 4862/3483/4862
f 4865/3488/4865 4866/3485/4866 4860/3484/4860 4864/3487/4864
f 190/3479/190 1678/3481/1678 4861/3482/4861 1679/3489/1679
f 1678/3481/1678 1677/3478/1677 4862/3483/4862 4861/3482/4861
f 1679/3489/1679 4861/3482/4861 4866/3485/4866 1680/3490/1680
f 189/3465/189 1682/3491/1682 4863/3486/4863 1676/3477/1676
f 1682/3491/1682 1683/3492/1683 4864/3487/4864 4863/3486/4863
f 1676/3477/1676 4863/3486/4863 4862/3483/4862 1677/3478/1677
f 191/3493/191 1681/3494/1681 4865/3488/4865 1684/3495/1684
f 1681/3494/1681 1680/3490/1680 4866/3485/4866 4865/3488/4865
f 1684/3495/1684 4865/3488/4865 4864/3487/4864 1683/3492/1683
f 4868/3496/4868 4869/3497/4869 4867/3498/4867 4873/3499/4873
f 4870/3500/4870 4871/3501/4871 4867/3498/4867 4869/3497/4869
f 4872/3502/4872 4873/3499/4873 4867/3498/4867 4871/3501/4871
f 190/3479/190 1679/3489/1679 4868/3496/4868 1685/3503/1685
f 1679/3489/1679 1680/3490/1680 4869/3497/4869 4868/3496/4868
f 1685/3503/1685 4868/3496/4868 4873/3499/4873 1686/3504/1686
f 191/3493/191 1688/3505/1688 4870/3500/4870 1681/3494/1681
f 1688/3505/1688 1689/3506/1689 4871/3501/4871 4870/3500/4870
f 1681/3494/1681 4870/3500/4870 4869/3497/4869 1680/3490/1680
f 192/3507/192 1687/3508/1687 4872/3502/4872 1690/3509/1690
f 1687/3508/1687 1686/3504/1686 4873/3499/4873 4872/3502/4872
f 1690/3509/1690 4872/3502/4872 4871/3501/4871 1689/3506/1689
f 4875/3510/4875 4876/3511/4876 4874/3512/4874 4880/3513/4880
f 4877/3514/4877 4878/3515/4878 4874/3512/4874 4876/3511/4876
f 4879/3516/4879 4880/3513/4880 4874/3512/4874 4878/3515/4878
f 190/3479/190 1685/3503/1685 4875/3510/4875 1691/3517/1691
f 1685/3503/1685 1686/3504/1686 4876/3511/4876 4875/3510/4875
f 1691/3517/1691 4875/3510/4875 4880/3513/4880 1692/3518/1692
f 192/3507/192 1694/3519/1694 4877/3514/4877 1687/3508/1687
f 1694/3519/1694 1695/3520/1695 4878/3515/4878 4877/3514/4877
f 1687/3508/1687 4877/3514/4877 4876/3511/4876 1686/3504/1686
f 193/3521/193 1693/3522/1693 4879/3516/4879 1696/3523/1696
f 1693/3522/1693 1692/3518/1692 4880/3513/4880 4879/3516/4879
f 1696/3523/1696 4879/3516/4879 4878/3515/4878 1695/3520/1695
f 4882/3524/4882 4883/3525/4883 4881/3526/4881 4887/3527/4887
f 4884/3528/4884 4885/3529/4885 4881/3526/4881 4883/3525/4883
f 4886/3530/4886 4887/3527/4887 4881/3526/4881 4885/3529/4885
f 194/3531/194 1702/3532/1702 4882/3524/4882 1699/3533/1699
f 1702/3532/1702 1701/3534/1701 4883/3525/4883 4882/3524/4882
f 1699/3533/1699 4882/3524/4882 4887/3527/4887 1698/3535/1698
f 191/3493/191 1684/3495/1684 4884/3528/4884 1700/3536/1700
f 1684/3495/1684 1683/3492/1683 4885/3529/4885 4884/3528/4884
f 1700/3536/1700 4884/3528/4884 4883/3525/4883 1701/3534/1701
f 189/3465/189 1697/3537/1697 4886/3530/4886 1682/3491/1682
f 1697/3537/1697 1698/3535/1698 4887/3527/4887 4886/3530/4886
f 1682/3491/1682 4886/3530/4886 4885/3529/4885 1683/3492/1683
f 4889/3538/4889 4890/3539/4890 4888/3540/4888 4894/3541/4894
f 4891/3542/4891 4892/3543/4892 4888/3540/4888 4890/3539/4890
f 4893/3544/4893 4894/3541/4894 4888/3540/4888 4892/3543/4892
f 194/3531/194 1699/3533/1699 4889/3538/4889 1703/3545/1703
f 1699/3533/1699 1698/3535/1698 4890/3539/4890 4889/3538/4889
f 1703/3545/1703 4889/3538/4889 4894/3541/4894 1704/3546/1704
f 189/3465/189 1706/3547/1706 4891/3542/4891 1697/3537/1697
f 1706/3547/1706 1707/3548/1707 4892/3543/4892 4891/3542/4891
f 1697/3537/1697 4891/3542/4891 4890/3539/4890 1698/3535/1698
f 195/3549/195 1705/3550/1705 4893/3544/4893 1708/3551/1708
f 1705/3550/1705 1704/3546/1704 4894/3541/4894 4893/3544/4893
f 1708/3551/1708 4893/3544/4893 4892/3543/4892 1707/3548/1707
f 4896/3552/4896 4897/3553/4897 4895/3554/4895 4901/3555/4901
f 4898/3556/4898 4899/3557/4899 4895/3554/4895 4897/3553/4897
f 4900/3558/4900 4901/3555/4901 4895/3554/4895 4899/3557/4899
f 195/3549/195 1708/3551/1708 4896/3552/4896 1711/3559/1711
f 1708/3551/1708 1707/3548/1707 4897/3553/4897 4896/3552/4896
f 1711/3559/1711 4896/3552/4896 4901/3555/4901 1710/3560/1710
f 189/3465/189 1672/3467/1672 4898/3556/4898 1706/3547/1706
f 1672/3467/1672 1671/3464/1671 4899/3557/4899 4898/3556/4898
f 1706/3547/1706 4898/3556/4898 4897/3553/4897 1707/3548/1707
f 182/3342/182 1709/3561/1709 4900/3558/4900 1670/3463/1670
f 1709/3561/1709 1710/3560/1710 4901/3555/4901 4900/3558/4900
f 1670/3463/1670 4900/3558/4900 4899/3557/4899 1671/3464/1671
f 4903/3562/4903 4904/3563/4904 4902/3564/4902 4908/3565/4908
f 4905/3566/4905 4906/3567/4906 4902/3564/4902 4904/3563/4904
f 4907/3568/4907 4908/3565/4908 4902/3564/4902 4906/3567/4906
f 194/3531/194 1703/3545/1703 4903/3562/4903 1712/3569/1712
f 1703/3545/1703 1704/3546/1704 4904/3563/4904 4903/3562/4903
f 1712/3569/1712 4903/3562/4903 4908/3565/4908 1713/3570/1713
f 195/3549/195 1715/3571/1715 4905/3566/4905 1705/3550/1705
f 1715/3571/1715 1716/3572/1716 4906/3567/4906 4905/3566/4905
f 1705/3550/1705 4905/3566/4905 4904/3563/4904 1704/3546/1704
f 196/3573/196 1714/3574/1714 4907/3568/4907 1717/3575/1717
f 1714/3574/1714 1713/3570/1713 4908/3565/4908 4907/3568/4907
f 1717/3575/1717 4907/3568/4907 4906/3567/4906 1716/3572/1716
f 4910/3576/4910 4911/3577/4911 4909/3578/4909 4915/3579/4915
f 4912/3580/4912 4913/3581/4913 4909/3578/4909 4911/3577/4911
f 4914/3582/4914 4915/3579/4915 4909/3578/4909 4913/3581/4913
f 182/3342/182 1718/3583/1718 4910/3576/4910 1709/3561/1709
f 1718/3583/1718 1719/3584/1719 4911/3577/4911 4910/3576/4910
f 1709/3561/1709 4910/3576/4910 4915/3579/4915 1710/3560/1710
f 197/3585/197 1723/3586/1723 4912/3580/4912 1720/3587/1720
f 1723/3586/1723 1722/3588/1722 4913/3581/4913 4912/3580/4912
f 1720/3587/1720 4912/3580/4912 4911/3577/4911 1719/3584/1719
f 195/3549/195 1711/3559/1711 4914/3582/4914 1721/3589/1721
f 1711/3559/1711 1710/3560/1710 4915/3579/4915 4914/3582/4914
f 1721/3589/1721 4914/3582/4914 4913/3581/4913 1722/3588/1722
f 4917/3590/4917 4918/3591/4918 4916/3592/4916 4922/3593/4922
f 4919/3594/4919 4920/3595/4920 4916/3592/4916 4918/3591/4918
f 4921/3596/4921 4922/3593/4922 4916/3592/4916 4920/3595/4920
f 198/3597/198 1729/3598/1729 4917/3590/4917 1726/3599/1726
f 1729/3598/1729 1728/3600/1728 4918/3591/4918 4917/3590/4917
f 1726/3599/1726 4917/3590/4917 4922/3593/4922 1725/3601/1725
f 197/3585/197 1720/3587/1720 4919/3594/4919 1727/3602/1727
f 1720/3587/1720 1719/3584/1719 4920/3595/4920 4919/3594/4919
f 1727/3602/1727 4919/3594/4919 4918/3591/4918 1728/3600/1728
f 182/3342/182 1724/3603/1724 4921/3596/4921 1718/3583/1718
f 1724/3603/1724 1725/3601/1725 4922/3593/4922 4921/3596/4921
f 1718/3583/1718 4921/3596/4921 4920/3595/4920 1719/3584/1719
f 4924/3604/4924 4925/3605/4925 4923/3606/4923 4929/3607/4929
f 4926/3608/4926 4927/3609/4927 4923/3606/4923 4925/3605/4925
f 4928/3610/4928 4929/3607/4929 4923/3606/4923 4927/3609/4927
f 198/3597/198 1726/3599/1726 4924/3604/4924 1732/3611/1732
f 1726/3599/1726 1725/3601/1725 4925/3605/4925 4924/3604/4924
f 1732/3611/1732 4924/3604/4924 4929/3607/4929 1731/3612/1731
f 182/3342/182 1618/3344/1618 4926/3608/4926 1724/3603/1724
f 1618/3344/1618 1617/3341/1617 4927/3609/4927 4926/3608/4926
f 1724/3603/1724 4926/3608/4926 4925/3605/4925 1725/3601/1725
f 179/3280/179 1730/3613/1730 4928/3610/4928 1616/3340/1616
f 1730/3613/1730 1731/3612/1731 4929/3607/4929 4928/3610/4928
f 1616/3340/1616 4928/3610/4928 4927/3609/4927 1617/3341/1617
f 4931/3614/4931 4932/3615/4932 4930/3616/4930 4936/3617/4936
f 4933/3618/4933 4934/3619/4934 4930/3616/4930 4932/3615/4932
f 4935/3620/4935 4936/3617/4936 4930/3616/4930 4934/3619/4934
f 196/3573/196 1717/3575/1717 4931/3614/4931 1733/3621/1733
f 1717/3575/1717 1716/3572/1716 4932/3615/4932 4931/3614/4931
f 1733/3621/1733 4931/3614/4931 4936/3617/4936 1734/3622/1734
f 195/3549/195 1736/3623/1736 4933/3618/4933 1715/3571/1715
f 1736/3623/1736 1737/3624/1737 4934/3619/4934 4933/3618/4933
f 1715/3571/1715 4933/3618/4933 4932/3615/4932 1716/3572/1716
f 199/3625/199 1735/3626/1735 4935/3620/4935 1738/3627/1738
f 1735/3626/1735 1734/3622/1734 4936/3617/4936 4935/3620/4935
f 1738/3627/1738 4935/3620/4935 4934/3619/4934 1737/3624/1737
f 4938/3628/4938 4939/3629/4939 4937/3630/4937 4943/3631/4943
f 4940/3632/4940 4941/3633/4941 4937/3630/4937 4939/3629/4939
f 4942/3634/4942 4943/3631/4943 4937/3630/4937 4941/3633/4941
f 200/3635/200 1744/3636/1744 4938/3628/4938 1741/3637/1741
f 1744/3636/1744 1743/3638/1743 4939/3629/4939 4938/3628/4938
f 1741/3637/1741 4938/3628/4938 4943/3631/4943 1740/3639/1740
f 195/3549/195 1721/3589/1721 4940/3632/4940 1742/3640/1742
f 1721/3589/1721 1722/3588/1722 4941/3633/4941 4940/3632/4940
f 1742/3640/1742 4940/3632/4940 4939/3629/4939 1743/3638/1743
f 197/3585/197 1739/3641/1739 4942/3634/4942 1723/3586/1723
f 1739/3641/1739 1740/3639/1740 4943/3631/4943 4942/3634/4942
f 1723/3586/1723 4942/3634/4942 4941/3633/4941 1722/3588/1722
f 4945/3642/4945 4946/3643/4946 4944/3644/4944 4950/3645/4950
f 4947/3646/4947 4948/3647/4948 4944/3644/4944 4946/3643/4946
f 4949/3648/4949 4950/3645/4950 4944/3644/4944 4948/3647/4948
f 200/3635/200 1747/3649/1747 4945/3642/4945 1744/3636/1744
f 1747/3649/1747 1746/3650/1746 4946/3643/4946 4945/3642/4945
f 1744/3636/1744 4945/3642/4945 4950/3645/4950 1743/3638/1743
f 199/3625/199 1738/3627/1738 4947/3646/4947 1745/3651/1745
f 1738/3627/1738 1737/3624/1737 4948/3647/4948 4947/3646/4947
f 1745/3651/1745 4947/3646/4947 4946/3643/4946 1746/3650/1746
f 195/3549/195 1742/3640/1742 4949/3648/4949 1736/3623/1736
f 1742/3640/1742 1743/3638/1743 4950/3645/4950 4949/3648/4949
f 1736/3623/1736 4949/3648/4949 4948/3647/4948 1737/3624/1737
f 4952/3652/4952 4953/3653/4953 4951/3654/4951 4957/3655/4957
f 4954/3656/4954 4955/3657/4955 4951/3654/4951 4953/3653/4953
f 4956/3658/4956 4957/3655/4957 4951/3654/4951 4955/3657/4955
f 201/3659/201 1753/3660/1753 4952/3652/4952 1750/3661/1750
f 1753/3660/1753 1752/3662/1752 4953/3653/4953 4952/3652/4952
f 1750/3661/1750 4952/3652/4952 4957/3655/4957 1749/3663/1749
f 196/3573/196 1733/3621/1733 4954/3656/4954 1751/3664/1751
f 1733/3621/1733 1734/3622/1734 4955/3657/4955 4954/3656/4954
f 1751/3664/1751 4954/3656/4954 4953/3653/4953 1752/3662/1752
f 199/3625/199 1748/3665/1748 4956/3658/4956 1735/3626/1735
f 1748/3665/1748 1749/3663/1749 4957/3655/4957 4956/3658/4956
f 1735/3626/1735 4956/3658/4956 4955/3657/4955 1734/3622/1734
f 4959/3666/4959 4960/3667/4960 4958/3668/4958 4964/3669/4964
f 4961/3670/4961 4962/3671/4962 4958/3668/4958 4960/3667/4960
f 4963/3672/4963 4964/3669/4964 4958/3668/4958 4962/3671/4962
f 201/3659/201 1756/3673/1756 4959/3666/4959 1753/3660/1753
f 1756/3673/1756 1755/3674/1755 4960/3667/4960 4959/3666/4959
f 1753/3660/1753 4959/3666/4959 4964/3669/4964 1752/3662/1752
f 22/3675/22 1757/3676/1757 4961/3670/4961 1754/3677/1754
f 1757/3676/1757 1758/3678/1758 4962/3671/4962 4961/3670/4961
f 1754/3677/1754 4961/3670/4961 4960/3667/4960 1755/3674/1755
f 196/3573/196 1751/3664/1751 4963/3672/4963 1759/3679/1759
f 1751/3664/1751 1752/3662/1752 4964/3669/4964 4963/3672/4963
f 1759/3679/1759 4963/3672/4963 4962/3671/4962 1758/3678/1758
f 4966/3680/4966 4967/3681/4967 4965/3682/4965 4971/3683/4971
f 4968/3684/4968 4969/3685/4969 4965/3682/4965 4967/3681/4967
f 4970/3686/4970 4971/3683/4971 4965/3682/4965 4969/3685/4969
f 23/3687/23 403/3688/403 4966/3680/4966 1760/3689/1760
f 403/3688/403 402/3690/402 4967/3681/4967 4966/3680/4966
f 1760/3689/1760 4966/3680/4966 4971/3683/4971 1761/3691/1761
f 22/3675/22 1754/3677/1754 4968/3684/4968 401/3692/401
f 1754/3677/1754 1755/3674/1755 4969/3685/4969 4968/3684/4968
f 401/3692/401 4968/3684/4968 4967/3681/4967 402/3690/402
f 201/3659/201 1762/3693/1762 4970/3686/4970 1756/3673/1756
f 1762/3693/1762 1761/3691/1761 4971/3683/4971 4970/3686/4970
f 1756/3673/1756 4970/3686/4970 4969/3685/4969 1755/3674/1755
f 4973/3694/4973 4974/3695/4974 4972/3696/4972 4978/3697/4978
f 4975/3698/4975 4976/3699/4976 4972/3696/4972 4974/3695/4974
f 4977/3700/4977 4978/3697/4978 4972/3696/4972 4976/3699/4976
f 202/3701/202 1768/3702/1768 4973/3694/4973 1765/3703/1765
f 1768/3702/1768 1767/3704/1767 4974/3695/4974 4973/3694/4973
f 1765/3703/1765 4973/3694/4973 4978/3697/4978 1764/3705/1764
f 201/3659/201 1750/3661/1750 4975/3698/4975 1766/3706/1766
f 1750/3661/1750 1749/3663/1749 4976/3699/4976 4975/3698/4975
f 1766/3706/1766 4975/3698/4975 4974/3695/4974 1767/3704/1767
f 199/3625/199 1763/3707/1763 4977/3700/4977 1748/3665/1748
f 1763/3707/1763 1764/3705/1764 4978/3697/4978 4977/3700/4977
f 1748/3665/1748 4977/3700/4977 4976/3699/4976 1749/3663/1749
f 4980/3708/4980 4981/3709/4981 4979/3710/4979 4985/3711/4985
f 4982/3712/4982 4983/3713/4983 4979/3710/4979 4981/3709/4981
f 4984/3714/4984 4985/3711/4985 4979/3710/4979 4983/3713/4983
f 201/3659/201 1766/3706/1766 4980/3708/4980 1762/3693/1762
f 1766/3706/1766 1767/3704/1767 4981/3709/4981 4980/3708/4980
f 1762/3693/1762 4980/3708/4980 4985/3711/4985 1761/3691/1761
f 202/3701/202 1771/3715/1771 4982/3712/4982 1768/3702/1768
f 1771/3715/1771 1770/3716/1770 4983/3713/4983 4982/3712/4982
f 1768/3702/1768 4982/3712/4982 4981/3709/4981 1767/3704/1767
f 23/3687/23 1760/3689/1760 4984/3714/4984 1769/3717/1769
f 1760/3689/1760 1761/3691/1761 4985/3711/4985 4984/3714/4984
f 1769/3717/1769 4984/3714/4984 4983/3713/4983 1770/3716/1770
f 4987/3718/4987 4988/3719/4988 4986/3720/4986 4992/3721/4992
f 4989/3722/4989 4990/3723/4990 4986/3720/4986 4988/3719/4988
f 4991/3724/4991 4992/3721/4992 4986/3720/4986 4990/3723/4990
f 199/3625/199 1745/3651/1745 4987/3718/4987 1763/3707/1763
f 1745/3651/1745 1746/3650/1746 4988/3719/4988 4987/3718/4987
f 1763/3707/1763 4987/3718/4987 4992/3721/4992 1764/3705/1764
f 200/3635/200 1772/3725/1772 4989/3722/4989 1747/3649/1747
f 1772/3725/1772 1773/3726/1773 4990/3723/4990 4989/3722/4989
f 1747/3649/1747 4989/3722/4989 4988/3719/4988 1746/3650/1746
f 202/3701/202 1765/3703/1765 4991/3724/4991 1774/3727/1774
f 1765/3703/1765 1764/3705/1764 4992/3721/4992 4991/3724/4991
f 1774/3727/1774 4991/3724/4991 4990/3723/4990 1773/3726/1773
f 4994/3728/4994 4995/3729/4995 4993/3730/4993 4999/3731/4999
f 4996/3732/4996 4997/3733/4997 4993/3730/4993 4995/3729/4995
f 4998/3734/4998 4999/3731/4999 4993/3730/4993 4997/3733/4997
f 202/3701/202 1777/3735/1777 4994/3728/4994 1771/3715/1771
f 1777/3735/1777 1776/3736/1776 4995/3729/4995 4994/3728/4994
f 1771/3715/1771 4994/3728/4994 4999/3731/4999 1770/3716/1770
f 24/3737/24 412/3738/412 4996/3732/4996 1775/3739/1775
f 412/3738/412 411/3740/411 4997/3733/4997 4996/3732/4996
f 1775/3739/1775 4996/3732/4996 4995/3729/4995 1776/3736/1776
f 23/3687/23 1769/3717/1769 4998/3734/4998 410/3741/410
f 1769/3717/1769 1770/3716/1770 4999/3731/4999 4998/3734/4998
f 410/3741/410 4998/3734/4998 4997/3733/4997 411/3740/411
f 5001/3742/5001 5002/3743/5002 5000/3744/5000 5006/3745/5006
f 5003/3746/5003 5004/3747/5004 5000/3744/5000 5002/3743/5002
f 5005/3748/5005 5006/3745/5006 5000/3744/5000 5004/3747/5004
f 200/3635/200 1741/3637/1741 5001/3742/5001 1778/3749/1778
f 1741/3637/1741 1740/3639/1740 5002/3743/5002 5001/3742/5001
f 1778/3749/1778 5001/3742/5001 5006/3745/5006 1779/3750/1779
f 197/3585/197 1781/3751/1781 5003/3746/5003 1739/3641/1739
f 1781/3751/1781 1782/3752/1782 5004/3747/5004 5003/3746/5003
f 1739/3641/1739 5003/3746/5003 5002/3743/5002 1740/3639/1740
f 203/3753/203 1780/3754/1780 5005/3748/5005 1783/3755/1783
f 1780/3754/1780 1779/3750/1779 5006/3745/5006 5005/3748/5005
f 1783/3755/1783 5005/3748/5005 5004/3747/5004 1782/3752/1782
f 5008/3756/5008 5009/3757/5009 5007/3758/5007 5013/3759/5013
f 5010/3760/5010 5011/3761/5011 5007/3758/5007 5009/3757/5009
f 5012/3762/5012 5013/3759/5013 5007/3758/5007 5011/3761/5011
f 203/3753/203 1783/3755/1783 5008/3756/5008 1786/3763/1786
f 1783/3755/1783 1782/3752/1782 5009/3757/5009 5008/3756/5008
f 1786/3763/1786 5008/3756/5008 5013/3759/5013 1785/3764/1785
f 197/3585/197 1727/3602/1727 5010/3760/5010 1781/3751/1781
f 1727/3602/1727 1728/3600/1728 5011/3761/5011 5010/3760/5010
f 1781/3751/1781 5010/3760/5010 5009/3757/5009 1782/3752/1782
f 198/3597/198 1784/3765/1784 5012/3762/5012 1729/3598/1729
f 1784/3765/1784 1785/3764/1785 5013/3759/5013 5012/3762/5012
f 1729/3598/1729 5012/3762/5012 5011/3761/5011 1728/3600/1728
f 5015/3766/5015 5016/3767/5016 5014/3768/5014 5020/3769/5020
f 5017/3770/5017 5018/3771/5018 5014/3768/5014 5016/3767/5016
f 5019/3772/5019 5020/3769/5020 5014/3768/5014 5018/3771/5018
f 200/3635/200 1778/3749/1778 5015/3766/5015 1787/3773/1787
f 1778/3749/1778 1779/3750/1779 5016/3767/5016 5015/3766/5015
f 1787/3773/1787 5015/3766/5015 5020/3769/5020 1788/3774/1788
f 203/3753/203 1790/3775/1790 5017/3770/5017 1780/3754/1780
f 1790/3775/1790 1791/3776/1791 5018/3771/5018 5017/3770/5017
f 1780/3754/1780 5017/3770/5017 5016/3767/5016 1779/3750/1779
f 204/3777/204 1789/3778/1789 5019/3772/5019 1792/3779/1792
f 1789/3778/1789 1788/3774/1788 5020/3769/5020 5019/3772/5019
f 1792/3779/1792 5019/3772/5019 5018/3771/5018 1791/3776/1791
f 5022/3780/5022 5023/3781/5023 5021/3782/5021 5027/3783/5027
f 5024/3784/5024 5025/3785/5025 5021/3782/5021 5023/3781/5023
f 5026/3786/5026 5027/3783/5027 5021/3782/5021 5025/3785/5025
f 200/3635/200 1787/3773/1787 5022/3780/5022 1772/3725/1772
f 1787/3773/1787 1788/3774/1788 5023/3781/5023 5022/3780/5022
f 1772/3725/1772 5022/3780/5022 5027/3783/5027 1773/3726/1773
f 204/3777/204 1795/3787/1795 5024/3784/5024 1789/3778/1789
f 1795/3787/1795 1794/3788/1794 5025/3785/5025 5024/3784/5024
f 1789/3778/1789 5024/3784/5024 5023/3781/5023 1788/3774/1788
f 202/3701/202 1774/3727/1774 5026/3786/5026 1793/3789/1793
f 1774/3727/1774 1773/3726/1773 5027/3783/5027 5026/3786/5026
f 1793/3789/1793 5026/3786/5026 5025/3785/5025 1794/3788/1794
f 5029/3790/5029 5030/3791/5030 5028/3792/5028 5034/3793/5034
f 5031/3794/5031 5032/3795/5032 5028/3792/5028 5030/3791/5030
f 5033/3796/5033 5034/3793/5034 5028/3792/5028 5032/3795/5032
f 204/3777/204 1792/3779/1792 5029/3790/5029 1798/3797/1798
f 1792/3779/1792 1791/3776/1791 5030/3791/5030 5029/3790/5029
f 1798/3797/1798 5029/3790/5029 5034/3793/5034 1797/3798/1797
f 203/3753/203 1786/3763/1786 5031/3794/5031 1790/3775/1790
f 1786/3763/1786 1785/3764/1785 5032/3795/5032 5031/3794/5031
f 1790/3775/1790 5031/3794/5031 5030/3791/5030 1791/3776/1791
f 198/3597/198 1796/3799/1796 5033/3796/5033 1784/3765/1784
f 1796/3799/1796 1797/3798/1797 5034/3793/5034 5033/3796/5033
f 1784/3765/1784 5033/3796/5033 5032/3795/5032 1785/3764/1785
f 5036/3800/5036 5037/3801/5037 5035/3802/5035 5041/3803/5041
f 5038/3804/5038 5039/3805/5039 5035/3802/5035 5037/3801/5037
f 5040/3806/5040 5041/3803/5041 5035/3802/5035 5039/3805/5039
f 24/3737/24 1775/3739/1775 5036/3800/5036 1799/3807/1799
f 1775/3739/1775 1776/3736/1776 5037/3801/5037 5036/3800/5036
f 1799/3807/1799 5036/3800/5036 5041/3803/5041 1800/3808/1800
f 202/3701/202 1802/3809/1802 5038/3804/5038 1777/3735/1777
f 1802/3809/1802 1803/3810/1803 5039/3805/5039 5038/3804/5038
f 1777/3735/1777 5038/3804/5038 5037/3801/5037 1776/3736/1776
f 205/3811/205 1801/3812/1801 5040/3806/5040 1804/3813/1804
f 1801/3812/1801 1800/3808/1800 5041/3803/5041 5040/3806/5040
f 1804/3813/1804 5040/3806/5040 5039/3805/5039 1803/3810/1803
f 5043/3814/5043 5044/3815/5044 5042/3816/5042 5048/3817/5048
f 5045/3818/5045 5046/3819/5046 5042/3816/5042 5044/3815/5044
f 5047/3820/5047 5048/3817/5048 5042/3816/5042 5046/3819/5046
f 204/3777/204 1805/3821/1805 5043/3814/5043 1795/3787/1795
f 1805/3821/1805 1806/3822/1806 5044/3815/5044 5043/3814/5043
f 1795/3787/1795 5043/3814/5043 5048/3817/5048 1794/3788/1794
f 205/3811/205 1804/3813/1804 5045/3818/5045 1807/3823/1807
f 1804/3813/1804 1803/3810/1803 5046/3819/5046 5045/3818/5045
f 1807/3823/1807 5045/3818/5045 5044/3815/5044 1806/3822/1806
f 202/3701/202 1793/3789/1793 5047/3820/5047 1802/3809/1802
f 1793/3789/1793 1794/3788/1794 5048/3817/5048 5047/3820/5047
f 1802/3809/1802 5047/3820/5047 5046/3819/5046 1803/3810/1803
f 5050/3824/5050 5051/3825/5051 5049/3826/5049 5055/3827/5055
f 5052/3828/5052 5053/3829/5053 5049/3826/5049 5051/3825/5051
f 5054/3830/5054 5055/3827/5055 5049/3826/5049 5053/3829/5053
f 24/3737/24 1799/3807/1799 5050/3824/5050 421/3831/421
f 1799/3807/1799 1800/3808/1800 5051/3825/5051 5050/3824/5050
f 421/3831/421 5050/3824/5050 5055/3827/5055 420/3832/420
f 205/3811/205 1810/3833/1810 5052/3828/5052 1801/3812/1801
f 1810/3833/1810 1809/3834/1809 5053/3829/5053 5052/3828/5052
f 1801/3812/1801 5052/3828/5052 5051/3825/5051 1800/3808/1800
f 5/36/5 419/3835/419 5054/3830/5054 1808/3836/1808
f 419/3835/419 420/3832/420 5055/3827/5055 5054/3830/5054
f 1808/3836/1808 5054/3830/5054 5053/3829/5053 1809/3834/1809
f 5057/3837/5057 5058/3838/5058 5056/3839/5056 5062/3840/5062
f 5059/3841/5059 5060/3842/5060 5056/3839/5056 5058/3838/5058
f 5061/3843/5061 5062/3840/5062 5056/3839/5056 5060/3842/5060
f 4/27/4 308/29/308 5057/3837/5057 1811/3844/1811
f 308/29/308 309/31/309 5058/3838/5058 5057/3837/5057
f 1811/3844/1811 5057/3837/5057 5062/3840/5062 1812/3845/1812
f 5/36/5 1808/3836/1808 5059/3841/5059 310/37/310
f 1808/3836/1808 1809/3834/1809 5060/3842/5060 5059/3841/5059
f 310/37/310 5059/3841/5059 5058/3838/5058 309/31/309
f 205/3811/205 1813/3846/1813 5061/3843/5061 1810/3833/1810
f 1813/3846/1813 1812/3845/1812 5062/3840/5062 5061/3843/5061
f 1810/3833/1810 5061/3843/5061 5060/3842/5060 1809/3834/1809
f 5064/3847/5064 5065/3848/5065 5063/3849/5063 5069/3850/5069
f 5066/3851/5066 5067/3852/5067 5063/3849/5063 5065/3848/5065
f 5068/3853/5068 5069/3850/5069 5063/3849/5063 5067/3852/5067
f 204/3777/204 1816/3854/1816 5064/3847/5064 1805/3821/1805
f 1816/3854/1816 1815/3855/1815 5065/3848/5065 5064/3847/5064
f 1805/3821/1805 5064/3847/5064 5069/3850/5069 1806/3822/1806
f 4/27/4 1811/3844/1811 5066/3851/5066 1814/3856/1814
f 1811/3844/1811 1812/3845/1812 5067/3852/5067 5066/3851/5066
f 1814/3856/1814 5066/3851/5066 5065/3848/5065 1815/3855/1815
f 205/3811/205 1807/3823/1807 5068/3853/5068 1813/3846/1813
f 1807/3823/1807 1806/3822/1806 5069/3850/5069 5068/3853/5068
f 1813/3846/1813 5068/3853/5068 5067/3852/5067 1812/3845/1812
f 5071/3857/5071 5072/3858/5072 5070/3859/5070 5076/3860/5076
f 5073/3861/5073 5074/3862/5074 5070/3859/5070 5072/3858/5072
f 5075/3863/5075 5076/3860/5076 5070/3859/5070 5074/3862/5074
f 204/3777/204 1819/3864/1819 5071/3857/5071 1816/3854/1816
f 1819/3864/1819 1818/3865/1818 5072/3858/5072 5071/3857/5071
f 1816/3854/1816 5071/3857/5071 5076/3860/5076 1815/3855/1815
f 6/32/6 313/34/313 5073/3861/5073 1817/3866/1817
f 313/34/313 312/30/312 5074/3862/5074 5073/3861/5073
f 1817/3866/1817 5073/3861/5073 5072/3858/5072 1818/3865/1818
f 4/27/4 1814/3856/1814 5075/3863/5075 311/28/311
f 1814/3856/1814 1815/3855/1815 5076/3860/5076 5075/3863/5075
f 311/28/311 5075/3863/5075 5074/3862/5074 312/30/312
f 5078/3867/5078 5079/3868/5079 5077/3869/5077 5083/3870/5083
f 5080/3871/5080 5081/3872/5081 5077/3869/5077 5079/3868/5079
f 5082/3873/5082 5083/3870/5083 5077/3869/5077 5081/3872/5081
f 6/32/6 1817/3866/1817 5078/3867/5078 1820/3874/1820
f 1817/3866/1817 1818/3865/1818 5079/3868/5079 5078/3867/5078
f 1820/3874/1820 5078/3867/5078 5083/3870/5083 1821/3875/1821
f 204/3777/204 1798/3797/1798 5080/3871/5080 1819/3864/1819
f 1798/3797/1798 1797/3798/1797 5081/3872/5081 5080/3871/5080
f 1819/3864/1819 5080/3871/5080 5079/3868/5079 1818/3865/1818
f 198/3597/198 1822/3876/1822 5082/3873/5082 1796/3799/1796
f 1822/3876/1822 1821/3875/1821 5083/3870/5083 5082/3873/5082
f 1796/3799/1796 5082/3873/5082 5081/3872/5081 1797/3798/1797
f 5085/3877/5085 5086/3878/5086 5084/3879/5084 5090/3880/5090
f 5087/3881/5087 5088/3882/5088 5084/3879/5084 5086/3878/5086
f 5089/3883/5089 5090/3880/5090 5084/3879/5084 5088/3882/5088
f 206/3884/206 1828/3885/1828 5085/3877/5085 1825/3886/1825
f 1828/3885/1828 1827/3887/1827 5086/3878/5086 5085/3877/5085
f 1825/3886/1825 5085/3877/5085 5090/3880/5090 1824/3888/1824
f 6/32/6 1820/3874/1820 5087/3881/5087 1826/3889/1826
f 1820/3874/1820 1821/3875/1821 5088/3882/5088 5087/3881/5087
f 1826/3889/1826 5087/3881/5087 5086/3878/5086 1827/3887/1827
f 198/3597/198 1823/3890/1823 5089/3883/5089 1822/3876/1822
f 1823/3890/1823 1824/3888/1824 5090/3880/5090 5089/3883/5089
f 1822/3876/1822 5089/3883/5089 5088/3882/5088 1821/3875/1821
f 5092/3891/5092 5093/3892/5093 5091/3893/5091 5097/3894/5097
f 5094/3895/5094 5095/3896/5095 5091/3893/5091 5093/3892/5093
f 5096/3897/5096 5097/3894/5097 5091/3893/5091 5095/3896/5095
f 206/3884/206 1829/3898/1829 5092/3891/5092 1828/3885/1828
f 1829/3898/1829 1830/3899/1830 5093/3892/5093 5092/3891/5092
f 1828/3885/1828 5092/3891/5092 5097/3894/5097 1827/3887/1827
f 207/3900/207 1834/3901/1834 5094/3895/5094 1831/3902/1831
f 1834/3901/1834 1833/3903/1833 5095/3896/5095 5094/3895/5094
f 1831/3902/1831 5094/3895/5094 5093/3892/5093 1830/3899/1830
f 6/32/6 1826/3889/1826 5096/3897/5096 1832/3904/1832
f 1826/3889/1826 1827/3887/1827 5097/3894/5097 5096/3897/5096
f 1832/3904/1832 5096/3897/5096 5095/3896/5095 1833/3903/1833
f 5099/3905/5099 5100/3906/5100 5098/3907/5098 5104/3908/5104
f 5101/3909/5101 5102/3910/5102 5098/3907/5098 5100/3906/5100
f 5103/3911/5103 5104/3908/5104 5098/3907/5098 5102/3910/5102
f 198/3597/198 1732/3611/1732 5099/3905/5099 1823/3890/1823
f 1732/3611/1732 1731/3612/1731 5100/3906/5100 5099/3905/5099
f 1823/3890/1823 5099/3905/5099 5104/3908/5104 1824/3888/1824
f 179/3280/179 1835/3912/1835 5101/3909/5101 1730/3613/1730
f 1835/3912/1835 1836/3913/1836 5102/3910/5102 5101/3909/5101
f 1730/3613/1730 5101/3909/5101 5100/3906/5100 1731/3612/1731
f 206/3884/206 1825/3886/1825 5103/3911/5103 1837/3914/1837
f 1825/3886/1825 1824/3888/1824 5104/3908/5104 5103/3911/5103
f 1837/3914/1837 5103/3911/5103 5102/3910/5102 1836/3913/1836
f 5106/3915/5106 5107/3916/5107 5105/3917/5105 5111/3918/5111
f 5108/3919/5108 5109/3920/5109 5105/3917/5105 5107/3916/5107
f 5110/3921/5110 5111/3918/5111 5105/3917/5105 5109/3920/5109
f 208/3922/208 1843/3923/1843 5106/3915/5106 1840/3924/1840
f 1843/3923/1843 1842/3925/1842 5107/3916/5107 5106/3915/5106
f 1840/3924/1840 5106/3915/5106 5111/3918/5111 1839/3926/1839
f 207/3900/207 1831/3902/1831 5108/3919/5108 1841/3927/1841
f 1831/3902/1831 1830/3899/1830 5109/3920/5109 5108/3919/5108
f 1841/3927/1841 5108/3919/5108 5107/3916/5107 1842/3925/1842
f 206/3884/206 1838/3928/1838 5110/3921/5110 1829/3898/1829
f 1838/3928/1838 1839/3926/1839 5111/3918/5111 5110/3921/5110
f 1829/3898/1829 5110/3921/5110 5109/3920/5109 1830/3899/1830
f 5113/3929/5113 5114/3930/5114 5112/3931/5112 5118/3932/5118
f 5115/3933/5115 5116/3934/5116 5112/3931/5112 5114/3930/5114
f 5117/3935/5117 5118/3932/5118 5112/3931/5112 5116/3934/5116
f 179/3280/179 1844/3936/1844 5113/3929/5113 1835/3912/1835
f 1844/3936/1844 1845/3937/1845 5114/3930/5114 5113/3929/5113
f 1835/3912/1835 5113/3929/5113 5118/3932/5118 1836/3913/1836
f 209/3938/209 1849/3939/1849 5115/3933/5115 1846/3940/1846
f 1849/3939/1849 1848/3941/1848 5116/3934/5116 5115/3933/5115
f 1846/3940/1846 5115/3933/5115 5114/3930/5114 1845/3937/1845
f 206/3884/206 1837/3914/1837 5117/3935/5117 1847/3942/1847
f 1837/3914/1837 1836/3913/1836 5118/3932/5118 5117/3935/5117
f 1847/3942/1847 5117/3935/5117 5116/3934/5116 1848/3941/1848
f 5120/3943/5120 5121/3944/5121 5119/3945/5119 5125/3946/5125
f 5122/3947/5122 5123/3948/5123 5119/3945/5119 5121/3944/5121
f 5124/3949/5124 5125/3946/5125 5119/3945/5119 5123/3948/5123
f 208/3922/208 1840/3924/1840 5120/3943/5120 1850/3950/1850
f 1840/3924/1840 1839/3926/1839 5121/3944/5121 5120/3943/5120
f 1850/3950/1850 5120/3943/5120 5125/3946/5125 1851/3951/1851
f 206/3884/206 1847/3942/1847 5122/3947/5122 1838/3928/1838
f 1847/3942/1847 1848/3941/1848 5123/3948/5123 5122/3947/5122
f 1838/3928/1838 5122/3947/5122 5121/3944/5121 1839/3926/1839
f 209/3938/209 1852/3952/1852 5124/3949/5124 1849/3939/1849
f 1852/3952/1852 1851/3951/1851 5125/3946/5125 5124/3949/5124
f 1849/3939/1849 5124/3949/5124 5123/3948/5123 1848/3941/1848
f 5127/3953/5127 5128/3954/5128 5126/3955/5126 5132/3956/5132
f 5129/3957/5129 5130/3958/5130 5126/3955/5126 5128/3954/5128
f 5131/3959/5131 5132/3956/5132 5126/3955/5126 5130/3958/5130
f 179/3280/179 1607/3318/1607 5127/3953/5127 1844/3936/1844
f 1607/3318/1607 1608/3317/1608 5128/3954/5128 5127/3953/5127
f 1844/3936/1844 5127/3953/5127 5132/3956/5132 1845/3937/1845
f 180/3292/180 1853/3960/1853 5129/3957/5129 1609/3316/1609
f 1853/3960/1853 1854/3961/1854 5130/3958/5130 5129/3957/5129
f 1609/3316/1609 5129/3957/5129 5128/3954/5128 1608/3317/1608
f 209/3938/209 1846/3940/1846 5131/3959/5131 1855/3962/1855
f 1846/3940/1846 1845/3937/1845 5132/3956/5132 5131/3959/5131
f 1855/3962/1855 5131/3959/5131 5130/3958/5130 1854/3961/1854
f 5134/3963/5134 5135/3964/5135 5133/3965/5133 5139/3966/5139
f 5136/3967/5136 5137/3968/5137 5133/3965/5133 5135/3964/5135
f 5138/3969/5138 5139/3966/5139 5133/3965/5133 5137/3968/5137
f 208/3922/208 1850/3950/1850 5134/3963/5134 1856/3970/1856
f 1850/3950/1850 1851/3951/1851 5135/3964/5135 5134/3963/5134
f 1856/3970/1856 5134/3963/5134 5139/3966/5139 1857/3971/1857
f 209/3938/209 1859/3972/1859 5136/3967/5136 1852/3952/1852
f 1859/3972/1859 1860/3973/1860 5137/3968/5137 5136/3967/5136
f 1852/3952/1852 5136/3967/5136 5135/3964/5135 1851/3951/1851
f 210/3974/210 1858/3975/1858 5138/3969/5138 1861/3976/1861
f 1858/3975/1858 1857/3971/1857 5139/3966/5139 5138/3969/5138
f 1861/3976/1861 5138/3969/5138 5137/3968/5137 1860/3973/1860
f 5141/3977/5141 5142/3978/5142 5140/3979/5140 5146/3980/5146
f 5143/3981/5143 5144/3982/5144 5140/3979/5140 5142/3978/5142
f 5145/3983/5145 5146/3980/5146 5140/3979/5140 5144/3982/5144
f 208/3922/208 1856/3970/1856 5141/3977/5141 1862/3984/1862
f 1856/3970/1856 1857/3971/1857 5142/3978/5142 5141/3977/5141
f 1862/3984/1862 5141/3977/5141 5146/3980/5146 1863/3985/1863
f 210/3974/210 1865/3986/1865 5143/3981/5143 1858/3975/1858
f 1865/3986/1865 1866/3987/1866 5144/3982/5144 5143/3981/5143
f 1858/3975/1858 5143/3981/5143 5142/3978/5142 1857/3971/1857
f 211/3988/211 1864/3989/1864 5145/3983/5145 1867/3990/1867
f 1864/3989/1864 1863/3985/1863 5146/3980/5146 5145/3983/5145
f 1867/3990/1867 5145/3983/5145 5144/3982/5144 1866/3987/1866
f 5148/3991/5148 5149/3992/5149 5147/3993/5147 5153/3994/5153
f 5150/3995/5150 5151/3996/5151 5147/3993/5147 5149/3992/5149
f 5152/3997/5152 5153/3994/5153 5147/3993/5147 5151/3996/5151
f 210/3974/210 1868/3998/1868 5148/3991/5148 1865/3986/1865
f 1868/3998/1868 1869/3999/1869 5149/3992/5149 5148/3991/5148
f 1865/3986/1865 5148/3991/5148 5153/3994/5153 1866/3987/1866
f 212/4000/212 1873/4001/1873 5150/3995/5150 1870/4002/1870
f 1873/4001/1873 1872/4003/1872 5151/3996/5151 5150/3995/5150
f 1870/4002/1870 5150/3995/5150 5149/3992/5149 1869/3999/1869
f 211/3988/211 1867/3990/1867 5152/3997/5152 1871/4004/1871
f 1867/3990/1867 1866/3987/1866 5153/3994/5153 5152/3997/5152
f 1871/4004/1871 5152/3997/5152 5151/3996/5151 1872/4003/1872
f 5155/4005/5155 5156/4006/5156 5154/4007/5154 5160/4008/5160
f 5157/4009/5157 5158/4010/5158 5154/4007/5154 5156/4006/5156
f 5159/4011/5159 5160/4008/5160 5154/4007/5154 5158/4010/5158
f 209/3938/209 1855/3962/1855 5155/4005/5155 1874/4012/1874
f 1855/3962/1855 1854/3961/1854 5156/4006/5156 5155/4005/5155
f 1874/4012/1874 5155/4005/5155 5160/4008/5160 1875/4013/1875
f 180/3292/180 1877/4014/1877 5157/4009/5157 1853/3960/1853
f 1877/4014/1877 1878/4015/1878 5158/4010/5158 5157/4009/5157
f 1853/3960/1853 5157/4009/5157 5156/4006/5156 1854/3961/1854
f 213/4016/213 1876/4017/1876 5159/4011/5159 1879/4018/1879
f 1876/4017/1876 1875/4013/1875 5160/4008/5160 5159/4011/5159
f 1879/4018/1879 5159/4011/5159 5158/4010/5158 1878/4015/1878
f 5162/4019/5162 5163/4020/5163 5161/4021/5161 5167/4022/5167
f 5164/4023/5164 5165/4024/5165 5161/4021/5161 5163/4020/5163
f 5166/4025/5166 5167/4022/5167 5161/4021/5161 5165/4024/5165
f 209/3938/209 1874/4012/1874 5162/4019/5162 1859/3972/1859
f 1874/4012/1874 1875/4013/1875 5163/4020/5163 5162/4019/5162
f 1859/3972/1859 5162/4019/5162 5167/4022/5167 1860/3973/1860
f 213/4016/213 1882/4026/1882 5164/4023/5164 1876/4017/1876
f 1882/4026/1882 1881/4027/1881 5165/4024/5165 5164/4023/5164
f 1876/4017/1876 5164/4023/5164 5163/4020/5163 1875/4013/1875
f 210/3974/210 1861/3976/1861 5166/4025/5166 1880/4028/1880
f 1861/3976/1861 1860/3973/1860 5167/4022/5167 5166/4025/5166
f 1880/4028/1880 5166/4025/5166 5165/4024/5165 1881/4027/1881
f 5169/4029/5169 5170/4030/5170 5168/4031/5168 5174/4032/5174
f 5171/4033/5171 5172/4034/5172 5168/4031/5168 5170/4030/5170
f 5173/4035/5173 5174/4032/5174 5168/4031/5168 5172/4034/5172
f 213/4016/213 1879/4018/1879 5169/4029/5169 1885/4036/1885
f 1879/4018/1879 1878/4015/1878 5170/4030/5170 5169/4029/5169
f 1885/4036/1885 5169/4029/5169 5174/4032/5174 1884/4037/1884
f 180/3292/180 1606/3306/1606 5171/4033/5171 1877/4014/1877
f 1606/3306/1606 1605/3307/1605 5172/4034/5172 5171/4033/5171
f 1877/4014/1877 5171/4033/5171 5170/4030/5170 1878/4015/1878
f 172/3082/172 1883/4038/1883 5173/4035/5173 1604/3308/1604
f 1883/4038/1883 1884/4037/1884 5174/4032/5174 5173/4035/5173
f 1604/3308/1604 5173/4035/5173 5172/4034/5172 1605/3307/1605
f 5176/4039/5176 5177/4040/5177 5175/4041/5175 5181/4042/5181
f 5178/4043/5178 5179/4044/5179 5175/4041/5175 5177/4040/5177
f 5180/4045/5180 5181/4042/5181 5175/4041/5175 5179/4044/5179
f 210/3974/210 1886/4046/1886 5176/4039/5176 1868/3998/1868
f 1886/4046/1886 1887/4047/1887 5177/4040/5177 5176/4039/5176
f 1868/3998/1868 5176/4039/5176 5181/4042/5181 1869/3999/1869
f 214/4048/214 1891/4049/1891 5178/4043/5178 1888/4050/1888
f 1891/4049/1891 1890/4051/1890 5179/4044/5179 5178/4043/5178
f 1888/4050/1888 5178/4043/5178 5177/4040/5177 1887/4047/1887
f 212/4000/212 1870/4002/1870 5180/4045/5180 1889/4052/1889
f 1870/4002/1870 1869/3999/1869 5181/4042/5181 5180/4045/5180
f 1889/4052/1889 5180/4045/5180 5179/4044/5179 1890/4051/1890
f 5183/4053/5183 5184/4054/5184 5182/4055/5182 5188/4056/5188
f 5185/4057/5185 5186/4058/5186 5182/4055/5182 5184/4054/5184
f 5187/4059/5187 5188/4056/5188 5182/4055/5182 5186/4058/5186
f 214/4048/214 1894/4060/1894 5183/4053/5183 1891/4049/1891
f 1894/4060/1894 1893/4061/1893 5184/4054/5184 5183/4053/5183
f 1891/4049/1891 5183/4053/5183 5188/4056/5188 1890/4051/1890
f 171/3066/171 1895/4062/1895 5185/4057/5185 1892/4063/1892
f 1895/4062/1895 1896/4064/1896 5186/4058/5186 5185/4057/5185
f 1892/4063/1892 5185/4057/5185 5184/4054/5184 1893/4061/1893
f 212/4000/212 1889/4052/1889 5187/4059/5187 1897/4065/1897
f 1889/4052/1889 1890/4051/1890 5188/4056/5188 5187/4059/5187
f 1897/4065/1897 5187/4059/5187 5186/4058/5186 1896/4064/1896
f 5190/4066/5190 5191/4067/5191 5189/4068/5189 5195/4069/5195
f 5192/4070/5192 5193/4071/5193 5189/4068/5189 5191/4067/5191
f 5194/4072/5194 5195/4069/5195 5189/4068/5189 5193/4071/5193
f 214/4048/214 1900/4073/1900 5190/4066/5190 1894/4060/1894
f 1900/4073/1900 1899/4074/1899 5191/4067/5191 5190/4066/5190
f 1894/4060/1894 5190/4066/5190 5195/4069/5195 1893/4061/1893
f 172/3082/172 1522/3084/1522 5192/4070/5192 1898/4075/1898
f 1522/3084/1522 1521/3081/1521 5193/4071/5193 5192/4070/5192
f 1898/4075/1898 5192/4070/5192 5191/4067/5191 1899/4074/1899
f 171/3066/171 1892/4063/1892 5194/4072/5194 1520/3080/1520
f 1892/4063/1892 1893/4061/1893 5195/4069/5195 5194/4072/5194
f 1520/3080/1520 5194/4072/5194 5193/4071/5193 1521/3081/1521
f 5197/4076/5197 5198/4077/5198 5196/4078/5196 5202/4079/5202
f 5199/4080/5199 5200/4081/5200 5196/4078/5196 5198/4077/5198
f 5201/4082/5201 5202/4079/5202 5196/4078/5196 5200/4081/5200
f 215/4083/215 1906/4084/1906 5197/4076/5197 1903/4085/1903
f 1906/4084/1906 1905/4086/1905 5198/4077/5198 5197/4076/5197
f 1903/4085/1903 5197/4076/5197 5202/4079/5202 1902/4087/1902
f 210/3974/210 1880/4028/1880 5199/4080/5199 1904/4088/1904
f 1880/4028/1880 1881/4027/1881 5200/4081/5200 5199/4080/5199
f 1904/4088/1904 5199/4080/5199 5198/4077/5198 1905/4086/1905
f 213/4016/213 1901/4089/1901 5201/4082/5201 1882/4026/1882
f 1901/4089/1901 1902/4087/1902 5202/4079/5202 5201/4082/5201
f 1882/4026/1882 5201/4082/5201 5200/4081/5200 1881/4027/1881
f 5204/4090/5204 5205/4091/5205 5203/4092/5203 5209/4093/5209
f 5206/4094/5206 5207/4095/5207 5203/4092/5203 5205/4091/5205
f 5208/4096/5208 5209/4093/5209 5203/4092/5203 5207/4095/5207
f 215/4083/215 1909/4097/1909 5204/4090/5204 1906/4084/1906
f 1909/4097/1909 1908/4098/1908 5205/4091/5205 5204/4090/5204
f 1906/4084/1906 5204/4090/5204 5209/4093/5209 1905/4086/1905
f 214/4048/214 1888/4050/1888 5206/4094/5206 1907/4099/1907
f 1888/4050/1888 1887/4047/1887 5207/4095/5207 5206/4094/5206
f 1907/4099/1907 5206/4094/5206 5205/4091/5205 1908/4098/1908
f 210/3974/210 1904/4088/1904 5208/4096/5208 1886/4046/1886
f 1904/4088/1904 1905/4086/1905 5209/4093/5209 5208/4096/5208
f 1886/4046/1886 5208/4096/5208 5207/4095/5207 1887/4047/1887
f 5211/4100/5211 5212/4101/5212 5210/4102/5210 5216/4103/5216
f 5213/4104/5213 5214/4105/5214 5210/4102/5210 5212/4101/5212
f 5215/4106/5215 5216/4103/5216 5210/4102/5210 5214/4105/5214
f 214/4048/214 1907/4099/1907 5211/4100/5211 1900/4073/1900
f 1907/4099/1907 1908/4098/1908 5212/4101/5212 5211/4100/5211
f 1900/4073/1900 5211/4100/5211 5216/4103/5216 1899/4074/1899
f 215/4083/215 1912/4107/1912 5213/4104/5213 1909/4097/1909
f 1912/4107/1912 1911/4108/1911 5214/4105/5214 5213/4104/5213
f 1909/4097/1909 5213/4104/5213 5212/4101/5212 1908/4098/1908
f 172/3082/172 1898/4075/1898 5215/4106/5215 1910/4109/1910
f 1898/4075/1898 1899/4074/1899 5216/4103/5216 5215/4106/5215
f 1910/4109/1910 5215/4106/5215 5214/4105/5214 1911/4108/1911
f 5218/4110/5218 5219/4111/5219 5217/4112/5217 5223/4113/5223
f 5220/4114/5220 5221/4115/5221 5217/4112/5217 5219/4111/5219
f 5222/4116/5222 5223/4113/5223 5217/4112/5217 5221/4115/5221
f 213/4016/213 1885/4036/1885 5218/4110/5218 1901/4089/1901
f 1885/4036/1885 1884/4037/1884 5219/4111/5219 5218/4110/5218
f 1901/4089/1901 5218/4110/5218 5223/4113/5223 1902/4087/1902
f 172/3082/172 1910/4109/1910 5220/4114/5220 1883/4038/1883
f 1910/4109/1910 1911/4108/1911 5221/4115/5221 5220/4114/5220
f 1883/4038/1883 5220/4114/5220 5219/4111/5219 1884/4037/1884
f 215/4083/215 1903/4085/1903 5222/4116/5222 1912/4107/1912
f 1903/4085/1903 1902/4087/1902 5223/4113/5223 5222/4116/5222
f 1912/4107/1912 5222/4116/5222 5221/4115/5221 1911/4108/1911
f 5225/4117/5225 5226/4118/5226 5224/4119/5224 5230/4120/5230
f 5227/4121/5227 5228/4122/5228 5224/4119/5224 5226/4118/5226
f 5229/4123/5229 5230/4120/5230 5224/4119/5224 5228/4122/5228
f 216/4124/216 1918/4125/1918 5225/4117/5225 1915/4126/1915
f 1918/4125/1918 1917/4127/1917 5226/4118/5226 5225/4117/5225
f 1915/4126/1915 5225/4117/5225 5230/4120/5230 1914/4128/1914
f 9/51/9 322/53/322 5227/4121/5227 1916/4129/1916
f 322/53/322 321/49/321 5228/4122/5228 5227/4121/5227
f 1916/4129/1916 5227/4121/5227 5226/4118/5226 1917/4127/1917
f 7/46/7 1913/4130/1913 5229/4123/5229 320/47/320
f 1913/4130/1913 1914/4128/1914 5230/4120/5230 5229/4123/5229
f 320/47/320 5229/4123/5229 5228/4122/5228 321/49/321
f 5232/4131/5232 5233/4132/5233 5231/4133/5231 5237/4134/5237
f 5234/4135/5234 5235/4136/5235 5231/4133/5231 5233/4132/5233
f 5236/4137/5236 5237/4134/5237 5231/4133/5231 5235/4136/5235
f 216/4124/216 1921/4138/1921 5232/4131/5232 1918/4125/1918
f 1921/4138/1921 1920/4139/1920 5233/4132/5233 5232/4131/5232
f 1918/4125/1918 5232/4131/5232 5237/4134/5237 1917/4127/1917
f 183/3358/183 1924/4140/1924 5234/4135/5234 1919/4141/1919
f 1924/4140/1924 1923/4142/1923 5235/4136/5235 5234/4135/5234
f 1919/4141/1919 5234/4135/5234 5233/4132/5233 1920/4139/1920
f 9/51/9 1916/4129/1916 5236/4137/5236 1922/4143/1922
f 1916/4129/1916 1917/4127/1917 5237/4134/5237 5236/4137/5236
f 1922/4143/1922 5236/4137/5236 5235/4136/5235 1923/4142/1923
f 5239/4144/5239 5240/4145/5240 5238/4146/5238 5244/4147/5244
f 5241/4148/5241 5242/4149/5242 5238/4146/5238 5240/4145/5240
f 5243/4150/5243 5244/4147/5244 5238/4146/5238 5242/4149/5242
f 79/1293/79 1226/2350/1226 5239/4144/5239 1925/4151/1925
f 1226/2350/1226 1227/2348/1227 5240/4145/5240 5239/4144/5239
f 1925/4151/1925 5239/4144/5239 5244/4147/5244 1926/4152/1926
f 117/2029/117 1105/2031/1105 5241/4148/5241 1228/2347/1228
f 1105/2031/1105 1104/2028/1104 5242/4149/5242 5241/4148/5241
f 1228/2347/1228 5241/4148/5241 5240/4145/5240 1227/2348/1227
f 116/2017/116 1927/4153/1927 5243/4150/5243 1103/2027/1103
f 1927/4153/1927 1926/4152/1926 5244/4147/5244 5243/4150/5243
f 1103/2027/1103 5243/4150/5243 5242/4149/5242 1104/2028/1104
f 5246/4154/5246 5247/4155/5247 5245/4156/5245 5251/4157/5251
f 5248/4158/5248 5249/4159/5249 5245/4156/5245 5247/4155/5247
f 5250/4160/5250 5251/4157/5251 5245/4156/5245 5249/4159/5249
f 79/1293/79 1925/4151/1925 5246/4154/5246 1928/4161/1928
f 1925/4151/1925 1926/4152/1926 5247/4155/5247 5246/4154/5246
f 1928/4161/1928 5246/4154/5246 5251/4157/5251 1929/4162/1929
f 116/2017/116 1933/4163/1933 5248/4158/5248 1927/4153/1927
f 1933/4163/1933 1932/4164/1932 5249/4159/5249 5248/4158/5248
f 1927/4153/1927 5248/4158/5248 5247/4155/5247 1926/4152/1926
f 102/1789/102 1930/4165/1930 5250/4160/5250 1931/4166/1931
f 1930/4165/1930 1929/4162/1929 5251/4157/5251 5250/4160/5250
f 1931/4166/1931 5250/4160/5250 5249/4159/5249 1932/4164/1932
f 5253/4167/5253 5254/4168/5254 5252/4169/5252 5258/4170/5258
f 5255/4171/5255 5256/4172/5256 5252/4169/5252 5254/4168/5254
f 5257/4173/5257 5258/4170/5258 5252/4169/5252 5256/4172/5256
f 77/1267/77 818/1297/818 5253/4167/5253 1004/1787/1004
f 818/1297/818 819/1296/819 5254/4168/5254 5253/4167/5253
f 1004/1787/1004 5253/4167/5253 5258/4170/5258 1005/1788/1005
f 79/1293/79 1928/4161/1928 5255/4171/5255 820/1294/820
f 1928/4161/1928 1929/4162/1929 5256/4172/5256 5255/4171/5255
f 820/1294/820 5255/4171/5255 5254/4168/5254 819/1296/819
f 102/1789/102 1006/1791/1006 5257/4173/5257 1930/4165/1930
f 1006/1791/1006 1005/1788/1005 5258/4170/5258 5257/4173/5257
f 1930/4165/1930 5257/4173/5257 5256/4172/5256 1929/4162/1929
f 5260/4174/5260 5261/4175/5261 5259/4176/5259 5265/4177/5265
f 5262/4178/5262 5263/4179/5263 5259/4176/5259 5261/4175/5261
f 5264/4180/5264 5265/4177/5265 5259/4176/5259 5263/4179/5263
f 102/1789/102 1931/4166/1931 5260/4174/5260 1934/4181/1934
f 1931/4166/1931 1932/4164/1932 5261/4175/5261 5260/4174/5260
f 1934/4181/1934 5260/4174/5260 5265/4177/5265 1935/4182/1935
f 116/2017/116 1937/4183/1937 5262/4178/5262 1933/4163/1933
f 1937/4183/1937 1938/4184/1938 5263/4179/5263 5262/4178/5262
f 1933/4163/1933 5262/4178/5262 5261/4175/5261 1932/4164/1932
f 217/4185/217 1936/4186/1936 5264/4180/5264 1939/4187/1939
f 1936/4186/1936 1935/4182/1935 5265/4177/5265 5264/4180/5264
f 1939/4187/1939 5264/4180/5264 5263/4179/5263 1938/4184/1938
f 5267/4188/5267 5268/4189/5268 5266/4190/5266 5272/4191/5272
f 5269/4192/5269 5270/4193/5270 5266/4190/5266 5268/4189/5268
f 5271/4194/5271 5272/4191/5272 5266/4190/5266 5270/4193/5270
f 104/1827/104 1021/1829/1021 5267/4188/5267 1940/4195/1940
f 1021/1829/1021 1020/1826/1020 5268/4189/5268 5267/4188/5267
f 1940/4195/1940 5267/4188/5267 5272/4191/5272 1941/4196/1941
f 102/1789/102 1934/4181/1934 5269/4192/5269 1019/1825/1019
f 1934/4181/1934 1935/4182/1935 5270/4193/5270 5269/4192/5269
f 1019/1825/1019 5269/4192/5269 5268/4189/5268 1020/1826/1020
f 217/4185/217 1942/4197/1942 5271/4194/5271 1936/4186/1936
f 1942/4197/1942 1941/4196/1941 5272/4191/5272 5271/4194/5271
f 1936/4186/1936 5271/4194/5271 5270/4193/5270 1935/4182/1935
f 5274/4198/5274 5275/4199/5275 5273/4200/5273 5279/4201/5279
f 5276/4202/5276 5277/4203/5277 5273/4200/5273 5275/4199/5275
f 5278/4204/5278 5279/4201/5279 5273/4200/5273 5277/4203/5277
f 106/1855/106 1943/4205/1943 5274/4198/5274 1100/2015/1100
f 1943/4205/1943 1944/4206/1944 5275/4199/5275 5274/4198/5274
f 1100/2015/1100 5274/4198/5274 5279/4201/5279 1101/2016/1101
f 217/4185/217 1939/4187/1939 5276/4202/5276 1945/4207/1945
f 1939/4187/1939 1938/4184/1938 5277/4203/5277 5276/4202/5276
f 1945/4207/1945 5276/4202/5276 5275/4199/5275 1944/4206/1944
f 116/2017/116 1102/2019/1102 5278/4204/5278 1937/4183/1937
f 1102/2019/1102 1101/2016/1101 5279/4201/5279 5278/4204/5278
f 1937/4183/1937 5278/4204/5278 5277/4203/5277 1938/4184/1938
f 5281/4208/5281 5282/4209/5282 5280/4210/5280 5286/4211/5286
f 5283/4212/5283 5284/4213/5284 5280/4210/5280 5282/4209/5282
f 5285/4214/5285 5286/4211/5286 5280/4210/5280 5284/4213/5284
f 104/1827/104 1940/4195/1940 5281/4208/5281 1025/1839/1025
f 1940/4195/1940 1941/4196/1941 5282/4209/5282 5281/4208/5281
f 1025/1839/1025 5281/4208/5281 5286/4211/5286 1026/1840/1026
f 217/4185/217 1948/4215/1948 5283/4212/5283 1942/4197/1942
f 1948/4215/1948 1947/4216/1947 5284/4213/5284 5283/4212/5283
f 1942/4197/1942 5283/4212/5283 5282/4209/5282 1941/4196/1941
f 105/1841/105 1027/1843/1027 5285/4214/5285 1946/4217/1946
f 1027/1843/1027 1026/1840/1026 5286/4211/5286 5285/4214/5285
f 1946/4217/1946 5285/4214/5285 5284/4213/5284 1947/4216/1947
f 5288/4218/5288 5289/4219/5289 5287/4220/5287 5293/4221/5293
f 5290/4222/5290 5291/4223/5291 5287/4220/5287 5289/4219/5289
f 5292/4224/5292 5293/4221/5293 5287/4220/5287 5291/4223/5291
f 103/1803/103 1949/4225/1949 5288/4218/5288 1031/1853/1031
f 1949/4225/1949 1950/4226/1950 5289/4219/5289 5288/4218/5288
f 1031/1853/1031 5288/4218/5288 5293/4221/5293 1032/1854/1032
f 217/4185/217 1945/4207/1945 5290/4222/5290 1951/4227/1951
f 1945/4207/1945 1944/4206/1944 5291/4223/5291 5290/4222/5290
f 1951/4227/1951 5290/4222/5290 5289/4219/5289 1950/4226/1950
f 106/1855/106 1033/1857/1033 5292/4224/5292 1943/4205/1943
f 1033/1857/1033 1032/1854/1032 5293/4221/5293 5292/4224/5292
f 1943/4205/1943 5292/4224/5292 5291/4223/5291 1944/4206/1944
f 5295/4228/5295 5296/4229/5296 5294/4230/5294 5300/4231/5300
f 5297/4232/5297 5298/4233/5298 5294/4230/5294 5296/4229/5296
f 5299/4234/5299 5300/4231/5300 5294/4230/5294 5298/4233/5298
f 105/1841/105 1946/4217/1946 5295/4228/5295 1030/1842/1030
f 1946/4217/1946 1947/4216/1947 5296/4229/5296 5295/4228/5295
f 1030/1842/1030 5295/4228/5295 5300/4231/5300 1029/1844/1029
f 217/4185/217 1951/4227/1951 5297/4232/5297 1948/4215/1948
f 1951/4227/1951 1950/4226/1950 5298/4233/5298 5297/4232/5297
f 1948/4215/1948 5297/4232/5297 5296/4229/5296 1947/4216/1947
f 103/1803/103 1028/1845/1028 5299/4234/5299 1949/4225/1949
f 1028/1845/1028 1029/1844/1029 5300/4231/5300 5299/4234/5299
f 1949/4225/1949 5299/4234/5299 5298/4233/5298 1950/4226/1950
f 5302/4235/5302 5303/4236/5303 5301/4237/5301 5307/4238/5307
f 5304/4239/5304 5305/4240/5305 5301/4237/5301 5303/4236/5303
f 5306/4241/5306 5307/4238/5307 5301/4237/5301 5305/4240/5305
f 45/594/45 1954/4242/1954 5302/4235/5302 547/595/547
f 1954/4242/1954 1953/4243/1953 5303/4236/5303 5302/4235/5302
f 547/595/547 5302/4235/5302 5307/4238/5307 546/597/546
f 43/568/43 535/570/535 5304/4239/5304 1952/4244/1952
f 535/570/535 534/567/534 5305/4240/5305 5304/4239/5304
f 1952/4244/1952 5304/4239/5304 5303/4236/5303 1953/4243/1953
f 40/514/40 545/598/545 5306/4241/5306 533/566/533
f 545/598/545 546/597/546 5307/4238/5307 5306/4241/5306
f 533/566/533 5306/4241/5306 5305/4240/5305 534/567/534
f 5309/4245/5309 5310/4246/5310 5308/4247/5308 5314/4248/5314
f 5311/4249/5311 5312/4250/5312 5308/4247/5308 5310/4246/5310
f 5313/4251/5313 5314/4248/5314 5308/4247/5308 5312/4250/5312
f 45/594/45 1955/4252/1955 5309/4245/5309 1954/4242/1954
f 1955/4252/1955 1956/4253/1956 5310/4246/5310 5309/4245/5309
f 1954/4242/1954 5309/4245/5309 5314/4248/5314 1953/4243/1953
f 218/4254/218 1960/4255/1960 5311/4249/5311 1957/4256/1957
f 1960/4255/1960 1959/4257/1959 5312/4250/5312 5311/4249/5311
f 1957/4256/1957 5311/4249/5311 5310/4246/5310 1956/4253/1956
f 43/568/43 1952/4244/1952 5313/4251/5313 1958/4258/1958
f 1952/4244/1952 1953/4243/1953 5314/4248/5314 5313/4251/5313
f 1958/4258/1958 5313/4251/5313 5312/4250/5312 1959/4257/1959
f 5316/4259/5316 5317/4260/5317 5315/4261/5315 5321/4262/5321
f 5318/4263/5318 5319/4264/5319 5315/4261/5315 5317/4260/5317
f 5320/4265/5320 5321/4262/5321 5315/4261/5315 5319/4264/5319
f 47/622/47 1961/4266/1961 5316/4259/5316 559/623/559
f 1961/4266/1961 1962/4267/1962 5317/4260/5317 5316/4259/5316
f 559/623/559 5316/4259/5316 5321/4262/5321 558/625/558
f 218/4254/218 1957/4256/1957 5318/4263/5318 1963/4268/1963
f 1957/4256/1957 1956/4253/1956 5319/4264/5319 5318/4263/5318
f 1963/4268/1963 5318/4263/5318 5317/4260/5317 1962/4267/1962
f 45/594/45 557/626/557 5320/4265/5320 1955/4252/1955
f 557/626/557 558/625/558 5321/4262/5321 5320/4265/5320
f 1955/4252/1955 5320/4265/5320 5319/4264/5319 1956/4253/1956
f 5323/4269/5323 5324/4270/5324 5322/4271/5322 5328/4272/5328
f 5325/4273/5325 5326/4274/5326 5322/4271/5322 5324/4270/5324
f 5327/4275/5327 5328/4272/5328 5322/4271/5322 5326/4274/5326
f 218/4254/218 1964/4276/1964 5323/4269/5323 1960/4255/1960
f 1964/4276/1964 1965/4277/1965 5324/4270/5324 5323/4269/5323
f 1960/4255/1960 5323/4269/5323 5328/4272/5328 1959/4257/1959
f 219/4278/219 1969/4279/1969 5325/4273/5325 1966/4280/1966
f 1969/4279/1969 1968/4281/1968 5326/4274/5326 5325/4273/5325
f 1966/4280/1966 5325/4273/5325 5324/4270/5324 1965/4277/1965
f 43/568/43 1958/4258/1958 5327/4275/5327 1967/4282/1967
f 1958/4258/1958 1959/4257/1959 5328/4272/5328 5327/4275/5327
f 1967/4282/1967 5327/4275/5327 5326/4274/5326 1968/4281/1968
f 5330/4283/5330 5331/4284/5331 5329/4285/5329 5335/4286/5335
f 5332/4287/5332 5333/4288/5333 5329/4285/5329 5331/4284/5331
f 5334/4289/5334 5335/4286/5335 5329/4285/5329 5333/4288/5333
f 219/4278/219 1972/4290/1972 5330/4283/5330 1969/4279/1969
f 1972/4290/1972 1971/4291/1971 5331/4284/5331 5330/4283/5330
f 1969/4279/1969 5330/4283/5330 5335/4286/5335 1968/4281/1968
f 41/536/41 530/564/530 5332/4287/5332 1970/4292/1970
f 530/564/530 531/565/531 5333/4288/5333 5332/4287/5332
f 1970/4292/1970 5332/4287/5332 5331/4284/5331 1971/4291/1971
f 43/568/43 1967/4282/1967 5334/4289/5334 532/569/532
f 1967/4282/1967 1968/4281/1968 5335/4286/5335 5334/4289/5334
f 532/569/532 5334/4289/5334 5333/4288/5333 531/565/531
f 5337/4293/5337 5338/4294/5338 5336/4295/5336 5342/4296/5342
f 5339/4297/5339 5340/4298/5340 5336/4295/5336 5338/4294/5338
f 5341/4299/5341 5342/4296/5342 5336/4295/5336 5340/4298/5340
f 218/4254/218 1973/4300/1973 5337/4293/5337 1964/4276/1964
f 1973/4300/1973 1974/4301/1974 5338/4294/5338 5337/4293/5337
f 1964/4276/1964 5337/4293/5337 5342/4296/5342 1965/4277/1965
f 220/4302/220 1978/4303/1978 5339/4297/5339 1975/4304/1975
f 1978/4303/1978 1977/4305/1977 5340/4298/5340 5339/4297/5339
f 1975/4304/1975 5339/4297/5339 5338/4294/5338 1974/4301/1974
f 219/4278/219 1966/4280/1966 5341/4299/5341 1976/4306/1976
f 1966/4280/1966 1965/4277/1965 5342/4296/5342 5341/4299/5341
f 1976/4306/1976 5341/4299/5341 5340/4298/5340 1977/4305/1977
f 5344/4307/5344 5345/4308/5345 5343/4309/5343 5349/4310/5349
f 5346/4311/5346 5347/4312/5347 5343/4309/5343 5345/4308/5345
f 5348/4313/5348 5349/4310/5349 5343/4309/5343 5347/4312/5347
f 220/4302/220 1975/4304/1975 5344/4307/5344 1979/4314/1979
f 1975/4304/1975 1974/4301/1974 5345/4308/5345 5344/4307/5344
f 1979/4314/1979 5344/4307/5344 5349/4310/5349 1980/4315/1980
f 218/4254/218 1982/4316/1982 5346/4311/5346 1973/4300/1973
f 1982/4316/1982 1983/4317/1983 5347/4312/5347 5346/4311/5346
f 1973/4300/1973 5346/4311/5346 5345/4308/5345 1974/4301/1974
f 221/4318/221 1981/4319/1981 5348/4313/5348 1984/4320/1984
f 1981/4319/1981 1980/4315/1980 5349/4310/5349 5348/4313/5348
f 1984/4320/1984 5348/4313/5348 5347/4312/5347 1983/4317/1983
f 5351/4321/5351 5352/4322/5352 5350/4323/5350 5356/4324/5356
f 5353/4325/5353 5354/4326/5354 5350/4323/5350 5352/4322/5352
f 5355/4327/5355 5356/4324/5356 5350/4323/5350 5354/4326/5354
f 221/4318/221 1985/4328/1985 5351/4321/5351 1981/4319/1981
f 1985/4328/1985 1986/4329/1986 5352/4322/5352 5351/4321/5351
f 1981/4319/1981 5351/4321/5351 5356/4324/5356 1980/4315/1980
f 222/4330/222 1990/4331/1990 5353/4325/5353 1987/4332/1987
f 1990/4331/1990 1989/4333/1989 5354/4326/5354 5353/4325/5353
f 1987/4332/1987 5353/4325/5353 5352/4322/5352 1986/4329/1986
f 220/4302/220 1979/4314/1979 5355/4327/5355 1988/4334/1988
f 1979/4314/1979 1980/4315/1980 5356/4324/5356 5355/4327/5355
f 1988/4334/1988 5355/4327/5355 5354/4326/5354 1989/4333/1989
f 5358/4335/5358 5359/4336/5359 5357/4337/5357 5363/4338/5363
f 5360/4339/5360 5361/4340/5361 5357/4337/5357 5359/4336/5359
f 5362/4341/5362 5363/4338/5363 5357/4337/5357 5361/4340/5361
f 219/4278/219 1976/4306/1976 5358/4335/5358 1991/4342/1991
f 1976/4306/1976 1977/4305/1977 5359/4336/5359 5358/4335/5358
f 1991/4342/1991 5358/4335/5358 5363/4338/5363 1992/4343/1992
f 220/4302/220 1988/4334/1988 5360/4339/5360 1978/4303/1978
f 1988/4334/1988 1989/4333/1989 5361/4340/5361 5360/4339/5360
f 1978/4303/1978 5360/4339/5360 5359/4336/5359 1977/4305/1977
f 222/4330/222 1993/4344/1993 5362/4341/5362 1990/4331/1990
f 1993/4344/1993 1992/4343/1992 5363/4338/5363 5362/4341/5362
f 1990/4331/1990 5362/4341/5362 5361/4340/5361 1989/4333/1989
f 5365/4345/5365 5366/4346/5366 5364/4347/5364 5370/4348/5370
f 5367/4349/5367 5368/4350/5368 5364/4347/5364 5366/4346/5366
f 5369/4351/5369 5370/4348/5370 5364/4347/5364 5368/4350/5368
f 221/4318/221 1994/4352/1994 5365/4345/5365 1985/4328/1985
f 1994/4352/1994 1995/4353/1995 5366/4346/5366 5365/4345/5365
f 1985/4328/1985 5365/4345/5365 5370/4348/5370 1986/4329/1986
f 223/4354/223 1999/4355/1999 5367/4349/5367 1996/4356/1996
f 1999/4355/1999 1998/4357/1998 5368/4350/5368 5367/4349/5367
f 1996/4356/1996 5367/4349/5367 5366/4346/5366 1995/4353/1995
f 222/4330/222 1987/4332/1987 5369/4351/5369 1997/4358/1997
f 1987/4332/1987 1986/4329/1986 5370/4348/5370 5369/4351/5369
f 1997/4358/1997 5369/4351/5369 5368/4350/5368 1998/4357/1998
f 5372/4359/5372 5373/4360/5373 5371/4361/5371 5377/4362/5377
f 5374/4363/5374 5375/4364/5375 5371/4361/5371 5373/4360/5373
f 5376/4365/5376 5377/4362/5377 5371/4361/5371 5375/4364/5375
f 219/4278/219 1991/4342/1991 5372/4359/5372 2000/4366/2000
f 1991/4342/1991 1992/4343/1992 5373/4360/5373 5372/4359/5372
f 2000/4366/2000 5372/4359/5372 5377/4362/5377 2001/4367/2001
f 222/4330/222 2003/4368/2003 5374/4363/5374 1993/4344/1993
f 2003/4368/2003 2004/4369/2004 5375/4364/5375 5374/4363/5374
f 1993/4344/1993 5374/4363/5374 5373/4360/5373 1992/4343/1992
f 224/4370/224 2002/4371/2002 5376/4365/5376 2005/4372/2005
f 2002/4371/2002 2001/4367/2001 5377/4362/5377 5376/4365/5376
f 2005/4372/2005 5376/4365/5376 5375/4364/5375 2004/4369/2004
f 5379/4373/5379 5380/4374/5380 5378/4375/5378 5384/4376/5384
f 5381/4377/5381 5382/4378/5382 5378/4375/5378 5380/4374/5380
f 5383/4379/5383 5384/4376/5384 5378/4375/5378 5382/4378/5382
f 219/4278/219 2000/4366/2000 5379/4373/5379 2006/4380/2006
f 2000/4366/2000 2001/4367/2001 5380/4374/5380 5379/4373/5379
f 2006/4380/2006 5379/4373/5379 5384/4376/5384 2007/4381/2007
f 224/4370/224 2009/4382/2009 5381/4377/5381 2002/4371/2002
f 2009/4382/2009 2010/4383/2010 5382/4378/5382 5381/4377/5381
f 2002/4371/2002 5381/4377/5381 5380/4374/5380 2001/4367/2001
f 225/4384/225 2008/4385/2008 5383/4379/5383 2011/4386/2011
f 2008/4385/2008 2007/4381/2007 5384/4376/5384 5383/4379/5383
f 2011/4386/2011 5383/4379/5383 5382/4378/5382 2010/4383/2010
f 5386/4387/5386 5387/4388/5387 5385/4389/5385 5391/4390/5391
f 5388/4391/5388 5389/4392/5389 5385/4389/5385 5387/4388/5387
f 5390/4393/5390 5391/4390/5391 5385/4389/5385 5389/4392/5389
f 224/4370/224 2014/4394/2014 5386/4387/5386 2009/4382/2009
f 2014/4394/2014 2013/4395/2013 5387/4388/5387 5386/4387/5386
f 2009/4382/2009 5386/4387/5386 5391/4390/5391 2010/4383/2010
f 141/2516/141 2015/4396/2015 5388/4391/5388 2012/4397/2012
f 2015/4396/2015 2016/4398/2016 5389/4392/5389 5388/4391/5388
f 2012/4397/2012 5388/4391/5388 5387/4388/5387 2013/4395/2013
f 225/4384/225 2011/4386/2011 5390/4393/5390 2017/4399/2017
f 2011/4386/2011 2010/4383/2010 5391/4390/5391 5390/4393/5390
f 2017/4399/2017 5390/4393/5390 5389/4392/5389 2016/4398/2016
f 5393/4400/5393 5394/4401/5394 5392/4402/5392 5398/4403/5398
f 5395/4404/5395 5396/4405/5396 5392/4402/5392 5394/4401/5394
f 5397/4406/5397 5398/4403/5398 5392/4402/5392 5396/4405/5396
f 141/2516/141 1297/2518/1297 5393/4400/5393 2015/4396/2015
f 1297/2518/1297 1296/2520/1296 5394/4401/5394 5393/4400/5393
f 2015/4396/2015 5393/4400/5393 5398/4403/5398 2016/4398/2016
f 138/2454/138 2018/4407/2018 5395/4404/5395 1295/2522/1295
f 2018/4407/2018 2019/4408/2019 5396/4405/5396 5395/4404/5395
f 1295/2522/1295 5395/4404/5395 5394/4401/5394 1296/2520/1296
f 225/4384/225 2017/4399/2017 5397/4406/5397 2020/4409/2020
f 2017/4399/2017 2016/4398/2016 5398/4403/5398 5397/4406/5397
f 2020/4409/2020 5397/4406/5397 5396/4405/5396 2019/4408/2019
f 5400/4410/5400 5401/4411/5401 5399/4412/5399 5405/4413/5405
f 5402/4414/5402 5403/4415/5403 5399/4412/5399 5401/4411/5401
f 5404/4416/5404 5405/4413/5405 5399/4412/5399 5403/4415/5403
f 225/4384/225 2020/4409/2020 5400/4410/5400 2021/4417/2021
f 2020/4409/2020 2019/4408/2019 5401/4411/5401 5400/4410/5400
f 2021/4417/2021 5400/4410/5400 5405/4413/5405 2022/4418/2022
f 138/2454/138 2024/4419/2024 5402/4414/5402 2018/4407/2018
f 2024/4419/2024 2025/4420/2025 5403/4415/5403 5402/4414/5402
f 2018/4407/2018 5402/4414/5402 5401/4411/5401 2019/4408/2019
f 226/4421/226 2023/4422/2023 5404/4416/5404 2026/4423/2026
f 2023/4422/2023 2022/4418/2022 5405/4413/5405 5404/4416/5404
f 2026/4423/2026 5404/4416/5404 5403/4415/5403 2025/4420/2025
f 5407/4424/5407 5408/4425/5408 5406/4426/5406 5412/4427/5412
f 5409/4428/5409 5410/4429/5410 5406/4426/5406 5408/4425/5408
f 5411/4430/5411 5412/4427/5412 5406/4426/5406 5410/4429/5410
f 137/2440/137 2027/4431/2027 5407/4424/5407 1271/2460/1271
f 2027/4431/2027 2028/4432/2028 5408/4425/5408 5407/4424/5407
f 1271/2460/1271 5407/4424/5407 5412/4427/5412 1272/2458/1272
f 226/4421/226 2026/4423/2026 5409/4428/5409 2029/4433/2029
f 2026/4423/2026 2025/4420/2025 5410/4429/5410 5409/4428/5409
f 2029/4433/2029 5409/4428/5409 5408/4425/5408 2028/4432/2028
f 138/2454/138 1273/2456/1273 5411/4430/5411 2024/4419/2024
f 1273/2456/1273 1272/2458/1272 5412/4427/5412 5411/4430/5411
f 2024/4419/2024 5411/4430/5411 5410/4429/5410 2025/4420/2025
f 5414/4434/5414 5415/4435/5415 5413/4436/5413 5419/4437/5419
f 5416/4438/5416 5417/4439/5417 5413/4436/5413 5415/4435/5415
f 5418/4440/5418 5419/4437/5419 5413/4436/5413 5417/4439/5417
f 219/4278/219 2006/4380/2006 5414/4434/5414 2030/4441/2030
f 2006/4380/2006 2007/4381/2007 5415/4435/5415 5414/4434/5414
f 2030/4441/2030 5414/4434/5414 5419/4437/5419 2031/4442/2031
f 225/4384/225 2033/4443/2033 5416/4438/5416 2008/4385/2008
f 2033/4443/2033 2034/4444/2034 5417/4439/5417 5416/4438/5416
f 2008/4385/2008 5416/4438/5416 5415/4435/5415 2007/4381/2007
f 227/4445/227 2032/4446/2032 5418/4440/5418 2035/4447/2035
f 2032/4446/2032 2031/4442/2031 5419/4437/5419 5418/4440/5418
f 2035/4447/2035 5418/4440/5418 5417/4439/5417 2034/4444/2034
f 5421/4448/5421 5422/4449/5422 5420/4450/5420 5426/4451/5426
f 5423/4452/5423 5424/4453/5424 5420/4450/5420 5422/4449/5422
f 5425/4454/5425 5426/4451/5426 5420/4450/5420 5424/4453/5424
f 225/4384/225 2021/4417/2021 5421/4448/5421 2033/4443/2033
f 2021/4417/2021 2022/4418/2022 5422/4449/5422 5421/4448/5421
f 2033/4443/2033 5421/4448/5421 5426/4451/5426 2034/4444/2034
f 226/4421/226 2036/4455/2036 5423/4452/5423 2023/4422/2023
f 2036/4455/2036 2037/4456/2037 5424/4453/5424 5423/4452/5423
f 2023/4422/2023 5423/4452/5423 5422/4449/5422 2022/4418/2022
f 227/4445/227 2035/4447/2035 5425/4454/5425 2038/4457/2038
f 2035/4447/2035 2034/4444/2034 5426/4451/5426 5425/4454/5425
f 2038/4457/2038 5425/4454/5425 5424/4453/5424 2037/4456/2037
f 5428/4458/5428 5429/4459/5429 5427/4460/5427 5433/4461/5433
f 5430/4462/5430 5431/4463/5431 5427/4460/5427 5429/4459/5429
f 5432/4464/5432 5433/4461/5433 5427/4460/5427 5431/4463/5431
f 228/4465/228 2044/4466/2044 5428/4458/5428 2041/4467/2041
f 2044/4466/2044 2043/4468/2043 5429/4459/5429 5428/4458/5428
f 2041/4467/2041 5428/4458/5428 5433/4461/5433 2040/4469/2040
f 41/536/41 1970/4292/1970 5430/4462/5430 2042/4470/2042
f 1970/4292/1970 1971/4291/1971 5431/4463/5431 5430/4462/5430
f 2042/4470/2042 5430/4462/5430 5429/4459/5429 2043/4468/2043
f 219/4278/219 2039/4471/2039 5432/4464/5432 1972/4290/1972
f 2039/4471/2039 2040/4469/2040 5433/4461/5433 5432/4464/5432
f 1972/4290/1972 5432/4464/5432 5431/4463/5431 1971/4291/1971
f 5435/4472/5435 5436/4473/5436 5434/4474/5434 5440/4475/5440
f 5437/4476/5437 5438/4477/5438 5434/4474/5434 5436/4473/5436
f 5439/4478/5439 5440/4475/5440 5434/4474/5434 5438/4477/5438
f 227/4445/227 2045/4479/2045 5435/4472/5435 2032/4446/2032
f 2045/4479/2045 2046/4480/2046 5436/4473/5436 5435/4472/5435
f 2032/4446/2032 5435/4472/5435 5440/4475/5440 2031/4442/2031
f 228/4465/228 2041/4467/2041 5437/4476/5437 2047/4481/2047
f 2041/4467/2041 2040/4469/2040 5438/4477/5438 5437/4476/5437
f 2047/4481/2047 5437/4476/5437 5436/4473/5436 2046/4480/2046
f 219/4278/219 2030/4441/2030 5439/4478/5439 2039/4471/2039
f 2030/4441/2030 2031/4442/2031 5440/4475/5440 5439/4478/5439
f 2039/4471/2039 5439/4478/5439 5438/4477/5438 2040/4469/2040
f 5442/4482/5442 5443/4483/5443 5441/4484/5441 5447/4485/5447
f 5444/4486/5444 5445/4487/5445 5441/4484/5441 5443/4483/5443
f 5446/4488/5446 5447/4485/5447 5441/4484/5441 5445/4487/5445
f 226/4421/226 2048/4489/2048 5442/4482/5442 2036/4455/2036
f 2048/4489/2048 2049/4490/2049 5443/4483/5443 5442/4482/5442
f 2036/4455/2036 5442/4482/5442 5447/4485/5447 2037/4456/2037
f 229/4491/229 2053/4492/2053 5444/4486/5444 2050/4493/2050
f 2053/4492/2053 2052/4494/2052 5445/4487/5445 5444/4486/5444
f 2050/4493/2050 5444/4486/5444 5443/4483/5443 2049/4490/2049
f 227/4445/227 2038/4457/2038 5446/4488/5446 2051/4495/2051
f 2038/4457/2038 2037/4456/2037 5447/4485/5447 5446/4488/5446
f 2051/4495/2051 5446/4488/5446 5445/4487/5445 2052/4494/2052
f 5449/4496/5449 5450/4497/5450 5448/4498/5448 5454/4499/5454
f 5451/4500/5451 5452/4501/5452 5448/4498/5448 5450/4497/5450
f 5453/4502/5453 5454/4499/5454 5448/4498/5448 5452/4501/5452
f 228/4465/228 2047/4481/2047 5449/4496/5449 2054/4503/2054
f 2047/4481/2047 2046/4480/2046 5450/4497/5450 5449/4496/5449
f 2054/4503/2054 5449/4496/5449 5454/4499/5454 2055/4504/2055
f 227/4445/227 2051/4495/2051 5451/4500/5451 2045/4479/2045
f 2051/4495/2051 2052/4494/2052 5452/4501/5452 5451/4500/5451
f 2045/4479/2045 5451/4500/5451 5450/4497/5450 2046/4480/2046
f 229/4491/229 2056/4505/2056 5453/4502/5453 2053/4492/2053
f 2056/4505/2056 2055/4504/2055 5454/4499/5454 5453/4502/5453
f 2053/4492/2053 5453/4502/5453 5452/4501/5452 2052/4494/2052
f 5456/4506/5456 5457/4507/5457 5455/4508/5455 5461/4509/5461
f 5458/4510/5458 5459/4511/5459 5455/4508/5455 5457/4507/5457
f 5460/4512/5460 5461/4509/5461 5455/4508/5455 5459/4511/5459
f 41/536/41 2042/4470/2042 5456/4506/5456 2057/4513/2057
f 2042/4470/2042 2043/4468/2043 5457/4507/5457 5456/4506/5456
f 2057/4513/2057 5456/4506/5456 5461/4509/5461 2058/4514/2058
f 228/4465/228 2060/4515/2060 5458/4510/5458 2044/4466/2044
f 2060/4515/2060 2061/4516/2061 5459/4511/5459 5458/4510/5458
f 2044/4466/2044 5458/4510/5458 5457/4507/5457 2043/4468/2043
f 230/4517/230 2059/4518/2059 5460/4512/5460 2062/4519/2062
f 2059/4518/2059 2058/4514/2058 5461/4509/5461 5460/4512/5460
f 2062/4519/2062 5460/4512/5460 5459/4511/5459 2061/4516/2061
f 5463/4520/5463 5464/4521/5464 5462/4522/5462 5468/4523/5468
f 5465/4524/5465 5466/4525/5466 5462/4522/5462 5464/4521/5464
f 5467/4526/5467 5468/4523/5468 5462/4522/5462 5466/4525/5466
f 42/554/42 529/556/529 5463/4520/5463 2063/4527/2063
f 529/556/529 528/553/528 5464/4521/5464 5463/4520/5463
f 2063/4527/2063 5463/4520/5463 5468/4523/5468 2064/4528/2064
f 41/536/41 2057/4513/2057 5465/4524/5465 527/552/527
f 2057/4513/2057 2058/4514/2058 5466/4525/5466 5465/4524/5465
f 527/552/527 5465/4524/5465 5464/4521/5464 528/553/528
f 230/4517/230 2065/4529/2065 5467/4526/5467 2059/4518/2059
f 2065/4529/2065 2064/4528/2064 5468/4523/5468 5467/4526/5467
f 2059/4518/2059 5467/4526/5467 5466/4525/5466 2058/4514/2058
f 5470/4530/5470 5471/4531/5471 5469/4532/5469 5475/4533/5475
f 5472/4534/5472 5473/4535/5473 5469/4532/5469 5471/4531/5471
f 5474/4536/5474 5475/4533/5475 5469/4532/5469 5473/4535/5473
f 228/4465/228 2066/4537/2066 5470/4530/5470 2060/4515/2060
f 2066/4537/2066 2067/4538/2067 5471/4531/5471 5470/4530/5470
f 2060/4515/2060 5470/4530/5470 5475/4533/5475 2061/4516/2061
f 231/4539/231 2071/4540/2071 5472/4534/5472 2068/4541/2068
f 2071/4540/2071 2070/4542/2070 5473/4535/5473 5472/4534/5472
f 2068/4541/2068 5472/4534/5472 5471/4531/5471 2067/4538/2067
f 230/4517/230 2062/4519/2062 5474/4536/5474 2069/4543/2069
f 2062/4519/2062 2061/4516/2061 5475/4533/5475 5474/4536/5474
f 2069/4543/2069 5474/4536/5474 5473/4535/5473 2070/4542/2070
f 5477/4544/5477 5478/4545/5478 5476/4546/5476 5482/4547/5482
f 5479/4548/5479 5480/4549/5480 5476/4546/5476 5478/4545/5478
f 5481/4550/5481 5482/4547/5482 5476/4546/5476 5480/4549/5480
f 228/4465/228 2054/4503/2054 5477/4544/5477 2066/4537/2066
f 2054/4503/2054 2055/4504/2055 5478/4545/5478 5477/4544/5477
f 2066/4537/2066 5477/4544/5477 5482/4547/5482 2067/4538/2067
f 229/4491/229 2072/4551/2072 5479/4548/5479 2056/4505/2056
f 2072/4551/2072 2073/4552/2073 5480/4549/5480 5479/4548/5479
f 2056/4505/2056 5479/4548/5479 5478/4545/5478 2055/4504/2055
f 231/4539/231 2068/4541/2068 5481/4550/5481 2074/4553/2074
f 2068/4541/2068 2067/4538/2067 5482/4547/5482 5481/4550/5481
f 2074/4553/2074 5481/4550/5481 5480/4549/5480 2073/4552/2073
f 5484/4554/5484 5485/4555/5485 5483/4556/5483 5489/4557/5489
f 5486/4558/5486 5487/4559/5487 5483/4556/5483 5485/4555/5485
f 5488/4560/5488 5489/4557/5489 5483/4556/5483 5487/4559/5487
f 229/4491/229 2050/4493/2050 5484/4554/5484 2075/4561/2075
f 2050/4493/2050 2049/4490/2049 5485/4555/5485 5484/4554/5484
f 2075/4561/2075 5484/4554/5484 5489/4557/5489 2076/4562/2076
f 226/4421/226 2078/4563/2078 5486/4558/5486 2048/4489/2048
f 2078/4563/2078 2079/4564/2079 5487/4559/5487 5486/4558/5486
f 2048/4489/2048 5486/4558/5486 5485/4555/5485 2049/4490/2049
f 232/4565/232 2077/4566/2077 5488/4560/5488 2080/4567/2080
f 2077/4566/2077 2076/4562/2076 5489/4557/5489 5488/4560/5488
f 2080/4567/2080 5488/4560/5488 5487/4559/5487 2079/4564/2079
f 5491/4568/5491 5492/4569/5492 5490/4570/5490 5496/4571/5496
f 5493/4572/5493 5494/4573/5494 5490/4570/5490 5492/4569/5492
f 5495/4574/5495 5496/4571/5496 5490/4570/5490 5494/4573/5494
f 137/2440/137 2081/4575/2081 5491/4568/5491 2027/4431/2027
f 2081/4575/2081 2082/4576/2082 5492/4569/5492 5491/4568/5491
f 2027/4431/2027 5491/4568/5491 5496/4571/5496 2028/4432/2028
f 232/4565/232 2080/4567/2080 5493/4572/5493 2083/4577/2083
f 2080/4567/2080 2079/4564/2079 5494/4573/5494 5493/4572/5493
f 2083/4577/2083 5493/4572/5493 5492/4569/5492 2082/4576/2082
f 226/4421/226 2029/4433/2029 5495/4574/5495 2078/4563/2078
f 2029/4433/2029 2028/4432/2028 5496/4571/5496 5495/4574/5495
f 2078/4563/2078 5495/4574/5495 5494/4573/5494 2079/4564/2079
f 5498/4578/5498 5499/4579/5499 5497/4580/5497 5503/4581/5503
f 5500/4582/5500 5501/4583/5501 5497/4580/5497 5499/4579/5499
f 5502/4584/5502 5503/4581/5503 5497/4580/5497 5501/4583/5501
f 42/554/42 2063/4527/2063 5498/4578/5498 2086/4585/2086
f 2063/4527/2063 2064/4528/2064 5499/4579/5499 5498/4578/5498
f 2086/4585/2086 5498/4578/5498 5503/4581/5503 2085/4586/2085
f 230/4517/230 2089/4587/2089 5500/4582/5500 2065/4529/2065
f 2089/4587/2089 2088/4588/2088 5501/4583/5501 5500/4582/5500
f 2065/4529/2065 5500/4582/5500 5499/4579/5499 2064/4528/2064
f 35/436/35 2084/4589/2084 5502/4584/5502 2087/4590/2087
f 2084/4589/2084 2085/4586/2085 5503/4581/5503 5502/4584/5502
f 2087/4590/2087 5502/4584/5502 5501/4583/5501 2088/4588/2088
f 5505/4591/5505 5506/4592/5506 5504/4593/5504 5510/4594/5510
f 5507/4595/5507 5508/4596/5508 5504/4593/5504 5506/4592/5506
f 5509/4597/5509 5510/4594/5510 5504/4593/5504 5508/4596/5508
f 230/4517/230 2069/4543/2069 5505/4591/5505 2089/4587/2089
f 2069/4543/2069 2070/4542/2070 5506/4592/5506 5505/4591/5505
f 2089/4587/2089 5505/4591/5505 5510/4594/5510 2088/4588/2088
f 231/4539/231 2092/4598/2092 5507/4595/5507 2071/4540/2071
f 2092/4598/2092 2091/4599/2091 5508/4596/5508 5507/4595/5507
f 2071/4540/2071 5507/4595/5507 5506/4592/5506 2070/4542/2070
f 35/436/35 2087/4590/2087 5509/4597/5509 2090/4600/2090
f 2087/4590/2087 2088/4588/2088 5510/4594/5510 5509/4597/5509
f 2090/4600/2090 5509/4597/5509 5508/4596/5508 2091/4599/2091
f 5512/4601/5512 5513/4602/5513 5511/4603/5511 5517/4604/5517
f 5514/4605/5514 5515/4606/5515 5511/4603/5511 5513/4602/5513
f 5516/4607/5516 5517/4604/5517 5511/4603/5511 5515/4606/5515
f 36/446/36 2093/4608/2093 5512/4601/5512 487/447/487
f 2093/4608/2093 2094/4609/2094 5513/4602/5513 5512/4601/5512
f 487/447/487 5512/4601/5512 5517/4604/5517 486/449/486
f 42/554/42 2086/4585/2086 5514/4605/5514 2095/4610/2095
f 2086/4585/2086 2085/4586/2085 5515/4606/5515 5514/4605/5514
f 2095/4610/2095 5514/4605/5514 5513/4602/5513 2094/4609/2094
f 35/436/35 485/451/485 5516/4607/5516 2084/4589/2084
f 485/451/485 486/449/486 5517/4604/5517 5516/4607/5516
f 2084/4589/2084 5516/4607/5516 5515/4606/5515 2085/4586/2085
f 5519/4611/5519 5520/4612/5520 5518/4613/5518 5524/4614/5524
f 5521/4615/5521 5522/4616/5522 5518/4613/5518 5520/4612/5520
f 5523/4617/5523 5524/4614/5524 5518/4613/5518 5522/4616/5522
f 36/446/36 503/498/503 5519/4611/5519 2093/4608/2093
f 503/498/503 504/499/504 5520/4612/5520 5519/4611/5519
f 2093/4608/2093 5519/4611/5519 5524/4614/5524 2094/4609/2094
f 39/502/39 524/550/524 5521/4615/5521 505/503/505
f 524/550/524 525/551/525 5522/4616/5522 5521/4615/5521
f 505/503/505 5521/4615/5521 5520/4612/5520 504/499/504
f 42/554/42 2095/4610/2095 5523/4617/5523 526/555/526
f 2095/4610/2095 2094/4609/2094 5524/4614/5524 5523/4617/5523
f 526/555/526 5523/4617/5523 5522/4616/5522 525/551/525
f 5526/4618/5526 5527/4619/5527 5525/4620/5525 5531/4621/5531
f 5528/4622/5528 5529/4623/5529 5525/4620/5525 5527/4619/5527
f 5530/4624/5530 5531/4621/5531 5525/4620/5525 5529/4623/5529
f 35/436/35 2090/4600/2090 5526/4618/5526 478/437/478
f 2090/4600/2090 2091/4599/2091 5527/4619/5527 5526/4618/5526
f 478/437/478 5526/4618/5526 5531/4621/5531 477/433/477
f 231/4539/231 2098/4625/2098 5528/4622/5528 2092/4598/2092
f 2098/4625/2098 2097/4626/2097 5529/4623/5529 5528/4622/5528
f 2092/4598/2092 5528/4622/5528 5527/4619/5527 2091/4599/2091
f 34/422/34 476/432/476 5530/4624/5530 2096/4627/2096
f 476/432/476 477/433/477 5531/4621/5531 5530/4624/5530
f 2096/4627/2096 5530/4624/5530 5529/4623/5529 2097/4626/2097
f 5533/4628/5533 5534/4629/5534 5532/4630/5532 5538/4631/5538
f 5535/4632/5535 5536/4633/5536 5532/4630/5532 5534/4629/5534
f 5537/4634/5537 5538/4631/5538 5532/4630/5532 5536/4633/5536
f 30/385/30 470/418/470 5533/4628/5533 2099/4635/2099
f 470/418/470 471/419/471 5534/4629/5534 5533/4628/5533
f 2099/4635/2099 5533/4628/5533 5538/4631/5538 2100/4636/2100
f 34/422/34 2096/4627/2096 5535/4632/5535 472/423/472
f 2096/4627/2096 2097/4626/2097 5536/4633/5536 5535/4632/5535
f 472/423/472 5535/4632/5535 5534/4629/5534 471/419/471
f 231/4539/231 2101/4637/2101 5537/4634/5537 2098/4625/2098
f 2101/4637/2101 2100/4636/2100 5538/4631/5538 5537/4634/5537
f 2098/4625/2098 5537/4634/5537 5536/4633/5536 2097/4626/2097
f 5540/4638/5540 5541/4639/5541 5539/4640/5539 5545/4641/5545
f 5542/4642/5542 5543/4643/5543 5539/4640/5539 5541/4639/5541
f 5544/4644/5544 5545/4641/5545 5539/4640/5539 5543/4643/5543
f 229/4491/229 2104/4645/2104 5540/4638/5540 2072/4551/2072
f 2104/4645/2104 2103/4646/2103 5541/4639/5541 5540/4638/5540
f 2072/4551/2072 5540/4638/5540 5545/4641/5545 2073/4552/2073
f 30/385/30 2099/4635/2099 5542/4642/5542 2102/4647/2102
f 2099/4635/2099 2100/4636/2100 5543/4643/5543 5542/4642/5542
f 2102/4647/2102 5542/4642/5542 5541/4639/5541 2103/4646/2103
f 231/4539/231 2074/4553/2074 5544/4644/5544 2101/4637/2101
f 2074/4553/2074 2073/4552/2073 5545/4641/5545 5544/4644/5544
f 2101/4637/2101 5544/4644/5544 5543/4643/5543 2100/4636/2100
f 5547/4648/5547 5548/4649/5548 5546/4650/5546 5552/4651/5552
f 5549/4652/5549 5550/4653/5550 5546/4650/5546 5548/4649/5548
f 5551/4654/5551 5552/4651/5552 5546/4650/5546 5550/4653/5550
f 229/4491/229 2075/4561/2075 5547/4648/5547 2104/4645/2104
f 2075/4561/2075 2076/4562/2076 5548/4649/5548 5547/4648/5547
f 2104/4645/2104 5547/4648/5547 5552/4651/5552 2103/4646/2103
f 232/4565/232 2107/4655/2107 5549/4652/5549 2077/4566/2077
f 2107/4655/2107 2106/4656/2106 5550/4653/5550 5549/4652/5549
f 2077/4566/2077 5549/4652/5549 5548/4649/5548 2076/4562/2076
f 30/385/30 2102/4647/2102 5551/4654/5551 2105/4657/2105
f 2102/4647/2102 2103/4646/2103 5552/4651/5552 5551/4654/5551
f 2105/4657/2105 5551/4654/5551 5550/4653/5550 2106/4656/2106
f 5554/4658/5554 5555/4659/5555 5553/4660/5553 5559/4661/5559
f 5556/4662/5556 5557/4663/5557 5553/4660/5553 5555/4659/5555
f 5558/4664/5558 5559/4661/5559 5553/4660/5553 5557/4663/5557
f 232/4565/232 2108/4665/2108 5554/4658/5554 2107/4655/2107
f 2108/4665/2108 2109/4666/2109 5555/4659/5555 5554/4658/5554
f 2107/4655/2107 5554/4658/5554 5559/4661/5559 2106/4656/2106
f 233/4667/233 2113/4668/2113 5556/4662/5556 2110/4669/2110
f 2113/4668/2113 2112/4670/2112 5557/4663/5557 5556/4662/5556
f 2110/4669/2110 5556/4662/5556 5555/4659/5555 2109/4666/2109
f 30/385/30 2105/4657/2105 5558/4664/5558 2111/4671/2111
f 2105/4657/2105 2106/4656/2106 5559/4661/5559 5558/4664/5558
f 2111/4671/2111 5558/4664/5558 5557/4663/5557 2112/4670/2112
f 5561/4672/5561 5562/4673/5562 5560/4674/5560 5566/4675/5566
f 5563/4676/5563 5564/4677/5564 5560/4674/5560 5562/4673/5562
f 5565/4678/5565 5566/4675/5566 5560/4674/5560 5564/4677/5564
f 232/4565/232 2083/4577/2083 5561/4672/5561 2108/4665/2108
f 2083/4577/2083 2082/4576/2082 5562/4673/5562 5561/4672/5561
f 2108/4665/2108 5561/4672/5561 5566/4675/5566 2109/4666/2109
f 137/2440/137 2114/4679/2114 5563/4676/5563 2081/4575/2081
f 2114/4679/2114 2115/4680/2115 5564/4677/5564 5563/4676/5563
f 2081/4575/2081 5563/4676/5563 5562/4673/5562 2082/4576/2082
f 233/4667/233 2110/4669/2110 5565/4678/5565 2116/4681/2116
f 2110/4669/2110 2109/4666/2109 5566/4675/5566 5565/4678/5565
f 2116/4681/2116 5565/4678/5565 5564/4677/5564 2115/4680/2115
f 5568/4682/5568 5569/4683/5569 5567/4684/5567 5573/4685/5573
f 5570/4686/5570 5571/4687/5571 5567/4684/5567 5569/4683/5569
f 5572/4688/5572 5573/4685/5573 5567/4684/5567 5571/4687/5571
f 30/385/30 2111/4671/2111 5568/4682/5568 458/386/458
f 2111/4671/2111 2112/4670/2112 5569/4683/5569 5568/4682/5568
f 458/386/458 5568/4682/5568 5573/4685/5573 459/388/459
f 233/4667/233 2119/4689/2119 5570/4686/5570 2113/4668/2113
f 2119/4689/2119 2118/4690/2118 5571/4687/5571 5570/4686/5570
f 2113/4668/2113 5570/4686/5570 5569/4683/5569 2112/4670/2112
f 32/390/32 460/392/460 5572/4688/5572 2117/4691/2117
f 460/392/460 459/388/459 5573/4685/5573 5572/4688/5572
f 2117/4691/2117 5572/4688/5572 5571/4687/5571 2118/4690/2118
f 5575/4692/5575 5576/4693/5576 5574/4694/5574 5580/4695/5580
f 5577/4696/5577 5578/4697/5578 5574/4694/5574 5576/4693/5576
f 5579/4698/5579 5580/4695/5580 5574/4694/5574 5578/4697/5578
f 137/2440/137 2122/4699/2122 5575/4692/5575 2114/4679/2114
f 2122/4699/2122 2121/4700/2121 5576/4693/5576 5575/4692/5575
f 2114/4679/2114 5575/4692/5575 5580/4695/5580 2115/4680/2115
f 132/2360/132 2123/4701/2123 5577/4696/5577 2120/4702/2120
f 2123/4701/2123 2124/4703/2124 5578/4697/5578 5577/4696/5577
f 2120/4702/2120 5577/4696/5577 5576/4693/5576 2121/4700/2121
f 233/4667/233 2116/4681/2116 5579/4698/5579 2125/4704/2125
f 2116/4681/2116 2115/4680/2115 5580/4695/5580 5579/4698/5579
f 2125/4704/2125 5579/4698/5579 5578/4697/5578 2124/4703/2124
f 5582/4705/5582 5583/4706/5583 5581/4707/5581 5587/4708/5587
f 5584/4709/5584 5585/4710/5585 5581/4707/5581 5583/4706/5583
f 5586/4711/5586 5587/4708/5587 5581/4707/5581 5585/4710/5585
f 137/2440/137 1267/2442/1267 5582/4705/5582 2122/4699/2122
f 1267/2442/1267 1266/2444/1266 5583/4706/5583 5582/4705/5582
f 2122/4699/2122 5582/4705/5582 5587/4708/5587 2121/4700/2121
f 133/2378/133 1243/2380/1243 5584/4709/5584 1265/2446/1265
f 1243/2380/1243 1242/2377/1242 5585/4710/5585 5584/4709/5584
f 1265/2446/1265 5584/4709/5584 5583/4706/5583 1266/2444/1266
f 132/2360/132 2120/4702/2120 5586/4711/5586 1241/2376/1241
f 2120/4702/2120 2121/4700/2121 5587/4708/5587 5586/4711/5586
f 1241/2376/1241 5586/4711/5586 5585/4710/5585 1242/2377/1242
f 5589/4712/5589 5590/4713/5590 5588/4714/5588 5594/4715/5594
f 5591/4716/5591 5592/4717/5592 5588/4714/5588 5590/4713/5590
f 5593/4718/5593 5594/4715/5594 5588/4714/5588 5592/4717/5592
f 131/2325/131 2126/4719/2126 5589/4712/5589 1232/2366/1232
f 2126/4719/2126 2127/4720/2127 5590/4713/5590 5589/4712/5589
f 1232/2366/1232 5589/4712/5589 5594/4715/5594 1233/2364/1233
f 233/4667/233 2125/4704/2125 5591/4716/5591 2128/4721/2128
f 2125/4704/2125 2124/4703/2124 5592/4717/5592 5591/4716/5591
f 2128/4721/2128 5591/4716/5591 5590/4713/5590 2127/4720/2127
f 132/2360/132 1234/2362/1234 5593/4718/5593 2123/4701/2123
f 1234/2362/1234 1233/2364/1233 5594/4715/5594 5593/4718/5593
f 2123/4701/2123 5593/4718/5593 5592/4717/5592 2124/4703/2124
f 5596/4722/5596 5597/4723/5597 5595/4724/5595 5601/4725/5601
f 5598/4726/5598 5599/4727/5599 5595/4724/5595 5597/4723/5597
f 5600/4728/5600 5601/4725/5601 5595/4724/5595 5599/4727/5599
f 131/2325/131 2131/4729/2131 5596/4722/5596 2126/4719/2126
f 2131/4729/2131 2130/4730/2130 5597/4723/5597 5596/4722/5596
f 2126/4719/2126 5596/4722/5596 5601/4725/5601 2127/4720/2127
f 78/1277/78 2132/4731/2132 5598/4726/5598 2129/4732/2129
f 2132/4731/2132 2133/4733/2133 5599/4727/5599 5598/4726/5598
f 2129/4732/2129 5598/4726/5598 5597/4723/5597 2130/4730/2130
f 233/4667/233 2128/4721/2128 5600/4728/5600 2134/4734/2134
f 2128/4721/2128 2127/4720/2127 5601/4725/5601 5600/4728/5600
f 2134/4734/2134 5600/4728/5600 5599/4727/5599 2133/4733/2133
f 5603/4735/5603 5604/4736/5604 5602/4737/5602 5608/4738/5608
f 5605/4739/5605 5606/4740/5606 5602/4737/5602 5604/4736/5604
f 5607/4741/5607 5608/4738/5608 5602/4737/5602 5606/4740/5606
f 78/1277/78 2137/4742/2137 5603/4735/5603 2132/4731/2132
f 2137/4742/2137 2136/4743/2136 5604/4736/5604 5603/4735/5603
f 2132/4731/2132 5603/4735/5603 5608/4738/5608 2133/4733/2133
f 32/390/32 2117/4691/2117 5605/4739/5605 2135/4744/2135
f 2117/4691/2117 2118/4690/2118 5606/4740/5606 5605/4739/5605
f 2135/4744/2135 5605/4739/5605 5604/4736/5604 2136/4743/2136
f 233/4667/233 2134/4734/2134 5607/4741/5607 2119/4689/2119
f 2134/4734/2134 2133/4733/2133 5608/4738/5608 5607/4741/5607
f 2119/4689/2119 5607/4741/5607 5606/4740/5606 2118/4690/2118
f 5610/4745/5610 5611/4746/5611 5609/4747/5609 5615/4748/5615
f 5612/4749/5612 5613/4750/5613 5609/4747/5609 5611/4746/5611
f 5614/4751/5614 5615/4748/5615 5609/4747/5609 5613/4750/5613
f 131/2325/131 1231/2352/1231 5610/4745/5610 2131/4729/2131
f 1231/2352/1231 1230/2351/1230 5611/4746/5611 5610/4745/5610
f 2131/4729/2131 5610/4745/5610 5615/4748/5615 2130/4730/2130
f 79/1293/79 817/1295/817 5612/4749/5612 1229/2349/1229
f 817/1295/817 816/1292/816 5613/4750/5613 5612/4749/5612
f 1229/2349/1229 5612/4749/5612 5611/4746/5611 1230/2351/1230
f 78/1277/78 2129/4732/2129 5614/4751/5614 815/1291/815
f 2129/4732/2129 2130/4730/2130 5615/4748/5615 5614/4751/5614
f 815/1291/815 5614/4751/5614 5613/4750/5613 816/1292/816
f 5617/4752/5617 5618/4753/5618 5616/4754/5616 5622/4755/5622
f 5619/4756/5619 5620/4757/5620 5616/4754/5616 5618/4753/5618
f 5621/4758/5621 5622/4755/5622 5616/4754/5616 5620/4757/5620
f 55/766/55 2140/4759/2140 5617/4752/5617 809/1283/809
f 2140/4759/2140 2139/4760/2139 5618/4753/5618 5617/4752/5617
f 809/1283/809 5617/4752/5617 5622/4755/5622 810/1281/810
f 32/390/32 2135/4744/2135 5619/4756/5619 2138/4761/2138
f 2135/4744/2135 2136/4743/2136 5620/4757/5620 5619/4756/5619
f 2138/4761/2138 5619/4756/5619 5618/4753/5618 2139/4760/2139
f 78/1277/78 811/1279/811 5621/4758/5621 2137/4742/2137
f 811/1279/811 810/1281/810 5622/4755/5622 5621/4758/5621
f 2137/4742/2137 5621/4758/5621 5620/4757/5620 2136/4743/2136
f 5624/4762/5624 5625/4763/5625 5623/4764/5623 5629/4765/5629
f 5626/4766/5626 5627/4767/5627 5623/4764/5623 5625/4763/5625
f 5628/4768/5628 5629/4765/5629 5623/4764/5623 5627/4767/5627
f 54/748/54 2143/4769/2143 5624/4762/5624 614/764/614
f 2143/4769/2143 2142/4770/2142 5625/4763/5625 5624/4762/5624
f 614/764/614 5624/4762/5624 5629/4765/5629 615/765/615
f 32/390/32 2138/4761/2138 5626/4766/5626 2141/4771/2141
f 2138/4761/2138 2139/4760/2139 5627/4767/5627 5626/4766/5626
f 2141/4771/2141 5626/4766/5626 5625/4763/5625 2142/4770/2142
f 55/766/55 616/768/616 5628/4768/5628 2140/4759/2140
f 616/768/616 615/765/615 5629/4765/5629 5628/4768/5628
f 2140/4759/2140 5628/4768/5628 5627/4767/5627 2139/4760/2139
f 5631/4772/5631 5632/4773/5632 5630/4774/5630 5636/4775/5636
f 5633/4776/5633 5634/4777/5634 5630/4774/5630 5632/4773/5632
f 5635/4778/5635 5636/4775/5636 5630/4774/5630 5634/4777/5634
f 31/394/31 461/396/461 5631/4772/5631 605/754/605
f 461/396/461 462/393/462 5632/4773/5632 5631/4772/5631
f 605/754/605 5631/4772/5631 5636/4775/5636 606/752/606
f 32/390/32 2141/4771/2141 5633/4776/5633 463/391/463
f 2141/4771/2141 2142/4770/2142 5634/4777/5634 5633/4776/5633
f 463/391/463 5633/4776/5633 5632/4773/5632 462/393/462
f 54/748/54 607/750/607 5635/4778/5635 2143/4769/2143
f 607/750/607 606/752/606 5636/4775/5636 5635/4778/5635
f 2143/4769/2143 5635/4778/5635 5634/4777/5634 2142/4770/2142
f 5638/4779/5638 5639/4780/5639 5637/4781/5637 5643/4782/5643
f 5640/4783/5640 5641/4784/5641 5637/4781/5637 5639/4780/5639
f 5642/4785/5642 5643/4782/5643 5637/4781/5637 5641/4784/5641
f 218/4254/218 1963/4268/1963 5638/4779/5638 1982/4316/1982
f 1963/4268/1963 1962/4267/1962 5639/4780/5639 5638/4779/5638
f 1982/4316/1982 5638/4779/5638 5643/4782/5643 1983/4317/1983
f 47/622/47 2144/4786/2144 5640/4783/5640 1961/4266/1961
f 2144/4786/2144 2145/4787/2145 5641/4784/5641 5640/4783/5640
f 1961/4266/1961 5640/4783/5640 5639/4780/5639 1962/4267/1962
f 221/4318/221 1984/4320/1984 5642/4785/5642 2146/4788/2146
f 1984/4320/1984 1983/4317/1983 5643/4782/5643 5642/4785/5642
f 2146/4788/2146 5642/4785/5642 5641/4784/5641 2145/4787/2145
f 5645/4789/5645 5646/4790/5646 5644/4791/5644 5650/4792/5650
f 5647/4793/5647 5648/4794/5648 5644/4791/5644 5646/4790/5646
f 5649/4795/5649 5650/4792/5650 5644/4791/5644 5648/4794/5648
f 221/4318/221 2146/4788/2146 5645/4789/5645 2147/4796/2147
f 2146/4788/2146 2145/4787/2145 5646/4790/5646 5645/4789/5645
f 2147/4796/2147 5645/4789/5645 5650/4792/5650 2148/4797/2148
f 47/622/47 2150/4798/2150 5647/4793/5647 2144/4786/2144
f 2150/4798/2150 2151/4799/2151 5648/4794/5648 5647/4793/5647
f 2144/4786/2144 5647/4793/5647 5646/4790/5646 2145/4787/2145
f 234/4800/234 2149/4801/2149 5649/4795/5649 2152/4802/2152
f 2149/4801/2149 2148/4797/2148 5650/4792/5650 5649/4795/5649
f 2152/4802/2152 5649/4795/5649 5648/4794/5648 2151/4799/2151
f 5652/4803/5652 5653/4804/5653 5651/4805/5651 5657/4806/5657
f 5654/4807/5654 5655/4808/5655 5651/4805/5651 5653/4804/5653
f 5656/4809/5656 5657/4806/5657 5651/4805/5651 5655/4808/5655
f 8/55/8 329/70/329 5652/4803/5652 2153/4810/2153
f 329/70/329 330/68/330 5653/4804/5653 5652/4803/5652
f 2153/4810/2153 5652/4803/5652 5657/4806/5657 2154/4811/2154
f 10/65/10 2156/4812/2156 5654/4807/5654 331/66/331
f 2156/4812/2156 2157/4813/2157 5655/4808/5655 5654/4807/5654
f 331/66/331 5654/4807/5654 5653/4804/5653 330/68/330
f 235/4814/235 2155/4815/2155 5656/4809/5656 2158/4816/2158
f 2155/4815/2155 2154/4811/2154 5657/4806/5657 5656/4809/5656
f 2158/4816/2158 5656/4809/5656 5655/4808/5655 2157/4813/2157
f 5659/4817/5659 5660/4818/5660 5658/4819/5658 5664/4820/5664
f 5661/4821/5661 5662/4822/5662 5658/4819/5658 5660/4818/5660
f 5663/4823/5663 5664/4820/5664 5658/4819/5658 5662/4822/5662
f 60/866/60 676/919/676 5659/4817/5659 2159/4824/2159
f 676/919/676 675/918/675 5660/4818/5660 5659/4817/5659
f 2159/4824/2159 5659/4817/5659 5664/4820/5664 2160/4825/2160
f 8/55/8 2153/4810/2153 5661/4821/5661 674/916/674
f 2153/4810/2153 2154/4811/2154 5662/4822/5662 5661/4821/5661
f 674/916/674 5661/4821/5661 5660/4818/5660 675/918/675
f 235/4814/235 2161/4826/2161 5663/4823/5663 2155/4815/2155
f 2161/4826/2161 2160/4825/2160 5664/4820/5664 5663/4823/5663
f 2155/4815/2155 5663/4823/5663 5662/4822/5662 2154/4811/2154
f 5666/4827/5666 5667/4828/5667 5665/4829/5665 5671/4830/5671
f 5668/4831/5668 5669/4832/5669 5665/4829/5665 5667/4828/5667
f 5670/4833/5670 5671/4830/5671 5665/4829/5665 5669/4832/5669
f 235/4814/235 2164/4834/2164 5666/4827/5666 2161/4826/2161
f 2164/4834/2164 2163/4835/2163 5667/4828/5667 5666/4827/5666
f 2161/4826/2161 5666/4827/5666 5671/4830/5671 2160/4825/2160
f 61/880/61 661/882/661 5668/4831/5668 2162/4836/2162
f 661/882/661 660/879/660 5669/4832/5669 5668/4831/5668
f 2162/4836/2162 5668/4831/5668 5667/4828/5667 2163/4835/2163
f 60/866/60 2159/4824/2159 5670/4833/5670 659/878/659
f 2159/4824/2159 2160/4825/2160 5671/4830/5671 5670/4833/5670
f 659/878/659 5670/4833/5670 5669/4832/5669 660/879/660
f 5673/4837/5673 5674/4838/5674 5672/4839/5672 5678/4840/5678
f 5675/4841/5675 5676/4842/5676 5672/4839/5672 5674/4838/5674
f 5677/4843/5677 5678/4840/5678 5672/4839/5672 5676/4842/5676
f 235/4814/235 2167/4844/2167 5673/4837/5673 2164/4834/2164
f 2167/4844/2167 2166/4845/2166 5674/4838/5674 5673/4837/5673
f 2164/4834/2164 5673/4837/5673 5678/4840/5678 2163/4835/2163
f 193/3521/193 2170/4846/2170 5675/4841/5675 2165/4847/2165
f 2170/4846/2170 2169/4848/2169 5676/4842/5676 5675/4841/5675
f 2165/4847/2165 5675/4841/5675 5674/4838/5674 2166/4845/2166
f 61/880/61 2162/4836/2162 5677/4843/5677 2168/4849/2168
f 2162/4836/2162 2163/4835/2163 5678/4840/5678 5677/4843/5677
f 2168/4849/2168 5677/4843/5677 5676/4842/5676 2169/4848/2169
f 5680/4850/5680 5681/4851/5681 5679/4852/5679 5685/4853/5685
f 5682/4854/5682 5683/4855/5683 5679/4852/5679 5681/4851/5681
f 5684/4856/5684 5685/4853/5685 5679/4852/5679 5683/4855/5683
f 235/4814/235 2173/4857/2173 5680/4850/5680 2167/4844/2167
f 2173/4857/2173 2172/4858/2172 5681/4851/5681 5680/4850/5680
f 2167/4844/2167 5680/4850/5680 5685/4853/5685 2166/4845/2166
f 190/3479/190 1691/3517/1691 5682/4854/5682 2171/4859/2171
f 1691/3517/1691 1692/3518/1692 5683/4855/5683 5682/4854/5682
f 2171/4859/2171 5682/4854/5682 5681/4851/5681 2172/4858/2172
f 193/3521/193 2165/4847/2165 5684/4856/5684 1693/3522/1693
f 2165/4847/2165 2166/4845/2166 5685/4853/5685 5684/4856/5684
f 1693/3522/1693 5684/4856/5684 5683/4855/5683 1692/3518/1692
f 5687/4860/5687 5688/4861/5688 5686/4862/5686 5692/4863/5692
f 5689/4864/5689 5690/4865/5690 5686/4862/5686 5688/4861/5688
f 5691/4866/5691 5692/4863/5692 5686/4862/5686 5690/4865/5690
f 193/3521/193 2174/4867/2174 5687/4860/5687 2170/4846/2170
f 2174/4867/2174 2175/4868/2175 5688/4861/5688 5687/4860/5687
f 2170/4846/2170 5687/4860/5687 5692/4863/5692 2169/4848/2169
f 234/4800/234 2179/4869/2179 5689/4864/5689 2176/4870/2176
f 2179/4869/2179 2178/4871/2178 5690/4865/5690 5689/4864/5689
f 2176/4870/2176 5689/4864/5689 5688/4861/5688 2175/4868/2175
f 61/880/61 2168/4849/2168 5691/4866/5691 2177/4872/2177
f 2168/4849/2168 2169/4848/2169 5692/4863/5692 5691/4866/5691
f 2177/4872/2177 5691/4866/5691 5690/4865/5690 2178/4871/2178
f 5694/4873/5694 5695/4874/5695 5693/4875/5693 5699/4876/5699
f 5696/4877/5696 5697/4878/5697 5693/4875/5693 5695/4874/5695
f 5698/4879/5698 5699/4876/5699 5693/4875/5693 5697/4878/5697
f 192/3507/192 2180/4880/2180 5694/4873/5694 1694/3519/1694
f 2180/4880/2180 2181/4881/2181 5695/4874/5695 5694/4873/5694
f 1694/3519/1694 5694/4873/5694 5699/4876/5699 1695/3520/1695
f 234/4800/234 2176/4870/2176 5696/4877/5696 2182/4882/2182
f 2176/4870/2176 2175/4868/2175 5697/4878/5697 5696/4877/5696
f 2182/4882/2182 5696/4877/5696 5695/4874/5695 2181/4881/2181
f 193/3521/193 1696/3523/1696 5698/4879/5698 2174/4867/2174
f 1696/3523/1696 1695/3520/1695 5699/4876/5699 5698/4879/5698
f 2174/4867/2174 5698/4879/5698 5697/4878/5697 2175/4868/2175
f 5701/4883/5701 5702/4884/5702 5700/4885/5700 5706/4886/5706
f 5703/4887/5703 5704/4888/5704 5700/4885/5700 5702/4884/5702
f 5705/4889/5705 5706/4886/5706 5700/4885/5700 5704/4888/5704
f 234/4800/234 2182/4882/2182 5701/4883/5701 2149/4801/2149
f 2182/4882/2182 2181/4881/2181 5702/4884/5702 5701/4883/5701
f 2149/4801/2149 5701/4883/5701 5706/4886/5706 2148/4797/2148
f 192/3507/192 2183/4890/2183 5703/4887/5703 2180/4880/2180
f 2183/4890/2183 2184/4891/2184 5704/4888/5704 5703/4887/5703
f 2180/4880/2180 5703/4887/5703 5702/4884/5702 2181/4881/2181
f 221/4318/221 2147/4796/2147 5705/4889/5705 2185/4892/2185
f 2147/4796/2147 2148/4797/2148 5706/4886/5706 5705/4889/5705
f 2185/4892/2185 5705/4889/5705 5704/4888/5704 2184/4891/2184
f 5708/4893/5708 5709/4894/5709 5707/4895/5707 5713/4896/5713
f 5710/4897/5710 5711/4898/5711 5707/4895/5707 5709/4894/5709
f 5712/4899/5712 5713/4896/5713 5707/4895/5707 5711/4898/5711
f 61/880/61 2177/4872/2177 5708/4893/5708 2188/4900/2188
f 2177/4872/2177 2178/4871/2178 5709/4894/5709 5708/4893/5708
f 2188/4900/2188 5708/4893/5708 5713/4896/5713 2187/4901/2187
f 234/4800/234 2152/4802/2152 5710/4897/5710 2179/4869/2179
f 2152/4802/2152 2151/4799/2151 5711/4898/5711 5710/4897/5710
f 2179/4869/2179 5710/4897/5710 5709/4894/5709 2178/4871/2178
f 47/622/47 2186/4902/2186 5712/4899/5712 2150/4798/2150
f 2186/4902/2186 2187/4901/2187 5713/4896/5713 5712/4899/5712
f 2150/4798/2150 5712/4899/5712 5711/4898/5711 2151/4799/2151
f 5715/4903/5715 5716/4904/5716 5714/4905/5714 5720/4906/5720
f 5717/4907/5717 5718/4908/5718 5714/4905/5714 5716/4904/5716
f 5719/4909/5719 5720/4906/5720 5714/4905/5714 5718/4908/5718
f 47/622/47 563/639/563 5715/4903/5715 2186/4902/2186
f 563/639/563 564/637/564 5716/4904/5716 5715/4903/5715
f 2186/4902/2186 5715/4903/5715 5720/4906/5720 2187/4901/2187
f 48/634/48 656/876/656 5717/4907/5717 565/635/565
f 656/876/656 657/877/657 5718/4908/5718 5717/4907/5717
f 565/635/565 5717/4907/5717 5716/4904/5716 564/637/564
f 61/880/61 2188/4900/2188 5719/4909/5719 658/881/658
f 2188/4900/2188 2187/4901/2187 5720/4906/5720 5719/4909/5719
f 658/881/658 5719/4909/5719 5718/4908/5718 657/877/657
f 5722/4910/5722 5723/4911/5723 5721/4912/5721 5727/4913/5727
f 5724/4914/5724 5725/4915/5725 5721/4912/5721 5723/4911/5723
f 5726/4916/5726 5727/4913/5727 5721/4912/5721 5725/4915/5725
f 17/4917/17 427/4918/427 5722/4910/5722 2189/4919/2189
f 427/4918/427 426/4920/426 5723/4911/5723 5722/4910/5722
f 2189/4919/2189 5722/4910/5722 5727/4913/5727 2190/4921/2190
f 6/32/6 1832/3904/1832 5724/4914/5724 425/4922/425
f 1832/3904/1832 1833/3903/1833 5725/4915/5725 5724/4914/5724
f 425/4922/425 5724/4914/5724 5723/4911/5723 426/4920/426
f 207/3900/207 2191/4923/2191 5726/4916/5726 1834/3901/1834
f 2191/4923/2191 2190/4921/2190 5727/4913/5727 5726/4916/5726
f 1834/3901/1834 5726/4916/5726 5725/4915/5725 1833/3903/1833
f 5729/4924/5729 5730/4925/5730 5728/4926/5728 5734/4927/5734
f 5731/4928/5731 5732/4929/5732 5728/4926/5728 5730/4925/5730
f 5733/4930/5733 5734/4927/5734 5728/4926/5728 5732/4929/5732
f 208/3922/208 2194/4931/2194 5729/4924/5729 1843/3923/1843
f 2194/4931/2194 2193/4932/2193 5730/4925/5730 5729/4924/5729
f 1843/3923/1843 5729/4924/5729 5734/4927/5734 1842/3925/1842
f 17/4917/17 2189/4919/2189 5731/4928/5731 2192/4933/2192
f 2189/4919/2189 2190/4921/2190 5732/4929/5732 5731/4928/5731
f 2192/4933/2192 5731/4928/5731 5730/4925/5730 2193/4932/2193
f 207/3900/207 1841/3927/1841 5733/4930/5733 2191/4923/2191
f 1841/3927/1841 1842/3925/1842 5734/4927/5734 5733/4930/5733
f 2191/4923/2191 5733/4930/5733 5732/4929/5732 2190/4921/2190
f 5736/4934/5736 5737/4935/5737 5735/4936/5735 5741/4937/5741
f 5738/4938/5738 5739/4939/5739 5735/4936/5735 5737/4935/5737
f 5740/4940/5740 5741/4937/5741 5735/4936/5735 5739/4939/5739
f 208/3922/208 1862/3984/1862 5736/4934/5736 2194/4931/2194
f 1862/3984/1862 1863/3985/1863 5737/4935/5737 5736/4934/5736
f 2194/4931/2194 5736/4934/5736 5741/4937/5741 2193/4932/2193
f 211/3988/211 2197/4941/2197 5738/4938/5738 1864/3989/1864
f 2197/4941/2197 2196/4942/2196 5739/4939/5739 5738/4938/5738
f 1864/3989/1864 5738/4938/5738 5737/4935/5737 1863/3985/1863
f 17/4917/17 2192/4933/2192 5740/4940/5740 2195/4943/2195
f 2192/4933/2192 2193/4932/2193 5741/4937/5741 5740/4940/5740
f 2195/4943/2195 5740/4940/5740 5739/4939/5739 2196/4942/2196
f 5743/4944/5743 5744/4945/5744 5742/4946/5742 5748/4947/5748
f 5745/4948/5745 5746/4949/5746 5742/4946/5742 5744/4945/5744
f 5747/4950/5747 5748/4947/5748 5742/4946/5742 5746/4949/5746
f 211/3988/211 2200/4951/2200 5743/4944/5743 2197/4941/2197
f 2200/4951/2200 2199/4952/2199 5744/4945/5744 5743/4944/5743
f 2197/4941/2197 5743/4944/5743 5748/4947/5748 2196/4942/2196
f 16/4953/16 362/4954/362 5745/4948/5745 2198/4955/2198
f 362/4954/362 363/4956/363 5746/4949/5746 5745/4948/5745
f 2198/4955/2198 5745/4948/5745 5744/4945/5744 2199/4952/2199
f 17/4917/17 2195/4943/2195 5747/4950/5747 364/4957/364
f 2195/4943/2195 2196/4942/2196 5748/4947/5748 5747/4950/5747
f 364/4957/364 5747/4950/5747 5746/4949/5746 363/4956/363
f 5750/4958/5750 5751/4959/5751 5749/4960/5749 5755/4961/5755
f 5752/4962/5752 5753/4963/5753 5749/4960/5749 5751/4959/5751
f 5754/4964/5754 5755/4961/5755 5749/4960/5749 5753/4963/5753
f 211/3988/211 1871/4004/1871 5750/4958/5750 2200/4951/2200
f 1871/4004/1871 1872/4003/1872 5751/4959/5751 5750/4958/5750
f 2200/4951/2200 5750/4958/5750 5755/4961/5755 2199/4952/2199
f 212/4000/212 2203/4965/2203 5752/4962/5752 1873/4001/1873
f 2203/4965/2203 2202/4966/2202 5753/4963/5753 5752/4962/5752
f 1873/4001/1873 5752/4962/5752 5751/4959/5751 1872/4003/1872
f 16/4953/16 2198/4955/2198 5754/4964/5754 2201/4967/2201
f 2198/4955/2198 2199/4952/2199 5755/4961/5755 5754/4964/5754
f 2201/4967/2201 5754/4964/5754 5753/4963/5753 2202/4966/2202
f 5757/4968/5757 5758/4969/5758 5756/4970/5756 5762/4971/5762
f 5759/4972/5759 5760/4973/5760 5756/4970/5756 5758/4969/5758
f 5761/4974/5761 5762/4971/5762 5756/4970/5756 5760/4973/5760
f 15/4975/15 356/4976/356 5757/4968/5757 2204/4977/2204
f 356/4976/356 357/4978/357 5758/4969/5758 5757/4968/5757
f 2204/4977/2204 5757/4968/5757 5762/4971/5762 2205/4979/2205
f 16/4953/16 2201/4967/2201 5759/4972/5759 358/4980/358
f 2201/4967/2201 2202/4966/2202 5760/4973/5760 5759/4972/5759
f 358/4980/358 5759/4972/5759 5758/4969/5758 357/4978/357
f 212/4000/212 2206/4981/2206 5761/4974/5761 2203/4965/2203
f 2206/4981/2206 2205/4979/2205 5762/4971/5762 5761/4974/5761
f 2203/4965/2203 5761/4974/5761 5760/4973/5760 2202/4966/2202
f 5764/4982/5764 5765/4983/5765 5763/4984/5763 5769/4985/5769
f 5766/4986/5766 5767/4987/5767 5763/4984/5763 5765/4983/5765
f 5768/4988/5768 5769/4985/5769 5763/4984/5763 5767/4987/5767
f 15/4975/15 2204/4977/2204 5764/4982/5764 2207/4989/2207
f 2204/4977/2204 2205/4979/2205 5765/4983/5765 5764/4982/5764
f 2207/4989/2207 5764/4982/5764 5769/4985/5769 2208/4990/2208
f 212/4000/212 1897/4065/1897 5766/4986/5766 2206/4981/2206
f 1897/4065/1897 1896/4064/1896 5767/4987/5767 5766/4986/5766
f 2206/4981/2206 5766/4986/5766 5765/4983/5765 2205/4979/2205
f 171/3066/171 2209/4991/2209 5768/4988/5768 1895/4062/1895
f 2209/4991/2209 2208/4990/2208 5769/4985/5769 5768/4988/5768
f 1895/4062/1895 5768/4988/5768 5767/4987/5767 1896/4064/1896
f 5771/4992/5771 5772/4993/5772 5770/4994/5770 5776/4995/5776
f 5773/4996/5773 5774/4997/5774 5770/4994/5770 5772/4993/5772
f 5775/4998/5775 5776/4995/5776 5770/4994/5770 5774/4997/5774
f 171/3066/171 2210/4999/2210 5771/4992/5771 2209/4991/2209
f 2210/4999/2210 2211/5000/2211 5772/4993/5772 5771/4992/5771
f 2209/4991/2209 5771/4992/5771 5776/4995/5776 2208/4990/2208
f 236/5001/236 2215/5002/2215 5773/4996/5773 2212/5003/2212
f 2215/5002/2215 2214/5004/2214 5774/4997/5774 5773/4996/5773
f 2212/5003/2212 5773/4996/5773 5772/4993/5772 2211/5000/2211
f 15/4975/15 2207/4989/2207 5775/4998/5775 2213/5005/2213
f 2207/4989/2207 2208/4990/2208 5776/4995/5776 5775/4998/5775
f 2213/5005/2213 5775/4998/5775 5774/4997/5774 2214/5004/2214
f 5778/5006/5778 5779/5007/5779 5777/5008/5777 5783/5009/5783
f 5780/5010/5780 5781/5011/5781 5777/5008/5777 5779/5007/5779
f 5782/5012/5782 5783/5009/5783 5777/5008/5777 5781/5011/5781
f 171/3066/171 1516/3068/1516 5778/5006/5778 2210/4999/2210
f 1516/3068/1516 1515/3070/1515 5779/5007/5779 5778/5006/5778
f 2210/4999/2210 5778/5006/5778 5783/5009/5783 2211/5000/2211
f 169/3030/169 2216/5013/2216 5780/5010/5780 1514/3072/1514
f 2216/5013/2216 2217/5014/2217 5781/5011/5781 5780/5010/5780
f 1514/3072/1514 5780/5010/5780 5779/5007/5779 1515/3070/1515
f 236/5001/236 2212/5003/2212 5782/5012/5782 2218/5015/2218
f 2212/5003/2212 2211/5000/2211 5783/5009/5783 5782/5012/5782
f 2218/5015/2218 5782/5012/5782 5781/5011/5781 2217/5014/2217
f 5785/5016/5785 5786/5017/5786 5784/5018/5784 5790/5019/5790
f 5787/5020/5787 5788/5021/5788 5784/5018/5784 5786/5017/5786
f 5789/5022/5789 5790/5019/5790 5784/5018/5784 5788/5021/5788
f 236/5001/236 2218/5015/2218 5785/5016/5785 2221/5023/2221
f 2218/5015/2218 2217/5014/2217 5786/5017/5786 5785/5016/5785
f 2221/5023/2221 5785/5016/5785 5790/5019/5790 2220/5024/2220
f 169/3030/169 1501/3032/1501 5787/5020/5787 2216/5013/2216
f 1501/3032/1501 1500/3029/1500 5788/5021/5788 5787/5020/5787
f 2216/5013/2216 5787/5020/5787 5786/5017/5786 2217/5014/2217
f 168/3016/168 2219/5025/2219 5789/5022/5789 1499/3028/1499
f 2219/5025/2219 2220/5024/2220 5790/5019/5790 5789/5022/5789
f 1499/3028/1499 5789/5022/5789 5788/5021/5788 1500/3029/1500
f 5792/5026/5792 5793/5027/5793 5791/5028/5791 5797/5029/5797
f 5794/5030/5794 5795/5031/5795 5791/5028/5791 5793/5027/5793
f 5796/5032/5796 5797/5029/5797 5791/5028/5791 5795/5031/5795
f 236/5001/236 2221/5023/2221 5792/5026/5792 2224/5033/2224
f 2221/5023/2221 2220/5024/2220 5793/5027/5793 5792/5026/5792
f 2224/5033/2224 5792/5026/5792 5797/5029/5797 2223/5034/2223
f 168/3016/168 1495/3018/1495 5794/5030/5794 2219/5025/2219
f 1495/3018/1495 1494/3015/1494 5795/5031/5795 5794/5030/5794
f 2219/5025/2219 5794/5030/5794 5793/5027/5793 2220/5024/2220
f 167/3000/167 2222/5035/2222 5796/5032/5796 1493/3014/1493
f 2222/5035/2222 2223/5034/2223 5797/5029/5797 5796/5032/5796
f 1493/3014/1493 5796/5032/5796 5795/5031/5795 1494/3015/1494
f 5799/5036/5799 5800/5037/5800 5798/5038/5798 5804/5039/5804
f 5801/5040/5801 5802/5041/5802 5798/5038/5798 5800/5037/5800
f 5803/5042/5803 5804/5039/5804 5798/5038/5798 5802/5041/5802
f 15/4975/15 2213/5005/2213 5799/5036/5799 2225/5043/2225
f 2213/5005/2213 2214/5004/2214 5800/5037/5800 5799/5036/5799
f 2225/5043/2225 5799/5036/5799 5804/5039/5804 2226/5044/2226
f 236/5001/236 2228/5045/2228 5801/5040/5801 2215/5002/2215
f 2228/5045/2228 2229/5046/2229 5802/5041/5802 5801/5040/5801
f 2215/5002/2215 5801/5040/5801 5800/5037/5800 2214/5004/2214
f 237/5047/237 2227/5048/2227 5803/5042/5803 2230/5049/2230
f 2227/5048/2227 2226/5044/2226 5804/5039/5804 5803/5042/5803
f 2230/5049/2230 5803/5042/5803 5802/5041/5802 2229/5046/2229
f 5806/5050/5806 5807/5051/5807 5805/5052/5805 5811/5053/5811
f 5808/5054/5808 5809/5055/5809 5805/5052/5805 5807/5051/5807
f 5810/5056/5810 5811/5053/5811 5805/5052/5805 5809/5055/5809
f 167/3000/167 2231/5057/2231 5806/5050/5806 2222/5035/2222
f 2231/5057/2231 2232/5058/2232 5807/5051/5807 5806/5050/5806
f 2222/5035/2222 5806/5050/5806 5811/5053/5811 2223/5034/2223
f 237/5047/237 2230/5049/2230 5808/5054/5808 2233/5059/2233
f 2230/5049/2230 2229/5046/2229 5809/5055/5809 5808/5054/5808
f 2233/5059/2233 5808/5054/5808 5807/5051/5807 2232/5058/2232
f 236/5001/236 2224/5033/2224 5810/5056/5810 2228/5045/2228
f 2224/5033/2224 2223/5034/2223 5811/5053/5811 5810/5056/5810
f 2228/5045/2228 5810/5056/5810 5809/5055/5809 2229/5046/2229
f 5813/5060/5813 5814/5061/5814 5812/5062/5812 5818/5063/5818
f 5815/5064/5815 5816/5065/5816 5812/5062/5812 5814/5061/5814
f 5817/5066/5817 5818/5063/5818 5812/5062/5812 5816/5065/5816
f 15/4975/15 2225/5043/2225 5813/5060/5813 2234/5067/2234
f 2225/5043/2225 2226/5044/2226 5814/5061/5814 5813/5060/5813
f 2234/5067/2234 5813/5060/5813 5818/5063/5818 2235/5068/2235
f 237/5047/237 2237/5069/2237 5815/5064/5815 2227/5048/2227
f 2237/5069/2237 2238/5070/2238 5816/5065/5816 5815/5064/5815
f 2227/5048/2227 5815/5064/5815 5814/5061/5814 2226/5044/2226
f 238/5071/238 2236/5072/2236 5817/5066/5817 2239/5073/2239
f 2236/5072/2236 2235/5068/2235 5818/5063/5818 5817/5066/5817
f 2239/5073/2239 5817/5066/5817 5816/5065/5816 2238/5070/2238
f 5820/5074/5820 5821/5075/5821 5819/5076/5819 5825/5077/5825
f 5822/5078/5822 5823/5079/5823 5819/5076/5819 5821/5075/5821
f 5824/5080/5824 5825/5077/5825 5819/5076/5819 5823/5079/5823
f 15/4975/15 2234/5067/2234 5820/5074/5820 352/5081/352
f 2234/5067/2234 2235/5068/2235 5821/5075/5821 5820/5074/5820
f 352/5081/352 5820/5074/5820 5825/5077/5825 351/5082/351
f 238/5071/238 2242/5083/2242 5822/5078/5822 2236/5072/2236
f 2242/5083/2242 2241/5084/2241 5823/5079/5823 5822/5078/5822
f 2236/5072/2236 5822/5078/5822 5821/5075/5821 2235/5068/2235
f 11/5085/11 350/5086/350 5824/5080/5824 2240/5087/2240
f 350/5086/350 351/5082/351 5825/5077/5825 5824/5080/5824
f 2240/5087/2240 5824/5080/5824 5823/5079/5823 2241/5084/2241
f 5827/5088/5827 5828/5089/5828 5826/5090/5826 5832/5091/5832
f 5829/5092/5829 5830/5093/5830 5826/5090/5826 5828/5089/5828
f 5831/5094/5831 5832/5091/5832 5826/5090/5826 5830/5093/5830
f 239/5095/239 2248/5096/2248 5827/5088/5827 2245/5097/2245
f 2248/5096/2248 2247/5098/2247 5828/5089/5828 5827/5088/5827
f 2245/5097/2245 5827/5088/5827 5832/5091/5832 2244/5099/2244
f 11/5085/11 2240/5087/2240 5829/5092/5829 2246/5100/2246
f 2240/5087/2240 2241/5084/2241 5830/5093/5830 5829/5092/5829
f 2246/5100/2246 5829/5092/5829 5828/5089/5828 2247/5098/2247
f 238/5071/238 2243/5101/2243 5831/5094/5831 2242/5083/2242
f 2243/5101/2243 2244/5099/2244 5832/5091/5832 5831/5094/5831
f 2242/5083/2242 5831/5094/5831 5830/5093/5830 2241/5084/2241
f 5834/5102/5834 5835/5103/5835 5833/5104/5833 5839/5105/5839
f 5836/5106/5836 5837/5107/5837 5833/5104/5833 5835/5103/5835
f 5838/5108/5838 5839/5105/5839 5833/5104/5833 5837/5107/5837
f 238/5071/238 2249/5109/2249 5834/5102/5834 2243/5101/2243
f 2249/5109/2249 2250/5110/2250 5835/5103/5835 5834/5102/5834
f 2243/5101/2243 5834/5102/5834 5839/5105/5839 2244/5099/2244
f 240/5111/240 2254/5112/2254 5836/5106/5836 2251/5113/2251
f 2254/5112/2254 2253/5114/2253 5837/5107/5837 5836/5106/5836
f 2251/5113/2251 5836/5106/5836 5835/5103/5835 2250/5110/2250
f 239/5095/239 2245/5097/2245 5838/5108/5838 2252/5115/2252
f 2245/5097/2245 2244/5099/2244 5839/5105/5839 5838/5108/5838
f 2252/5115/2252 5838/5108/5838 5837/5107/5837 2253/5114/2253
f 5841/5116/5841 5842/5117/5842 5840/5118/5840 5846/5119/5846
f 5843/5120/5843 5844/5121/5844 5840/5118/5840 5842/5117/5842
f 5845/5122/5845 5846/5119/5846 5840/5118/5840 5844/5121/5844
f 237/5047/237 2255/5123/2255 5841/5116/5841 2237/5069/2237
f 2255/5123/2255 2256/5124/2256 5842/5117/5842 5841/5116/5841
f 2237/5069/2237 5841/5116/5841 5846/5119/5846 2238/5070/2238
f 240/5111/240 2251/5113/2251 5843/5120/5843 2257/5125/2257
f 2251/5113/2251 2250/5110/2250 5844/5121/5844 5843/5120/5843
f 2257/5125/2257 5843/5120/5843 5842/5117/5842 2256/5124/2256
f 238/5071/238 2239/5073/2239 5845/5122/5845 2249/5109/2249
f 2239/5073/2239 2238/5070/2238 5846/5119/5846 5845/5122/5845
f 2249/5109/2249 5845/5122/5845 5844/5121/5844 2250/5110/2250
f 5848/5126/5848 5849/5127/5849 5847/5128/5847 5853/5129/5853
f 5850/5130/5850 5851/5131/5851 5847/5128/5847 5849/5127/5849
f 5852/5132/5852 5853/5129/5853 5847/5128/5847 5851/5131/5851
f 241/5133/241 2263/5134/2263 5848/5126/5848 2260/5135/2260
f 2263/5134/2263 2262/5136/2262 5849/5127/5849 5848/5126/5848
f 2260/5135/2260 5848/5126/5848 5853/5129/5853 2259/5137/2259
f 239/5095/239 2252/5115/2252 5850/5130/5850 2261/5138/2261
f 2252/5115/2252 2253/5114/2253 5851/5131/5851 5850/5130/5850
f 2261/5138/2261 5850/5130/5850 5849/5127/5849 2262/5136/2262
f 240/5111/240 2258/5139/2258 5852/5132/5852 2254/5112/2254
f 2258/5139/2258 2259/5137/2259 5853/5129/5853 5852/5132/5852
f 2254/5112/2254 5852/5132/5852 5851/5131/5851 2253/5114/2253
f 5855/5140/5855 5856/5141/5856 5854/5142/5854 5860/5143/5860
f 5857/5144/5857 5858/5145/5858 5854/5142/5854 5856/5141/5856
f 5859/5146/5859 5860/5143/5860 5854/5142/5854 5858/5145/5858
f 167/3000/167 2264/5147/2264 5855/5140/5855 2231/5057/2231
f 2264/5147/2264 2265/5148/2265 5856/5141/5856 5855/5140/5855
f 2231/5057/2231 5855/5140/5855 5860/5143/5860 2232/5058/2232
f 242/5149/242 2269/5150/2269 5857/5144/5857 2266/5151/2266
f 2269/5150/2269 2268/5152/2268 5858/5145/5858 5857/5144/5857
f 2266/5151/2266 5857/5144/5857 5856/5141/5856 2265/5148/2265
f 237/5047/237 2233/5059/2233 5859/5146/5859 2267/5153/2267
f 2233/5059/2233 2232/5058/2232 5860/5143/5860 5859/5146/5859
f 2267/5153/2267 5859/5146/5859 5858/5145/5858 2268/5152/2268
f 5862/5154/5862 5863/5155/5863 5861/5156/5861 5867/5157/5867
f 5864/5158/5864 5865/5159/5865 5861/5156/5861 5863/5155/5863
f 5866/5160/5866 5867/5157/5867 5861/5156/5861 5865/5159/5865
f 240/5111/240 2257/5125/2257 5862/5154/5862 2270/5161/2270
f 2257/5125/2257 2256/5124/2256 5863/5155/5863 5862/5154/5862
f 2270/5161/2270 5862/5154/5862 5867/5157/5867 2271/5162/2271
f 237/5047/237 2267/5153/2267 5864/5158/5864 2255/5123/2255
f 2267/5153/2267 2268/5152/2268 5865/5159/5865 5864/5158/5864
f 2255/5123/2255 5864/5158/5864 5863/5155/5863 2256/5124/2256
f 242/5149/242 2272/5163/2272 5866/5160/5866 2269/5150/2269
f 2272/5163/2272 2271/5162/2271 5867/5157/5867 5866/5160/5866
f 2269/5150/2269 5866/5160/5866 5865/5159/5865 2268/5152/2268
f 5869/5164/5869 5870/5165/5870 5868/5166/5868 5874/5167/5874
f 5871/5168/5871 5872/5169/5872 5868/5166/5868 5870/5165/5870
f 5873/5170/5873 5874/5167/5874 5868/5166/5868 5872/5169/5872
f 240/5111/240 2273/5171/2273 5869/5164/5869 2258/5139/2258
f 2273/5171/2273 2274/5172/2274 5870/5165/5870 5869/5164/5869
f 2258/5139/2258 5869/5164/5869 5874/5167/5874 2259/5137/2259
f 243/5173/243 2278/5174/2278 5871/5168/5871 2275/5175/2275
f 2278/5174/2278 2277/5176/2277 5872/5169/5872 5871/5168/5871
f 2275/5175/2275 5871/5168/5871 5870/5165/5870 2274/5172/2274
f 241/5133/241 2260/5135/2260 5873/5170/5873 2276/5177/2276
f 2260/5135/2260 2259/5137/2259 5874/5167/5874 5873/5170/5873
f 2276/5177/2276 5873/5170/5873 5872/5169/5872 2277/5176/2277
f 5876/5178/5876 5877/5179/5877 5875/5180/5875 5881/5181/5881
f 5878/5182/5878 5879/5183/5879 5875/5180/5875 5877/5179/5877
f 5880/5184/5880 5881/5181/5881 5875/5180/5875 5879/5183/5879
f 240/5111/240 2270/5161/2270 5876/5178/5876 2273/5171/2273
f 2270/5161/2270 2271/5162/2271 5877/5179/5877 5876/5178/5876
f 2273/5171/2273 5876/5178/5876 5881/5181/5881 2274/5172/2274
f 242/5149/242 2279/5185/2279 5878/5182/5878 2272/5163/2272
f 2279/5185/2279 2280/5186/2280 5879/5183/5879 5878/5182/5878
f 2272/5163/2272 5878/5182/5878 5877/5179/5877 2271/5162/2271
f 243/5173/243 2275/5175/2275 5880/5184/5880 2281/5187/2281
f 2275/5175/2275 2274/5172/2274 5881/5181/5881 5880/5184/5880
f 2281/5187/2281 5880/5184/5880 5879/5183/5879 2280/5186/2280
f 5883/5188/5883 5884/5189/5884 5882/5190/5882 5888/5191/5888
f 5885/5192/5885 5886/5193/5886 5882/5190/5882 5884/5189/5884
f 5887/5194/5887 5888/5191/5888 5882/5190/5882 5886/5193/5886
f 244/5195/244 2287/5196/2287 5883/5188/5883 2284/5197/2284
f 2287/5196/2287 2286/5198/2286 5884/5189/5884 5883/5188/5883
f 2284/5197/2284 5883/5188/5883 5888/5191/5888 2283/5199/2283
f 242/5149/242 2266/5151/2266 5885/5192/5885 2285/5200/2285
f 2266/5151/2266 2265/5148/2265 5886/5193/5886 5885/5192/5885
f 2285/5200/2285 5885/5192/5885 5884/5189/5884 2286/5198/2286
f 167/3000/167 2282/5201/2282 5887/5194/5887 2264/5147/2264
f 2282/5201/2282 2283/5199/2283 5888/5191/5888 5887/5194/5887
f 2264/5147/2264 5887/5194/5887 5886/5193/5886 2265/5148/2265
f 5890/5202/5890 5891/5203/5891 5889/5204/5889 5895/5205/5895
f 5892/5206/5892 5893/5207/5893 5889/5204/5889 5891/5203/5891
f 5894/5208/5894 5895/5205/5895 5889/5204/5889 5893/5207/5893
f 167/3000/167 1489/3002/1489 5890/5202/5890 2282/5201/2282
f 1489/3002/1489 1488/3004/1488 5891/5203/5891 5890/5202/5890
f 2282/5201/2282 5890/5202/5890 5895/5205/5895 2283/5199/2283
f 166/2988/166 2288/5209/2288 5892/5206/5892 1487/3006/1487
f 2288/5209/2288 2289/5210/2289 5893/5207/5893 5892/5206/5892
f 1487/3006/1487 5892/5206/5892 5891/5203/5891 1488/3004/1488
f 244/5195/244 2284/5197/2284 5894/5208/5894 2290/5211/2290
f 2284/5197/2284 2283/5199/2283 5895/5205/5895 5894/5208/5894
f 2290/5211/2290 5894/5208/5894 5893/5207/5893 2289/5210/2289
f 5897/5212/5897 5898/5213/5898 5896/5214/5896 5902/5215/5902
f 5899/5216/5899 5900/5217/5900 5896/5214/5896 5898/5213/5898
f 5901/5218/5901 5902/5215/5902 5896/5214/5896 5900/5217/5900
f 244/5195/244 2291/5219/2291 5897/5212/5897 2287/5196/2287
f 2291/5219/2291 2292/5220/2292 5898/5213/5898 5897/5212/5897
f 2287/5196/2287 5897/5212/5897 5902/5215/5902 2286/5198/2286
f 245/5221/245 2296/5222/2296 5899/5216/5899 2293/5223/2293
f 2296/5222/2296 2295/5224/2295 5900/5217/5900 5899/5216/5899
f 2293/5223/2293 5899/5216/5899 5898/5213/5898 2292/5220/2292
f 242/5149/242 2285/5200/2285 5901/5218/5901 2294/5225/2294
f 2285/5200/2285 2286/5198/2286 5902/5215/5902 5901/5218/5901
f 2294/5225/2294 5901/5218/5901 5900/5217/5900 2295/5224/2295
f 5904/5226/5904 5905/5227/5905 5903/5228/5903 5909/5229/5909
f 5906/5230/5906 5907/5231/5907 5903/5228/5903 5905/5227/5905
f 5908/5232/5908 5909/5229/5909 5903/5228/5903 5907/5231/5907
f 243/5173/243 2281/5187/2281 5904/5226/5904 2297/5233/2297
f 2281/5187/2281 2280/5186/2280 5905/5227/5905 5904/5226/5904
f 2297/5233/2297 5904/5226/5904 5909/5229/5909 2298/5234/2298
f 242/5149/242 2294/5225/2294 5906/5230/5906 2279/5185/2279
f 2294/5225/2294 2295/5224/2295 5907/5231/5907 5906/5230/5906
f 2279/5185/2279 5906/5230/5906 5905/5227/5905 2280/5186/2280
f 245/5221/245 2299/5235/2299 5908/5232/5908 2296/5222/2296
f 2299/5235/2299 2298/5234/2298 5909/5229/5909 5908/5232/5908
f 2296/5222/2296 5908/5232/5908 5907/5231/5907 2295/5224/2295
f 5911/5236/5911 5912/5237/5912 5910/5238/5910 5916/5239/5916
f 5913/5240/5913 5914/5241/5914 5910/5238/5910 5912/5237/5912
f 5915/5242/5915 5916/5239/5916 5910/5238/5910 5914/5241/5914
f 166/2988/166 2300/5243/2300 5911/5236/5911 2288/5209/2288
f 2300/5243/2300 2301/5244/2301 5912/5237/5912 5911/5236/5911
f 2288/5209/2288 5911/5236/5911 5916/5239/5916 2289/5210/2289
f 246/5245/246 2305/5246/2305 5913/5240/5913 2302/5247/2302
f 2305/5246/2305 2304/5248/2304 5914/5241/5914 5913/5240/5913
f 2302/5247/2302 5913/5240/5913 5912/5237/5912 2301/5244/2301
f 244/5195/244 2290/5211/2290 5915/5242/5915 2303/5249/2303
f 2290/5211/2290 2289/5210/2289 5916/5239/5916 5915/5242/5915
f 2303/5249/2303 5915/5242/5915 5914/5241/5914 2304/5248/2304
f 5918/5250/5918 5919/5251/5919 5917/5252/5917 5923/5253/5923
f 5920/5254/5920 5921/5255/5921 5917/5252/5917 5919/5251/5919
f 5922/5256/5922 5923/5253/5923 5917/5252/5917 5921/5255/5921
f 245/5221/245 2293/5223/2293 5918/5250/5918 2306/5257/2306
f 2293/5223/2293 2292/5220/2292 5919/5251/5919 5918/5250/5918
f 2306/5257/2306 5918/5250/5918 5923/5253/5923 2307/5258/2307
f 244/5195/244 2303/5249/2303 5920/5254/5920 2291/5219/2291
f 2303/5249/2303 2304/5248/2304 5921/5255/5921 5920/5254/5920
f 2291/5219/2291 5920/5254/5920 5919/5251/5919 2292/5220/2292
f 246/5245/246 2308/5259/2308 5922/5256/5922 2305/5246/2305
f 2308/5259/2308 2307/5258/2307 5923/5253/5923 5922/5256/5922
f 2305/5246/2305 5922/5256/5922 5921/5255/5921 2304/5248/2304
f 5925/5260/5925 5926/5261/5926 5924/5262/5924 5930/5263/5930
f 5927/5264/5927 5928/5265/5928 5924/5262/5924 5926/5261/5926
f 5929/5266/5929 5930/5263/5930 5924/5262/5924 5928/5265/5928
f 245/5221/245 2306/5257/2306 5925/5260/5925 2309/5267/2309
f 2306/5257/2306 2307/5258/2307 5926/5261/5926 5925/5260/5925
f 2309/5267/2309 5925/5260/5925 5930/5263/5930 2310/5268/2310
f 246/5245/246 2312/5269/2312 5927/5264/5927 2308/5259/2308
f 2312/5269/2312 2313/5270/2313 5928/5265/5928 5927/5264/5927
f 2308/5259/2308 5927/5264/5927 5926/5261/5926 2307/5258/2307
f 247/5271/247 2311/5272/2311 5929/5266/5929 2314/5273/2314
f 2311/5272/2311 2310/5268/2310 5930/5263/5930 5929/5266/5929
f 2314/5273/2314 5929/5266/5929 5928/5265/5928 2313/5270/2313
f 5932/5274/5932 5933/5275/5933 5931/5276/5931 5937/5277/5937
f 5934/5278/5934 5935/5279/5935 5931/5276/5931 5933/5275/5933
f 5936/5280/5936 5937/5277/5937 5931/5276/5931 5935/5279/5935
f 246/5245/246 2302/5247/2302 5932/5274/5932 2317/5281/2317
f 2302/5247/2302 2301/5244/2301 5933/5275/5933 5932/5274/5932
f 2317/5281/2317 5932/5274/5932 5937/5277/5937 2316/5282/2316
f 166/2988/166 1483/2990/1483 5934/5278/5934 2300/5243/2300
f 1483/2990/1483 1482/2987/1482 5935/5279/5935 5934/5278/5934
f 2300/5243/2300 5934/5278/5934 5933/5275/5933 2301/5244/2301
f 160/2864/160 2315/5283/2315 5936/5280/5936 1481/2986/1481
f 2315/5283/2315 2316/5282/2316 5937/5277/5937 5936/5280/5936
f 1481/2986/1481 5936/5280/5936 5935/5279/5935 1482/2987/1482
f 5939/5284/5939 5940/5285/5940 5938/5286/5938 5944/5287/5944
f 5941/5288/5941 5942/5289/5942 5938/5286/5938 5940/5285/5940
f 5943/5290/5943 5944/5287/5944 5938/5286/5938 5942/5289/5942
f 246/5245/246 2317/5281/2317 5939/5284/5939 2320/5291/2320
f 2317/5281/2317 2316/5282/2316 5940/5285/5940 5939/5284/5939
f 2320/5291/2320 5939/5284/5939 5944/5287/5944 2319/5292/2319
f 160/2864/160 1435/2866/1435 5941/5288/5941 2315/5283/2315
f 1435/2866/1435 1434/2863/1434 5942/5289/5942 5941/5288/5941
f 2315/5283/2315 5941/5288/5941 5940/5285/5940 2316/5282/2316
f 159/2852/159 2318/5293/2318 5943/5290/5943 1433/2862/1433
f 2318/5293/2318 2319/5292/2319 5944/5287/5944 5943/5290/5943
f 1433/2862/1433 5943/5290/5943 5942/5289/5942 1434/2863/1434
f 5946/5294/5946 5947/5295/5947 5945/5296/5945 5951/5297/5951
f 5948/5298/5948 5949/5299/5949 5945/5296/5945 5947/5295/5947
f 5950/5300/5950 5951/5297/5951 5945/5296/5945 5949/5299/5949
f 247/5271/247 2314/5273/2314 5946/5294/5946 2323/5301/2323
f 2314/5273/2314 2313/5270/2313 5947/5295/5947 5946/5294/5946
f 2323/5301/2323 5946/5294/5946 5951/5297/5951 2322/5302/2322
f 246/5245/246 2320/5291/2320 5948/5298/5948 2312/5269/2312
f 2320/5291/2320 2319/5292/2319 5949/5299/5949 5948/5298/5948
f 2312/5269/2312 5948/5298/5948 5947/5295/5947 2313/5270/2313
f 159/2852/159 2321/5303/2321 5950/5300/5950 2318/5293/2318
f 2321/5303/2321 2322/5302/2322 5951/5297/5951 5950/5300/5950
f 2318/5293/2318 5950/5300/5950 5949/5299/5949 2319/5292/2319
f 5953/5304/5953 5954/5305/5954 5952/5306/5952 5958/5307/5958
f 5955/5308/5955 5956/5309/5956 5952/5306/5952 5954/5305/5954
f 5957/5310/5957 5958/5307/5958 5952/5306/5952 5956/5309/5956
f 248/5311/248 2329/5312/2329 5953/5304/5953 2326/5313/2326
f 2329/5312/2329 2328/5314/2328 5954/5305/5954 5953/5304/5953
f 2326/5313/2326 5953/5304/5953 5958/5307/5958 2325/5315/2325
f 241/5133/241 2276/5177/2276 5955/5308/5955 2327/5316/2327
f 2276/5177/2276 2277/5176/2277 5956/5309/5956 5955/5308/5955
f 2327/5316/2327 5955/5308/5955 5954/5305/5954 2328/5314/2328
f 243/5173/243 2324/5317/2324 5957/5310/5957 2278/5174/2278
f 2324/5317/2324 2325/5315/2325 5958/5307/5958 5957/5310/5957
f 2278/5174/2278 5957/5310/5957 5956/5309/5956 2277/5176/2277
f 5960/5318/5960 5961/5319/5961 5959/5320/5959 5965/5321/5965
f 5962/5322/5962 5963/5323/5963 5959/5320/5959 5961/5319/5961
f 5964/5324/5964 5965/5321/5965 5959/5320/5959 5963/5323/5963
f 249/5325/249 2335/5326/2335 5960/5318/5960 2332/5327/2332
f 2335/5326/2335 2334/5328/2334 5961/5319/5961 5960/5318/5960
f 2332/5327/2332 5960/5318/5960 5965/5321/5965 2331/5329/2331
f 241/5133/241 2327/5316/2327 5962/5322/5962 2333/5330/2333
f 2327/5316/2327 2328/5314/2328 5963/5323/5963 5962/5322/5962
f 2333/5330/2333 5962/5322/5962 5961/5319/5961 2334/5328/2334
f 248/5311/248 2330/5331/2330 5964/5324/5964 2329/5312/2329
f 2330/5331/2330 2331/5329/2331 5965/5321/5965 5964/5324/5964
f 2329/5312/2329 5964/5324/5964 5963/5323/5963 2328/5314/2328
f 5967/5332/5967 5968/5333/5968 5966/5334/5966 5972/5335/5972
f 5969/5336/5969 5970/5337/5970 5966/5334/5966 5968/5333/5968
f 5971/5338/5971 5972/5335/5972 5966/5334/5966 5970/5337/5970
f 248/5311/248 2336/5339/2336 5967/5332/5967 2330/5331/2330
f 2336/5339/2336 2337/5340/2337 5968/5333/5968 5967/5332/5967
f 2330/5331/2330 5967/5332/5967 5972/5335/5972 2331/5329/2331
f 250/5341/250 2341/5342/2341 5969/5336/5969 2338/5343/2338
f 2341/5342/2341 2340/5344/2340 5970/5337/5970 5969/5336/5969
f 2338/5343/2338 5969/5336/5969 5968/5333/5968 2337/5340/2337
f 249/5325/249 2332/5327/2332 5971/5338/5971 2339/5345/2339
f 2332/5327/2332 2331/5329/2331 5972/5335/5972 5971/5338/5971
f 2339/5345/2339 5971/5338/5971 5970/5337/5970 2340/5344/2340
f 5974/5346/5974 5975/5347/5975 5973/5348/5973 5979/5349/5979
f 5976/5350/5976 5977/5351/5977 5973/5348/5973 5975/5347/5975
f 5978/5352/5978 5979/5349/5979 5973/5348/5973 5977/5351/5977
f 243/5173/243 2297/5233/2297 5974/5346/5974 2342/5353/2342
f 2297/5233/2297 2298/5234/2298 5975/5347/5975 5974/5346/5974
f 2342/5353/2342 5974/5346/5974 5979/5349/5979 2343/5354/2343
f 245/5221/245 2345/5355/2345 5976/5350/5976 2299/5235/2299
f 2345/5355/2345 2346/5356/2346 5977/5351/5977 5976/5350/5976
f 2299/5235/2299 5976/5350/5976 5975/5347/5975 2298/5234/2298
f 251/5357/251 2344/5358/2344 5978/5352/5978 2347/5359/2347
f 2344/5358/2344 2343/5354/2343 5979/5349/5979 5978/5352/5978
f 2347/5359/2347 5978/5352/5978 5977/5351/5977 2346/5356/2346
f 5981/5360/5981 5982/5361/5982 5980/5362/5980 5986/5363/5986
f 5983/5364/5983 5984/5365/5984 5980/5362/5980 5982/5361/5982
f 5985/5366/5985 5986/5363/5986 5980/5362/5980 5984/5365/5984
f 251/5357/251 2347/5359/2347 5981/5360/5981 2350/5367/2350
f 2347/5359/2347 2346/5356/2346 5982/5361/5982 5981/5360/5981
f 2350/5367/2350 5981/5360/5981 5986/5363/5986 2349/5368/2349
f 245/5221/245 2309/5267/2309 5983/5364/5983 2345/5355/2345
f 2309/5267/2309 2310/5268/2310 5984/5365/5984 5983/5364/5983
f 2345/5355/2345 5983/5364/5983 5982/5361/5982 2346/5356/2346
f 247/5271/247 2348/5369/2348 5985/5366/5985 2311/5272/2311
f 2348/5369/2348 2349/5368/2349 5986/5363/5986 5985/5366/5985
f 2311/5272/2311 5985/5366/5985 5984/5365/5984 2310/5268/2310
f 5988/5370/5988 5989/5371/5989 5987/5372/5987 5993/5373/5993
f 5990/5374/5990 5991/5375/5991 5987/5372/5987 5989/5371/5989
f 5992/5376/5992 5993/5373/5993 5987/5372/5987 5991/5375/5991
f 251/5357/251 2351/5377/2351 5988/5370/5988 2344/5358/2344
f 2351/5377/2351 2352/5378/2352 5989/5371/5989 5988/5370/5988
f 2344/5358/2344 5988/5370/5988 5993/5373/5993 2343/5354/2343
f 252/5379/252 2356/5380/2356 5990/5374/5990 2353/5381/2353
f 2356/5380/2356 2355/5382/2355 5991/5375/5991 5990/5374/5990
f 2353/5381/2353 5990/5374/5990 5989/5371/5989 2352/5378/2352
f 243/5173/243 2342/5353/2342 5992/5376/5992 2354/5383/2354
f 2342/5353/2342 2343/5354/2343 5993/5373/5993 5992/5376/5992
f 2354/5383/2354 5992/5376/5992 5991/5375/5991 2355/5382/2355
f 5995/5384/5995 5996/5385/5996 5994/5386/5994 6000/5387/6000
f 5997/5388/5997 5998/5389/5998 5994/5386/5994 5996/5385/5996
f 5999/5390/5999 6000/5387/6000 5994/5386/5994 5998/5389/5998
f 248/5311/248 2326/5313/2326 5995/5384/5995 2357/5391/2357
f 2326/5313/2326 2325/5315/2325 5996/5385/5996 5995/5384/5995
f 2357/5391/2357 5995/5384/5995 6000/5387/6000 2358/5392/2358
f 243/5173/243 2354/5383/2354 5997/5388/5997 2324/5317/2324
f 2354/5383/2354 2355/5382/2355 5998/5389/5998 5997/5388/5997
f 2324/5317/2324 5997/5388/5997 5996/5385/5996 2325/5315/2325
f 252/5379/252 2359/5393/2359 5999/5390/5999 2356/5380/2356
f 2359/5393/2359 2358/5392/2358 6000/5387/6000 5999/5390/5999
f 2356/5380/2356 5999/5390/5999 5998/5389/5998 2355/5382/2355
f 6002/5394/6002 6003/5395/6003 6001/5396/6001 6007/5397/6007
f 6004/5398/6004 6005/5399/6005 6001/5396/6001 6003/5395/6003
f 6006/5400/6006 6007/5397/6007 6001/5396/6001 6005/5399/6005
f 247/5271/247 2323/5301/2323 6002/5394/6002 2360/5401/2360
f 2323/5301/2323 2322/5302/2322 6003/5395/6003 6002/5394/6002
f 2360/5401/2360 6002/5394/6002 6007/5397/6007 2361/5402/2361
f 159/2852/159 2363/5403/2363 6004/5398/6004 2321/5303/2321
f 2363/5403/2363 2364/5404/2364 6005/5399/6005 6004/5398/6004
f 2321/5303/2321 6004/5398/6004 6003/5395/6003 2322/5302/2322
f 253/5405/253 2362/5406/2362 6006/5400/6006 2365/5407/2365
f 2362/5406/2362 2361/5402/2361 6007/5397/6007 6006/5400/6006
f 2365/5407/2365 6006/5400/6006 6005/5399/6005 2364/5404/2364
f 6009/5408/6009 6010/5409/6010 6008/5410/6008 6014/5411/6014
f 6011/5412/6011 6012/5413/6012 6008/5410/6008 6010/5409/6010
f 6013/5414/6013 6014/5411/6014 6008/5410/6008 6012/5413/6012
f 253/5405/253 2365/5407/2365 6009/5408/6009 2368/5415/2368
f 2365/5407/2365 2364/5404/2364 6010/5409/6010 6009/5408/6009
f 2368/5415/2368 6009/5408/6009 6014/5411/6014 2367/5416/2367
f 159/2852/159 1432/2854/1432 6011/5412/6011 2363/5403/2363
f 1432/2854/1432 1431/2851/1431 6012/5413/6012 6011/5412/6011
f 2363/5403/2363 6011/5412/6011 6010/5409/6010 2364/5404/2364
f 157/2820/157 2366/5417/2366 6013/5414/6013 1430/2850/1430
f 2366/5417/2366 2367/5416/2367 6014/5411/6014 6013/5414/6013
f 1430/2850/1430 6013/5414/6013 6012/5413/6012 1431/2851/1431
f 6016/5418/6016 6017/5419/6017 6015/5420/6015 6021/5421/6021
f 6018/5422/6018 6019/5423/6019 6015/5420/6015 6017/5419/6017
f 6020/5424/6020 6021/5421/6021 6015/5420/6015 6019/5423/6019
f 254/5425/254 2374/5426/2374 6016/5418/6016 2371/5427/2371
f 2374/5426/2374 2373/5428/2373 6017/5419/6017 6016/5418/6016
f 2371/5427/2371 6016/5418/6016 6021/5421/6021 2370/5429/2370
f 252/5379/252 2353/5381/2353 6018/5422/6018 2372/5430/2372
f 2353/5381/2353 2352/5378/2352 6019/5423/6019 6018/5422/6018
f 2372/5430/2372 6018/5422/6018 6017/5419/6017 2373/5428/2373
f 251/5357/251 2369/5431/2369 6020/5424/6020 2351/5377/2351
f 2369/5431/2369 2370/5429/2370 6021/5421/6021 6020/5424/6020
f 2351/5377/2351 6020/5424/6020 6019/5423/6019 2352/5378/2352
f 6023/5432/6023 6024/5433/6024 6022/5434/6022 6028/5435/6028
f 6025/5436/6025 6026/5437/6026 6022/5434/6022 6024/5433/6024
f 6027/5438/6027 6028/5435/6028 6022/5434/6022 6026/5437/6026
f 251/5357/251 2350/5367/2350 6023/5432/6023 2369/5431/2369
f 2350/5367/2350 2349/5368/2349 6024/5433/6024 6023/5432/6023
f 2369/5431/2369 6023/5432/6023 6028/5435/6028 2370/5429/2370
f 247/5271/247 2375/5439/2375 6025/5436/6025 2348/5369/2348
f 2375/5439/2375 2376/5440/2376 6026/5437/6026 6025/5436/6025
f 2348/5369/2348 6025/5436/6025 6024/5433/6024 2349/5368/2349
f 254/5425/254 2371/5427/2371 6027/5438/6027 2377/5441/2377
f 2371/5427/2371 2370/5429/2370 6028/5435/6028 6027/5438/6027
f 2377/5441/2377 6027/5438/6027 6026/5437/6026 2376/5440/2376
f 6030/5442/6030 6031/5443/6031 6029/5444/6029 6035/5445/6035
f 6032/5446/6032 6033/5447/6033 6029/5444/6029 6031/5443/6031
f 6034/5448/6034 6035/5445/6035 6029/5444/6029 6033/5447/6033
f 253/5405/253 2368/5415/2368 6030/5442/6030 2378/5449/2378
f 2368/5415/2368 2367/5416/2367 6031/5443/6031 6030/5442/6030
f 2378/5449/2378 6030/5442/6030 6035/5445/6035 2379/5450/2379
f 157/2820/157 2381/5451/2381 6032/5446/6032 2366/5417/2366
f 2381/5451/2381 2382/5452/2382 6033/5447/6033 6032/5446/6032
f 2366/5417/2366 6032/5446/6032 6031/5443/6031 2367/5416/2367
f 255/5453/255 2380/5454/2380 6034/5448/6034 2383/5455/2383
f 2380/5454/2380 2379/5450/2379 6035/5445/6035 6034/5448/6034
f 2383/5455/2383 6034/5448/6034 6033/5447/6033 2382/5452/2382
f 6037/5456/6037 6038/5457/6038 6036/5458/6036 6042/5459/6042
f 6039/5460/6039 6040/5461/6040 6036/5458/6036 6038/5457/6038
f 6041/5462/6041 6042/5459/6042 6036/5458/6036 6040/5461/6040
f 154/2752/154 2384/5463/2384 6037/5456/6037 1415/2826/1415
f 2384/5463/2384 2385/5464/2385 6038/5457/6038 6037/5456/6037
f 1415/2826/1415 6037/5456/6037 6042/5459/6042 1416/2824/1416
f 255/5453/255 2383/5455/2383 6039/5460/6039 2386/5465/2386
f 2383/5455/2383 2382/5452/2382 6040/5461/6040 6039/5460/6039
f 2386/5465/2386 6039/5460/6039 6038/5457/6038 2385/5464/2385
f 157/2820/157 1417/2822/1417 6041/5462/6041 2381/5451/2381
f 1417/2822/1417 1416/2824/1416 6042/5459/6042 6041/5462/6041
f 2381/5451/2381 6041/5462/6041 6040/5461/6040 2382/5452/2382
f 6044/5466/6044 6045/5467/6045 6043/5468/6043 6049/5469/6049
f 6046/5470/6046 6047/5471/6047 6043/5468/6043 6045/5467/6045
f 6048/5472/6048 6049/5469/6049 6043/5468/6043 6047/5471/6047
f 154/2752/154 1393/2754/1393 6044/5466/6044 2384/5463/2384
f 1393/2754/1393 1392/2751/1392 6045/5467/6045 6044/5466/6044
f 2384/5463/2384 6044/5466/6044 6049/5469/6049 2385/5464/2385
f 152/2722/152 2387/5473/2387 6046/5470/6046 1391/2750/1391
f 2387/5473/2387 2388/5474/2388 6047/5471/6047 6046/5470/6046
f 1391/2750/1391 6046/5470/6046 6045/5467/6045 1392/2751/1392
f 255/5453/255 2386/5465/2386 6048/5472/6048 2389/5475/2389
f 2386/5465/2386 2385/5464/2385 6049/5469/6049 6048/5472/6048
f 2389/5475/2389 6048/5472/6048 6047/5471/6047 2388/5474/2388
f 6051/5476/6051 6052/5477/6052 6050/5478/6050 6056/5479/6056
f 6053/5480/6053 6054/5481/6054 6050/5478/6050 6052/5477/6052
f 6055/5482/6055 6056/5479/6056 6050/5478/6050 6054/5481/6054
f 256/5483/256 2395/5484/2395 6051/5476/6051 2392/5485/2392
f 2395/5484/2395 2394/5486/2394 6052/5477/6052 6051/5476/6051
f 2392/5485/2392 6051/5476/6051 6056/5479/6056 2391/5487/2391
f 255/5453/255 2389/5475/2389 6053/5480/6053 2393/5488/2393
f 2389/5475/2389 2388/5474/2388 6054/5481/6054 6053/5480/6053
f 2393/5488/2393 6053/5480/6053 6052/5477/6052 2394/5486/2394
f 152/2722/152 2390/5489/2390 6055/5482/6055 2387/5473/2387
f 2390/5489/2390 2391/5487/2391 6056/5479/6056 6055/5482/6055
f 2387/5473/2387 6055/5482/6055 6054/5481/6054 2388/5474/2388
f 6058/5490/6058 6059/5491/6059 6057/5492/6057 6063/5493/6063
f 6060/5494/6060 6061/5495/6061 6057/5492/6057 6059/5491/6059
f 6062/5496/6062 6063/5493/6063 6057/5492/6057 6061/5495/6061
f 256/5483/256 2398/5497/2398 6058/5490/6058 2395/5484/2395
f 2398/5497/2398 2397/5498/2397 6059/5491/6059 6058/5490/6058
f 2395/5484/2395 6058/5490/6058 6063/5493/6063 2394/5486/2394
f 253/5405/253 2378/5449/2378 6060/5494/6060 2396/5499/2396
f 2378/5449/2378 2379/5450/2379 6061/5495/6061 6060/5494/6060
f 2396/5499/2396 6060/5494/6060 6059/5491/6059 2397/5498/2397
f 255/5453/255 2393/5488/2393 6062/5496/6062 2380/5454/2380
f 2393/5488/2393 2394/5486/2394 6063/5493/6063 6062/5496/6062
f 2380/5454/2380 6062/5496/6062 6061/5495/6061 2379/5450/2379
f 6065/5500/6065 6066/5501/6066 6064/5502/6064 6070/5503/6070
f 6067/5504/6067 6068/5505/6068 6064/5502/6064 6066/5501/6066
f 6069/5506/6069 6070/5503/6070 6064/5502/6064 6068/5505/6068
f 256/5483/256 2392/5485/2392 6065/5500/6065 2401/5507/2401
f 2392/5485/2392 2391/5487/2391 6066/5501/6066 6065/5500/6065
f 2401/5507/2401 6065/5500/6065 6070/5503/6070 2400/5508/2400
f 152/2722/152 1382/2734/1382 6067/5504/6067 2390/5489/2390
f 1382/2734/1382 1383/2735/1383 6068/5505/6068 6067/5504/6067
f 2390/5489/2390 6067/5504/6067 6066/5501/6066 2391/5487/2391
f 153/2738/153 2399/5509/2399 6069/5506/6069 1384/2739/1384
f 2399/5509/2399 2400/5508/2400 6070/5503/6070 6069/5506/6069
f 1384/2739/1384 6069/5506/6069 6068/5505/6068 1383/2735/1383
f 6072/5510/6072 6073/5511/6073 6071/5512/6071 6077/5513/6077
f 6074/5514/6074 6075/5515/6075 6071/5512/6071 6073/5511/6073
f 6076/5516/6076 6077/5513/6077 6071/5512/6071 6075/5515/6075
f 248/5311/248 2402/5517/2402 6072/5510/6072 2336/5339/2336
f 2402/5517/2402 2403/5518/2403 6073/5511/6073 6072/5510/6072
f 2336/5339/2336 6072/5510/6072 6077/5513/6077 2337/5340/2337
f 257/5519/257 2407/5520/2407 6074/5514/6074 2404/5521/2404
f 2407/5520/2407 2406/5522/2406 6075/5515/6075 6074/5514/6074
f 2404/5521/2404 6074/5514/6074 6073/5511/6073 2403/5518/2403
f 250/5341/250 2338/5343/2338 6076/5516/6076 2405/5523/2405
f 2338/5343/2338 2337/5340/2337 6077/5513/6077 6076/5516/6076
f 2405/5523/2405 6076/5516/6076 6075/5515/6075 2406/5522/2406
f 6079/5524/6079 6080/5525/6080 6078/5526/6078 6084/5527/6084
f 6081/5528/6081 6082/5529/6082 6078/5526/6078 6080/5525/6080
f 6083/5530/6083 6084/5527/6084 6078/5526/6078 6082/5529/6082
f 248/5311/248 2357/5391/2357 6079/5524/6079 2408/5531/2408
f 2357/5391/2357 2358/5392/2358 6080/5525/6080 6079/5524/6079
f 2408/5531/2408 6079/5524/6079 6084/5527/6084 2409/5532/2409
f 252/5379/252 2411/5533/2411 6081/5528/6081 2359/5393/2359
f 2411/5533/2411 2412/5534/2412 6082/5529/6082 6081/5528/6081
f 2359/5393/2359 6081/5528/6081 6080/5525/6080 2358/5392/2358
f 258/5535/258 2410/5536/2410 6083/5530/6083 2413/5537/2413
f 2410/5536/2410 2409/5532/2409 6084/5527/6084 6083/5530/6083
f 2413/5537/2413 6083/5530/6083 6082/5529/6082 2412/5534/2412
f 6086/5538/6086 6087/5539/6087 6085/5540/6085 6091/5541/6091
f 6088/5542/6088 6089/5543/6089 6085/5540/6085 6087/5539/6087
f 6090/5544/6090 6091/5541/6091 6085/5540/6085 6089/5543/6089
f 248/5311/248 2408/5531/2408 6086/5538/6086 2402/5517/2402
f 2408/5531/2408 2409/5532/2409 6087/5539/6087 6086/5538/6086
f 2402/5517/2402 6086/5538/6086 6091/5541/6091 2403/5518/2403
f 258/5535/258 2416/5545/2416 6088/5542/6088 2410/5536/2410
f 2416/5545/2416 2415/5546/2415 6089/5543/6089 6088/5542/6088
f 2410/5536/2410 6088/5542/6088 6087/5539/6087 2409/5532/2409
f 257/5519/257 2404/5521/2404 6090/5544/6090 2414/5547/2414
f 2404/5521/2404 2403/5518/2403 6091/5541/6091 6090/5544/6090
f 2414/5547/2414 6090/5544/6090 6089/5543/6089 2415/5546/2415
f 6093/5548/6093 6094/5549/6094 6092/5550/6092 6098/5551/6098
f 6095/5552/6095 6096/5553/6096 6092/5550/6092 6094/5549/6094
f 6097/5554/6097 6098/5551/6098 6092/5550/6092 6096/5553/6096
f 254/5425/254 2417/5555/2417 6093/5548/6093 2374/5426/2374
f 2417/5555/2417 2418/5556/2418 6094/5549/6094 6093/5548/6093
f 2374/5426/2374 6093/5548/6093 6098/5551/6098 2373/5428/2373
f 259/5557/259 2422/5558/2422 6095/5552/6095 2419/5559/2419
f 2422/5558/2422 2421/5560/2421 6096/5553/6096 6095/5552/6095
f 2419/5559/2419 6095/5552/6095 6094/5549/6094 2418/5556/2418
f 252/5379/252 2372/5430/2372 6097/5554/6097 2420/5561/2420
f 2372/5430/2372 2373/5428/2373 6098/5551/6098 6097/5554/6097
f 2420/5561/2420 6097/5554/6097 6096/5553/6096 2421/5560/2421
f 6100/5562/6100 6101/5563/6101 6099/5564/6099 6105/5565/6105
f 6102/5566/6102 6103/5567/6103 6099/5564/6099 6101/5563/6101
f 6104/5568/6104 6105/5565/6105 6099/5564/6099 6103/5567/6103
f 252/5379/252 2420/5561/2420 6100/5562/6100 2411/5533/2411
f 2420/5561/2420 2421/5560/2421 6101/5563/6101 6100/5562/6100
f 2411/5533/2411 6100/5562/6100 6105/5565/6105 2412/5534/2412
f 259/5557/259 2425/5569/2425 6102/5566/6102 2422/5558/2422
f 2425/5569/2425 2424/5570/2424 6103/5567/6103 6102/5566/6102
f 2422/5558/2422 6102/5566/6102 6101/5563/6101 2421/5560/2421
f 258/5535/258 2413/5537/2413 6104/5568/6104 2423/5571/2423
f 2413/5537/2413 2412/5534/2412 6105/5565/6105 6104/5568/6104
f 2423/5571/2423 6104/5568/6104 6103/5567/6103 2424/5570/2424
f 6107/5572/6107 6108/5573/6108 6106/5574/6106 6112/5575/6112
f 6109/5576/6109 6110/5577/6110 6106/5574/6106 6108/5573/6108
f 6111/5578/6111 6112/5575/6112 6106/5574/6106 6110/5577/6110
f 260/5579/260 2431/5580/2431 6107/5572/6107 2428/5581/2428
f 2431/5580/2431 2430/5582/2430 6108/5573/6108 6107/5572/6107
f 2428/5581/2428 6107/5572/6107 6112/5575/6112 2427/5583/2427
f 259/5557/259 2419/5559/2419 6109/5576/6109 2429/5584/2429
f 2419/5559/2419 2418/5556/2418 6110/5577/6110 6109/5576/6109
f 2429/5584/2429 6109/5576/6109 6108/5573/6108 2430/5582/2430
f 254/5425/254 2426/5585/2426 6111/5578/6111 2417/5555/2417
f 2426/5585/2426 2427/5583/2427 6112/5575/6112 6111/5578/6111
f 2417/5555/2417 6111/5578/6111 6110/5577/6110 2418/5556/2418
f 6114/5586/6114 6115/5587/6115 6113/5588/6113 6119/5589/6119
f 6116/5590/6116 6117/5591/6117 6113/5588/6113 6115/5587/6115
f 6118/5592/6118 6119/5589/6119 6113/5588/6113 6117/5591/6117
f 247/5271/247 2432/5593/2432 6114/5586/6114 2375/5439/2375
f 2432/5593/2432 2433/5594/2433 6115/5587/6115 6114/5586/6114
f 2375/5439/2375 6114/5586/6114 6119/5589/6119 2376/5440/2376
f 260/5579/260 2428/5581/2428 6116/5590/6116 2434/5595/2434
f 2428/5581/2428 2427/5583/2427 6117/5591/6117 6116/5590/6116
f 2434/5595/2434 6116/5590/6116 6115/5587/6115 2433/5594/2433
f 254/5425/254 2377/5441/2377 6118/5592/6118 2426/5585/2426
f 2377/5441/2377 2376/5440/2376 6119/5589/6119 6118/5592/6118
f 2426/5585/2426 6118/5592/6118 6117/5591/6117 2427/5583/2427
f 6121/5596/6121 6122/5597/6122 6120/5598/6120 6126/5599/6126
f 6123/5600/6123 6124/5601/6124 6120/5598/6120 6122/5597/6122
f 6125/5602/6125 6126/5599/6126 6120/5598/6120 6124/5601/6124
f 260/5579/260 2437/5603/2437 6121/5596/6121 2431/5580/2431
f 2437/5603/2437 2436/5604/2436 6122/5597/6122 6121/5596/6121
f 2431/5580/2431 6121/5596/6121 6126/5599/6126 2430/5582/2430
f 258/5535/258 2423/5571/2423 6123/5600/6123 2435/5605/2435
f 2423/5571/2423 2424/5570/2424 6124/5601/6124 6123/5600/6123
f 2435/5605/2435 6123/5600/6123 6122/5597/6122 2436/5604/2436
f 259/5557/259 2429/5584/2429 6125/5602/6125 2425/5569/2425
f 2429/5584/2429 2430/5582/2430 6126/5599/6126 6125/5602/6125
f 2425/5569/2425 6125/5602/6125 6124/5601/6124 2424/5570/2424
f 6128/5606/6128 6129/5607/6129 6127/5608/6127 6133/5609/6133
f 6130/5610/6130 6131/5611/6131 6127/5608/6127 6129/5607/6129
f 6132/5612/6132 6133/5609/6133 6127/5608/6127 6131/5611/6131
f 261/5613/261 2443/5614/2443 6128/5606/6128 2440/5615/2440
f 2443/5614/2443 2442/5616/2442 6129/5607/6129 6128/5606/6128
f 2440/5615/2440 6128/5606/6128 6133/5609/6133 2439/5617/2439
f 247/5271/247 2360/5401/2360 6130/5610/6130 2441/5618/2441
f 2360/5401/2360 2361/5402/2361 6131/5611/6131 6130/5610/6130
f 2441/5618/2441 6130/5610/6130 6129/5607/6129 2442/5616/2442
f 253/5405/253 2438/5619/2438 6132/5612/6132 2362/5406/2362
f 2438/5619/2438 2439/5617/2439 6133/5609/6133 6132/5612/6132
f 2362/5406/2362 6132/5612/6132 6131/5611/6131 2361/5402/2361
f 6135/5620/6135 6136/5621/6136 6134/5622/6134 6140/5623/6140
f 6137/5624/6137 6138/5625/6138 6134/5622/6134 6136/5621/6136
f 6139/5626/6139 6140/5623/6140 6134/5622/6134 6138/5625/6138
f 261/5613/261 2446/5627/2446 6135/5620/6135 2443/5614/2443
f 2446/5627/2446 2445/5628/2445 6136/5621/6136 6135/5620/6135
f 2443/5614/2443 6135/5620/6135 6140/5623/6140 2442/5616/2442
f 260/5579/260 2434/5595/2434 6137/5624/6137 2444/5629/2444
f 2434/5595/2434 2433/5594/2433 6138/5625/6138 6137/5624/6137
f 2444/5629/2444 6137/5624/6137 6136/5621/6136 2445/5628/2445
f 247/5271/247 2441/5618/2441 6139/5626/6139 2432/5593/2432
f 2441/5618/2441 2442/5616/2442 6140/5623/6140 6139/5626/6139
f 2432/5593/2432 6139/5626/6139 6138/5625/6138 2433/5594/2433
f 6142/5630/6142 6143/5631/6143 6141/5632/6141 6147/5633/6147
f 6144/5634/6144 6145/5635/6145 6141/5632/6141 6143/5631/6143
f 6146/5636/6146 6147/5633/6147 6141/5632/6141 6145/5635/6145
f 256/5483/256 2447/5637/2447 6142/5630/6142 2398/5497/2398
f 2447/5637/2447 2448/5638/2448 6143/5631/6143 6142/5630/6142
f 2398/5497/2398 6142/5630/6142 6147/5633/6147 2397/5498/2397
f 262/5639/262 2452/5640/2452 6144/5634/6144 2449/5641/2449
f 2452/5640/2452 2451/5642/2451 6145/5635/6145 6144/5634/6144
f 2449/5641/2449 6144/5634/6144 6143/5631/6143 2448/5638/2448
f 253/5405/253 2396/5499/2396 6146/5636/6146 2450/5643/2450
f 2396/5499/2396 2397/5498/2397 6147/5633/6147 6146/5636/6146
f 2450/5643/2450 6146/5636/6146 6145/5635/6145 2451/5642/2451
f 6149/5644/6149 6150/5645/6150 6148/5646/6148 6154/5647/6154
f 6151/5648/6151 6152/5649/6152 6148/5646/6148 6150/5645/6150
f 6153/5650/6153 6154/5647/6154 6148/5646/6148 6152/5649/6152
f 253/5405/253 2450/5643/2450 6149/5644/6149 2438/5619/2438
f 2450/5643/2450 2451/5642/2451 6150/5645/6150 6149/5644/6149
f 2438/5619/2438 6149/5644/6149 6154/5647/6154 2439/5617/2439
f 262/5639/262 2455/5651/2455 6151/5648/6151 2452/5640/2452
f 2455/5651/2455 2454/5652/2454 6152/5649/6152 6151/5648/6151
f 2452/5640/2452 6151/5648/6151 6150/5645/6150 2451/5642/2451
f 261/5613/261 2440/5615/2440 6153/5650/6153 2453/5653/2453
f 2440/5615/2440 2439/5617/2439 6154/5647/6154 6153/5650/6153
f 2453/5653/2453 6153/5650/6153 6152/5649/6152 2454/5652/2454
f 6156/5654/6156 6157/5655/6157 6155/5656/6155 6161/5657/6161
f 6158/5658/6158 6159/5659/6159 6155/5656/6155 6157/5655/6157
f 6160/5660/6160 6161/5657/6161 6155/5656/6155 6159/5659/6159
f 261/5613/261 2453/5653/2453 6156/5654/6156 2456/5661/2456
f 2453/5653/2453 2454/5652/2454 6157/5655/6157 6156/5654/6156
f 2456/5661/2456 6156/5654/6156 6161/5657/6161 2457/5662/2457
f 262/5639/262 2459/5663/2459 6158/5658/6158 2455/5651/2455
f 2459/5663/2459 2460/5664/2460 6159/5659/6159 6158/5658/6158
f 2455/5651/2455 6158/5658/6158 6157/5655/6157 2454/5652/2454
f 263/5665/263 2458/5666/2458 6160/5660/6160 2461/5667/2461
f 2458/5666/2458 2457/5662/2457 6161/5657/6161 6160/5660/6160
f 2461/5667/2461 6160/5660/6160 6159/5659/6159 2460/5664/2460
f 6163/5668/6163 6164/5669/6164 6162/5670/6162 6168/5671/6168
f 6165/5672/6165 6166/5673/6166 6162/5670/6162 6164/5669/6164
f 6167/5674/6167 6168/5671/6168 6162/5670/6162 6166/5673/6166
f 262/5639/262 2449/5641/2449 6163/5668/6163 2462/5675/2462
f 2449/5641/2449 2448/5638/2448 6164/5669/6164 6163/5668/6163
f 2462/5675/2462 6163/5668/6163 6168/5671/6168 2463/5676/2463
f 256/5483/256 2465/5677/2465 6165/5672/6165 2447/5637/2447
f 2465/5677/2465 2466/5678/2466 6166/5673/6166 6165/5672/6165
f 2447/5637/2447 6165/5672/6165 6164/5669/6164 2448/5638/2448
f 264/5679/264 2464/5680/2464 6167/5674/6167 2467/5681/2467
f 2464/5680/2464 2463/5676/2463 6168/5671/6168 6167/5674/6167
f 2467/5681/2467 6167/5674/6167 6166/5673/6166 2466/5678/2466
f 6170/5682/6170 6171/5683/6171 6169/5684/6169 6175/5685/6175
f 6172/5686/6172 6173/5687/6173 6169/5684/6169 6171/5683/6171
f 6174/5688/6174 6175/5685/6175 6169/5684/6169 6173/5687/6173
f 264/5679/264 2470/5689/2470 6170/5682/6170 2464/5680/2464
f 2470/5689/2470 2469/5690/2469 6171/5683/6171 6170/5682/6170
f 2464/5680/2464 6170/5682/6170 6175/5685/6175 2463/5676/2463
f 263/5665/263 2461/5667/2461 6172/5686/6172 2468/5691/2468
f 2461/5667/2461 2460/5664/2460 6173/5687/6173 6172/5686/6172
f 2468/5691/2468 6172/5686/6172 6171/5683/6171 2469/5690/2469
f 262/5639/262 2462/5675/2462 6174/5688/6174 2459/5663/2459
f 2462/5675/2462 2463/5676/2463 6175/5685/6175 6174/5688/6174
f 2459/5663/2459 6174/5688/6174 6173/5687/6173 2460/5664/2460
f 6177/5692/6177 6178/5693/6178 6176/5694/6176 6182/5695/6182
f 6179/5696/6179 6180/5697/6180 6176/5694/6176 6178/5693/6178
f 6181/5698/6181 6182/5695/6182 6176/5694/6176 6180/5697/6180
f 264/5679/264 2467/5681/2467 6177/5692/6177 2473/5699/2473
f 2467/5681/2467 2466/5678/2466 6178/5693/6178 6177/5692/6177
f 2473/5699/2473 6177/5692/6177 6182/5695/6182 2472/5700/2472
f 256/5483/256 2401/5507/2401 6179/5696/6179 2465/5677/2465
f 2401/5507/2401 2400/5508/2400 6180/5697/6180 6179/5696/6179
f 2465/5677/2465 6179/5696/6179 6178/5693/6178 2466/5678/2466
f 153/2738/153 2471/5701/2471 6181/5698/6181 2399/5509/2399
f 2471/5701/2471 2472/5700/2472 6182/5695/6182 6181/5698/6181
f 2399/5509/2399 6181/5698/6181 6180/5697/6180 2400/5508/2400
f 6184/5702/6184 6185/5703/6185 6183/5704/6183 6189/5705/6189
f 6186/5706/6186 6187/5707/6187 6183/5704/6183 6185/5703/6185
f 6188/5708/6188 6189/5705/6189 6183/5704/6183 6187/5707/6187
f 260/5579/260 2474/5709/2474 6184/5702/6184 2437/5603/2437
f 2474/5709/2474 2475/5710/2475 6185/5703/6185 6184/5702/6184
f 2437/5603/2437 6184/5702/6184 6189/5705/6189 2436/5604/2436
f 265/5711/265 2479/5712/2479 6186/5706/6186 2476/5713/2476
f 2479/5712/2479 2478/5714/2478 6187/5707/6187 6186/5706/6186
f 2476/5713/2476 6186/5706/6186 6185/5703/6185 2475/5710/2475
f 258/5535/258 2435/5605/2435 6188/5708/6188 2477/5715/2477
f 2435/5605/2435 2436/5604/2436 6189/5705/6189 6188/5708/6188
f 2477/5715/2477 6188/5708/6188 6187/5707/6187 2478/5714/2478
f 6191/5716/6191 6192/5717/6192 6190/5718/6190 6196/5719/6196
f 6193/5720/6193 6194/5721/6194 6190/5718/6190 6192/5717/6192
f 6195/5722/6195 6196/5719/6196 6190/5718/6190 6194/5721/6194
f 265/5711/265 2482/5723/2482 6191/5716/6191 2479/5712/2479
f 2482/5723/2482 2481/5724/2481 6192/5717/6192 6191/5716/6191
f 2479/5712/2479 6191/5716/6191 6196/5719/6196 2478/5714/2478
f 257/5519/257 2414/5547/2414 6193/5720/6193 2480/5725/2480
f 2414/5547/2414 2415/5546/2415 6194/5721/6194 6193/5720/6193
f 2480/5725/2480 6193/5720/6193 6192/5717/6192 2481/5724/2481
f 258/5535/258 2477/5715/2477 6195/5722/6195 2416/5545/2416
f 2477/5715/2477 2478/5714/2478 6196/5719/6196 6195/5722/6195
f 2416/5545/2416 6195/5722/6195 6194/5721/6194 2415/5546/2415
f 6198/5726/6198 6199/5727/6199 6197/5728/6197 6203/5729/6203
f 6200/5730/6200 6201/5731/6201 6197/5728/6197 6199/5727/6199
f 6202/5732/6202 6203/5729/6203 6197/5728/6197 6201/5731/6201
f 266/5733/266 2488/5734/2488 6198/5726/6198 2485/5735/2485
f 2488/5734/2488 2487/5736/2487 6199/5727/6199 6198/5726/6198
f 2485/5735/2485 6198/5726/6198 6203/5729/6203 2484/5737/2484
f 260/5579/260 2444/5629/2444 6200/5730/6200 2486/5738/2486
f 2444/5629/2444 2445/5628/2445 6201/5731/6201 6200/5730/6200
f 2486/5738/2486 6200/5730/6200 6199/5727/6199 2487/5736/2487
f 261/5613/261 2483/5739/2483 6202/5732/6202 2446/5627/2446
f 2483/5739/2483 2484/5737/2484 6203/5729/6203 6202/5732/6202
f 2446/5627/2446 6202/5732/6202 6201/5731/6201 2445/5628/2445
f 6205/5740/6205 6206/5741/6206 6204/5742/6204 6210/5743/6210
f 6207/5744/6207 6208/5745/6208 6204/5742/6204 6206/5741/6206
f 6209/5746/6209 6210/5743/6210 6204/5742/6204 6208/5745/6208
f 266/5733/266 2491/5747/2491 6205/5740/6205 2488/5734/2488
f 2491/5747/2491 2490/5748/2490 6206/5741/6206 6205/5740/6205
f 2488/5734/2488 6205/5740/6205 6210/5743/6210 2487/5736/2487
f 265/5711/265 2476/5713/2476 6207/5744/6207 2489/5749/2489
f 2476/5713/2476 2475/5710/2475 6208/5745/6208 6207/5744/6207
f 2489/5749/2489 6207/5744/6207 6206/5741/6206 2490/5748/2490
f 260/5579/260 2486/5738/2486 6209/5746/6209 2474/5709/2474
f 2486/5738/2486 2487/5736/2487 6210/5743/6210 6209/5746/6209
f 2474/5709/2474 6209/5746/6209 6208/5745/6208 2475/5710/2475
f 6212/5750/6212 6213/5751/6213 6211/5752/6211 6217/5753/6217
f 6214/5754/6214 6215/5755/6215 6211/5752/6211 6213/5751/6213
f 6216/5756/6216 6217/5753/6217 6211/5752/6211 6215/5755/6215
f 257/5519/257 2480/5725/2480 6212/5750/6212 2492/5757/2492
f 2480/5725/2480 2481/5724/2481 6213/5751/6213 6212/5750/6212
f 2492/5757/2492 6212/5750/6212 6217/5753/6217 2493/5758/2493
f 265/5711/265 2489/5749/2489 6214/5754/6214 2482/5723/2482
f 2489/5749/2489 2490/5748/2490 6215/5755/6215 6214/5754/6214
f 2482/5723/2482 6214/5754/6214 6213/5751/6213 2481/5724/2481
f 266/5733/266 2494/5759/2494 6216/5756/6216 2491/5747/2491
f 2494/5759/2494 2493/5758/2493 6217/5753/6217 6216/5756/6216
f 2491/5747/2491 6216/5756/6216 6215/5755/6215 2490/5748/2490
f 6219/5760/6219 6220/5761/6220 6218/5762/6218 6224/5763/6224
f 6221/5764/6221 6222/5765/6222 6218/5762/6218 6220/5761/6220
f 6223/5766/6223 6224/5763/6224 6218/5762/6218 6222/5765/6222
f 261/5613/261 2456/5661/2456 6219/5760/6219 2483/5739/2483
f 2456/5661/2456 2457/5662/2457 6220/5761/6220 6219/5760/6219
f 2483/5739/2483 6219/5760/6219 6224/5763/6224 2484/5737/2484
f 263/5665/263 2495/5767/2495 6221/5764/6221 2458/5666/2458
f 2495/5767/2495 2496/5768/2496 6222/5765/6222 6221/5764/6221
f 2458/5666/2458 6221/5764/6221 6220/5761/6220 2457/5662/2457
f 266/5733/266 2485/5735/2485 6223/5766/6223 2497/5769/2497
f 2485/5735/2485 2484/5737/2484 6224/5763/6224 6223/5766/6223
f 2497/5769/2497 6223/5766/6223 6222/5765/6222 2496/5768/2496
f 6226/5770/6226 6227/5771/6227 6225/5772/6225 6231/5773/6231
f 6228/5774/6228 6229/5775/6229 6225/5772/6225 6227/5771/6227
f 6230/5776/6230 6231/5773/6231 6225/5772/6225 6229/5775/6229
f 257/5519/257 2492/5757/2492 6226/5770/6226 2498/5777/2498
f 2492/5757/2492 2493/5758/2493 6227/5771/6227 6226/5770/6226
f 2498/5777/2498 6226/5770/6226 6231/5773/6231 2499/5778/2499
f 266/5733/266 2501/5779/2501 6228/5774/6228 2494/5759/2494
f 2501/5779/2501 2502/5780/2502 6229/5775/6229 6228/5774/6228
f 2494/5759/2494 6228/5774/6228 6227/5771/6227 2493/5758/2493
f 267/5781/267 2500/5782/2500 6230/5776/6230 2503/5783/2503
f 2500/5782/2500 2499/5778/2499 6231/5773/6231 6230/5776/6230
f 2503/5783/2503 6230/5776/6230 6229/5775/6229 2502/5780/2502
f 6233/5784/6233 6234/5785/6234 6232/5786/6232 6238/5787/6238
f 6235/5788/6235 6236/5789/6236 6232/5786/6232 6234/5785/6234
f 6237/5790/6237 6238/5787/6238 6232/5786/6232 6236/5789/6236
f 267/5781/267 2503/5783/2503 6233/5784/6233 2506/5791/2506
f 2503/5783/2503 2502/5780/2502 6234/5785/6234 6233/5784/6233
f 2506/5791/2506 6233/5784/6233 6238/5787/6238 2505/5792/2505
f 266/5733/266 2497/5769/2497 6235/5788/6235 2501/5779/2501
f 2497/5769/2497 2496/5768/2496 6236/5789/6236 6235/5788/6235
f 2501/5779/2501 6235/5788/6235 6234/5785/6234 2502/5780/2502
f 263/5665/263 2504/5793/2504 6237/5790/6237 2495/5767/2495
f 2504/5793/2504 2505/5792/2505 6238/5787/6238 6237/5790/6237
f 2495/5767/2495 6237/5790/6237 6236/5789/6236 2496/5768/2496
f 6240/5794/6240 6241/5795/6241 6239/5796/6239 6245/5797/6245
f 6242/5798/6242 6243/5799/6243 6239/5796/6239 6241/5795/6241
f 6244/5800/6244 6245/5797/6245 6239/5796/6239 6243/5799/6243
f 250/5341/250 2405/5523/2405 6240/5794/6240 2507/5801/2507
f 2405/5523/2405 2406/5522/2406 6241/5795/6241 6240/5794/6240
f 2507/5801/2507 6240/5794/6240 6245/5797/6245 2508/5802/2508
f 257/5519/257 2498/5777/2498 6242/5798/6242 2407/5520/2407
f 2498/5777/2498 2499/5778/2499 6243/5799/6243 6242/5798/6242
f 2407/5520/2407 6242/5798/6242 6241/5795/6241 2406/5522/2406
f 267/5781/267 2509/5803/2509 6244/5800/6244 2500/5782/2500
f 2509/5803/2509 2508/5802/2508 6245/5797/6245 6244/5800/6244
f 2500/5782/2500 6244/5800/6244 6243/5799/6243 2499/5778/2499
f 6247/5804/6247 6248/5805/6248 6246/5806/6246 6252/5807/6252
f 6249/5808/6249 6250/5809/6250 6246/5806/6246 6248/5805/6248
f 6251/5810/6251 6252/5807/6252 6246/5806/6246 6250/5809/6250
f 250/5341/250 2507/5801/2507 6247/5804/6247 2510/5811/2510
f 2507/5801/2507 2508/5802/2508 6248/5805/6248 6247/5804/6247
f 2510/5811/2510 6247/5804/6247 6252/5807/6252 2511/5812/2511
f 267/5781/267 2513/5813/2513 6249/5808/6249 2509/5803/2509
f 2513/5813/2513 2514/5814/2514 6250/5809/6250 6249/5808/6249
f 2509/5803/2509 6249/5808/6249 6248/5805/6248 2508/5802/2508
f 268/5815/268 2512/5816/2512 6251/5810/6251 2515/5817/2515
f 2512/5816/2512 2511/5812/2511 6252/5807/6252 6251/5810/6251
f 2515/5817/2515 6251/5810/6251 6250/5809/6250 2514/5814/2514
f 6254/5818/6254 6255/5819/6255 6253/5820/6253 6259/5821/6259
f 6256/5822/6256 6257/5823/6257 6253/5820/6253 6255/5819/6255
f 6258/5824/6258 6259/5821/6259 6253/5820/6253 6257/5823/6257
f 268/5815/268 2515/5817/2515 6254/5818/6254 2516/5825/2516
f 2515/5817/2515 2514/5814/2514 6255/5819/6255 6254/5818/6254
f 2516/5825/2516 6254/5818/6254 6259/5821/6259 2517/5826/2517
f 267/5781/267 2519/5827/2519 6256/5822/6256 2513/5813/2513
f 2519/5827/2519 2520/5828/2520 6257/5823/6257 6256/5822/6256
f 2513/5813/2513 6256/5822/6256 6255/5819/6255 2514/5814/2514
f 269/5829/269 2518/5830/2518 6258/5824/6258 2521/5831/2521
f 2518/5830/2518 2517/5826/2517 6259/5821/6259 6258/5824/6258
f 2521/5831/2521 6258/5824/6258 6257/5823/6257 2520/5828/2520
f 6261/5832/6261 6262/5833/6262 6260/5834/6260 6266/5835/6266
f 6263/5836/6263 6264/5837/6264 6260/5834/6260 6262/5833/6262
f 6265/5838/6265 6266/5835/6266 6260/5834/6260 6264/5837/6264
f 267/5781/267 2506/5791/2506 6261/5832/6261 2519/5827/2519
f 2506/5791/2506 2505/5792/2505 6262/5833/6262 6261/5832/6261
f 2519/5827/2519 6261/5832/6261 6266/5835/6266 2520/5828/2520
f 263/5665/263 2522/5839/2522 6263/5836/6263 2504/5793/2504
f 2522/5839/2522 2523/5840/2523 6264/5837/6264 6263/5836/6263
f 2504/5793/2504 6263/5836/6263 6262/5833/6262 2505/5792/2505
f 269/5829/269 2521/5831/2521 6265/5838/6265 2524/5841/2524
f 2521/5831/2521 2520/5828/2520 6266/5835/6266 6265/5838/6265
f 2524/5841/2524 6265/5838/6265 6264/5837/6264 2523/5840/2523
f 6268/5842/6268 6269/5843/6269 6267/5844/6267 6273/5845/6273
f 6270/5846/6270 6271/5847/6271 6267/5844/6267 6269/5843/6269
f 6272/5848/6272 6273/5845/6273 6267/5844/6267 6271/5847/6271
f 268/5815/268 2516/5825/2516 6268/5842/6268 2525/5849/2525
f 2516/5825/2516 2517/5826/2517 6269/5843/6269 6268/5842/6268
f 2525/5849/2525 6268/5842/6268 6273/5845/6273 2526/5850/2526
f 269/5829/269 2528/5851/2528 6270/5846/6270 2518/5830/2518
f 2528/5851/2528 2529/5852/2529 6271/5847/6271 6270/5846/6270
f 2518/5830/2518 6270/5846/6270 6269/5843/6269 2517/5826/2517
f 270/5853/270 2527/5854/2527 6272/5848/6272 2530/5855/2530
f 2527/5854/2527 2526/5850/2526 6273/5845/6273 6272/5848/6272
f 2530/5855/2530 6272/5848/6272 6271/5847/6271 2529/5852/2529
f 6275/5856/6275 6276/5857/6276 6274/5858/6274 6280/5859/6280
f 6277/5860/6277 6278/5861/6278 6274/5858/6274 6276/5857/6276
f 6279/5862/6279 6280/5859/6280 6274/5858/6274 6278/5861/6278
f 270/5853/270 2530/5855/2530 6275/5856/6275 2531/5863/2531
f 2530/5855/2530 2529/5852/2529 6276/5857/6276 6275/5856/6275
f 2531/5863/2531 6275/5856/6275 6280/5859/6280 2532/5864/2532
f 269/5829/269 2534/5865/2534 6277/5860/6277 2528/5851/2528
f 2534/5865/2534 2535/5866/2535 6278/5861/6278 6277/5860/6277
f 2528/5851/2528 6277/5860/6277 6276/5857/6276 2529/5852/2529
f 271/5867/271 2533/5868/2533 6279/5862/6279 2536/5869/2536
f 2533/5868/2533 2532/5864/2532 6280/5859/6280 6279/5862/6279
f 2536/5869/2536 6279/5862/6279 6278/5861/6278 2535/5866/2535
f 6282/5870/6282 6283/5871/6283 6281/5872/6281 6287/5873/6287
f 6284/5874/6284 6285/5875/6285 6281/5872/6281 6283/5871/6283
f 6286/5876/6286 6287/5873/6287 6281/5872/6281 6285/5875/6285
f 263/5665/263 2537/5877/2537 6282/5870/6282 2522/5839/2522
f 2537/5877/2537 2538/5878/2538 6283/5871/6283 6282/5870/6282
f 2522/5839/2522 6282/5870/6282 6287/5873/6287 2523/5840/2523
f 271/5867/271 2536/5869/2536 6284/5874/6284 2539/5879/2539
f 2536/5869/2536 2535/5866/2535 6285/5875/6285 6284/5874/6284
f 2539/5879/2539 6284/5874/6284 6283/5871/6283 2538/5878/2538
f 269/5829/269 2524/5841/2524 6286/5876/6286 2534/5865/2534
f 2524/5841/2524 2523/5840/2523 6287/5873/6287 6286/5876/6286
f 2534/5865/2534 6286/5876/6286 6285/5875/6285 2535/5866/2535
f 6289/5880/6289 6290/5881/6290 6288/5882/6288 6294/5883/6294
f 6291/5884/6291 6292/5885/6292 6288/5882/6288 6290/5881/6290
f 6293/5886/6293 6294/5883/6294 6288/5882/6288 6292/5885/6292
f 270/5853/270 2531/5863/2531 6289/5880/6289 2540/5887/2540
f 2531/5863/2531 2532/5864/2532 6290/5881/6290 6289/5880/6289
f 2540/5887/2540 6289/5880/6289 6294/5883/6294 2541/5888/2541
f 271/5867/271 2543/5889/2543 6291/5884/6291 2533/5868/2533
f 2543/5889/2543 2544/5890/2544 6292/5885/6292 6291/5884/6291
f 2533/5868/2533 6291/5884/6291 6290/5881/6290 2532/5864/2532
f 272/5891/272 2542/5892/2542 6293/5886/6293 2545/5893/2545
f 2542/5892/2542 2541/5888/2541 6294/5883/6294 6293/5886/6293
f 2545/5893/2545 6293/5886/6293 6292/5885/6292 2544/5890/2544
f 6296/5894/6296 6297/5895/6297 6295/5896/6295 6301/5897/6301
f 6298/5898/6298 6299/5899/6299 6295/5896/6295 6297/5895/6297
f 6300/5900/6300 6301/5897/6301 6295/5896/6295 6299/5899/6299
f 272/5891/272 2545/5893/2545 6296/5894/6296 2546/5901/2546
f 2545/5893/2545 2544/5890/2544 6297/5895/6297 6296/5894/6296
f 2546/5901/2546 6296/5894/6296 6301/5897/6301 2547/5902/2547
f 271/5867/271 2549/5903/2549 6298/5898/6298 2543/5889/2543
f 2549/5903/2549 2550/5904/2550 6299/5899/6299 6298/5898/6298
f 2543/5889/2543 6298/5898/6298 6297/5895/6297 2544/5890/2544
f 273/5905/273 2548/5906/2548 6300/5900/6300 2551/5907/2551
f 2548/5906/2548 2547/5902/2547 6301/5897/6301 6300/5900/6300
f 2551/5907/2551 6300/5900/6300 6299/5899/6299 2550/5904/2550
f 6303/5908/6303 6304/5909/6304 6302/5910/6302 6308/5911/6308
f 6305/5912/6305 6306/5913/6306 6302/5910/6302 6304/5909/6304
f 6307/5914/6307 6308/5911/6308 6302/5910/6302 6306/5913/6306
f 274/5915/274 2557/5916/2557 6303/5908/6303 2554/5917/2554
f 2557/5916/2557 2556/5918/2556 6304/5909/6304 6303/5908/6303
f 2554/5917/2554 6303/5908/6303 6308/5911/6308 2553/5919/2553
f 271/5867/271 2539/5879/2539 6305/5912/6305 2555/5920/2555
f 2539/5879/2539 2538/5878/2538 6306/5913/6306 6305/5912/6305
f 2555/5920/2555 6305/5912/6305 6304/5909/6304 2556/5918/2556
f 263/5665/263 2552/5921/2552 6307/5914/6307 2537/5877/2537
f 2552/5921/2552 2553/5919/2553 6308/5911/6308 6307/5914/6307
f 2537/5877/2537 6307/5914/6307 6306/5913/6306 2538/5878/2538
f 6310/5922/6310 6311/5923/6311 6309/5924/6309 6315/5925/6315
f 6312/5926/6312 6313/5927/6313 6309/5924/6309 6311/5923/6311
f 6314/5928/6314 6315/5925/6315 6309/5924/6309 6313/5927/6313
f 264/5679/264 2558/5929/2558 6310/5922/6310 2470/5689/2470
f 2558/5929/2558 2559/5930/2559 6311/5923/6311 6310/5922/6310
f 2470/5689/2470 6310/5922/6310 6315/5925/6315 2469/5690/2469
f 274/5915/274 2554/5917/2554 6312/5926/6312 2560/5931/2560
f 2554/5917/2554 2553/5919/2553 6313/5927/6313 6312/5926/6312
f 2560/5931/2560 6312/5926/6312 6311/5923/6311 2559/5930/2559
f 263/5665/263 2468/5691/2468 6314/5928/6314 2552/5921/2552
f 2468/5691/2468 2469/5690/2469 6315/5925/6315 6314/5928/6314
f 2552/5921/2552 6314/5928/6314 6313/5927/6313 2553/5919/2553
f 6317/5932/6317 6318/5933/6318 6316/5934/6316 6322/5935/6322
f 6319/5936/6319 6320/5937/6320 6316/5934/6316 6318/5933/6318
f 6321/5938/6321 6322/5935/6322 6316/5934/6316 6320/5937/6320
f 153/2738/153 2561/5939/2561 6317/5932/6317 2471/5701/2471
f 2561/5939/2561 2562/5940/2562 6318/5933/6318 6317/5932/6317
f 2471/5701/2471 6317/5932/6317 6322/5935/6322 2472/5700/2472
f 274/5915/274 2560/5931/2560 6319/5936/6319 2563/5941/2563
f 2560/5931/2560 2559/5930/2559 6320/5937/6320 6319/5936/6319
f 2563/5941/2563 6319/5936/6319 6318/5933/6318 2562/5940/2562
f 264/5679/264 2473/5699/2473 6321/5938/6321 2558/5929/2558
f 2473/5699/2473 2472/5700/2472 6322/5935/6322 6321/5938/6321
f 2558/5929/2558 6321/5938/6321 6320/5937/6320 2559/5930/2559
f 6324/5942/6324 6325/5943/6325 6323/5944/6323 6329/5945/6329
f 6326/5946/6326 6327/5947/6327 6323/5944/6323 6325/5943/6325
f 6328/5948/6328 6329/5945/6329 6323/5944/6323 6327/5947/6327
f 271/5867/271 2555/5920/2555 6324/5942/6324 2564/5949/2564
f 2555/5920/2555 2556/5918/2556 6325/5943/6325 6324/5942/6324
f 2564/5949/2564 6324/5942/6324 6329/5945/6329 2565/5950/2565
f 274/5915/274 2567/5951/2567 6326/5946/6326 2557/5916/2557
f 2567/5951/2567 2568/5952/2568 6327/5947/6327 6326/5946/6326
f 2557/5916/2557 6326/5946/6326 6325/5943/6325 2556/5918/2556
f 275/5953/275 2566/5954/2566 6328/5948/6328 2569/5955/2569
f 2566/5954/2566 2565/5950/2565 6329/5945/6329 6328/5948/6328
f 2569/5955/2569 6328/5948/6328 6327/5947/6327 2568/5952/2568
f 6331/5956/6331 6332/5957/6332 6330/5958/6330 6336/5959/6336
f 6333/5960/6333 6334/5961/6334 6330/5958/6330 6332/5957/6332
f 6335/5962/6335 6336/5959/6336 6330/5958/6330 6334/5961/6334
f 153/2738/153 2570/5963/2570 6331/5956/6331 2561/5939/2561
f 2570/5963/2570 2571/5964/2571 6332/5957/6332 6331/5956/6331
f 2561/5939/2561 6331/5956/6331 6336/5959/6336 2562/5940/2562
f 275/5953/275 2569/5955/2569 6333/5960/6333 2572/5965/2572
f 2569/5955/2569 2568/5952/2568 6334/5961/6334 6333/5960/6333
f 2572/5965/2572 6333/5960/6333 6332/5957/6332 2571/5964/2571
f 274/5915/274 2563/5941/2563 6335/5962/6335 2567/5951/2567
f 2563/5941/2563 2562/5940/2562 6336/5959/6336 6335/5962/6335
f 2567/5951/2567 6335/5962/6335 6334/5961/6334 2568/5952/2568
f 6338/5966/6338 6339/5967/6339 6337/5968/6337 6343/5969/6343
f 6340/5970/6340 6341/5971/6341 6337/5968/6337 6339/5967/6339
f 6342/5972/6342 6343/5969/6343 6337/5968/6337 6341/5971/6341
f 271/5867/271 2564/5949/2564 6338/5966/6338 2549/5903/2549
f 2564/5949/2564 2565/5950/2565 6339/5967/6339 6338/5966/6338
f 2549/5903/2549 6338/5966/6338 6343/5969/6343 2550/5904/2550
f 275/5953/275 2575/5973/2575 6340/5970/6340 2566/5954/2566
f 2575/5973/2575 2574/5974/2574 6341/5971/6341 6340/5970/6340
f 2566/5954/2566 6340/5970/6340 6339/5967/6339 2565/5950/2565
f 273/5905/273 2551/5907/2551 6342/5972/6342 2573/5975/2573
f 2551/5907/2551 2550/5904/2550 6343/5969/6343 6342/5972/6342
f 2573/5975/2573 6342/5972/6342 6341/5971/6341 2574/5974/2574
f 6345/5976/6345 6346/5977/6346 6344/5978/6344 6350/5979/6350
f 6347/5980/6347 6348/5981/6348 6344/5978/6344 6346/5977/6346
f 6349/5982/6349 6350/5979/6350 6344/5978/6344 6348/5981/6348
f 151/2706/151 2576/5983/2576 6345/5976/6345 1385/2736/1385
f 2576/5983/2576 2577/5984/2577 6346/5977/6346 6345/5976/6345
f 1385/2736/1385 6345/5976/6345 6350/5979/6350 1386/2737/1386
f 275/5953/275 2572/5965/2572 6347/5980/6347 2578/5985/2578
f 2572/5965/2572 2571/5964/2571 6348/5981/6348 6347/5980/6347
f 2578/5985/2578 6347/5980/6347 6346/5977/6346 2577/5984/2577
f 153/2738/153 1387/2740/1387 6349/5982/6349 2570/5963/2570
f 1387/2740/1387 1386/2737/1386 6350/5979/6350 6349/5982/6349
f 2570/5963/2570 6349/5982/6349 6348/5981/6348 2571/5964/2571
f 6352/5986/6352 6353/5987/6353 6351/5988/6351 6357/5989/6357
f 6354/5990/6354 6355/5991/6355 6351/5988/6351 6353/5987/6353
f 6356/5992/6356 6357/5989/6357 6351/5988/6351 6355/5991/6355
f 151/2706/151 2581/5993/2581 6352/5986/6352 2576/5983/2576
f 2581/5993/2581 2580/5994/2580 6353/5987/6353 6352/5986/6352
f 2576/5983/2576 6352/5986/6352 6357/5989/6357 2577/5984/2577
f 147/2622/147 2582/5995/2582 6354/5990/6354 2579/5996/2579
f 2582/5995/2582 2583/5997/2583 6355/5991/6355 6354/5990/6354
f 2579/5996/2579 6354/5990/6354 6353/5987/6353 2580/5994/2580
f 275/5953/275 2578/5985/2578 6356/5992/6356 2584/5998/2584
f 2578/5985/2578 2577/5984/2577 6357/5989/6357 6356/5992/6356
f 2584/5998/2584 6356/5992/6356 6355/5991/6355 2583/5997/2583
f 6359/5999/6359 6360/6000/6360 6358/6001/6358 6364/6002/6364
f 6361/6003/6361 6362/6004/6362 6358/6001/6358 6360/6000/6360
f 6363/6005/6363 6364/6002/6364 6358/6001/6358 6362/6004/6362
f 147/2622/147 2585/6006/2585 6359/5999/6359 2582/5995/2582
f 2585/6006/2585 2586/6007/2586 6360/6000/6360 6359/5999/6359
f 2582/5995/2582 6359/5999/6359 6364/6002/6364 2583/5997/2583
f 273/5905/273 2573/5975/2573 6361/6003/6361 2587/6008/2587
f 2573/5975/2573 2574/5974/2574 6362/6004/6362 6361/6003/6361
f 2587/6008/2587 6361/6003/6361 6360/6000/6360 2586/6007/2586
f 275/5953/275 2584/5998/2584 6363/6005/6363 2575/5973/2575
f 2584/5998/2584 2583/5997/2583 6364/6002/6364 6363/6005/6363
f 2575/5973/2575 6363/6005/6363 6362/6004/6362 2574/5974/2574
f 6366/6009/6366 6367/6010/6367 6365/6011/6365 6371/6012/6371
f 6368/6013/6368 6369/6014/6369 6365/6011/6365 6367/6010/6367
f 6370/6015/6370 6371/6012/6371 6365/6011/6365 6369/6014/6369
f 147/2622/147 2579/5996/2579 6366/6009/6366 1343/2634/1343
f 2579/5996/2579 2580/5994/2580 6367/6010/6367 6366/6009/6366
f 1343/2634/1343 6366/6009/6366 6371/6012/6371 1344/2635/1344
f 151/2706/151 1372/2708/1372 6368/6013/6368 2581/5993/2581
f 1372/2708/1372 1371/2710/1371 6369/6014/6369 6368/6013/6368
f 2581/5993/2581 6368/6013/6368 6367/6010/6367 2580/5994/2580
f 148/2636/148 1345/2638/1345 6370/6015/6370 1370/2712/1370
f 1345/2638/1345 1344/2635/1344 6371/6012/6371 6370/6015/6370
f 1370/2712/1370 6370/6015/6370 6369/6014/6369 1371/2710/1371
f 6373/6016/6373 6374/6017/6374 6372/6018/6372 6378/6019/6378
f 6375/6020/6375 6376/6021/6376 6372/6018/6372 6374/6017/6374
f 6377/6022/6377 6378/6019/6378 6372/6018/6372 6376/6021/6376
f 147/2622/147 1339/2624/1339 6373/6016/6373 2585/6006/2585
f 1339/2624/1339 1338/2621/1338 6374/6017/6374 6373/6016/6373
f 2585/6006/2585 6373/6016/6373 6378/6019/6378 2586/6007/2586
f 146/2606/146 2588/6023/2588 6375/6020/6375 1337/2620/1337
f 2588/6023/2588 2589/6024/2589 6376/6021/6376 6375/6020/6375
f 1337/2620/1337 6375/6020/6375 6374/6017/6374 1338/2621/1338
f 273/5905/273 2587/6008/2587 6377/6022/6377 2590/6025/2590
f 2587/6008/2587 2586/6007/2586 6378/6019/6378 6377/6022/6377
f 2590/6025/2590 6377/6022/6377 6376/6021/6376 2589/6024/2589
f 6380/6026/6380 6381/6027/6381 6379/6028/6379 6385/6029/6385
f 6382/6030/6382 6383/6031/6383 6379/6028/6379 6381/6027/6381
f 6384/6032/6384 6385/6029/6385 6379/6028/6379 6383/6031/6383
f 272/6033/272 2546/6034/2546 6380/6026/6380 2593/6035/2593
f 2546/6034/2546 2547/6036/2547 6381/6027/6381 6380/6026/6380
f 2593/6035/2593 6380/6026/6380 6385/6029/6385 2592/6037/2592
f 273/5905/273 2590/6025/2590 6382/6030/6382 2548/6038/2548
f 2590/6025/2590 2589/6024/2589 6383/6031/6383 6382/6030/6382
f 2548/6038/2548 6382/6030/6382 6381/6027/6381 2547/6036/2547
f 146/2606/146 2591/6039/2591 6384/6032/6384 2588/6023/2588
f 2591/6039/2591 2592/6037/2592 6385/6029/6385 6384/6032/6384
f 2588/6023/2588 6384/6032/6384 6383/6031/6383 2589/6024/2589
f 6387/6040/6387 6388/6041/6388 6386/6042/6386 6392/6043/6392
f 6389/6044/6389 6390/6045/6390 6386/6042/6386 6388/6041/6388
f 6391/6046/6391 6392/6043/6392 6386/6042/6386 6390/6045/6390
f 146/2606/146 2596/6047/2596 6387/6040/6387 2591/6039/2591
f 2596/6047/2596 2595/6048/2595 6388/6041/6388 6387/6040/6387
f 2591/6039/2591 6387/6040/6387 6392/6043/6392 2592/6037/2592
f 1/8/1 2597/6049/2597 6389/6044/6389 2594/6050/2594
f 2597/6049/2597 2598/6051/2598 6390/6045/6390 6389/6044/6389
f 2594/6050/2594 6389/6044/6389 6388/6041/6388 2595/6048/2595
f 272/6033/272 2593/6035/2593 6391/6046/6391 2599/6052/2599
f 2593/6035/2593 2592/6037/2592 6392/6043/6392 6391/6046/6391
f 2599/6052/2599 6391/6046/6391 6390/6045/6390 2598/6051/2598
f 6394/6053/6394 6395/6054/6395 6393/6055/6393 6399/6056/6399
f 6396/6057/6396 6397/6058/6397 6393/6055/6393 6395/6054/6395
f 6398/6059/6398 6399/6056/6399 6393/6055/6393 6397/6058/6397
f 146/2606/146 2600/6060/2600 6394/6053/6394 2596/6047/2596
f 2600/6060/2600 2601/6061/2601 6395/6054/6395 6394/6053/6394
f 2596/6047/2596 6394/6053/6394 6399/6056/6399 2595/6048/2595
f 276/6062/276 2605/6063/2605 6396/6057/6396 2602/6064/2602
f 2605/6063/2605 2604/6065/2604 6397/6058/6397 6396/6057/6396
f 2602/6064/2602 6396/6057/6396 6395/6054/6395 2601/6061/2601
f 1/8/1 2594/6050/2594 6398/6059/6398 2603/6066/2603
f 2594/6050/2594 2595/6048/2595 6399/6056/6399 6398/6059/6398
f 2603/6066/2603 6398/6059/6398 6397/6058/6397 2604/6065/2604
f 6401/6067/6401 6402/6068/6402 6400/6069/6400 6406/6070/6406
f 6403/6071/6403 6404/6072/6404 6400/6069/6400 6402/6068/6402
f 6405/6073/6405 6406/6070/6406 6400/6069/6400 6404/6072/6404
f 276/6062/276 2602/6064/2602 6401/6067/6401 2608/6074/2608
f 2602/6064/2602 2601/6061/2601 6402/6068/6402 6401/6067/6401
f 2608/6074/2608 6401/6067/6401 6406/6070/6406 2607/6075/2607
f 146/2606/146 2611/6076/2611 6403/6071/6403 2600/6060/2600
f 2611/6076/2611 2610/6077/2610 6404/6072/6404 6403/6071/6403
f 2600/6060/2600 6403/6071/6403 6402/6068/6402 2601/6061/2601
f 143/2546/143 2606/6078/2606 6405/6073/6405 2609/6079/2609
f 2606/6078/2606 2607/6075/2607 6406/6070/6406 6405/6073/6405
f 2609/6079/2609 6405/6073/6405 6404/6072/6404 2610/6077/2610
f 6408/6080/6408 6409/6081/6409 6407/6082/6407 6413/6083/6413
f 6410/6084/6410 6411/6085/6411 6407/6082/6407 6409/6081/6409
f 6412/6086/6412 6413/6083/6413 6407/6082/6407 6411/6085/6411
f 144/2562/144 1318/2564/1318 6408/6080/6408 1331/2612/1331
f 1318/2564/1318 1317/2561/1317 6409/6081/6409 6408/6080/6408
f 1331/2612/1331 6408/6080/6408 6413/6083/6413 1332/2610/1332
f 143/2546/143 2609/6079/2609 6410/6084/6410 1316/2560/1316
f 2609/6079/2609 2610/6077/2610 6411/6085/6411 6410/6084/6410
f 1316/2560/1316 6410/6084/6410 6409/6081/6409 1317/2561/1317
f 146/2606/146 1333/2608/1333 6412/6086/6412 2611/6076/2611
f 1333/2608/1333 1332/2610/1332 6413/6083/6413 6412/6086/6412
f 2611/6076/2611 6412/6086/6412 6411/6085/6411 2610/6077/2610
f 6415/6087/6415 6416/6088/6416 6414/6089/6414 6420/6090/6420
f 6417/6091/6417 6418/6092/6418 6414/6089/6414 6416/6088/6416
f 6419/6093/6419 6420/6090/6420 6414/6089/6414 6418/6092/6418
f 276/6062/276 2612/6094/2612 6415/6087/6415 2605/6063/2605
f 2612/6094/2612 2613/6095/2613 6416/6088/6416 6415/6087/6415
f 2605/6063/2605 6415/6087/6415 6420/6090/6420 2604/6065/2604
f 277/6096/277 2617/6097/2617 6417/6091/6417 2614/6098/2614
f 2617/6097/2617 2616/6099/2616 6418/6092/6418 6417/6091/6417
f 2614/6098/2614 6417/6091/6417 6416/6088/6416 2613/6095/2613
f 1/8/1 2603/6066/2603 6419/6093/6419 2615/6100/2615
f 2603/6066/2603 2604/6065/2604 6420/6090/6420 6419/6093/6419
f 2615/6100/2615 6419/6093/6419 6418/6092/6418 2616/6099/2616
f 6422/6101/6422 6423/6102/6423 6421/6103/6421 6427/6104/6427
f 6424/6105/6424 6425/6106/6425 6421/6103/6421 6423/6102/6423
f 6426/6107/6426 6427/6104/6427 6421/6103/6421 6425/6106/6425
f 1/8/1 2615/6100/2615 6422/6101/6422 302/6108/302
f 2615/6100/2615 2616/6099/2616 6423/6102/6423 6422/6101/6422
f 302/6108/302 6422/6101/6422 6427/6104/6427 303/6109/303
f 277/6096/277 2620/6110/2620 6424/6105/6424 2617/6097/2617
f 2620/6110/2620 2619/6111/2619 6425/6106/6425 6424/6105/6424
f 2617/6097/2617 6424/6105/6424 6423/6102/6423 2616/6099/2616
f 3/6112/3 304/6113/304 6426/6107/6426 2618/6114/2618
f 304/6113/304 303/6109/303 6427/6104/6427 6426/6107/6426
f 2618/6114/2618 6426/6107/6426 6425/6106/6425 2619/6111/2619
f 6429/6115/6429 6430/6116/6430 6428/6117/6428 6434/6118/6434
f 6431/6119/6431 6432/6120/6432 6428/6117/6428 6430/6116/6430
f 6433/6121/6433 6434/6118/6434 6428/6117/6428 6432/6120/6432
f 276/6062/276 2608/6074/2608 6429/6115/6429 2623/6122/2623
f 2608/6074/2608 2607/6075/2607 6430/6116/6430 6429/6115/6429
f 2623/6122/2623 6429/6115/6429 6434/6118/6434 2622/6123/2622
f 143/2546/143 2626/6124/2626 6431/6119/6431 2606/6078/2606
f 2626/6124/2626 2625/6125/2625 6432/6120/6432 6431/6119/6431
f 2606/6078/2606 6431/6119/6431 6430/6116/6430 2607/6075/2607
f 142/2532/142 2621/6126/2621 6433/6121/6433 2624/6127/2624
f 2621/6126/2621 2622/6123/2622 6434/6118/6434 6433/6121/6433
f 2624/6127/2624 6433/6121/6433 6432/6120/6432 2625/6125/2625
f 6436/6128/6436 6437/6129/6437 6435/6130/6435 6441/6131/6441
f 6438/6132/6438 6439/6133/6439 6435/6130/6435 6437/6129/6437
f 6440/6134/6440 6441/6131/6441 6435/6130/6435 6439/6133/6439
f 277/6096/277 2614/6098/2614 6436/6128/6436 2629/6135/2629
f 2614/6098/2614 2613/6095/2613 6437/6129/6437 6436/6128/6436
f 2629/6135/2629 6436/6128/6436 6441/6131/6441 2628/6136/2628
f 276/6062/276 2623/6122/2623 6438/6132/6438 2612/6094/2612
f 2623/6122/2623 2622/6123/2622 6439/6133/6439 6438/6132/6438
f 2612/6094/2612 6438/6132/6438 6437/6129/6437 2613/6095/2613
f 142/2532/142 2627/6137/2627 6440/6134/6440 2621/6126/2621
f 2627/6137/2627 2628/6136/2628 6441/6131/6441 6440/6134/6440
f 2621/6126/2621 6440/6134/6440 6439/6133/6439 2622/6123/2622
f 6443/6138/6443 6444/6139/6444 6442/6140/6442 6448/6141/6448
f 6445/6142/6445 6446/6143/6446 6442/6140/6442 6444/6139/6444
f 6447/6144/6447 6448/6141/6448 6442/6140/6442 6446/6143/6446
f 142/2532/142 2624/6127/2624 6443/6138/6443 1306/2533/1306
f 2624/6127/2624 2625/6125/2625 6444/6139/6444 6443/6138/6443
f 1306/2533/1306 6443/6138/6443 6448/6141/6448 1305/2535/1305
f 143/2546/143 1309/2548/1309 6445/6142/6445 2626/6124/2626
f 1309/2548/1309 1308/2545/1308 6446/6143/6446 6445/6142/6445
f 2626/6124/2626 6445/6142/6445 6444/6139/6444 2625/6125/2625
f 140/2504/140 1304/2536/1304 6447/6144/6447 1307/2544/1307
f 1304/2536/1304 1305/2535/1305 6448/6141/6448 6447/6144/6447
f 1307/2544/1307 6447/6144/6447 6446/6143/6446 1308/2545/1308
f 6450/6145/6450 6451/6146/6451 6449/6147/6449 6455/6148/6455
f 6452/6149/6452 6453/6150/6453 6449/6147/6449 6451/6146/6451
f 6454/6151/6454 6455/6148/6455 6449/6147/6449 6453/6150/6453
f 142/2532/142 2632/6152/2632 6450/6145/6450 2627/6137/2627
f 2632/6152/2632 2631/6153/2631 6451/6146/6451 6450/6145/6450
f 2627/6137/2627 6450/6145/6450 6455/6148/6455 2628/6136/2628
f 26/6154/26 2633/6155/2633 6452/6149/6452 2630/6156/2630
f 2633/6155/2633 2634/6157/2634 6453/6150/6453 6452/6149/6452
f 2630/6156/2630 6452/6149/6452 6451/6146/6451 2631/6153/2631
f 277/6096/277 2629/6135/2629 6454/6151/6454 2635/6158/2635
f 2629/6135/2629 2628/6136/2628 6455/6148/6455 6454/6151/6454
f 2635/6158/2635 6454/6151/6454 6453/6150/6453 2634/6157/2634
f 6457/6159/6457 6458/6160/6458 6456/6161/6456 6462/6162/6462
f 6459/6163/6459 6460/6164/6460 6456/6161/6456 6458/6160/6458
f 6461/6165/6461 6462/6162/6462 6456/6161/6456 6460/6164/6460
f 26/6154/26 436/6166/436 6457/6159/6457 2633/6155/2633
f 436/6166/436 435/6167/435 6458/6160/6458 6457/6159/6457
f 2633/6155/2633 6457/6159/6457 6462/6162/6462 2634/6157/2634
f 3/6168/3 2618/6169/2618 6459/6163/6459 434/6170/434
f 2618/6169/2618 2619/6171/2619 6460/6164/6460 6459/6163/6459
f 434/6170/434 6459/6163/6459 6458/6160/6458 435/6167/435
f 277/6096/277 2635/6158/2635 6461/6165/6461 2620/6172/2620
f 2635/6158/2635 2634/6157/2634 6462/6162/6462 6461/6165/6461
f 2620/6172/2620 6461/6165/6461 6460/6164/6460 2619/6171/2619
f 6464/6173/6464 6465/6174/6465 6463/6175/6463 6469/6176/6469
f 6466/6177/6466 6467/6178/6467 6463/6175/6463 6465/6174/6465
f 6468/6179/6468 6469/6176/6469 6463/6175/6463 6467/6178/6467
f 141/6180/141 2638/6181/2638 6464/6173/6464 1301/6182/1301
f 2638/6181/2638 2637/6183/2637 6465/6174/6465 6464/6173/6464
f 1301/6182/1301 6464/6173/6464 6469/6176/6469 1302/6184/1302
f 26/6154/26 2630/6156/2630 6466/6177/6466 2636/6185/2636
f 2630/6156/2630 2631/6153/2631 6467/6178/6467 6466/6177/6466
f 2636/6185/2636 6466/6177/6466 6465/6174/6465 2637/6183/2637
f 142/2532/142 1303/6186/1303 6468/6179/6468 2632/6152/2632
f 1303/6186/1303 1302/6184/1302 6469/6176/6469 6468/6179/6468
f 2632/6152/2632 6468/6179/6468 6467/6178/6467 2631/6153/2631
f 6471/6187/6471 6472/6188/6472 6470/6189/6470 6476/6190/6476
f 6473/6191/6473 6474/6192/6474 6470/6189/6470 6472/6188/6472
f 6475/6193/6475 6476/6190/6476 6470/6189/6470 6474/6192/6474
f 141/6180/141 2639/6194/2639 6471/6187/6471 2638/6181/2638
f 2639/6194/2639 2640/6195/2640 6472/6188/6472 6471/6187/6471
f 2638/6181/2638 6471/6187/6471 6476/6190/6476 2637/6183/2637
f 278/6196/278 2644/6197/2644 6473/6191/6473 2641/6198/2641
f 2644/6197/2644 2643/6199/2643 6474/6192/6474 6473/6191/6473
f 2641/6198/2641 6473/6191/6473 6472/6188/6472 2640/6195/2640
f 26/6154/26 2636/6185/2636 6475/6193/6475 2642/6200/2642
f 2636/6185/2636 2637/6183/2637 6476/6190/6476 6475/6193/6475
f 2642/6200/2642 6475/6193/6475 6474/6192/6474 2643/6199/2643
f 6478/6201/6478 6479/6202/6479 6477/6203/6477 6483/6204/6483
f 6480/6205/6480 6481/6206/6481 6477/6203/6477 6479/6202/6479
f 6482/6207/6482 6483/6204/6483 6477/6203/6477 6481/6206/6481
f 26/6154/26 2642/6200/2642 6478/6201/6478 443/6208/443
f 2642/6200/2642 2643/6199/2643 6479/6202/6479 6478/6201/6478
f 443/6208/443 6478/6201/6478 6483/6204/6483 444/6209/444
f 278/6196/278 2647/6210/2647 6480/6205/6480 2644/6197/2644
f 2647/6210/2647 2646/6211/2646 6481/6206/6481 6480/6205/6480
f 2644/6197/2644 6480/6205/6480 6479/6202/6479 2643/6199/2643
f 28/357/28 445/6212/445 6482/6207/6482 2645/6213/2645
f 445/6212/445 444/6209/444 6483/6204/6483 6482/6207/6482
f 2645/6213/2645 6482/6207/6482 6481/6206/6481 2646/6211/2646
f 6485/6214/6485 6486/6215/6486 6484/6216/6484 6490/6217/6490
f 6487/6218/6487 6488/6219/6488 6484/6216/6484 6486/6215/6486
f 6489/6220/6489 6490/6217/6490 6484/6216/6484 6488/6219/6488
f 141/6180/141 2648/6221/2648 6485/6214/6485 2639/6194/2639
f 2648/6221/2648 2649/6222/2649 6486/6215/6486 6485/6214/6485
f 2639/6194/2639 6485/6214/6485 6490/6217/6490 2640/6195/2640
f 222/6223/222 2651/6224/2651 6487/6218/6487 2650/6225/2650
f 2651/6224/2651 2652/6226/2652 6488/6219/6488 6487/6218/6487
f 2650/6225/2650 6487/6218/6487 6486/6215/6486 2649/6222/2649
f 278/6196/278 2641/6198/2641 6489/6220/6489 2653/6227/2653
f 2641/6198/2641 2640/6195/2640 6490/6217/6490 6489/6220/6489
f 2653/6227/2653 6489/6220/6489 6488/6219/6488 2652/6226/2652
f 6492/6228/6492 6493/6229/6493 6491/6230/6491 6497/6231/6497
f 6494/6232/6494 6495/6233/6495 6491/6230/6491 6493/6229/6493
f 6496/6234/6496 6497/6231/6497 6491/6230/6491 6495/6233/6495
f 222/6223/222 2656/6235/2656 6492/6228/6492 2651/6224/2651
f 2656/6235/2656 2655/6236/2655 6493/6229/6493 6492/6228/6492
f 2651/6224/2651 6492/6228/6492 6497/6231/6497 2652/6226/2652
f 28/357/28 2645/6213/2645 6494/6232/6494 2654/6237/2654
f 2645/6213/2645 2646/6211/2646 6495/6233/6495 6494/6232/6494
f 2654/6237/2654 6494/6232/6494 6493/6229/6493 2655/6236/2655
f 278/6196/278 2653/6227/2653 6496/6234/6496 2647/6210/2647
f 2653/6227/2653 2652/6226/2652 6497/6231/6497 6496/6234/6496
f 2647/6210/2647 6496/6234/6496 6495/6233/6495 2646/6211/2646
f 6499/6238/6499 6500/6239/6500 6498/6240/6498 6504/6241/6504
f 6501/6242/6501 6502/6243/6502 6498/6240/6498 6500/6239/6500
f 6503/6244/6503 6504/6241/6504 6498/6240/6498 6502/6243/6502
f 141/6180/141 2012/6245/2012 6499/6238/6499 2648/6221/2648
f 2012/6245/2012 2013/6246/2013 6500/6239/6500 6499/6238/6499
f 2648/6221/2648 6499/6238/6499 6504/6241/6504 2649/6222/2649
f 224/6247/224 2005/6248/2005 6501/6242/6501 2014/6249/2014
f 2005/6248/2005 2004/6250/2004 6502/6243/6502 6501/6242/6501
f 2014/6249/2014 6501/6242/6501 6500/6239/6500 2013/6246/2013
f 222/6223/222 2650/6225/2650 6503/6244/6503 2003/6251/2003
f 2650/6225/2650 2649/6222/2649 6504/6241/6504 6503/6244/6503
f 2003/6251/2003 6503/6244/6503 6502/6243/6502 2004/6250/2004
f 6506/6252/6506 6507/6253/6507 6505/6254/6505 6511/6255/6511
f 6508/6256/6508 6509/6257/6509 6505/6254/6505 6507/6253/6507
f 6510/6258/6510 6511/6255/6511 6505/6254/6505 6509/6257/6509
f 29/373/29 451/375/451 6506/6252/6506 2657/6259/2657
f 451/375/451 450/372/450 6507/6253/6507 6506/6252/6506
f 2657/6259/2657 6506/6252/6506 6511/6255/6511 2658/6260/2658
f 28/357/28 2654/6237/2654 6508/6256/6508 449/371/449
f 2654/6237/2654 2655/6236/2655 6509/6257/6509 6508/6256/6508
f 449/371/449 6508/6256/6508 6507/6253/6507 450/372/450
f 222/6223/222 2659/6261/2659 6510/6258/6510 2656/6235/2656
f 2659/6261/2659 2658/6260/2658 6511/6255/6511 6510/6258/6510
f 2656/6235/2656 6510/6258/6510 6509/6257/6509 2655/6236/2655
f 6513/6262/6513 6514/6263/6514 6512/6264/6512 6518/6265/6518
f 6515/6266/6515 6516/6267/6516 6512/6264/6512 6514/6263/6514
f 6517/6268/6517 6518/6265/6518 6512/6264/6512 6516/6267/6516
f 29/373/29 2657/6259/2657 6513/6262/6513 2660/6269/2660
f 2657/6259/2657 2658/6260/2658 6514/6263/6514 6513/6262/6513
f 2660/6269/2660 6513/6262/6513 6518/6265/6518 2661/6270/2661
f 222/6223/222 1997/6271/1997 6515/6266/6515 2659/6261/2659
f 1997/6271/1997 1998/6272/1998 6516/6267/6516 6515/6266/6515
f 2659/6261/2659 6515/6266/6515 6514/6263/6514 2658/6260/2658
f 223/6273/223 2662/6274/2662 6517/6268/6517 1999/6275/1999
f 2662/6274/2662 2661/6270/2661 6518/6265/6518 6517/6268/6517
f 1999/6275/1999 6517/6268/6517 6516/6267/6516 1998/6272/1998
f 6520/6276/6520 6521/6277/6521 6519/6278/6519 6525/6279/6525
f 6522/6280/6522 6523/6281/6523 6519/6278/6519 6521/6277/6521
f 6524/6282/6524 6525/6279/6525 6519/6278/6519 6523/6281/6523
f 279/6283/279 2668/6284/2668 6520/6276/6520 2665/6285/2665
f 2668/6284/2668 2667/6286/2667 6521/6277/6521 6520/6276/6520
f 2665/6285/2665 6520/6276/6520 6525/6279/6525 2664/6287/2664
f 29/373/29 2660/6269/2660 6522/6280/6522 2666/6288/2666
f 2660/6269/2660 2661/6270/2661 6523/6281/6523 6522/6280/6522
f 2666/6288/2666 6522/6280/6522 6521/6277/6521 2667/6286/2667
f 223/6273/223 2663/6289/2663 6524/6282/6524 2662/6274/2662
f 2663/6289/2663 2664/6287/2664 6525/6279/6525 6524/6282/6524
f 2662/6274/2662 6524/6282/6524 6523/6281/6523 2661/6270/2661
f 6527/6290/6527 6528/6291/6528 6526/6292/6526 6532/6293/6532
f 6529/6294/6529 6530/6295/6530 6526/6292/6526 6528/6291/6528
f 6531/6296/6531 6532/6293/6532 6526/6292/6526 6530/6295/6530
f 279/6283/279 2665/6285/2665 6527/6290/6527 2669/6297/2669
f 2665/6285/2665 2664/6287/2664 6528/6291/6528 6527/6290/6527
f 2669/6297/2669 6527/6290/6527 6532/6293/6532 2670/6298/2670
f 223/6273/223 2672/6299/2672 6529/6294/6529 2663/6289/2663
f 2672/6299/2672 2673/6300/2673 6530/6295/6530 6529/6294/6529
f 2663/6289/2663 6529/6294/6529 6528/6291/6528 2664/6287/2664
f 280/6301/280 2671/6302/2671 6531/6296/6531 2674/6303/2674
f 2671/6302/2671 2670/6298/2670 6532/6293/6532 6531/6296/6531
f 2674/6303/2674 6531/6296/6531 6530/6295/6530 2673/6300/2673
f 6534/6304/6534 6535/6305/6535 6533/6306/6533 6539/6307/6539
f 6536/6308/6536 6537/6309/6537 6533/6306/6533 6535/6305/6535
f 6538/6310/6538 6539/6307/6539 6533/6306/6533 6537/6309/6537
f 281/6311/281 2680/6312/2680 6534/6304/6534 2677/6313/2677
f 2680/6312/2680 2679/6314/2679 6535/6305/6535 6534/6304/6534
f 2677/6313/2677 6534/6304/6534 6539/6307/6539 2676/6315/2676
f 279/6283/279 2669/6297/2669 6536/6308/6536 2678/6316/2678
f 2669/6297/2669 2670/6298/2670 6537/6309/6537 6536/6308/6536
f 2678/6316/2678 6536/6308/6536 6535/6305/6535 2679/6314/2679
f 280/6301/280 2675/6317/2675 6538/6310/6538 2671/6302/2671
f 2675/6317/2675 2676/6315/2676 6539/6307/6539 6538/6310/6538
f 2671/6302/2671 6538/6310/6538 6537/6309/6537 2670/6298/2670
f 6541/6318/6541 6542/6319/6542 6540/6320/6540 6546/6321/6546
f 6543/6322/6543 6544/6323/6544 6540/6320/6540 6542/6319/6542
f 6545/6324/6545 6546/6321/6546 6540/6320/6540 6544/6323/6544
f 282/6325/282 2686/6326/2686 6541/6318/6541 2683/6327/2683
f 2686/6326/2686 2685/6328/2685 6542/6319/6542 6541/6318/6541
f 2683/6327/2683 6541/6318/6541 6546/6321/6546 2682/6329/2682
f 29/373/29 2666/6288/2666 6543/6322/6543 2684/6330/2684
f 2666/6288/2666 2667/6286/2667 6544/6323/6544 6543/6322/6543
f 2684/6330/2684 6543/6322/6543 6542/6319/6542 2685/6328/2685
f 279/6283/279 2681/6331/2681 6545/6324/6545 2668/6284/2668
f 2681/6331/2681 2682/6329/2682 6546/6321/6546 6545/6324/6545
f 2668/6284/2668 6545/6324/6545 6544/6323/6544 2667/6286/2667
f 6548/6332/6548 6549/6333/6549 6547/6334/6547 6553/6335/6553
f 6550/6336/6550 6551/6337/6551 6547/6334/6547 6549/6333/6549
f 6552/6338/6552 6553/6335/6553 6547/6334/6547 6551/6337/6551
f 279/6283/279 2687/6339/2687 6548/6332/6548 2681/6331/2681
f 2687/6339/2687 2688/6340/2688 6549/6333/6549 6548/6332/6548
f 2681/6331/2681 6548/6332/6548 6553/6335/6553 2682/6329/2682
f 283/6341/283 2692/6342/2692 6550/6336/6550 2689/6343/2689
f 2692/6342/2692 2691/6344/2691 6551/6337/6551 6550/6336/6550
f 2689/6343/2689 6550/6336/6550 6549/6333/6549 2688/6340/2688
f 282/6325/282 2683/6327/2683 6552/6338/6552 2690/6345/2690
f 2683/6327/2683 2682/6329/2682 6553/6335/6553 6552/6338/6552
f 2690/6345/2690 6552/6338/6552 6551/6337/6551 2691/6344/2691
f 6555/6346/6555 6556/6347/6556 6554/6348/6554 6560/6349/6560
f 6557/6350/6557 6558/6351/6558 6554/6348/6554 6556/6347/6556
f 6559/6352/6559 6560/6349/6560 6554/6348/6554 6558/6351/6558
f 282/6325/282 2695/6353/2695 6555/6346/6555 2686/6326/2686
f 2695/6353/2695 2694/6354/2694 6556/6347/6556 6555/6346/6555
f 2686/6326/2686 6555/6346/6555 6560/6349/6560 2685/6328/2685
f 27/345/27 452/377/452 6557/6350/6557 2693/6355/2693
f 452/377/452 453/376/453 6558/6351/6558 6557/6350/6557
f 2693/6355/2693 6557/6350/6557 6556/6347/6556 2694/6354/2694
f 29/373/29 2684/6330/2684 6559/6352/6559 454/374/454
f 2684/6330/2684 2685/6328/2685 6560/6349/6560 6559/6352/6559
f 454/374/454 6559/6352/6559 6558/6351/6558 453/376/453
f 6562/6356/6562 6563/6357/6563 6561/6358/6561 6567/6359/6567
f 6564/6360/6564 6565/6361/6565 6561/6358/6561 6563/6357/6563
f 6566/6362/6566 6567/6359/6567 6561/6358/6561 6565/6361/6565
f 283/6341/283 2698/6363/2698 6562/6356/6562 2692/6342/2692
f 2698/6363/2698 2697/6364/2697 6563/6357/6563 6562/6356/6562
f 2692/6342/2692 6562/6356/6562 6567/6359/6567 2691/6344/2691
f 27/345/27 2693/6355/2693 6564/6360/6564 2696/6365/2696
f 2693/6355/2693 2694/6354/2694 6565/6361/6565 6564/6360/6564
f 2696/6365/2696 6564/6360/6564 6563/6357/6563 2697/6364/2697
f 282/6325/282 2690/6345/2690 6566/6362/6566 2695/6353/2695
f 2690/6345/2690 2691/6344/2691 6567/6359/6567 6566/6362/6566
f 2695/6353/2695 6566/6362/6566 6565/6361/6565 2694/6354/2694
f 6569/6366/6569 6570/6367/6570 6568/6368/6568 6574/6369/6574
f 6571/6370/6571 6572/6371/6572 6568/6368/6568 6570/6367/6570
f 6573/6372/6573 6574/6369/6574 6568/6368/6568 6572/6371/6572
f 283/6341/283 2701/6373/2701 6569/6366/6569 2698/6363/2698
f 2701/6373/2701 2700/6374/2700 6570/6367/6570 6569/6366/6569
f 2698/6363/2698 6569/6366/6569 6574/6369/6574 2697/6364/2697
f 25/324/25 440/349/440 6571/6370/6571 2699/6375/2699
f 440/349/440 441/348/441 6572/6371/6572 6571/6370/6571
f 2699/6375/2699 6571/6370/6571 6570/6367/6570 2700/6374/2700
f 27/345/27 2696/6365/2696 6573/6372/6573 442/346/442
f 2696/6365/2696 2697/6364/2697 6574/6369/6574 6573/6372/6573
f 442/346/442 6573/6372/6573 6572/6371/6572 441/348/441
f 6576/6376/6576 6577/6377/6577 6575/6378/6575 6581/6379/6581
f 6578/6380/6578 6579/6381/6579 6575/6378/6575 6577/6377/6577
f 6580/6382/6580 6581/6379/6581 6575/6378/6575 6579/6381/6579
f 281/6311/281 2702/6383/2702 6576/6376/6576 2680/6312/2680
f 2702/6383/2702 2703/6384/2703 6577/6377/6577 6576/6376/6576
f 2680/6312/2680 6576/6376/6576 6581/6379/6581 2679/6314/2679
f 284/6385/284 2707/6386/2707 6578/6380/6578 2704/6387/2704
f 2707/6386/2707 2706/6388/2706 6579/6381/6579 6578/6380/6578
f 2704/6387/2704 6578/6380/6578 6577/6377/6577 2703/6384/2703
f 279/6283/279 2678/6316/2678 6580/6382/6580 2705/6389/2705
f 2678/6316/2678 2679/6314/2679 6581/6379/6581 6580/6382/6580
f 2705/6389/2705 6580/6382/6580 6579/6381/6579 2706/6388/2706
f 6583/6390/6583 6584/6391/6584 6582/6392/6582 6588/6393/6588
f 6585/6394/6585 6586/6395/6586 6582/6392/6582 6584/6391/6584
f 6587/6396/6587 6588/6393/6588 6582/6392/6582 6586/6395/6586
f 284/6385/284 2710/6397/2710 6583/6390/6583 2707/6386/2707
f 2710/6397/2710 2709/6398/2709 6584/6391/6584 6583/6390/6583
f 2707/6386/2707 6583/6390/6583 6588/6393/6588 2706/6388/2706
f 283/6341/283 2689/6343/2689 6585/6394/6585 2708/6399/2708
f 2689/6343/2689 2688/6340/2688 6586/6395/6586 6585/6394/6585
f 2708/6399/2708 6585/6394/6585 6584/6391/6584 2709/6398/2709
f 279/6283/279 2705/6389/2705 6587/6396/6587 2687/6339/2687
f 2705/6389/2705 2706/6388/2706 6588/6393/6588 6587/6396/6587
f 2687/6339/2687 6587/6396/6587 6586/6395/6586 2688/6340/2688
f 6590/6400/6590 6591/6401/6591 6589/6402/6589 6595/6403/6595
f 6592/6404/6592 6593/6405/6593 6589/6402/6589 6591/6401/6591
f 6594/6406/6594 6595/6403/6595 6589/6402/6589 6593/6405/6593
f 284/6385/284 2704/6387/2704 6590/6400/6590 2711/6407/2711
f 2704/6387/2704 2703/6384/2703 6591/6401/6591 6590/6400/6590
f 2711/6407/2711 6590/6400/6590 6595/6403/6595 2712/6408/2712
f 281/6311/281 2714/6409/2714 6592/6404/6592 2702/6383/2702
f 2714/6409/2714 2715/6410/2715 6593/6405/6593 6592/6404/6592
f 2702/6383/2702 6592/6404/6592 6591/6401/6591 2703/6384/2703
f 285/6411/285 2713/6412/2713 6594/6406/6594 2716/6413/2716
f 2713/6412/2713 2712/6408/2712 6595/6403/6595 6594/6406/6594
f 2716/6413/2716 6594/6406/6594 6593/6405/6593 2715/6410/2715
f 6597/6414/6597 6598/6415/6598 6596/6416/6596 6602/6417/6602
f 6599/6418/6599 6600/6419/6600 6596/6416/6596 6598/6415/6598
f 6601/6420/6601 6602/6417/6602 6596/6416/6596 6600/6419/6600
f 284/6385/284 2711/6407/2711 6597/6414/6597 2717/6421/2717
f 2711/6407/2711 2712/6408/2712 6598/6415/6598 6597/6414/6597
f 2717/6421/2717 6597/6414/6597 6602/6417/6602 2718/6422/2718
f 285/6411/285 2720/6423/2720 6599/6418/6599 2713/6412/2713
f 2720/6423/2720 2721/6424/2721 6600/6419/6600 6599/6418/6599
f 2713/6412/2713 6599/6418/6599 6598/6415/6598 2712/6408/2712
f 286/6425/286 2719/6426/2719 6601/6420/6601 2722/6427/2722
f 2719/6426/2719 2718/6422/2718 6602/6417/6602 6601/6420/6601
f 2722/6427/2722 6601/6420/6601 6600/6419/6600 2721/6424/2721
f 6604/6428/6604 6605/6429/6605 6603/6430/6603 6609/6431/6609
f 6606/6432/6606 6607/6433/6607 6603/6430/6603 6605/6429/6605
f 6608/6434/6608 6609/6431/6609 6603/6430/6603 6607/6433/6607
f 21/6435/21 2726/6436/2726 6604/6428/6604 2723/6437/2723
f 2726/6436/2726 2727/6438/2727 6605/6429/6605 6604/6428/6604
f 2723/6437/2723 6604/6428/6604 6609/6431/6609 2724/6439/2724
f 286/6425/286 2722/6427/2722 6606/6432/6606 2728/6440/2728
f 2722/6427/2722 2721/6424/2721 6607/6433/6607 6606/6432/6606
f 2728/6440/2728 6606/6432/6606 6605/6429/6605 2727/6438/2727
f 285/6411/285 2725/6441/2725 6608/6434/6608 2720/6423/2720
f 2725/6441/2725 2724/6439/2724 6609/6431/6609 6608/6434/6608
f 2720/6423/2720 6608/6434/6608 6607/6433/6607 2721/6424/2721
f 6611/6442/6611 6612/6443/6612 6610/6444/6610 6616/6445/6616
f 6613/6446/6613 6614/6447/6614 6610/6444/6610 6612/6443/6612
f 6615/6448/6615 6616/6445/6616 6610/6444/6610 6614/6447/6614
f 21/6435/21 391/6449/391 6611/6442/6611 2726/6436/2726
f 391/6449/391 390/6450/390 6612/6443/6612 6611/6442/6611
f 2726/6436/2726 6611/6442/6611 6616/6445/6616 2727/6438/2727
f 20/6451/20 2729/6452/2729 6613/6446/6613 389/6453/389
f 2729/6452/2729 2730/6454/2730 6614/6447/6614 6613/6446/6613
f 389/6453/389 6613/6446/6613 6612/6443/6612 390/6450/390
f 286/6425/286 2728/6440/2728 6615/6448/6615 2731/6455/2731
f 2728/6440/2728 2727/6438/2727 6616/6445/6616 6615/6448/6615
f 2731/6455/2731 6615/6448/6615 6614/6447/6614 2730/6454/2730
f 6618/6456/6618 6619/6457/6619 6617/6458/6617 6623/6459/6623
f 6620/6460/6620 6621/6461/6621 6617/6458/6617 6619/6457/6619
f 6622/6462/6622 6623/6459/6623 6617/6458/6617 6621/6461/6621
f 286/6425/286 2732/6463/2732 6618/6456/6618 2719/6426/2719
f 2732/6463/2732 2733/6464/2733 6619/6457/6619 6618/6456/6618
f 2719/6426/2719 6618/6456/6618 6623/6459/6623 2718/6422/2718
f 287/6465/287 2737/6466/2737 6620/6460/6620 2734/6467/2734
f 2737/6466/2737 2736/6468/2736 6621/6461/6621 6620/6460/6620
f 2734/6467/2734 6620/6460/6620 6619/6457/6619 2733/6464/2733
f 284/6385/284 2717/6421/2717 6622/6462/6622 2735/6469/2735
f 2717/6421/2717 2718/6422/2718 6623/6459/6623 6622/6462/6622
f 2735/6469/2735 6622/6462/6622 6621/6461/6621 2736/6468/2736
f 6625/6470/6625 6626/6471/6626 6624/6472/6624 6630/6473/6630
f 6627/6474/6627 6628/6475/6628 6624/6472/6624 6626/6471/6626
f 6629/6476/6629 6630/6473/6630 6624/6472/6624 6628/6475/6628
f 284/6385/284 2735/6469/2735 6625/6470/6625 2710/6397/2710
f 2735/6469/2735 2736/6468/2736 6626/6471/6626 6625/6470/6625
f 2710/6397/2710 6625/6470/6625 6630/6473/6630 2709/6398/2709
f 287/6465/287 2740/6477/2740 6627/6474/6627 2737/6466/2737
f 2740/6477/2740 2739/6478/2739 6628/6475/6628 6627/6474/6627
f 2737/6466/2737 6627/6474/6627 6626/6471/6626 2736/6468/2736
f 283/6341/283 2708/6399/2708 6629/6476/6629 2738/6479/2738
f 2708/6399/2708 2709/6398/2709 6630/6473/6630 6629/6476/6629
f 2738/6479/2738 6629/6476/6629 6628/6475/6628 2739/6478/2739
f 6632/6480/6632 6633/6481/6633 6631/6482/6631 6637/6483/6637
f 6634/6484/6634 6635/6485/6635 6631/6482/6631 6633/6481/6633
f 6636/6486/6636 6637/6483/6637 6631/6482/6631 6635/6485/6635
f 288/6487/288 2746/6488/2746 6632/6480/6632 2743/6489/2743
f 2746/6488/2746 2745/6490/2745 6633/6481/6633 6632/6480/6632
f 2743/6489/2743 6632/6480/6632 6637/6483/6637 2742/6491/2742
f 286/6425/286 2731/6455/2731 6634/6484/6634 2744/6492/2744
f 2731/6455/2731 2730/6454/2730 6635/6485/6635 6634/6484/6634
f 2744/6492/2744 6634/6484/6634 6633/6481/6633 2745/6490/2745
f 20/6451/20 2741/6493/2741 6636/6486/6636 2729/6452/2729
f 2741/6493/2741 2742/6491/2742 6637/6483/6637 6636/6486/6636
f 2729/6452/2729 6636/6486/6636 6635/6485/6635 2730/6454/2730
f 6639/6494/6639 6640/6495/6640 6638/6496/6638 6644/6497/6644
f 6641/6498/6641 6642/6499/6642 6638/6496/6638 6640/6495/6640
f 6643/6500/6643 6644/6497/6644 6638/6496/6638 6642/6499/6642
f 286/6425/286 2744/6492/2744 6639/6494/6639 2732/6463/2732
f 2744/6492/2744 2745/6490/2745 6640/6495/6640 6639/6494/6639
f 2732/6463/2732 6639/6494/6639 6644/6497/6644 2733/6464/2733
f 288/6487/288 2749/6501/2749 6641/6498/6641 2746/6488/2746
f 2749/6501/2749 2748/6502/2748 6642/6499/6642 6641/6498/6641
f 2746/6488/2746 6641/6498/6641 6640/6495/6640 2745/6490/2745
f 287/6465/287 2734/6467/2734 6643/6500/6643 2747/6503/2747
f 2734/6467/2734 2733/6464/2733 6644/6497/6644 6643/6500/6643
f 2747/6503/2747 6643/6500/6643 6642/6499/6642 2748/6502/2748
f 6646/6504/6646 6647/6505/6647 6645/6506/6645 6651/6507/6651
f 6648/6508/6648 6649/6509/6649 6645/6506/6645 6647/6505/6647
f 6650/6510/6650 6651/6507/6651 6645/6506/6645 6649/6509/6649
f 288/6487/288 2743/6489/2743 6646/6504/6646 2752/6511/2752
f 2743/6489/2743 2742/6491/2742 6647/6505/6647 6646/6504/6646
f 2752/6511/2752 6646/6504/6646 6651/6507/6651 2751/6512/2751
f 20/6451/20 388/6513/388 6648/6508/6648 2741/6493/2741
f 388/6513/388 387/6514/387 6649/6509/6649 6648/6508/6648
f 2741/6493/2741 6648/6508/6648 6647/6505/6647 2742/6491/2742
f 13/6515/13 2750/6516/2750 6650/6510/6650 386/6517/386
f 2750/6516/2750 2751/6512/2751 6651/6507/6651 6650/6510/6650
f 386/6517/386 6650/6510/6650 6649/6509/6649 387/6514/387
f 6653/6518/6653 6654/6519/6654 6652/6520/6652 6658/6521/6658
f 6655/6522/6655 6656/6523/6656 6652/6520/6652 6654/6519/6654
f 6657/6524/6657 6658/6521/6658 6652/6520/6652 6656/6523/6656
f 288/6487/288 2753/6525/2753 6653/6518/6653 2749/6501/2749
f 2753/6525/2753 2754/6526/2754 6654/6519/6654 6653/6518/6653
f 2749/6501/2749 6653/6518/6653 6658/6521/6658 2748/6502/2748
f 289/6527/289 2758/6528/2758 6655/6522/6655 2755/6529/2755
f 2758/6528/2758 2757/6530/2757 6656/6523/6656 6655/6522/6655
f 2755/6529/2755 6655/6522/6655 6654/6519/6654 2754/6526/2754
f 287/6465/287 2747/6503/2747 6657/6524/6657 2756/6531/2756
f 2747/6503/2747 2748/6502/2748 6658/6521/6658 6657/6524/6657
f 2756/6531/2756 6657/6524/6657 6656/6523/6656 2757/6530/2757
f 6660/6532/6660 6661/6533/6661 6659/6534/6659 6665/6535/6659
f 6662/6536/6662 6663/6537/6663 6659/6534/6659 6661/6533/6661
f 6664/6538/6664 6665/6535/6659 6659/6534/6659 6663/6537/6663
f 287/6465/287 2756/6531/2756 6660/6532/6660 2740/6477/2740
f 2756/6531/2756 2757/6530/2757 6661/6533/6661 6660/6532/6660
f 2740/6477/2740 6660/6532/6660 6665/6535/6659 2739/6478/2739
f 289/6527/289 2761/6539/2761 6662/6536/6662 2758/6528/2758
f 2761/6539/2761 2760/6540/2760 6663/6537/6663 6662/6536/6662
f 2758/6528/2758 6662/6536/6662 6661/6533/6661 2757/6530/2757
f 283/6341/283 2738/6479/2738 6664/6538/6664 2759/6541/2759
f 2738/6479/2738 2739/6478/2739 6665/6535/6659 6664/6538/6664
f 2759/6541/2759 6664/6538/6664 6663/6537/6663 2760/6540/2760
f 6667/6542/6666 6668/6543/6667 6666/6544/6665 6672/6545/6671
f 6669/6546/6668 6670/6547/6669 6666/6544/6665 6668/6543/6667
f 6671/6548/6670 6672/6545/6671 6666/6544/6665 6670/6547/6669
f 288/6487/288 2752/6511/2752 6667/6542/6666 2753/6525/2753
f 2752/6511/2752 2751/6512/2751 6668/6543/6667 6667/6542/6666
f 2753/6525/2753 6667/6542/6666 6672/6545/6671 2754/6526/2754
f 13/6515/13 2762/6549/2762 6669/6546/6668 2750/6516/2750
f 2762/6549/2762 2763/6550/2763 6670/6547/6669 6669/6546/6668
f 2750/6516/2750 6669/6546/6668 6668/6543/6667 2751/6512/2751
f 289/6527/289 2755/6529/2755 6671/6548/6670 2764/6551/2764
f 2755/6529/2755 2754/6526/2754 6672/6545/6671 6671/6548/6670
f 2764/6551/2764 6671/6548/6670 6670/6547/6669 2763/6550/2763
f 6674/6552/6673 6675/6553/6674 6673/6554/6672 6679/6555/6678
f 6676/6556/6675 6677/6557/6676 6673/6554/6672 6675/6553/6674
f 6678/6558/6677 6679/6555/6678 6673/6554/6672 6677/6557/6676
f 25/324/25 2699/6375/2699 6674/6552/6673 2765/6559/2765
f 2699/6375/2699 2700/6374/2700 6675/6553/6674 6674/6552/6673
f 2765/6559/2765 6674/6552/6673 6679/6555/6678 2766/6560/2766
f 283/6341/283 2768/6561/2768 6676/6556/6675 2701/6373/2701
f 2768/6561/2768 2769/6562/2769 6677/6557/6676 6676/6556/6675
f 2701/6373/2701 6676/6556/6675 6675/6553/6674 2700/6374/2700
f 290/6563/290 2767/6564/2767 6678/6558/6677 2770/6565/2770
f 2767/6564/2767 2766/6560/2766 6679/6555/6678 6678/6558/6677
f 2770/6565/2770 6678/6558/6677 6677/6557/6676 2769/6562/2769
f 6681/6566/6680 6682/6567/6681 6680/6568/6679 6686/6569/6685
f 6683/6570/6682 6684/6571/6683 6680/6568/6679 6682/6567/6681
f 6685/6572/6684 6686/6569/6685 6680/6568/6679 6684/6571/6683
f 289/6527/289 2771/6573/2771 6681/6566/6680 2761/6539/2761
f 2771/6573/2771 2772/6574/2772 6682/6567/6681 6681/6566/6680
f 2761/6539/2761 6681/6566/6680 6686/6569/6685 2760/6540/2760
f 290/6563/290 2770/6565/2770 6683/6570/6682 2773/6575/2773
f 2770/6565/2770 2769/6562/2769 6684/6571/6683 6683/6570/6682
f 2773/6575/2773 6683/6570/6682 6682/6567/6681 2772/6574/2772
f 283/6341/283 2759/6541/2759 6685/6572/6684 2768/6561/2768
f 2759/6541/2759 2760/6540/2760 6686/6569/6685 6685/6572/6684
f 2768/6561/2768 6685/6572/6684 6684/6571/6683 2769/6562/2769
f 6688/6576/6687 6689/6577/6688 6687/6578/6686 6693/6579/6692
f 6690/6580/6689 6691/6581/6690 6687/6578/6686 6689/6577/6688
f 6692/6582/6691 6693/6579/6692 6687/6578/6686 6691/6581/6690
f 290/6563/290 2776/6583/2776 6688/6576/6687 2767/6564/2767
f 2776/6583/2776 2775/6584/2775 6689/6577/6688 6688/6576/6687
f 2767/6564/2767 6688/6576/6687 6693/6579/6692 2766/6560/2766
f 2/17/2 2777/6585/2777 6690/6580/6689 2774/6586/2774
f 2777/6585/2777 2778/6587/2778 6691/6581/6690 6690/6580/6689
f 2774/6586/2774 6690/6580/6689 6689/6577/6688 2775/6584/2775
f 25/324/25 2765/6559/2765 6692/6582/6691 2779/6588/2779
f 2765/6559/2765 2766/6560/2766 6693/6579/6692 6692/6582/6691
f 2779/6588/2779 6692/6582/6691 6691/6581/6690 2778/6587/2778
f 6695/6589/6694 6696/6590/6695 6694/6591/6693 6700/6592/6699
f 6697/6593/6696 6698/6594/6697 6694/6591/6693 6696/6590/6695
f 6699/6595/6698 6700/6592/6699 6694/6591/6693 6698/6594/6697
f 2/17/2 305/6596/305 6695/6589/6694 2777/6585/2777
f 305/6596/305 306/6597/306 6696/6590/6695 6695/6589/6694
f 2777/6585/2777 6695/6589/6694 6700/6592/6699 2778/6587/2778
f 3/329/3 431/331/431 6697/6593/6696 307/6598/307
f 431/331/431 432/327/432 6698/6594/6697 6697/6593/6696
f 307/6598/307 6697/6593/6696 6696/6590/6695 306/6597/306
f 25/324/25 2779/6588/2779 6699/6595/6698 433/325/433
f 2779/6588/2779 2778/6587/2778 6700/6592/6699 6699/6595/6698
f 433/325/433 6699/6595/6698 6698/6594/6697 432/327/432
f 6702/6599/6701 6703/6600/6702 6701/6601/6700 6707/6602/6706
f 6704/6603/6703 6705/6604/6704 6701/6601/6700 6703/6600/6702
f 6706/6605/6705 6707/6602/6706 6701/6601/6700 6705/6604/6704
f 290/6563/290 2780/6606/2780 6702/6599/6701 2776/6583/2776
f 2780/6606/2780 2781/6607/2781 6703/6600/6702 6702/6599/6701
f 2776/6583/2776 6702/6599/6701 6707/6602/6706 2775/6584/2775
f 291/6608/291 2785/6609/2785 6704/6603/6703 2782/6610/2782
f 2785/6609/2785 2784/6611/2784 6705/6604/6704 6704/6603/6703
f 2782/6610/2782 6704/6603/6703 6703/6600/6702 2781/6607/2781
f 2/17/2 2774/6586/2774 6706/6605/6705 2783/6612/2783
f 2774/6586/2774 2775/6584/2775 6707/6602/6706 6706/6605/6705
f 2783/6612/2783 6706/6605/6705 6705/6604/6704 2784/6611/2784
f 6709/6613/6708 6710/6614/6709 6708/6615/6707 6714/6616/6713
f 6711/6617/6710 6712/6618/6711 6708/6615/6707 6710/6614/6709
f 6713/6619/6712 6714/6616/6713 6708/6615/6707 6712/6618/6711
f 292/6620/292 2791/6621/2791 6709/6613/6708 2788/6622/2788
f 2791/6621/2791 2790/6623/2790 6710/6614/6709 6709/6613/6708
f 2788/6622/2788 6709/6613/6708 6714/6616/6713 2787/6624/2787
f 291/6608/291 2782/6610/2782 6711/6617/6710 2789/6625/2789
f 2782/6610/2782 2781/6607/2781 6712/6618/6711 6711/6617/6710
f 2789/6625/2789 6711/6617/6710 6710/6614/6709 2790/6623/2790
f 290/6563/290 2786/6626/2786 6713/6619/6712 2780/6606/2780
f 2786/6626/2786 2787/6624/2787 6714/6616/6713 6713/6619/6712
f 2780/6606/2780 6713/6619/6712 6712/6618/6711 2781/6607/2781
f 6716/6627/6715 6717/6628/6716 6715/6629/6714 6721/6630/6720
f 6718/6631/6717 6719/6632/6718 6715/6629/6714 6717/6628/6716
f 6720/6633/6719 6721/6630/6720 6715/6629/6714 6719/6632/6718
f 292/6620/292 2788/6622/2788 6716/6627/6715 2792/6634/2792
f 2788/6622/2788 2787/6624/2787 6717/6628/6716 6716/6627/6715
f 2792/6634/2792 6716/6627/6715 6721/6630/6720 2793/6635/2793
f 290/6563/290 2795/6636/2795 6718/6631/6717 2786/6626/2786
f 2795/6636/2795 2796/6637/2796 6719/6632/6718 6718/6631/6717
f 2786/6626/2786 6718/6631/6717 6717/6628/6716 2787/6624/2787
f 293/6638/293 2794/6639/2794 6720/6633/6719 2797/6640/2797
f 2794/6639/2794 2793/6635/2793 6721/6630/6720 6720/6633/6719
f 2797/6640/2797 6720/6633/6719 6719/6632/6718 2796/6637/2796
f 6723/6641/6722 6724/6642/6723 6722/6643/6721 6728/6644/6727
f 6725/6645/6724 6726/6646/6725 6722/6643/6721 6724/6642/6723
f 6727/6647/6726 6728/6644/6727 6722/6643/6721 6726/6646/6725
f 289/6527/289 2798/6648/2798 6723/6641/6722 2771/6573/2771
f 2798/6648/2798 2799/6649/2799 6724/6642/6723 6723/6641/6722
f 2771/6573/2771 6723/6641/6722 6728/6644/6727 2772/6574/2772
f 293/6638/293 2797/6640/2797 6725/6645/6724 2800/6650/2800
f 2797/6640/2797 2796/6637/2796 6726/6646/6725 6725/6645/6724
f 2800/6650/2800 6725/6645/6724 6724/6642/6723 2799/6649/2799
f 290/6563/290 2773/6575/2773 6727/6647/6726 2795/6636/2795
f 2773/6575/2773 2772/6574/2772 6728/6644/6727 6727/6647/6726
f 2795/6636/2795 6727/6647/6726 6726/6646/6725 2796/6637/2796
f 6730/6651/6729 6731/6652/6730 6729/6653/6728 6735/6654/6734
f 6732/6655/6731 6733/6656/6732 6729/6653/6728 6731/6652/6730
f 6734/6657/6733 6735/6654/6734 6729/6653/6728 6733/6656/6732
f 293/6638/293 2801/6658/2801 6730/6651/6729 2794/6639/2794
f 2801/6658/2801 2802/6659/2802 6731/6652/6730 6730/6651/6729
f 2794/6639/2794 6730/6651/6729 6735/6654/6734 2793/6635/2793
f 294/6660/294 2806/6661/2806 6732/6655/6731 2803/6662/2803
f 2806/6661/2806 2805/6663/2805 6733/6656/6732 6732/6655/6731
f 2803/6662/2803 6732/6655/6731 6731/6652/6730 2802/6659/2802
f 292/6620/292 2792/6634/2792 6734/6657/6733 2804/6664/2804
f 2792/6634/2792 2793/6635/2793 6735/6654/6734 6734/6657/6733
f 2804/6664/2804 6734/6657/6733 6733/6656/6732 2805/6663/2805
f 6737/6665/6736 6738/6666/6737 6736/6667/6735 6742/6668/6741
f 6739/6669/6738 6740/6670/6739 6736/6667/6735 6738/6666/6737
f 6741/6671/6740 6742/6668/6741 6736/6667/6735 6740/6670/6739
f 289/6527/289 2807/6672/2807 6737/6665/6736 2798/6648/2798
f 2807/6672/2807 2808/6673/2808 6738/6666/6737 6737/6665/6736
f 2798/6648/2798 6737/6665/6736 6742/6668/6741 2799/6649/2799
f 295/6674/295 2812/6675/2812 6739/6669/6738 2809/6676/2809
f 2812/6675/2812 2811/6677/2811 6740/6670/6739 6739/6669/6738
f 2809/6676/2809 6739/6669/6738 6738/6666/6737 2808/6673/2808
f 293/6638/293 2800/6650/2800 6741/6671/6740 2810/6678/2810
f 2800/6650/2800 2799/6649/2799 6742/6668/6741 6741/6671/6740
f 2810/6678/2810 6741/6671/6740 6740/6670/6739 2811/6677/2811
f 6744/6679/6743 6745/6680/6744 6743/6681/6742 6749/6682/6748
f 6746/6683/6745 6747/6684/6746 6743/6681/6742 6745/6680/6744
f 6748/6685/6747 6749/6682/6748 6743/6681/6742 6747/6684/6746
f 293/6638/293 2810/6678/2810 6744/6679/6743 2801/6658/2801
f 2810/6678/2810 2811/6677/2811 6745/6680/6744 6744/6679/6743
f 2801/6658/2801 6744/6679/6743 6749/6682/6748 2802/6659/2802
f 295/6674/295 2815/6686/2815 6746/6683/6745 2812/6675/2812
f 2815/6686/2815 2814/6687/2814 6747/6684/6746 6746/6683/6745
f 2812/6675/2812 6746/6683/6745 6745/6680/6744 2811/6677/2811
f 294/6660/294 2803/6662/2803 6748/6685/6747 2813/6688/2813
f 2803/6662/2803 2802/6659/2802 6749/6682/6748 6748/6685/6747
f 2813/6688/2813 6748/6685/6747 6747/6684/6746 2814/6687/2814
f 6751/6689/6750 6752/6690/6751 6750/6691/6749 6756/6692/6755
f 6753/6693/6752 6754/6694/6753 6750/6691/6749 6752/6690/6751
f 6755/6695/6754 6756/6692/6755 6750/6691/6749 6754/6694/6753
f 13/6515/13 2816/6696/2816 6751/6689/6750 2762/6549/2762
f 2816/6696/2816 2817/6697/2817 6752/6690/6751 6751/6689/6750
f 2762/6549/2762 6751/6689/6750 6756/6692/6755 2763/6550/2763
f 295/6674/295 2809/6676/2809 6753/6693/6752 2818/6698/2818
f 2809/6676/2809 2808/6673/2808 6754/6694/6753 6753/6693/6752
f 2818/6698/2818 6753/6693/6752 6752/6690/6751 2817/6697/2817
f 289/6527/289 2764/6551/2764 6755/6695/6754 2807/6672/2807
f 2764/6551/2764 2763/6550/2763 6756/6692/6755 6755/6695/6754
f 2807/6672/2807 6755/6695/6754 6754/6694/6753 2808/6673/2808
f 6758/6699/6757 6759/6700/6758 6757/6701/6756 6763/6702/6762
f 6760/6703/6759 6761/6704/6760 6757/6701/6756 6759/6700/6758
f 6762/6705/6761 6763/6702/6762 6757/6701/6756 6761/6704/6760
f 295/6674/295 2819/6706/2819 6758/6699/6757 2815/6686/2815
f 2819/6706/2819 2820/6707/2820 6759/6700/6758 6758/6699/6757
f 2815/6686/2815 6758/6699/6757 6763/6702/6762 2814/6687/2814
f 296/6708/296 2824/6709/2824 6760/6703/6759 2821/6710/2821
f 2824/6709/2824 2823/6711/2823 6761/6704/6760 6760/6703/6759
f 2821/6710/2821 6760/6703/6759 6759/6700/6758 2820/6707/2820
f 294/6660/294 2813/6688/2813 6762/6705/6761 2822/6712/2822
f 2813/6688/2813 2814/6687/2814 6763/6702/6762 6762/6705/6761
f 2822/6712/2822 6762/6705/6761 6761/6704/6760 2823/6711/2823
f 6765/6713/6764 6766/6714/6765 6764/6715/6763 6770/6716/6769
f 6767/6717/6766 6768/6718/6767 6764/6715/6763 6766/6714/6765
f 6769/6719/6768 6770/6716/6769 6764/6715/6763 6768/6718/6767
f 13/6515/13 2825/6720/2825 6765/6713/6764 2816/6696/2816
f 2825/6720/2825 2826/6721/2826 6766/6714/6765 6765/6713/6764
f 2816/6696/2816 6765/6713/6764 6770/6716/6769 2817/6697/2817
f 297/6722/297 2830/6723/2830 6767/6717/6766 2827/6724/2827
f 2830/6723/2830 2829/6725/2829 6768/6718/6767 6767/6717/6766
f 2827/6724/2827 6767/6717/6766 6766/6714/6765 2826/6721/2826
f 295/6674/295 2818/6698/2818 6769/6719/6768 2828/6726/2828
f 2818/6698/2818 2817/6697/2817 6770/6716/6769 6769/6719/6768
f 2828/6726/2828 6769/6719/6768 6768/6718/6767 2829/6725/2829
f 6772/6727/6771 6773/6728/6772 6771/6729/6770 6777/6730/6776
f 6774/6731/6773 6775/6732/6774 6771/6729/6770 6773/6728/6772
f 6776/6733/6775 6777/6730/6776 6771/6729/6770 6775/6732/6774
f 295/6674/295 2828/6726/2828 6772/6727/6771 2819/6706/2819
f 2828/6726/2828 2829/6725/2829 6773/6728/6772 6772/6727/6771
f 2819/6706/2819 6772/6727/6771 6777/6730/6776 2820/6707/2820
f 297/6722/297 2833/6734/2833 6774/6731/6773 2830/6723/2830
f 2833/6734/2833 2832/6735/2832 6775/6732/6774 6774/6731/6773
f 2830/6723/2830 6774/6731/6773 6773/6728/6772 2829/6725/2829
f 296/6708/296 2821/6710/2821 6776/6733/6775 2831/6736/2831
f 2821/6710/2821 2820/6707/2820 6777/6730/6776 6776/6733/6775
f 2831/6736/2831 6776/6733/6775 6775/6732/6774 2832/6735/2832
f 6779/6737/6778 6780/6738/6779 6778/6739/6777 6784/6740/6783
f 6781/6741/6780 6782/6742/6781 6778/6739/6777 6780/6738/6779
f 6783/6743/6782 6784/6740/6783 6778/6739/6777 6782/6742/6781
f 11/6744/11 2834/6745/2834 6779/6737/6778 335/6746/335
f 2834/6745/2834 2835/6747/2835 6780/6738/6779 6779/6737/6778
f 335/6746/335 6779/6737/6778 6784/6740/6783 336/6748/336
f 297/6722/297 2827/6724/2827 6781/6741/6780 2836/6749/2836
f 2827/6724/2827 2826/6721/2826 6782/6742/6781 6781/6741/6780
f 2836/6749/2836 6781/6741/6780 6780/6738/6779 2835/6747/2835
f 13/6515/13 337/6750/337 6783/6743/6782 2825/6720/2825
f 337/6750/337 336/6748/336 6784/6740/6783 6783/6743/6782
f 2825/6720/2825 6783/6743/6782 6782/6742/6781 2826/6721/2826
f 6786/6751/6785 6787/6752/6786 6785/6753/6784 6791/6754/6790
f 6788/6755/6787 6789/6756/6788 6785/6753/6784 6787/6752/6786
f 6790/6757/6789 6791/6754/6790 6785/6753/6784 6789/6756/6788
f 11/6744/11 2246/6758/2246 6786/6751/6785 2834/6745/2834
f 2246/6758/2246 2247/6759/2247 6787/6752/6786 6786/6751/6785
f 2834/6745/2834 6786/6751/6785 6791/6754/6790 2835/6747/2835
f 239/6760/239 2837/6761/2837 6788/6755/6787 2248/6762/2248
f 2837/6761/2837 2838/6763/2838 6789/6756/6788 6788/6755/6787
f 2248/6762/2248 6788/6755/6787 6787/6752/6786 2247/6759/2247
f 297/6722/297 2836/6749/2836 6790/6757/6789 2839/6764/2839
f 2836/6749/2836 2835/6747/2835 6791/6754/6790 6790/6757/6789
f 2839/6764/2839 6790/6757/6789 6789/6756/6788 2838/6763/2838
f 6793/6765/6792 6794/6766/6793 6792/6767/6791 6798/6768/6797
f 6795/6769/6794 6796/6770/6795 6792/6767/6791 6794/6766/6793
f 6797/6771/6796 6798/6768/6797 6792/6767/6791 6796/6770/6795
f 296/6708/296 2831/6736/2831 6793/6765/6792 2842/6772/2842
f 2831/6736/2831 2832/6735/2832 6794/6766/6793 6793/6765/6792
f 2842/6772/2842 6793/6765/6792 6798/6768/6797 2841/6773/2841
f 297/6722/297 2839/6764/2839 6795/6769/6794 2833/6734/2833
f 2839/6764/2839 2838/6763/2838 6796/6770/6795 6795/6769/6794
f 2833/6734/2833 6795/6769/6794 6794/6766/6793 2832/6735/2832
f 239/6760/239 2840/6774/2840 6797/6771/6796 2837/6761/2837
f 2840/6774/2840 2841/6773/2841 6798/6768/6797 6797/6771/6796
f 2837/6761/2837 6797/6771/6796 6796/6770/6795 2838/6763/2838
f 6800/6775/6799 6801/6776/6800 6799/6777/6798 6805/6778/6804
f 6802/6779/6801 6803/6780/6802 6799/6777/6798 6801/6776/6800
f 6804/6781/6803 6805/6778/6804 6799/6777/6798 6803/6780/6802
f 296/6708/296 2842/6772/2842 6800/6775/6799 2845/6782/2845
f 2842/6772/2842 2841/6773/2841 6801/6776/6800 6800/6775/6799
f 2845/6782/2845 6800/6775/6799 6805/6778/6804 2844/6783/2844
f 239/6760/239 2261/6784/2261 6802/6779/6801 2840/6774/2840
f 2261/6784/2261 2262/6785/2262 6803/6780/6802 6802/6779/6801
f 2840/6774/2840 6802/6779/6801 6801/6776/6800 2841/6773/2841
f 241/6786/241 2843/6787/2843 6804/6781/6803 2263/6788/2263
f 2843/6787/2843 2844/6783/2844 6805/6778/6804 6804/6781/6803
f 2263/6788/2263 6804/6781/6803 6803/6780/6802 2262/6785/2262
f 6807/6789/6806 6808/6790/6807 6806/6791/6805 6812/6792/6811
f 6809/6793/6808 6810/6794/6809 6806/6791/6805 6808/6790/6807
f 6811/6795/6810 6812/6792/6811 6806/6791/6805 6810/6794/6809
f 241/5133/241 2846/6796/2846 6807/6789/6806 2843/6797/2843
f 2846/6796/2846 2847/6798/2847 6808/6790/6807 6807/6789/6806
f 2843/6797/2843 6807/6789/6806 6812/6792/6811 2844/6799/2844
f 294/6660/294 2822/6712/2822 6809/6793/6808 2848/6800/2848
f 2822/6712/2822 2823/6711/2823 6810/6794/6809 6809/6793/6808
f 2848/6800/2848 6809/6793/6808 6808/6790/6807 2847/6798/2847
f 296/6708/296 2845/6801/2845 6811/6795/6810 2824/6709/2824
f 2845/6801/2845 2844/6799/2844 6812/6792/6811 6811/6795/6810
f 2824/6709/2824 6811/6795/6810 6810/6794/6809 2823/6711/2823
f 6814/6802/6813 6815/6803/6814 6813/6804/6812 6819/6805/6818
f 6816/6806/6815 6817/6807/6816 6813/6804/6812 6815/6803/6814
f 6818/6808/6817 6819/6805/6818 6813/6804/6812 6817/6807/6816
f 241/5133/241 2333/6809/2333 6814/6802/6813 2846/6796/2846
f 2333/6809/2333 2334/6810/2334 6815/6803/6814 6814/6802/6813
f 2846/6796/2846 6814/6802/6813 6819/6805/6818 2847/6798/2847
f 249/6811/249 2849/6812/2849 6816/6806/6815 2335/6813/2335
f 2849/6812/2849 2850/6814/2850 6817/6807/6816 6816/6806/6815
f 2335/6813/2335 6816/6806/6815 6815/6803/6814 2334/6810/2334
f 294/6660/294 2848/6800/2848 6818/6808/6817 2851/6815/2851
f 2848/6800/2848 2847/6798/2847 6819/6805/6818 6818/6808/6817
f 2851/6815/2851 6818/6808/6817 6817/6807/6816 2850/6814/2850
f 6821/6816/6820 6822/6817/6821 6820/6818/6819 6826/6819/6825
f 6823/6820/6822 6824/6821/6823 6820/6818/6819 6822/6817/6821
f 6825/6822/6824 6826/6819/6825 6820/6818/6819 6824/6821/6823
f 249/6811/249 2852/6823/2852 6821/6816/6820 2849/6812/2849
f 2852/6823/2852 2853/6824/2853 6822/6817/6821 6821/6816/6820
f 2849/6812/2849 6821/6816/6820 6826/6819/6825 2850/6814/2850
f 292/6620/292 2804/6664/2804 6823/6820/6822 2854/6825/2854
f 2804/6664/2804 2805/6663/2805 6824/6821/6823 6823/6820/6822
f 2854/6825/2854 6823/6820/6822 6822/6817/6821 2853/6824/2853
f 294/6660/294 2851/6815/2851 6825/6822/6824 2806/6661/2806
f 2851/6815/2851 2850/6814/2850 6826/6819/6825 6825/6822/6824
f 2806/6661/2806 6825/6822/6824 6824/6821/6823 2805/6663/2805
f 6828/6826/6827 6829/6827/6828 6827/6828/6826 6833/6829/6832
f 6830/6830/6829 6831/6831/6830 6827/6828/6826 6829/6827/6828
f 6832/6832/6831 6833/6829/6832 6827/6828/6826 6831/6831/6830
f 249/6811/249 2339/6833/2339 6828/6826/6827 2852/6823/2852
f 2339/6833/2339 2340/6834/2340 6829/6827/6828 6828/6826/6827
f 2852/6823/2852 6828/6826/6827 6833/6829/6832 2853/6824/2853
f 250/5341/250 2855/6835/2855 6830/6830/6829 2341/6836/2341
f 2855/6835/2855 2856/6837/2856 6831/6831/6830 6830/6830/6829
f 2341/6836/2341 6830/6830/6829 6829/6827/6828 2340/6834/2340
f 292/6620/292 2854/6825/2854 6832/6832/6831 2857/6838/2857
f 2854/6825/2854 2853/6824/2853 6833/6829/6832 6832/6832/6831
f 2857/6838/2857 6832/6832/6831 6831/6831/6830 2856/6837/2856
f 6835/6839/6834 6836/6840/6835 6834/6841/6833 6840/6842/6839
f 6837/6843/6836 6838/6844/6837 6834/6841/6833 6836/6840/6835
f 6839/6845/6838 6840/6842/6839 6834/6841/6833 6838/6844/6837
f 250/5341/250 2858/6846/2858 6835/6839/6834 2855/6835/2855
f 2858/6846/2858 2859/6847/2859 6836/6840/6835 6835/6839/6834
f 2855/6835/2855 6835/6839/6834 6840/6842/6839 2856/6837/2856
f 291/6608/291 2789/6625/2789 6837/6843/6836 2860/6848/2860
f 2789/6625/2789 2790/6623/2790 6838/6844/6837 6837/6843/6836
f 2860/6848/2860 6837/6843/6836 6836/6840/6835 2859/6847/2859
f 292/6620/292 2857/6838/2857 6839/6845/6838 2791/6621/2791
f 2857/6838/2857 2856/6837/2856 6840/6842/6839 6839/6845/6838
f 2791/6621/2791 6839/6845/6838 6838/6844/6837 2790/6623/2790
f 6842/6849/6841 6843/6850/6842 6841/6851/6840 6847/6852/6846
f 6844/6853/6843 6845/6854/6844 6841/6851/6840 6843/6850/6842
f 6846/6855/6845 6847/6852/6846 6841/6851/6840 6845/6854/6844
f 250/5341/250 2510/6856/2510 6842/6849/6841 2858/6846/2858
f 2510/6856/2510 2511/6857/2511 6843/6850/6842 6842/6849/6841
f 2858/6846/2858 6842/6849/6841 6847/6852/6846 2859/6847/2859
f 268/6858/268 2861/6859/2861 6844/6853/6843 2512/6860/2512
f 2861/6859/2861 2862/6861/2862 6845/6854/6844 6844/6853/6843
f 2512/6860/2512 6844/6853/6843 6843/6850/6842 2511/6857/2511
f 291/6608/291 2860/6848/2860 6846/6855/6845 2863/6862/2863
f 2860/6848/2860 2859/6847/2859 6847/6852/6846 6846/6855/6845
f 2863/6862/2863 6846/6855/6845 6845/6854/6844 2862/6861/2862
f 6849/6863/6848 6850/6864/6849 6848/6865/6847 6854/6866/6853
f 6851/6867/6850 6852/6868/6851 6848/6865/6847 6850/6864/6849
f 6853/6869/6852 6854/6866/6853 6848/6865/6847 6852/6868/6851
f 270/5853/270 2864/6870/2864 6849/6863/6848 2527/6871/2527
f 2864/6870/2864 2865/6872/2865 6850/6864/6849 6849/6863/6848
f 2527/6871/2527 6849/6863/6848 6854/6866/6853 2526/6873/2526
f 291/6608/291 2863/6862/2863 6851/6867/6850 2866/6874/2866
f 2863/6862/2863 2862/6861/2862 6852/6868/6851 6851/6867/6850
f 2866/6874/2866 6851/6867/6850 6850/6864/6849 2865/6872/2865
f 268/6858/268 2525/6875/2525 6853/6869/6852 2861/6859/2861
f 2525/6875/2525 2526/6873/2526 6854/6866/6853 6853/6869/6852
f 2861/6859/2861 6853/6869/6852 6852/6868/6851 2862/6861/2862
f 6856/6876/6855 6857/6877/6856 6855/6878/6854 6861/6879/6860
f 6858/6880/6857 6859/6881/6858 6855/6878/6854 6857/6877/6856
f 6860/6882/6859 6861/6879/6860 6855/6878/6854 6859/6881/6858
f 270/5853/270 2869/6883/2869 6856/6876/6855 2864/6870/2864
f 2869/6883/2869 2868/6884/2868 6857/6877/6856 6856/6876/6855
f 2864/6870/2864 6856/6876/6855 6861/6879/6860 2865/6872/2865
f 2/17/2 2783/6612/2783 6858/6880/6857 2867/6885/2867
f 2783/6612/2783 2784/6611/2784 6859/6881/6858 6858/6880/6857
f 2867/6885/2867 6858/6880/6857 6857/6877/6856 2868/6884/2868
f 291/6608/291 2866/6874/2866 6860/6882/6859 2785/6609/2785
f 2866/6874/2866 2865/6872/2865 6861/6879/6860 6860/6882/6859
f 2785/6609/2785 6860/6882/6859 6859/6881/6858 2784/6611/2784
f 6863/6886/6862 6864/6887/6863 6862/6888/6861 6868/6889/6867
f 6865/6890/6864 6866/6891/6865 6862/6888/6861 6864/6887/6863
f 6867/6892/6866 6868/6889/6867 6862/6888/6861 6866/6891/6865
f 280/6893/280 2674/6894/2674 6863/6886/6862 2872/6895/2872
f 2674/6894/2674 2673/6896/2673 6864/6887/6863 6863/6886/6862
f 2872/6895/2872 6863/6886/6862 6868/6889/6867 2871/6897/2871
f 223/6898/223 1996/6899/1996 6865/6890/6864 2672/6900/2672
f 1996/6899/1996 1995/6901/1995 6866/6891/6865 6865/6890/6864
f 2672/6900/2672 6865/6890/6864 6864/6887/6863 2673/6896/2673
f 221/6902/221 2870/6903/2870 6867/6892/6866 1994/6904/1994
f 2870/6903/2870 2871/6897/2871 6868/6889/6867 6867/6892/6866
f 1994/6904/1994 6867/6892/6866 6866/6891/6865 1995/6901/1995
f 6870/6905/6869 6871/6906/6870 6869/6907/6868 6875/6908/6874
f 6872/6909/6871 6873/6910/6872 6869/6907/6868 6871/6906/6870
f 6874/6911/6873 6875/6908/6874 6869/6907/6868 6873/6910/6872
f 280/6893/280 2872/6895/2872 6870/6905/6869 2875/6912/2875
f 2872/6895/2872 2871/6897/2871 6871/6906/6870 6870/6905/6869
f 2875/6912/2875 6870/6905/6869 6875/6908/6874 2874/6913/2874
f 221/6902/221 2185/6914/2185 6872/6909/6871 2870/6903/2870
f 2185/6914/2185 2184/6915/2184 6873/6910/6872 6872/6909/6871
f 2870/6903/2870 6872/6909/6871 6871/6906/6870 2871/6897/2871
f 192/6916/192 2873/6917/2873 6874/6911/6873 2183/6918/2183
f 2873/6917/2873 2874/6913/2874 6875/6908/6874 6874/6911/6873
f 2183/6918/2183 6874/6911/6873 6873/6910/6872 2184/6915/2184
f 6877/6919/6876 6878/6920/6877 6876/6921/6875 6882/6922/6881
f 6879/6923/6878 6880/6924/6879 6876/6921/6875 6878/6920/6877
f 6881/6925/6880 6882/6922/6881 6876/6921/6875 6880/6924/6879
f 191/6926/191 2876/6927/2876 6877/6919/6876 1688/6928/1688
f 2876/6927/2876 2877/6929/2877 6878/6920/6877 6877/6919/6876
f 1688/6928/1688 6877/6919/6876 6882/6922/6881 1689/6930/1689
f 280/6931/280 2875/6932/2875 6879/6923/6878 2878/6933/2878
f 2875/6932/2875 2874/6934/2874 6880/6924/6879 6879/6923/6878
f 2878/6933/2878 6879/6923/6878 6878/6920/6877 2877/6929/2877
f 192/6916/192 1690/6935/1690 6881/6925/6880 2873/6936/2873
f 1690/6935/1690 1689/6930/1689 6882/6922/6881 6881/6925/6880
f 2873/6936/2873 6881/6925/6880 6880/6924/6879 2874/6934/2874
f 6884/6937/6883 6885/6938/6884 6883/6939/6882 6889/6940/6888
f 6886/6941/6885 6887/6942/6886 6883/6939/6882 6885/6938/6884
f 6888/6943/6887 6889/6940/6888 6883/6939/6882 6887/6942/6886
f 194/6944/194 2879/6945/2879 6884/6937/6883 1702/6946/1702
f 2879/6945/2879 2880/6947/2880 6885/6938/6884 6884/6937/6883
f 1702/6946/1702 6884/6937/6883 6889/6940/6888 1701/6948/1701
f 280/6931/280 2878/6933/2878 6886/6941/6885 2881/6949/2881
f 2878/6933/2878 2877/6929/2877 6887/6942/6886 6886/6941/6885
f 2881/6949/2881 6886/6941/6885 6885/6938/6884 2880/6947/2880
f 191/6926/191 1700/6950/1700 6888/6943/6887 2876/6927/2876
f 1700/6950/1700 1701/6948/1701 6889/6940/6888 6888/6943/6887
f 2876/6927/2876 6888/6943/6887 6887/6942/6886 2877/6929/2877
f 6891/6951/6890 6892/6952/6891 6890/6953/6889 6896/6954/6895
f 6893/6955/6892 6894/6956/6893 6890/6953/6889 6892/6952/6891
f 6895/6957/6894 6896/6954/6895 6890/6953/6889 6894/6956/6893
f 194/6944/194 2882/6958/2882 6891/6951/6890 2879/6945/2879
f 2882/6958/2882 2883/6959/2883 6892/6952/6891 6891/6951/6890
f 2879/6945/2879 6891/6951/6890 6896/6954/6895 2880/6947/2880
f 281/6960/281 2677/6961/2677 6893/6955/6892 2884/6962/2884
f 2677/6961/2677 2676/6963/2676 6894/6956/6893 6893/6955/6892
f 2884/6962/2884 6893/6955/6892 6892/6952/6891 2883/6959/2883
f 280/6931/280 2881/6949/2881 6895/6957/6894 2675/6964/2675
f 2881/6949/2881 2880/6947/2880 6896/6954/6895 6895/6957/6894
f 2675/6964/2675 6895/6957/6894 6894/6956/6893 2676/6963/2676
f 6898/6965/6897 6899/6966/6898 6897/6967/6896 6903/6968/6902
f 6900/6969/6899 6901/6970/6900 6897/6967/6896 6899/6966/6898
f 6902/6971/6901 6903/6968/6902 6897/6967/6896 6901/6970/6900
f 196/6972/196 2885/6973/2885 6898/6965/6897 1714/6974/1714
f 2885/6973/2885 2886/6975/2886 6899/6966/6898 6898/6965/6897
f 1714/6974/1714 6898/6965/6897 6903/6968/6902 1713/6976/1713
f 281/6960/281 2884/6962/2884 6900/6969/6899 2887/6977/2887
f 2884/6962/2884 2883/6959/2883 6901/6970/6900 6900/6969/6899
f 2887/6977/2887 6900/6969/6899 6899/6966/6898 2886/6975/2886
f 194/6944/194 1712/6978/1712 6902/6971/6901 2882/6958/2882
f 1712/6978/1712 1713/6976/1713 6903/6968/6902 6902/6971/6901
f 2882/6958/2882 6902/6971/6901 6901/6970/6900 2883/6959/2883
f 6905/6979/6904 6906/6980/6905 6904/6981/6903 6910/6982/6909
f 6907/6983/6906 6908/6984/6907 6904/6981/6903 6906/6980/6905
f 6909/6985/6908 6910/6982/6909 6904/6981/6903 6908/6984/6907
f 196/6972/196 2888/6986/2888 6905/6979/6904 2885/6973/2885
f 2888/6986/2888 2889/6987/2889 6906/6980/6905 6905/6979/6904
f 2885/6973/2885 6905/6979/6904 6910/6982/6909 2886/6975/2886
f 285/6988/285 2716/6989/2716 6907/6983/6906 2890/6990/2890
f 2716/6989/2716 2715/6991/2715 6908/6984/6907 6907/6983/6906
f 2890/6990/2890 6907/6983/6906 6906/6980/6905 2889/6987/2889
f 281/6960/281 2887/6977/2887 6909/6985/6908 2714/6992/2714
f 2887/6977/2887 2886/6975/2886 6910/6982/6909 6909/6985/6908
f 2714/6992/2714 6909/6985/6908 6908/6984/6907 2715/6991/2715
f 6912/6993/6911 6913/6994/6912 6911/6995/6910 6917/6996/6916
f 6914/6997/6913 6915/6998/6914 6911/6995/6910 6913/6994/6912
f 6916/6999/6915 6917/6996/6916 6911/6995/6910 6915/6998/6914
f 22/7000/22 2891/7001/2891 6912/6993/6911 1757/7002/1757
f 2891/7001/2891 2892/7003/2892 6913/6994/6912 6912/6993/6911
f 1757/7002/1757 6912/6993/6911 6917/6996/6916 1758/7004/1758
f 285/6988/285 2890/6990/2890 6914/6997/6913 2893/7005/2893
f 2890/6990/2890 2889/6987/2889 6915/6998/6914 6914/6997/6913
f 2893/7005/2893 6914/6997/6913 6913/6994/6912 2892/7003/2892
f 196/6972/196 1759/7006/1759 6916/6999/6915 2888/6986/2888
f 1759/7006/1759 1758/7004/1758 6917/6996/6916 6916/6999/6915
f 2888/6986/2888 6916/6999/6915 6915/6998/6914 2889/6987/2889
f 6919/7007/6918 6920/7008/6919 6918/7009/6917 6924/7010/6923
f 6921/7011/6920 6922/7012/6921 6918/7009/6917 6920/7008/6919
f 6923/7013/6922 6924/7010/6923 6918/7009/6917 6922/7012/6921
f 22/7000/22 397/7014/397 6919/7007/6918 2891/7001/2891
f 397/7014/397 396/7015/396 6920/7008/6919 6919/7007/6918
f 2891/7001/2891 6919/7007/6918 6924/7010/6923 2892/7003/2892
f 21/7016/21 2723/7017/2723 6921/7011/6920 395/7018/395
f 2723/7017/2723 2724/7019/2724 6922/7012/6921 6921/7011/6920
f 395/7018/395 6921/7011/6920 6920/7008/6919 396/7015/396
f 285/6988/285 2893/7005/2893 6923/7013/6922 2725/7020/2725
f 2893/7005/2893 2892/7003/2892 6924/7010/6923 6923/7013/6922
f 2725/7020/2725 6923/7013/6922 6922/7012/6921 2724/7019/2724
f 6926/7021/6925 6927/7022/6926 6925/7023/6924 6931/7024/6930
f 6928/7025/6927 6929/7026/6928 6925/7023/6924 6927/7022/6926
f 6930/7027/6929 6931/7024/6930 6925/7023/6924 6929/7026/6928
f 113/1973/113 1088/1990/1088 6926/7021/6925 2894/7028/2894
f 1088/1990/1088 1089/1988/1089 6927/7022/6926 6926/7021/6925
f 2894/7028/2894 6926/7021/6925 6931/7024/6930 2895/7029/2895
f 114/1985/114 1631/3378/1631 6928/7025/6927 1090/1986/1090
f 1631/3378/1631 1632/3379/1632 6929/7026/6928 6928/7025/6927
f 1090/1986/1090 6928/7025/6927 6927/7022/6926 1089/1988/1089
f 184/3382/184 2896/7030/2896 6930/7027/6929 1633/3383/1633
f 2896/7030/2896 2895/7029/2895 6931/7024/6930 6930/7027/6929
f 1633/3383/1633 6930/7027/6929 6929/7026/6928 1632/3379/1632
f 6933/7031/6932 6934/7032/6933 6932/7033/6931 6938/7034/6937
f 6935/7035/6934 6936/7036/6935 6932/7033/6931 6934/7032/6933
f 6937/7037/6936 6938/7034/6937 6932/7033/6931 6936/7036/6935
f 113/1973/113 2894/7028/2894 6933/7031/6932 2897/7038/2897
f 2894/7028/2894 2895/7029/2895 6934/7032/6933 6933/7031/6932
f 2897/7038/2897 6933/7031/6932 6938/7034/6937 2898/7039/2898
f 184/3382/184 1658/3439/1658 6935/7035/6934 2896/7030/2896
f 1658/3439/1658 1659/3438/1659 6936/7036/6935 6935/7035/6934
f 2896/7030/2896 6935/7035/6934 6934/7032/6933 2895/7029/2895
f 187/3435/187 2899/7040/2899 6937/7037/6936 1660/3436/1660
f 2899/7040/2899 2898/7039/2898 6938/7034/6937 6937/7037/6936
f 1660/3436/1660 6937/7037/6936 6936/7036/6935 1659/3438/1659
f 6940/7041/6939 6941/7042/6940 6939/7043/6938 6945/7044/6944
f 6942/7045/6941 6943/7046/6942 6939/7043/6938 6941/7042/6940
f 6944/7047/6943 6945/7044/6944 6939/7043/6938 6943/7046/6942
f 113/1973/113 2897/7038/2897 6940/7041/6939 2902/7048/2902
f 2897/7038/2897 2898/7039/2898 6941/7042/6940 6940/7041/6939
f 2902/7048/2902 6940/7041/6939 6945/7044/6944 2901/7049/2901
f 187/3435/187 2905/7050/2905 6942/7045/6941 2899/7040/2899
f 2905/7050/2905 2904/7051/2904 6943/7046/6942 6942/7045/6941
f 2899/7040/2899 6942/7045/6941 6941/7042/6940 2898/7039/2898
f 111/1947/111 2900/7052/2900 6944/7047/6943 2903/7053/2903
f 2900/7052/2900 2901/7049/2901 6945/7044/6944 6944/7047/6943
f 2903/7053/2903 6944/7047/6943 6943/7046/6942 2904/7051/2904
f 6947/7054/6946 6948/7055/6947 6946/7056/6945 6952/7057/6951
f 6949/7058/6948 6950/7059/6949 6946/7056/6945 6948/7055/6947
f 6951/7060/6950 6952/7057/6951 6946/7056/6945 6950/7059/6949
f 113/1973/113 2902/7048/2902 6947/7054/6946 1084/1974/1084
f 2902/7048/2902 2901/7049/2901 6948/7055/6947 6947/7054/6946
f 1084/1974/1084 6947/7054/6946 6952/7057/6951 1083/1976/1083
f 111/1947/111 1073/1957/1073 6949/7058/6948 2900/7052/2900
f 1073/1957/1073 1074/1958/1074 6950/7059/6949 6949/7058/6948
f 2900/7052/2900 6949/7058/6948 6948/7055/6947 2901/7049/2901
f 112/1961/112 1082/1977/1082 6951/7060/6950 1075/1962/1075
f 1082/1977/1082 1083/1976/1083 6952/7057/6951 6951/7060/6950
f 1075/1962/1075 6951/7060/6950 6950/7059/6949 1074/1958/1074
f 6954/7061/6953 6955/7062/6954 6953/7063/6952 6959/7064/6958
f 6956/7065/6955 6957/7066/6956 6953/7063/6952 6955/7062/6954
f 6958/7067/6957 6959/7064/6958 6953/7063/6952 6957/7066/6956
f 111/1947/111 2903/7053/2903 6954/7061/6953 2908/7068/2908
f 2903/7053/2903 2904/7051/2904 6955/7062/6954 6954/7061/6953
f 2908/7068/2908 6954/7061/6953 6959/7064/6958 2907/7069/2907
f 187/3435/187 2911/7070/2911 6956/7065/6955 2905/7050/2905
f 2911/7070/2911 2910/7071/2910 6957/7066/6956 6956/7065/6955
f 2905/7050/2905 6956/7065/6955 6955/7062/6954 2904/7051/2904
f 96/1661/96 2906/7072/2906 6958/7067/6957 2909/7073/2909
f 2906/7072/2906 2907/7069/2907 6959/7064/6958 6958/7067/6957
f 2909/7073/2909 6958/7067/6957 6957/7066/6956 2910/7071/2910
f 6961/7074/6960 6962/7075/6961 6960/7076/6959 6966/7077/6965
f 6963/7078/6962 6964/7079/6963 6960/7076/6959 6962/7075/6961
f 6965/7080/6964 6966/7077/6965 6960/7076/6959 6964/7079/6963
f 96/1661/96 2909/7073/2909 6961/7074/6960 961/1662/961
f 2909/7073/2909 2910/7071/2910 6962/7075/6961 6961/7074/6960
f 961/1662/961 6961/7074/6960 6966/7077/6965 960/1664/960
f 187/3435/187 1657/3437/1657 6963/7078/6962 2911/7070/2911
f 1657/3437/1657 1656/3434/1656 6964/7079/6963 6963/7078/6962
f 2911/7070/2911 6963/7078/6962 6962/7075/6961 2910/7071/2910
f 95/1647/95 959/1665/959 6965/7080/6964 1655/3433/1655
f 959/1665/959 960/1664/960 6966/7077/6965 6965/7080/6964
f 1655/3433/1655 6965/7080/6964 6964/7079/6963 1656/3434/1656
f 6968/7081/6967 6969/7082/6968 6967/7083/6966 6973/7084/6972
f 6970/7085/6969 6971/7086/6970 6967/7083/6966 6969/7082/6968
f 6972/7087/6971 6973/7084/6972 6967/7083/6966 6971/7086/6970
f 96/1661/96 2912/7088/2912 6968/7081/6967 2906/7072/2906
f 2912/7088/2912 2913/7089/2913 6969/7082/6968 6968/7081/6967
f 2906/7072/2906 6968/7081/6967 6973/7084/6972 2907/7069/2907
f 109/1919/109 1067/1943/1067 6970/7085/6969 2914/7090/2914
f 1067/1943/1067 1068/1944/1068 6971/7086/6970 6970/7085/6969
f 2914/7090/2914 6970/7085/6969 6969/7082/6968 2913/7089/2913
f 111/1947/111 2908/7068/2908 6972/7087/6971 1069/1948/1069
f 2908/7068/2908 2907/7069/2907 6973/7084/6972 6972/7087/6971
f 1069/1948/1069 6972/7087/6971 6971/7086/6970 1068/1944/1068
f 6975/7091/6974 6976/7092/6975 6974/7093/6973 6980/7094/6979
f 6977/7095/6976 6978/7096/6977 6974/7093/6973 6976/7092/6975
f 6979/7097/6978 6980/7094/6979 6974/7093/6973 6978/7096/6977
f 96/1661/96 958/1663/958 6975/7091/6974 2912/7088/2912
f 958/1663/958 957/1660/957 6976/7092/6975 6975/7091/6974
f 2912/7088/2912 6975/7091/6974 6980/7094/6979 2913/7089/2913
f 94/1625/94 2915/7098/2915 6977/7095/6976 956/1659/956
f 2915/7098/2915 2916/7099/2916 6978/7096/6977 6977/7095/6976
f 956/1659/956 6977/7095/6976 6976/7092/6975 957/1660/957
f 109/1919/109 2914/7090/2914 6979/7097/6978 2917/7100/2917
f 2914/7090/2914 2913/7089/2913 6980/7094/6979 6979/7097/6978
f 2917/7100/2917 6979/7097/6978 6978/7096/6977 2916/7099/2916
f 6982/7101/6981 6983/7102/6982 6981/7103/6980 6987/7104/6986
f 6984/7105/6983 6985/7106/6984 6981/7103/6980 6983/7102/6982
f 6986/7107/6985 6987/7104/6986 6981/7103/6980 6985/7106/6984
f 94/1625/94 2918/7108/2918 6982/7101/6981 2915/7098/2915
f 2918/7108/2918 2919/7109/2919 6983/7102/6982 6982/7101/6981
f 2915/7098/2915 6982/7101/6981 6987/7104/6986 2916/7099/2916
f 99/1727/99 1055/1915/1055 6984/7105/6983 2920/7110/2920
f 1055/1915/1055 1056/1916/1056 6985/7106/6984 6984/7105/6983
f 2920/7110/2920 6984/7105/6983 6983/7102/6982 2919/7109/2919
f 109/1919/109 2917/7100/2917 6986/7107/6985 1057/1920/1057
f 2917/7100/2917 2916/7099/2916 6987/7104/6986 6986/7107/6985
f 1057/1920/1057 6986/7107/6985 6985/7106/6984 1056/1916/1056
f 6989/7111/6988 6990/7112/6989 6988/7113/6987 6994/7114/6993
f 6991/7115/6990 6992/7116/6991 6988/7113/6987 6990/7112/6989
f 6993/7117/6992 6994/7114/6993 6988/7113/6987 6992/7116/6991
f 94/1625/94 949/1637/949 6989/7111/6988 2918/7108/2918
f 949/1637/949 948/1636/948 6990/7112/6989 6989/7111/6988
f 2918/7108/2918 6989/7111/6988 6994/7114/6993 2919/7109/2919
f 93/1597/93 983/1731/983 6991/7115/6990 947/1635/947
f 983/1731/983 984/1730/984 6992/7116/6991 6991/7115/6990
f 947/1635/947 6991/7115/6990 6990/7112/6989 948/1636/948
f 99/1727/99 2920/7110/2920 6993/7117/6992 985/1728/985
f 2920/7110/2920 2919/7109/2919 6994/7114/6993 6993/7117/6992
f 985/1728/985 6993/7117/6992 6992/7116/6991 984/1730/984
f 6996/7118/6995 6997/7119/6996 6995/7120/6994 7001/7121/7000
f 6998/7122/6997 6999/7123/6998 6995/7120/6994 6997/7119/6996
f 7000/7124/6999 7001/7121/7000 6995/7120/6994 6999/7123/6998
f 183/3358/183 1919/4141/1919 6996/7118/6995 1640/3394/1640
f 1919/4141/1919 1920/4139/1920 6997/7119/6996 6996/7118/6995
f 1640/3394/1640 6996/7118/6995 7001/7121/7000 1641/3395/1641
f 216/4124/216 2923/7125/2923 6998/7122/6997 1921/4138/1921
f 2923/7125/2923 2922/7126/2922 6999/7123/6998 6998/7122/6997
f 1921/4138/1921 6998/7122/6997 6997/7119/6996 1920/4139/1920
f 185/3396/185 1642/3398/1642 7000/7124/6999 2921/7127/2921
f 1642/3398/1642 1641/3395/1641 7001/7121/7000 7000/7124/6999
f 2921/7127/2921 7000/7124/6999 6999/7123/6998 2922/7126/2922
f 7003/7128/7002 7004/7129/7003 7002/7130/7001 7008/7131/7007
f 7005/7132/7004 7006/7133/7005 7002/7130/7001 7004/7129/7003
f 7007/7134/7006 7008/7131/7007 7002/7130/7001 7006/7133/7005
f 298/7135/298 2929/7136/2929 7003/7128/7002 2926/7137/2926
f 2929/7136/2929 2928/7138/2928 7004/7129/7003 7003/7128/7002
f 2926/7137/2926 7003/7128/7002 7008/7131/7007 2925/7139/2925
f 185/3396/185 2921/7127/2921 7005/7132/7004 2927/7140/2927
f 2921/7127/2921 2922/7126/2922 7006/7133/7005 7005/7132/7004
f 2927/7140/2927 7005/7132/7004 7004/7129/7003 2928/7138/2928
f 216/4124/216 2924/7141/2924 7007/7134/7006 2923/7125/2923
f 2924/7141/2924 2925/7139/2925 7008/7131/7007 7007/7134/7006
f 2923/7125/2923 7007/7134/7006 7006/7133/7005 2922/7126/2922
f 7010/7142/7009 7011/7143/7010 7009/7144/7008 7015/7145/7014
f 7012/7146/7011 7013/7147/7012 7009/7144/7008 7011/7143/7010
f 7014/7148/7013 7015/7145/7014 7009/7144/7008 7013/7147/7012
f 216/4124/216 2932/7149/2932 7010/7142/7009 2924/7141/2924
f 2932/7149/2932 2931/7150/2931 7011/7143/7010 7010/7142/7009
f 2924/7141/2924 7010/7142/7009 7015/7145/7014 2925/7139/2925
f 65/975/65 2933/7151/2933 7012/7146/7011 2930/7152/2930
f 2933/7151/2933 2934/7153/2934 7013/7147/7012 7012/7146/7011
f 2930/7152/2930 7012/7146/7011 7011/7143/7010 2931/7150/2931
f 298/7135/298 2926/7137/2926 7014/7148/7013 2935/7154/2935
f 2926/7137/2926 2925/7139/2925 7015/7145/7014 7014/7148/7013
f 2935/7154/2935 7014/7148/7013 7013/7147/7012 2934/7153/2934
f 7017/7155/7016 7018/7156/7017 7016/7157/7015 7022/7158/7021
f 7019/7159/7018 7020/7160/7019 7016/7157/7015 7018/7156/7017
f 7021/7161/7020 7022/7158/7021 7016/7157/7015 7020/7160/7019
f 216/4124/216 1915/4126/1915 7017/7155/7016 2932/7149/2932
f 1915/4126/1915 1914/4128/1914 7018/7156/7017 7017/7155/7016
f 2932/7149/2932 7017/7155/7016 7022/7158/7021 2931/7150/2931
f 7/46/7 698/980/698 7019/7159/7018 1913/4130/1913
f 698/980/698 699/978/699 7020/7160/7019 7019/7159/7018
f 1913/4130/1913 7019/7159/7018 7018/7156/7017 1914/4128/1914
f 65/975/65 2930/7152/2930 7021/7161/7020 700/976/700
f 2930/7152/2930 2931/7150/2931 7022/7158/7021 7021/7161/7020
f 700/976/700 7021/7161/7020 7020/7160/7019 699/978/699
f 7024/7162/7023 7025/7163/7024 7023/7164/7022 7029/7165/7028
f 7026/7166/7025 7027/7167/7026 7023/7164/7022 7025/7163/7024
f 7028/7168/7027 7029/7165/7028 7023/7164/7022 7027/7167/7026
f 66/991/66 2936/7169/2936 7024/7162/7023 706/992/706
f 2936/7169/2936 2937/7170/2937 7025/7163/7024 7024/7162/7023
f 706/992/706 7024/7162/7023 7029/7165/7028 705/994/705
f 298/7135/298 2935/7154/2935 7026/7166/7025 2938/7171/2938
f 2935/7154/2935 2934/7153/2934 7027/7167/7026 7026/7166/7025
f 2938/7171/2938 7026/7166/7025 7025/7163/7024 2937/7170/2937
f 65/975/65 704/995/704 7028/7168/7027 2933/7151/2933
f 704/995/704 705/994/705 7029/7165/7028 7028/7168/7027
f 2933/7151/2933 7028/7168/7027 7027/7167/7026 2934/7153/2934
f 7031/7172/7030 7032/7173/7031 7030/7174/7029 7036/7175/7035
f 7033/7176/7032 7034/7177/7033 7030/7174/7029 7032/7173/7031
f 7035/7178/7034 7036/7175/7035 7030/7174/7029 7034/7177/7033
f 66/991/66 2939/7179/2939 7031/7172/7030 2936/7169/2936
f 2939/7179/2939 2940/7180/2940 7032/7173/7031 7031/7172/7030
f 2936/7169/2936 7031/7172/7030 7036/7175/7035 2937/7170/2937
f 185/3396/185 2927/7140/2927 7033/7176/7032 2941/7181/2941
f 2927/7140/2927 2928/7138/2928 7034/7177/7033 7033/7176/7032
f 2941/7181/2941 7033/7176/7032 7032/7173/7031 2940/7180/2940
f 298/7135/298 2938/7171/2938 7035/7178/7034 2929/7136/2929
f 2938/7171/2938 2937/7170/2937 7036/7175/7035 7035/7178/7034
f 2929/7136/2929 7035/7178/7034 7034/7177/7033 2928/7138/2928
f 7038/7182/7037 7039/7183/7038 7037/7184/7036 7043/7185/7042
f 7040/7186/7039 7041/7187/7040 7037/7184/7036 7039/7183/7038
f 7042/7188/7041 7043/7185/7042 7037/7184/7036 7041/7187/7040
f 84/1393/84 2942/7189/2942 7038/7182/7037 859/1394/859
f 2942/7189/2942 2943/7190/2943 7039/7183/7038 7038/7182/7037
f 859/1394/859 7038/7182/7037 7043/7185/7042 858/1396/858
f 185/3396/185 2941/7181/2941 7040/7186/7039 2944/7191/2944
f 2941/7181/2941 2940/7180/2940 7041/7187/7040 7040/7186/7039
f 2944/7191/2944 7040/7186/7039 7039/7183/7038 2943/7190/2943
f 66/991/66 857/1397/857 7042/7188/7041 2939/7179/2939
f 857/1397/857 858/1396/858 7043/7185/7042 7042/7188/7041
f 2939/7179/2939 7042/7188/7041 7041/7187/7040 2940/7180/2940
f 7045/7192/7044 7046/7193/7045 7044/7194/7043 7050/7195/7049
f 7047/7196/7046 7048/7197/7047 7044/7194/7043 7046/7193/7045
f 7049/7198/7048 7050/7195/7049 7044/7194/7043 7048/7197/7047
f 84/1393/84 2945/7199/2945 7045/7192/7044 2942/7189/2942
f 2945/7199/2945 2946/7200/2946 7046/7193/7045 7045/7192/7044
f 2942/7189/2942 7045/7192/7044 7050/7195/7049 2943/7190/2943
f 186/3410/186 1648/3412/1648 7047/7196/7046 2947/7201/2947
f 1648/3412/1648 1647/3409/1647 7048/7197/7047 7047/7196/7046
f 2947/7201/2947 7047/7196/7046 7046/7193/7045 2946/7200/2946
f 185/3396/185 2944/7191/2944 7049/7198/7048 1646/3408/1646
f 2944/7191/2944 2943/7190/2943 7050/7195/7049 7049/7198/7048
f 1646/3408/1646 7049/7198/7048 7048/7197/7047 1647/3409/1647
f 7052/7202/7051 7053/7203/7052 7051/7204/7050 7057/7205/7056
f 7054/7206/7053 7055/7207/7054 7051/7204/7050 7053/7203/7052
f 7056/7208/7055 7057/7205/7056 7051/7204/7050 7055/7207/7054
f 85/1675/85 2948/7209/2948 7052/7202/7051 862/7210/862
f 2948/7209/2948 2949/7211/2949 7053/7203/7052 7052/7202/7051
f 862/7210/862 7052/7202/7051 7057/7205/7056 861/7212/861
f 186/3410/186 2947/7201/2947 7054/7206/7053 2950/7213/2950
f 2947/7201/2947 2946/7200/2946 7055/7207/7054 7054/7206/7053
f 2950/7213/2950 7054/7206/7053 7053/7203/7052 2949/7211/2949
f 84/1393/84 860/7214/860 7056/7208/7055 2945/7199/2945
f 860/7214/860 861/7212/861 7057/7205/7056 7056/7208/7055
f 2945/7199/2945 7056/7208/7055 7055/7207/7054 2946/7200/2946
f 7059/7215/7058 7060/7216/7059 7058/7217/7057 7064/7218/7063
f 7061/7219/7060 7062/7220/7061 7058/7217/7057 7060/7216/7059
f 7063/7221/7062 7064/7218/7063 7058/7217/7057 7062/7220/7061
f 85/1675/85 962/1677/962 7059/7215/7058 2948/7209/2948
f 962/1677/962 963/1674/963 7060/7216/7059 7059/7215/7058
f 2948/7209/2948 7059/7215/7058 7064/7218/7063 2949/7211/2949
f 95/1647/95 1649/3421/1649 7061/7219/7060 964/1673/964
f 1649/3421/1649 1650/3423/1650 7062/7220/7061 7061/7219/7060
f 964/1673/964 7061/7219/7060 7060/7216/7059 963/1674/963
f 186/3410/186 2950/7213/2950 7063/7221/7062 1651/3425/1651
f 2950/7213/2950 2949/7211/2949 7064/7218/7063 7063/7221/7062
f 1651/3425/1651 7063/7221/7062 7062/7220/7061 1650/3423/1650
f 7066/7222/7065 7067/7223/7066 7065/7224/7064 7071/7225/7070
f 7068/7226/7067 7069/7227/7068 7065/7224/7064 7067/7223/7066
f 7070/7228/7069 7071/7225/7070 7065/7224/7064 7069/7227/7068
f 183/3358/183 1664/7229/1664 7066/7222/7065 1924/4140/1924
f 1664/7229/1664 1665/7230/1665 7067/7223/7066 7066/7222/7065
f 1924/4140/1924 7066/7222/7065 7071/7225/7070 1923/4142/1923
f 188/7231/188 2953/7232/2953 7068/7226/7067 1666/7233/1666
f 2953/7232/2953 2952/7234/2952 7069/7227/7068 7068/7226/7067
f 1666/7233/1666 7068/7226/7067 7067/7223/7066 1665/7230/1665
f 9/51/9 1922/4143/1922 7070/7228/7069 2951/7235/2951
f 1922/4143/1922 1923/4142/1923 7071/7225/7070 7070/7228/7069
f 2951/7235/2951 7070/7228/7069 7069/7227/7068 2952/7234/2952
f 7073/7236/7072 7074/7237/7073 7072/7238/7071 7078/7239/7077
f 7075/7240/7074 7076/7241/7075 7072/7238/7071 7074/7237/7073
f 7077/7242/7076 7078/7239/7077 7072/7238/7071 7076/7241/7075
f 10/65/10 328/67/328 7073/7236/7072 2954/7243/2954
f 328/67/328 327/69/327 7074/7237/7073 7073/7236/7072
f 2954/7243/2954 7073/7236/7072 7078/7239/7077 2955/7244/2955
f 9/51/9 2951/7235/2951 7075/7240/7074 326/71/326
f 2951/7235/2951 2952/7234/2952 7076/7241/7075 7075/7240/7074
f 326/71/326 7075/7240/7074 7074/7237/7073 327/69/327
f 188/7231/188 2956/7245/2956 7077/7242/7076 2953/7232/2953
f 2956/7245/2956 2955/7244/2955 7078/7239/7077 7077/7242/7076
f 2953/7232/2953 7077/7242/7076 7076/7241/7075 2952/7234/2952
f 7080/7246/7079 7081/7247/7080 7079/7248/7078 7085/7249/7084
f 7082/7250/7081 7083/7251/7082 7079/7248/7078 7081/7247/7080
f 7084/7252/7083 7085/7249/7084 7079/7248/7078 7083/7251/7082
f 272/6033/272 2959/7253/2959 7080/7246/7079 2542/7254/2542
f 2959/7253/2959 2958/7255/2958 7081/7247/7080 7080/7246/7079
f 2542/7254/2542 7080/7246/7079 7085/7249/7084 2541/7256/2541
f 2/7257/2 2867/7258/2867 7082/7250/7081 2957/7259/2957
f 2867/7258/2867 2868/7260/2868 7083/7251/7082 7082/7250/7081
f 2957/7259/2957 7082/7250/7081 7081/7247/7080 2958/7255/2958
f 270/7261/270 2540/7262/2540 7084/7252/7083 2869/7263/2869
f 2540/7262/2540 2541/7256/2541 7085/7249/7084 7084/7252/7083
f 2869/7263/2869 7084/7252/7083 7083/7251/7082 2868/7260/2868
f 7087/7264/7086 7088/7265/7087 7086/7266/7085 7092/7267/7091
f 7089/7268/7088 7090/7269/7089 7086/7266/7085 7088/7265/7087
f 7091/7270/7090 7092/7267/7091 7086/7266/7085 7090/7269/7089
f 272/6033/272 2599/7271/2599 7087/7264/7086 2959/7253/2959
f 2599/7271/2599 2598/7272/2598 7088/7265/7087 7087/7264/7086
f 2959/7253/2959 7087/7264/7086 7092/7267/7091 2958/7255/2958
f 1/7273/1 299/7274/299 7089/7268/7088 2597/7275/2597
f 299/7274/299 300/7276/300 7090/7269/7089 7089/7268/7088
f 2597/7275/2597 7089/7268/7088 7088/7265/7087 2598/7272/2598
f 2/7257/2 2957/7259/2957 7091/7270/7090 301/7277/301
f 2957/7259/2957 2958/7255/2958 7092/7267/7091 7091/7270/7090
f 301/7277/301 7091/7270/7090 7090/7269/7089 300/7276/300
f 7094/7278/7093 7095/7279/7094 7093/7280/7092 7099/7281/7098
f 7096/7282/7095 7097/7283/7096 7093/7280/7092 7095/7279/7094
f 7098/7284/7097 7099/7281/7098 7093/7280/7092 7097/7283/7096
f 10/65/10 2960/7285/2960 7094/7278/7093 2156/4812/2156
f 2960/7285/2960 2961/7286/2961 7095/7279/7094 7094/7278/7093
f 2156/4812/2156 7094/7278/7093 7099/7281/7098 2157/4813/2157
f 190/3479/190 2171/4859/2171 7096/7282/7095 2962/7287/2962
f 2171/4859/2171 2172/4858/2172 7097/7283/7096 7096/7282/7095
f 2962/7287/2962 7096/7282/7095 7095/7279/7094 2961/7286/2961
f 235/4814/235 2158/4816/2158 7098/7284/7097 2173/4857/2173
f 2158/4816/2158 2157/4813/2157 7099/7281/7098 7098/7284/7097
f 2173/4857/2173 7098/7284/7097 7097/7283/7096 2172/4858/2172
f 7101/7288/7100 7102/7289/7101 7100/7290/7099 7106/7291/7105
f 7103/7292/7102 7104/7293/7103 7100/7290/7099 7102/7289/7101
f 7105/7294/7104 7106/7291/7105 7100/7290/7099 7104/7293/7103
f 10/65/10 2954/7295/2954 7101/7288/7100 2960/7285/2960
f 2954/7295/2954 2955/7296/2955 7102/7289/7101 7101/7288/7100
f 2960/7285/2960 7101/7288/7100 7106/7291/7105 2961/7286/2961
f 188/7297/188 1673/7298/1673 7103/7292/7102 2956/7299/2956
f 1673/7298/1673 1674/7300/1674 7104/7293/7103 7103/7292/7102
f 2956/7299/2956 7103/7292/7102 7102/7289/7101 2955/7296/2955
f 190/3479/190 2962/7287/2962 7105/7294/7104 1675/7301/1675
f 2962/7287/2962 2961/7286/2961 7106/7291/7105 7105/7294/7104
f 1675/7301/1675 7105/7294/7104 7104/7293/7103 1674/7300/1674
