# Blender 5.1.2
# www.blender.org
mtllib WhiskersHighRes.mtl
o Whiskers
v -0.222941 0.318299 0.354404
v -0.294200 0.281577 0.297932
v -0.318855 0.346924 0.266287
v -0.258030 0.409407 0.341858
v -0.168935 0.399543 0.410849
v -0.295803 0.419234 0.210932
v -0.176965 0.453442 0.413135
v -0.245278 0.461013 0.278518
v -0.193855 0.477327 0.372570
v -0.024074 0.354146 0.505985
v 0.107383 0.373397 0.584359
v 0.064400 0.327891 0.565243
v -0.028458 0.431216 0.518018
v -0.085245 0.396343 0.463770
v 0.114165 0.434998 0.546254
v -0.109262 0.442874 0.469134
v 0.013821 0.468429 0.500828
v -0.083258 0.478452 0.472313
v -0.227695 0.313713 0.350177
v -0.232497 0.309319 0.345978
v -0.237328 0.305142 0.341822
v -0.242169 0.301206 0.337722
v -0.247000 0.297538 0.333693
v -0.251802 0.294161 0.329749
v -0.256557 0.291101 0.325904
v -0.261245 0.288383 0.322172
v -0.265847 0.286031 0.318568
v -0.270343 0.284072 0.315105
v -0.274715 0.282531 0.311798
v -0.278944 0.281431 0.308661
v -0.283010 0.280799 0.305707
v -0.286894 0.280659 0.302952
v -0.290598 0.280989 0.300389
v -0.232237 0.320584 0.348691
v -0.240908 0.322458 0.343098
v -0.247693 0.324014 0.338599
v -0.253925 0.325559 0.334345
v -0.259792 0.327120 0.330200
v -0.265383 0.328703 0.326086
v -0.270759 0.330309 0.321940
v -0.275984 0.331939 0.317697
v -0.281114 0.333597 0.313290
v -0.286183 0.335291 0.308637
v -0.291218 0.337030 0.303649
v -0.296245 0.338824 0.298239
v -0.301304 0.340688 0.292290
v -0.306483 0.342648 0.285561
v -0.312662 0.344991 0.276569
v -0.297288 0.283385 0.295987
v -0.300260 0.285437 0.294122
v -0.303017 0.287930 0.292397
v -0.305543 0.290873 0.290793
v -0.307841 0.294226 0.289268
v -0.309914 0.297950 0.287783
v -0.311765 0.302005 0.286298
v -0.313395 0.306352 0.284772
v -0.314808 0.310952 0.283165
v -0.316007 0.315765 0.281438
v -0.316995 0.320753 0.279549
v -0.317773 0.325875 0.277460
v -0.318346 0.331093 0.275129
v -0.318715 0.336366 0.272517
v -0.318884 0.341657 0.269583
v -0.226648 0.326294 0.354098
v -0.229863 0.333913 0.354174
v -0.232464 0.339958 0.354243
v -0.234948 0.345580 0.354261
v -0.237354 0.350939 0.354210
v -0.239686 0.356110 0.354078
v -0.241942 0.361148 0.353852
v -0.244119 0.366110 0.353521
v -0.246211 0.371044 0.353070
v -0.248215 0.375983 0.352469
v -0.250125 0.380952 0.351682
v -0.251934 0.385977 0.350674
v -0.253636 0.391098 0.349399
v -0.255218 0.396409 0.347753
v -0.256824 0.402855 0.345210
v -0.313391 0.351892 0.273137
v -0.308780 0.356960 0.279463
v -0.305266 0.361036 0.284522
v -0.302055 0.364845 0.289269
v -0.299004 0.368477 0.293798
v -0.296036 0.371978 0.298141
v -0.293093 0.375382 0.302316
v -0.290117 0.378724 0.306342
v -0.287053 0.382037 0.310244
v -0.283868 0.385358 0.314080
v -0.280532 0.388723 0.317915
v -0.277016 0.392168 0.321813
v -0.273274 0.395743 0.325856
v -0.269190 0.399543 0.330188
v -0.263889 0.404316 0.335712
v -0.218254 0.323052 0.358645
v -0.213653 0.327949 0.362881
v -0.209157 0.332970 0.367092
v -0.204786 0.338092 0.371260
v -0.200557 0.343294 0.375365
v -0.196491 0.348553 0.379387
v -0.192606 0.353849 0.383309
v -0.188922 0.359158 0.387109
v -0.185456 0.364461 0.390769
v -0.182229 0.369734 0.394270
v -0.179259 0.374956 0.397592
v -0.176566 0.380106 0.400717
v -0.174167 0.385161 0.403624
v -0.172083 0.390100 0.406294
v -0.170333 0.394902 0.408709
v -0.250834 0.408364 0.351298
v -0.243680 0.407533 0.359251
v -0.237778 0.406935 0.365102
v -0.232108 0.406414 0.370251
v -0.226576 0.405932 0.374915
v -0.221147 0.405468 0.379187
v -0.215797 0.405001 0.383128
v -0.210500 0.404511 0.386801
v -0.205238 0.403983 0.390260
v -0.200002 0.403418 0.393538
v -0.194789 0.402821 0.396661
v -0.189595 0.402197 0.399654
v -0.184417 0.401552 0.402543
v -0.179250 0.400892 0.405355
v -0.174090 0.400220 0.408115
v -0.264193 0.410672 0.331039
v -0.269241 0.411897 0.320307
v -0.272820 0.412838 0.311447
v -0.275863 0.413688 0.302929
v -0.278527 0.414463 0.294628
v -0.280882 0.415168 0.286502
v -0.282978 0.415804 0.278531
v -0.284864 0.416371 0.270694
v -0.286584 0.416874 0.262973
v -0.288162 0.417319 0.255352
v -0.289620 0.417714 0.247817
v -0.290978 0.418068 0.240354
v -0.292255 0.418388 0.232948
v -0.293471 0.418684 0.225585
v -0.294647 0.418963 0.218251
v -0.318632 0.352136 0.262609
v -0.318220 0.357280 0.258605
v -0.317624 0.362351 0.254351
v -0.316851 0.367344 0.249923
v -0.315905 0.372254 0.245398
v -0.314794 0.377075 0.240851
v -0.313522 0.381803 0.236359
v -0.312095 0.386430 0.231997
v -0.310519 0.390954 0.227842
v -0.308801 0.395367 0.223970
v -0.306944 0.399664 0.220456
v -0.304957 0.403841 0.217378
v -0.302843 0.407892 0.214810
v -0.300609 0.411811 0.212829
v -0.298260 0.415594 0.211511
v -0.167900 0.404008 0.412699
v -0.167207 0.408298 0.414267
v -0.166826 0.412418 0.415564
v -0.166729 0.416376 0.416602
v -0.166886 0.420178 0.417393
v -0.167267 0.423829 0.417948
v -0.167844 0.427336 0.418279
v -0.168586 0.430705 0.418398
v -0.169465 0.433942 0.418318
v -0.170450 0.437055 0.418048
v -0.171513 0.440047 0.417602
v -0.172625 0.442927 0.416992
v -0.173755 0.445701 0.416228
v -0.174875 0.448373 0.415322
v -0.175955 0.450951 0.414287
v -0.252031 0.414292 0.348272
v -0.246362 0.418626 0.354222
v -0.241744 0.421906 0.358837
v -0.237318 0.424862 0.363088
v -0.232974 0.427596 0.367100
v -0.228660 0.430156 0.370926
v -0.224334 0.432573 0.374604
v -0.219954 0.434880 0.378172
v -0.215484 0.437109 0.381673
v -0.210897 0.439285 0.385170
v -0.206169 0.441435 0.388729
v -0.201276 0.443583 0.392419
v -0.196180 0.445761 0.396328
v -0.190775 0.448025 0.400630
v -0.184067 0.450770 0.406308
v -0.258424 0.415240 0.337641
v -0.258352 0.420247 0.333317
v -0.258045 0.424006 0.329674
v -0.257584 0.427380 0.326114
v -0.257002 0.430501 0.322585
v -0.256313 0.433429 0.319060
v -0.255524 0.436204 0.315519
v -0.254643 0.438868 0.311941
v -0.253678 0.441459 0.308309
v -0.252634 0.444008 0.304616
v -0.251520 0.446541 0.300858
v -0.250342 0.449086 0.297033
v -0.249106 0.451679 0.293124
v -0.247818 0.454386 0.289066
v -0.246327 0.457692 0.284101
v -0.293243 0.422729 0.211147
v -0.290584 0.426081 0.212128
v -0.287830 0.429297 0.213825
v -0.284985 0.432380 0.216189
v -0.282054 0.435338 0.219170
v -0.279041 0.438173 0.222718
v -0.275949 0.440893 0.226784
v -0.272783 0.443502 0.231319
v -0.269547 0.446006 0.236272
v -0.266246 0.448409 0.241595
v -0.262882 0.450717 0.247238
v -0.259460 0.452935 0.253152
v -0.255985 0.455068 0.259286
v -0.252460 0.457122 0.265591
v -0.248890 0.459102 0.272018
v -0.184609 0.454008 0.403822
v -0.191261 0.454761 0.394684
v -0.196307 0.455373 0.387167
v -0.200840 0.455931 0.379938
v -0.205029 0.456442 0.372844
v -0.208954 0.456911 0.365813
v -0.212674 0.457343 0.358794
v -0.216245 0.457741 0.351735
v -0.219723 0.458110 0.344575
v -0.223142 0.458455 0.337224
v -0.226535 0.458785 0.329582
v -0.229934 0.459107 0.321551
v -0.233379 0.459431 0.312995
v -0.236943 0.459778 0.303634
v -0.241223 0.460252 0.291587
v -0.177885 0.455848 0.411872
v -0.178728 0.458165 0.410492
v -0.179513 0.460386 0.408983
v -0.180263 0.462503 0.407333
v -0.180997 0.464509 0.405531
v -0.181736 0.466397 0.403565
v -0.182502 0.468160 0.401424
v -0.183315 0.469790 0.399097
v -0.184195 0.471281 0.396572
v -0.185165 0.472625 0.393836
v -0.186244 0.473814 0.390880
v -0.187453 0.474843 0.387691
v -0.188814 0.475702 0.384257
v -0.190346 0.476385 0.380568
v -0.192052 0.476902 0.376636
v -0.241631 0.462858 0.285045
v -0.237965 0.464631 0.291575
v -0.234294 0.466323 0.298089
v -0.230638 0.467927 0.304567
v -0.227012 0.469433 0.310990
v -0.223434 0.470834 0.317337
v -0.219920 0.472121 0.323590
v -0.216489 0.473285 0.329728
v -0.213155 0.474319 0.335733
v -0.209938 0.475214 0.341585
v -0.206853 0.475962 0.347263
v -0.203917 0.476554 0.352749
v -0.201148 0.476981 0.358023
v -0.198563 0.477236 0.363065
v -0.196159 0.477327 0.367880
v -0.015773 0.356649 0.513100
v -0.007198 0.358542 0.519975
v -0.000061 0.359932 0.525459
v 0.006843 0.361169 0.530567
v 0.013654 0.362310 0.535424
v 0.020442 0.363381 0.540083
v 0.027261 0.364398 0.544582
v 0.034165 0.365380 0.548958
v 0.041214 0.366341 0.553244
v 0.048489 0.367296 0.557464
v 0.056080 0.368255 0.561639
v 0.064075 0.369229 0.565790
v 0.072598 0.370232 0.569947
v 0.081924 0.371280 0.574184
v 0.093964 0.372516 0.579226
v -0.018710 0.351503 0.509812
v -0.013171 0.348871 0.513694
v -0.007488 0.346277 0.517616
v -0.001697 0.343748 0.521561
v 0.004171 0.341309 0.525514
v 0.010081 0.338988 0.529460
v 0.016001 0.336813 0.533384
v 0.021896 0.334808 0.537269
v 0.027734 0.333003 0.541101
v 0.033481 0.331422 0.544864
v 0.039104 0.330093 0.548542
v 0.044568 0.329043 0.552121
v 0.049842 0.328299 0.555583
v 0.054892 0.327887 0.558915
v 0.059710 0.327799 0.562116
v 0.105386 0.369309 0.585062
v 0.103400 0.365278 0.585476
v 0.101402 0.361328 0.585610
v 0.099370 0.357484 0.585469
v 0.097281 0.353769 0.585062
v 0.095113 0.350206 0.584396
v 0.092844 0.346819 0.583479
v 0.090452 0.343632 0.582317
v 0.087913 0.340668 0.580918
v 0.085207 0.337952 0.579291
v 0.082310 0.335506 0.577441
v 0.079200 0.333355 0.575377
v 0.075854 0.331521 0.573106
v 0.072252 0.330030 0.570635
v 0.068396 0.328869 0.567987
v -0.023378 0.360318 0.508172
v -0.023577 0.366325 0.509812
v -0.023916 0.371157 0.511058
v -0.024304 0.375701 0.512198
v -0.024699 0.380066 0.513267
v -0.025080 0.384302 0.514270
v -0.025432 0.388445 0.515210
v -0.025740 0.392532 0.516086
v -0.025993 0.396600 0.516897
v -0.026207 0.400692 0.517625
v -0.026401 0.404853 0.518252
v -0.026596 0.409126 0.518757
v -0.026815 0.413573 0.519113
v -0.027098 0.418330 0.519260
v -0.027559 0.424657 0.519008
v 0.095862 0.377927 0.578758
v 0.085198 0.382510 0.573785
v 0.076654 0.386214 0.569887
v 0.068603 0.389694 0.566255
v 0.060853 0.393031 0.562761
v 0.053322 0.396265 0.559338
v 0.045957 0.399424 0.555936
v 0.038703 0.402537 0.552505
v 0.031503 0.405631 0.549003
v 0.024287 0.408734 0.545403
v 0.016982 0.411875 0.541686
v 0.009512 0.415080 0.537831
v 0.001777 0.418390 0.533804
v -0.006448 0.421896 0.529501
v -0.017299 0.426491 0.523784
v -0.036682 0.427819 0.513981
v -0.043647 0.424599 0.509496
v -0.048397 0.422201 0.505910
v -0.052513 0.419979 0.502436
v -0.056210 0.417865 0.499030
v -0.059582 0.415826 0.495679
v -0.062689 0.413837 0.492374
v -0.065595 0.411877 0.489109
v -0.068355 0.409925 0.485874
v -0.070994 0.407977 0.482666
v -0.073528 0.406033 0.479482
v -0.075976 0.404091 0.476317
v -0.078354 0.402152 0.473167
v -0.080680 0.400215 0.470028
v -0.082971 0.398279 0.466897
v -0.029234 0.356777 0.502228
v -0.034191 0.359396 0.498555
v -0.038949 0.362004 0.494980
v -0.043514 0.364606 0.491517
v -0.047891 0.367203 0.488179
v -0.052087 0.369799 0.484982
v -0.056106 0.372397 0.481939
v -0.059954 0.374999 0.479063
v -0.063637 0.377609 0.476369
v -0.067160 0.380230 0.473871
v -0.070528 0.382865 0.471582
v -0.073747 0.385515 0.469517
v -0.076823 0.388186 0.467689
v -0.079761 0.390879 0.466113
v -0.082567 0.393597 0.464802
v -0.015439 0.431864 0.522621
v -0.002355 0.432454 0.526501
v 0.007625 0.432881 0.529059
v 0.017011 0.433266 0.531212
v 0.026017 0.433618 0.533091
v 0.034727 0.433934 0.534755
v 0.043195 0.434210 0.536247
v 0.051474 0.434440 0.537609
v 0.059610 0.434621 0.538880
v 0.067626 0.434757 0.540074
v 0.075539 0.434855 0.541203
v 0.083367 0.434922 0.542278
v 0.091126 0.434963 0.543310
v 0.098834 0.434985 0.544309
v 0.106508 0.434995 0.545287
v 0.109402 0.377522 0.583364
v 0.111410 0.381669 0.582092
v 0.113364 0.385824 0.580564
v 0.115221 0.389977 0.578799
v 0.116938 0.394113 0.576816
v 0.118471 0.398221 0.574634
v 0.119777 0.402289 0.572275
v 0.120812 0.406303 0.569757
v 0.121534 0.410251 0.567100
v 0.121899 0.414121 0.564323
v 0.121863 0.417900 0.561446
v 0.121384 0.421576 0.558490
v 0.120418 0.425137 0.555472
v 0.118922 0.428569 0.552414
v 0.116852 0.431860 0.549335
v -0.087801 0.399120 0.463025
v -0.090232 0.401926 0.462547
v -0.092535 0.404758 0.462309
v -0.094706 0.407614 0.462286
v -0.096742 0.410492 0.462450
v -0.098640 0.413389 0.462776
v -0.100396 0.416302 0.463237
v -0.102007 0.419230 0.463808
v -0.103469 0.422170 0.464460
v -0.104780 0.425119 0.465170
v -0.105935 0.428075 0.465909
v -0.106932 0.431035 0.466652
v -0.107766 0.433998 0.467372
v -0.108435 0.436960 0.468044
v -0.108935 0.439920 0.468640
v -0.039787 0.433233 0.512689
v -0.049253 0.434939 0.508028
v -0.055762 0.436054 0.504674
v -0.061446 0.436986 0.501641
v -0.066597 0.437790 0.498794
v -0.071341 0.438493 0.496068
v -0.075761 0.439112 0.493414
v -0.079940 0.439666 0.490782
v -0.083951 0.440170 0.488133
v -0.087823 0.440633 0.485462
v -0.091578 0.441061 0.482770
v -0.095233 0.441459 0.480063
v -0.098809 0.441834 0.477342
v -0.102327 0.442190 0.474611
v -0.105804 0.442535 0.471874
v -0.024444 0.436289 0.517902
v -0.020799 0.440701 0.516990
v -0.018081 0.443737 0.516067
v -0.015559 0.446387 0.515060
v -0.013141 0.448781 0.514004
v -0.010782 0.450978 0.512909
v -0.008445 0.453018 0.511781
v -0.006097 0.454944 0.510626
v -0.003709 0.456791 0.509449
v -0.001281 0.458573 0.508253
v 0.001183 0.460300 0.507040
v 0.003676 0.461981 0.505814
v 0.006192 0.463625 0.504577
v 0.008725 0.465242 0.503332
v 0.011270 0.466840 0.502081
v 0.110834 0.437973 0.543187
v 0.106889 0.440791 0.540141
v 0.102379 0.443461 0.537117
v 0.097351 0.445989 0.534118
v 0.091851 0.448386 0.531145
v 0.085929 0.450659 0.528202
v 0.079630 0.452816 0.525289
v 0.073002 0.454867 0.522409
v 0.066093 0.456819 0.519565
v 0.058949 0.458681 0.516758
v 0.051619 0.460461 0.513991
v 0.044149 0.462167 0.511266
v 0.036587 0.463809 0.508585
v 0.028980 0.465394 0.505950
v 0.021375 0.466931 0.503364
v -0.109413 0.445819 0.469508
v -0.109377 0.448740 0.469773
v -0.109144 0.451622 0.469946
v -0.108703 0.454450 0.470047
v -0.108044 0.457208 0.470094
v -0.107154 0.459880 0.470105
v -0.106024 0.462451 0.470099
v -0.104643 0.464905 0.470094
v -0.103000 0.467226 0.470109
v -0.101084 0.469399 0.470162
v -0.098885 0.471409 0.470271
v -0.096392 0.473239 0.470456
v -0.093593 0.474874 0.470734
v -0.090478 0.476298 0.471124
v -0.087037 0.477496 0.471644
v -0.035274 0.436961 0.514064
v -0.041616 0.442065 0.510258
v -0.046131 0.445725 0.507298
v -0.050174 0.449023 0.504476
v -0.053887 0.452085 0.501725
v -0.057329 0.454960 0.499018
v -0.060534 0.457678 0.496340
v -0.063536 0.460269 0.493675
v -0.066368 0.462757 0.491011
v -0.069053 0.465160 0.488344
v -0.071613 0.467488 0.485675
v -0.074068 0.469755 0.483004
v -0.076439 0.471972 0.480333
v -0.078747 0.474153 0.477660
v -0.081013 0.476309 0.474986
v 0.006358 0.469891 0.498346
v -0.000992 0.471307 0.495924
v -0.008214 0.472665 0.493569
v -0.015291 0.473948 0.491288
v -0.022209 0.475143 0.489088
v -0.028951 0.476237 0.486978
v -0.035501 0.477214 0.484962
v -0.041845 0.478061 0.483050
v -0.047966 0.478764 0.481248
v -0.053848 0.479308 0.479563
v -0.059477 0.479680 0.478002
v -0.064835 0.479864 0.476572
v -0.069908 0.479848 0.475282
v -0.074680 0.479617 0.474137
v -0.079136 0.479156 0.473145
v -0.283756 0.307225 0.308256
v -0.235337 0.315800 0.345362
v -0.242483 0.317741 0.340783
v -0.249027 0.319577 0.336498
v -0.255112 0.321348 0.332396
v -0.260872 0.323087 0.328378
v -0.266381 0.324800 0.324375
v -0.271700 0.326487 0.320324
v -0.276890 0.328149 0.316163
v -0.238892 0.311396 0.341923
v -0.245146 0.313441 0.337923
v -0.251146 0.315428 0.334017
v -0.256881 0.317354 0.330185
v -0.262376 0.319224 0.326392
v -0.267676 0.321032 0.322584
v -0.272831 0.322772 0.318707
v -0.277893 0.324437 0.314707
v -0.242899 0.307305 0.338297
v -0.248417 0.309447 0.334780
v -0.253833 0.311548 0.331274
v -0.259111 0.313591 0.327778
v -0.264231 0.315560 0.324279
v -0.269219 0.317438 0.320738
v -0.274116 0.319207 0.317105
v -0.278962 0.320851 0.313334
v -0.247118 0.303477 0.334613
v -0.252038 0.305725 0.331499
v -0.256903 0.307931 0.328377
v -0.261683 0.310071 0.325242
v -0.266361 0.312122 0.322082
v -0.270961 0.314054 0.318860
v -0.275517 0.315836 0.315532
v -0.280063 0.317436 0.312051
v -0.251431 0.299917 0.330937
v -0.255838 0.302272 0.328178
v -0.260201 0.304577 0.325411
v -0.264495 0.306810 0.322632
v -0.268707 0.308941 0.319830
v -0.272863 0.310924 0.316967
v -0.276999 0.312711 0.313997
v -0.281159 0.314247 0.310868
v -0.255793 0.296646 0.327299
v -0.259759 0.299105 0.324850
v -0.263676 0.301512 0.322403
v -0.267517 0.303842 0.319959
v -0.271266 0.306060 0.317514
v -0.274932 0.308108 0.315041
v -0.278547 0.309911 0.312499
v -0.282199 0.311365 0.309804
v -0.260180 0.293690 0.323714
v -0.263772 0.296254 0.321532
v -0.267302 0.298766 0.319366
v -0.270740 0.301202 0.317224
v -0.274052 0.303527 0.315113
v -0.277204 0.305672 0.313044
v -0.280205 0.307533 0.310992
v -0.283065 0.309040 0.308940
v -0.313157 0.339863 0.277529
v -0.313419 0.334889 0.278917
v -0.313311 0.329915 0.280585
v -0.312933 0.324977 0.282266
v -0.312324 0.320119 0.283861
v -0.311485 0.315380 0.285367
v -0.310411 0.310796 0.286806
v -0.309094 0.306403 0.288199
v -0.307646 0.338075 0.284793
v -0.308173 0.333418 0.285116
v -0.308293 0.328732 0.285954
v -0.308108 0.324069 0.287019
v -0.307674 0.319475 0.288130
v -0.306993 0.314988 0.289259
v -0.306051 0.310638 0.290411
v -0.304836 0.306460 0.291592
v -0.302371 0.336356 0.291243
v -0.303015 0.331956 0.290944
v -0.303310 0.327534 0.291153
v -0.303313 0.323138 0.291665
v -0.303067 0.318810 0.292317
v -0.302560 0.314582 0.293077
v -0.301767 0.310480 0.293943
v -0.300662 0.306533 0.294914
v -0.297232 0.334683 0.297039
v -0.297934 0.330499 0.296372
v -0.298371 0.326316 0.296116
v -0.298564 0.322174 0.296152
v -0.298524 0.318113 0.296380
v -0.298216 0.314155 0.296784
v -0.297595 0.310319 0.297366
v -0.296616 0.306626 0.298130
v -0.292149 0.333039 0.302344
v -0.292904 0.329037 0.301413
v -0.293480 0.325065 0.300797
v -0.293871 0.321162 0.300436
v -0.294061 0.317365 0.300282
v -0.293989 0.313690 0.300343
v -0.293580 0.310149 0.300639
v -0.292750 0.306747 0.301197
v -0.287083 0.331412 0.307248
v -0.287904 0.327553 0.306113
v -0.288626 0.323755 0.305209
v -0.289229 0.320063 0.304511
v -0.289681 0.316514 0.304005
v -0.289904 0.313133 0.303718
v -0.289787 0.309934 0.303696
v -0.289162 0.306897 0.304031
v -0.282006 0.329786 0.311829
v -0.282908 0.326026 0.310526
v -0.283792 0.322360 0.309378
v -0.284629 0.318835 0.308381
v -0.285382 0.315498 0.307538
v -0.285976 0.312403 0.306878
v -0.286271 0.309585 0.306477
v -0.286176 0.307059 0.306374
v -0.293499 0.283239 0.298632
v -0.289653 0.283267 0.301343
v -0.285702 0.283615 0.304172
v -0.281643 0.284335 0.307134
v -0.277482 0.285444 0.310228
v -0.273236 0.286943 0.313445
v -0.268924 0.288822 0.316773
v -0.264565 0.291074 0.320200
v -0.296316 0.285646 0.296926
v -0.292351 0.285960 0.299762
v -0.288346 0.286477 0.302658
v -0.284296 0.287263 0.305627
v -0.280204 0.288367 0.308678
v -0.276085 0.289808 0.311804
v -0.271960 0.291597 0.314996
v -0.267848 0.293744 0.318242
v -0.298974 0.288339 0.295312
v -0.294932 0.288816 0.298237
v -0.290893 0.289429 0.301183
v -0.286859 0.290240 0.304157
v -0.282837 0.291307 0.307166
v -0.278847 0.292664 0.310202
v -0.274912 0.294342 0.313254
v -0.271056 0.296369 0.316312
v -0.301441 0.291351 0.293787
v -0.297354 0.291880 0.296778
v -0.293297 0.292510 0.299765
v -0.289285 0.293290 0.302745
v -0.285337 0.294272 0.305713
v -0.281479 0.295506 0.308658
v -0.277741 0.297041 0.311566
v -0.274152 0.298928 0.314425
v -0.303696 0.294685 0.292337
v -0.299578 0.295182 0.295393
v -0.295513 0.295754 0.298421
v -0.291529 0.296437 0.301409
v -0.287654 0.297276 0.304341
v -0.283928 0.298332 0.307199
v -0.280392 0.299678 0.309959
v -0.277090 0.301391 0.312602
v -0.305730 0.298322 0.290940
v -0.301581 0.298720 0.294073
v -0.297504 0.299170 0.297160
v -0.293536 0.299698 0.300177
v -0.289716 0.300338 0.303097
v -0.286105 0.301153 0.305883
v -0.282769 0.302227 0.308494
v -0.279787 0.303697 0.310887
v -0.307532 0.302236 0.289569
v -0.303341 0.302483 0.292809
v -0.299233 0.302762 0.295988
v -0.295250 0.303089 0.299075
v -0.291443 0.303485 0.302030
v -0.287900 0.303989 0.304789
v -0.284729 0.304687 0.307276
v -0.281998 0.305636 0.309443
v -0.271884 0.358660 0.328848
v -0.233800 0.326846 0.349359
v -0.235628 0.333033 0.349937
v -0.237684 0.338872 0.350295
v -0.239810 0.344409 0.350508
v -0.241948 0.349720 0.350599
v -0.244082 0.354858 0.350561
v -0.246203 0.359867 0.350381
v -0.248304 0.364794 0.350044
v -0.240771 0.327650 0.344665
v -0.241673 0.333082 0.345660
v -0.243098 0.338487 0.346315
v -0.244793 0.343772 0.346736
v -0.246602 0.348904 0.346982
v -0.248484 0.353897 0.347051
v -0.250425 0.358781 0.346928
v -0.252412 0.363586 0.346595
v -0.247289 0.328735 0.340231
v -0.247654 0.333642 0.341448
v -0.248561 0.338620 0.342334
v -0.249814 0.343576 0.342957
v -0.251254 0.348439 0.343369
v -0.252841 0.353203 0.343560
v -0.254560 0.357880 0.343509
v -0.256397 0.362482 0.343192
v -0.253399 0.329966 0.335980
v -0.253450 0.334508 0.337313
v -0.253954 0.339118 0.338372
v -0.254786 0.343727 0.339185
v -0.255844 0.348276 0.339770
v -0.257103 0.352754 0.340100
v -0.258560 0.357156 0.340140
v -0.260212 0.361480 0.339855
v -0.259188 0.331292 0.331822
v -0.259010 0.335555 0.333236
v -0.259186 0.339857 0.334439
v -0.259641 0.344147 0.335429
v -0.260318 0.348380 0.336193
v -0.261222 0.352536 0.336685
v -0.262373 0.356605 0.336847
v -0.263802 0.360579 0.336615
v -0.264716 0.332702 0.327694
v -0.264354 0.336752 0.329177
v -0.264251 0.340810 0.330511
v -0.264364 0.344828 0.331676
v -0.264664 0.348765 0.332639
v -0.265171 0.352584 0.333339
v -0.265939 0.356258 0.333690
v -0.267079 0.359787 0.333558
v -0.270036 0.334193 0.323538
v -0.269513 0.338095 0.325089
v -0.269163 0.341972 0.326557
v -0.268957 0.345777 0.327910
v -0.268876 0.349463 0.329107
v -0.268936 0.352956 0.330084
v -0.269215 0.356199 0.330731
v -0.269757 0.359155 0.330975
v -0.262043 0.399381 0.339795
v -0.266767 0.395883 0.334801
v -0.270965 0.392429 0.330298
v -0.274807 0.389061 0.326112
v -0.278399 0.385762 0.322104
v -0.281787 0.382503 0.318200
v -0.284999 0.379249 0.314340
v -0.288062 0.375968 0.310461
v -0.260122 0.394315 0.342791
v -0.264622 0.391602 0.338153
v -0.268766 0.388644 0.333794
v -0.272612 0.385598 0.329655
v -0.276214 0.382542 0.325676
v -0.279600 0.379471 0.321809
v -0.282788 0.376355 0.318008
v -0.285801 0.373168 0.314226
v -0.258250 0.389293 0.344948
v -0.262575 0.387059 0.340663
v -0.266629 0.384544 0.336531
v -0.270432 0.381870 0.332543
v -0.274000 0.379127 0.328684
v -0.277344 0.376312 0.324930
v -0.280470 0.373400 0.321256
v -0.283386 0.370365 0.317635
v -0.256356 0.384337 0.346575
v -0.260553 0.382409 0.342574
v -0.264523 0.380264 0.338675
v -0.268266 0.377969 0.334877
v -0.271780 0.375577 0.331183
v -0.275058 0.373074 0.327589
v -0.278090 0.370427 0.324092
v -0.280868 0.367603 0.320688
v -0.254411 0.379431 0.347841
v -0.258517 0.377738 0.344065
v -0.262426 0.375906 0.340364
v -0.266121 0.373969 0.336745
v -0.269584 0.371946 0.333219
v -0.272790 0.369800 0.329803
v -0.275709 0.367482 0.326517
v -0.278311 0.364932 0.323380
v -0.252416 0.374552 0.348813
v -0.256473 0.373051 0.345204
v -0.260355 0.371492 0.341655
v -0.264034 0.369888 0.338181
v -0.267475 0.368240 0.334803
v -0.270628 0.366505 0.331562
v -0.273434 0.364614 0.328507
v -0.275819 0.362433 0.325693
v -0.250378 0.369681 0.349534
v -0.254433 0.368338 0.346033
v -0.258337 0.367018 0.342586
v -0.262049 0.365724 0.339210
v -0.265522 0.364454 0.335936
v -0.268677 0.363184 0.332836
v -0.271414 0.361834 0.330000
v -0.273672 0.360348 0.327487
v -0.309165 0.349485 0.280764
v -0.304530 0.347081 0.287844
v -0.299769 0.344908 0.294249
v -0.294963 0.342886 0.300047
v -0.290117 0.340970 0.305364
v -0.285220 0.339148 0.310289
v -0.280253 0.337415 0.314906
v -0.275199 0.335764 0.319296
v -0.305848 0.353939 0.285203
v -0.302071 0.351336 0.291169
v -0.297867 0.348998 0.296935
v -0.293428 0.346847 0.302367
v -0.288863 0.344834 0.307427
v -0.284193 0.342951 0.312161
v -0.279415 0.341198 0.316638
v -0.274524 0.339579 0.320926
v -0.302685 0.358067 0.289683
v -0.299442 0.355388 0.294924
v -0.295725 0.352945 0.300089
v -0.291693 0.350692 0.305059
v -0.287474 0.348597 0.309752
v -0.283101 0.346665 0.314195
v -0.278586 0.344908 0.318442
v -0.273938 0.343340 0.322546
v -0.299676 0.361947 0.294068
v -0.296769 0.359250 0.298831
v -0.293444 0.356739 0.303493
v -0.289811 0.354403 0.307983
v -0.285966 0.352235 0.312254
v -0.281941 0.350258 0.316334
v -0.277754 0.348504 0.320272
v -0.273421 0.347002 0.324116
v -0.296763 0.365644 0.298329
v -0.294101 0.362941 0.302732
v -0.291095 0.360377 0.306973
v -0.287821 0.357965 0.311022
v -0.284347 0.355721 0.314861
v -0.280700 0.353694 0.318531
v -0.276899 0.351938 0.322087
v -0.272954 0.350513 0.325595
v -0.293893 0.369195 0.302473
v -0.291415 0.366479 0.306595
v -0.288662 0.363859 0.310493
v -0.285695 0.361361 0.314153
v -0.282571 0.359023 0.317573
v -0.279327 0.356913 0.320791
v -0.275987 0.355121 0.323872
v -0.272533 0.353772 0.326934
v -0.291010 0.372627 0.306513
v -0.288663 0.369882 0.310425
v -0.286105 0.367187 0.314048
v -0.283392 0.364579 0.317376
v -0.280581 0.362105 0.320405
v -0.277746 0.359852 0.323148
v -0.274932 0.357948 0.325666
v -0.272180 0.356478 0.328011
v -0.214963 0.377212 0.376961
v -0.175412 0.395770 0.406074
v -0.180497 0.396628 0.403412
v -0.185593 0.397464 0.400695
v -0.190704 0.398266 0.397896
v -0.195837 0.399024 0.394988
v -0.200996 0.399726 0.391943
v -0.206188 0.400361 0.388734
v -0.211417 0.400917 0.385333
v -0.177042 0.391170 0.403788
v -0.182006 0.392222 0.401254
v -0.186980 0.393241 0.398665
v -0.191969 0.394209 0.395994
v -0.196979 0.395109 0.393213
v -0.202018 0.395921 0.390291
v -0.207093 0.396627 0.387201
v -0.212212 0.397206 0.383912
v -0.178969 0.386444 0.401270
v -0.183774 0.387704 0.398891
v -0.188583 0.388919 0.396460
v -0.193400 0.390066 0.393951
v -0.198229 0.391123 0.391337
v -0.203080 0.392058 0.388587
v -0.207965 0.392840 0.385666
v -0.212897 0.393439 0.382541
v -0.181185 0.381617 0.398536
v -0.185801 0.383101 0.396333
v -0.190410 0.384530 0.394086
v -0.195009 0.385878 0.391772
v -0.199599 0.387112 0.389367
v -0.204194 0.388190 0.386834
v -0.208815 0.389061 0.384132
v -0.213481 0.389679 0.381222
v -0.183679 0.376716 0.395599
v -0.188087 0.378444 0.393589
v -0.192468 0.380110 0.391548
v -0.196812 0.381684 0.389459
v -0.201111 0.383126 0.387300
v -0.205385 0.384375 0.385031
v -0.209662 0.385358 0.382603
v -0.213976 0.385999 0.379962
v -0.186443 0.371765 0.392474
v -0.190634 0.373762 0.390669
v -0.194776 0.375693 0.388847
v -0.198847 0.377525 0.386999
v -0.202827 0.379216 0.385113
v -0.206722 0.380687 0.383155
v -0.210553 0.381838 0.381074
v -0.214391 0.382521 0.378782
v -0.189468 0.366789 0.389174
v -0.193446 0.369085 0.387578
v -0.197354 0.371314 0.385981
v -0.201158 0.373445 0.384381
v -0.204823 0.375435 0.382776
v -0.208306 0.377203 0.381165
v -0.211602 0.378619 0.379509
v -0.214713 0.379597 0.377786
v -0.250642 0.402991 0.352056
v -0.249911 0.397589 0.353022
v -0.248737 0.392367 0.354000
v -0.247298 0.387280 0.354859
v -0.245680 0.382277 0.355572
v -0.243903 0.377331 0.356150
v -0.241975 0.372422 0.356619
v -0.239902 0.367529 0.357002
v -0.244538 0.402944 0.358356
v -0.244384 0.398098 0.358330
v -0.243636 0.393184 0.358645
v -0.242505 0.388276 0.359067
v -0.241124 0.383408 0.359461
v -0.239526 0.378582 0.359814
v -0.237718 0.373790 0.360138
v -0.235705 0.369024 0.360446
v -0.238674 0.402724 0.363959
v -0.238834 0.398272 0.363398
v -0.238433 0.393674 0.363209
v -0.237619 0.389014 0.363220
v -0.236511 0.384358 0.363295
v -0.235134 0.379725 0.363412
v -0.233489 0.375123 0.363581
v -0.231577 0.370560 0.363809
v -0.233000 0.402442 0.368996
v -0.233339 0.398262 0.368143
v -0.233212 0.393941 0.367593
v -0.232707 0.389546 0.367244
v -0.231894 0.385137 0.367014
v -0.230777 0.380746 0.366897
v -0.229340 0.376394 0.366903
v -0.227570 0.372104 0.367044
v -0.227463 0.402133 0.373591
v -0.227936 0.398156 0.372542
v -0.228041 0.394061 0.371719
v -0.227825 0.389906 0.371073
v -0.227319 0.385746 0.370569
v -0.226500 0.381621 0.370219
v -0.225325 0.377567 0.370052
v -0.223746 0.373618 0.370100
v -0.222035 0.401788 0.377811
v -0.222622 0.397956 0.376614
v -0.222932 0.394032 0.375579
v -0.222989 0.390072 0.374686
v -0.222804 0.386135 0.373928
v -0.222337 0.382282 0.373334
v -0.221519 0.378571 0.372957
v -0.220213 0.375046 0.372890
v -0.216693 0.401388 0.381707
v -0.217385 0.397645 0.380393
v -0.217885 0.393832 0.379183
v -0.218206 0.390008 0.378073
v -0.218355 0.386242 0.377067
v -0.218306 0.382632 0.376200
v -0.217971 0.379276 0.375550
v -0.217297 0.376243 0.375165
v -0.221577 0.329742 0.358425
v -0.216836 0.333596 0.362562
v -0.212362 0.337899 0.366618
v -0.208069 0.342454 0.370615
v -0.203945 0.347160 0.374541
v -0.200003 0.351973 0.378380
v -0.196263 0.356867 0.382111
v -0.192745 0.361815 0.385715
v -0.224675 0.336043 0.358271
v -0.219955 0.339135 0.362249
v -0.215523 0.342792 0.366150
v -0.211311 0.346799 0.369979
v -0.207289 0.351011 0.373729
v -0.203468 0.355375 0.377383
v -0.199873 0.359862 0.380922
v -0.196526 0.364441 0.384326
v -0.227559 0.341869 0.358129
v -0.222954 0.344481 0.361947
v -0.218602 0.347614 0.365693
v -0.214472 0.351108 0.369360
v -0.210546 0.354833 0.372939
v -0.206843 0.358741 0.376409
v -0.203392 0.362808 0.379753
v -0.200222 0.367008 0.382949
v -0.230279 0.347346 0.357981
v -0.225817 0.349635 0.361650
v -0.221561 0.352342 0.365252
v -0.217511 0.355364 0.368769
v -0.213673 0.358610 0.372181
v -0.210080 0.362053 0.375469
v -0.206773 0.365682 0.378612
v -0.203790 0.369485 0.381588
v -0.232874 0.352589 0.357803
v -0.228537 0.354621 0.361353
v -0.224367 0.356967 0.364832
v -0.220386 0.359558 0.368215
v -0.216623 0.362337 0.371474
v -0.213128 0.365302 0.374583
v -0.209961 0.368462 0.377518
v -0.207180 0.371837 0.380253
v -0.235346 0.357664 0.357585
v -0.231101 0.359483 0.361053
v -0.226990 0.361518 0.364444
v -0.223051 0.363720 0.367725
v -0.219331 0.366050 0.370858
v -0.215905 0.368510 0.373803
v -0.212860 0.371129 0.376520
v -0.210306 0.374001 0.378978
v -0.237690 0.362626 0.357321
v -0.233495 0.364268 0.360750
v -0.229403 0.366036 0.364099
v -0.225462 0.367889 0.367325
v -0.221730 0.369792 0.370382
v -0.218310 0.371723 0.373201
v -0.215335 0.373716 0.375715
v -0.212888 0.375784 0.377882
v -0.298140 0.395388 0.271044
v -0.268118 0.406409 0.327644
v -0.271867 0.408074 0.319174
v -0.275152 0.409373 0.310770
v -0.278035 0.410460 0.302507
v -0.280591 0.411407 0.294384
v -0.282872 0.412232 0.286393
v -0.284926 0.412939 0.278527
v -0.286797 0.413535 0.270777
v -0.272006 0.402288 0.324046
v -0.274973 0.404315 0.316866
v -0.277810 0.405906 0.309252
v -0.280429 0.407209 0.301482
v -0.282799 0.408319 0.293727
v -0.284949 0.409259 0.286029
v -0.286916 0.410036 0.278402
v -0.288740 0.410654 0.270858
v -0.275715 0.398465 0.320360
v -0.278207 0.400670 0.314026
v -0.280650 0.402470 0.307147
v -0.282965 0.403963 0.299972
v -0.285100 0.405228 0.292708
v -0.287071 0.406282 0.285423
v -0.288912 0.407126 0.278152
v -0.290655 0.407762 0.270930
v -0.279235 0.394853 0.316707
v -0.281427 0.397143 0.310929
v -0.283552 0.399092 0.304662
v -0.285566 0.400752 0.298092
v -0.287441 0.402164 0.291378
v -0.289200 0.403331 0.284591
v -0.290876 0.404243 0.277777
v -0.292506 0.404894 0.270985
v -0.282592 0.391376 0.313085
v -0.284561 0.393727 0.307719
v -0.286425 0.395796 0.301955
v -0.288166 0.397602 0.295930
v -0.289779 0.399156 0.289767
v -0.291299 0.400441 0.283529
v -0.292773 0.401431 0.277267
v -0.294252 0.402094 0.271019
v -0.285810 0.387994 0.309446
v -0.287606 0.390403 0.304389
v -0.289253 0.392582 0.299024
v -0.290751 0.394529 0.293464
v -0.292106 0.396235 0.287819
v -0.293359 0.397664 0.282169
v -0.294571 0.398763 0.276575
v -0.295841 0.399447 0.271036
v -0.288912 0.384678 0.305732
v -0.290573 0.387153 0.300891
v -0.292041 0.389448 0.295826
v -0.293322 0.391549 0.290644
v -0.294425 0.393433 0.285455
v -0.295383 0.395054 0.280398
v -0.296266 0.396330 0.275568
v -0.297130 0.397215 0.271042
v -0.297006 0.415476 0.218779
v -0.299265 0.411857 0.219970
v -0.301415 0.408115 0.221764
v -0.303445 0.404256 0.224103
v -0.305345 0.400287 0.226928
v -0.307106 0.396214 0.230179
v -0.308717 0.392045 0.233799
v -0.310167 0.387787 0.237728
v -0.295735 0.415345 0.226061
v -0.297909 0.411886 0.227121
v -0.299978 0.408317 0.228723
v -0.301929 0.404646 0.230823
v -0.303746 0.400883 0.233378
v -0.305415 0.397036 0.236351
v -0.306920 0.393114 0.239702
v -0.308247 0.389124 0.243396
v -0.294430 0.415187 0.233369
v -0.296525 0.411879 0.234293
v -0.298522 0.408475 0.235690
v -0.300401 0.404987 0.237530
v -0.302145 0.401428 0.239787
v -0.303730 0.397807 0.242447
v -0.305137 0.394135 0.245500
v -0.306344 0.390422 0.248936
v -0.293073 0.414990 0.240717
v -0.295101 0.411817 0.241495
v -0.297037 0.408567 0.242670
v -0.298859 0.405254 0.244220
v -0.300541 0.401894 0.246133
v -0.302056 0.398500 0.248430
v -0.303373 0.395085 0.251138
v -0.304464 0.391662 0.254285
v -0.291649 0.414739 0.248118
v -0.293623 0.411684 0.248740
v -0.295515 0.408571 0.249668
v -0.297296 0.405420 0.250890
v -0.298937 0.402251 0.252404
v -0.300400 0.399084 0.254269
v -0.301643 0.395936 0.256561
v -0.302624 0.392821 0.259367
v -0.290139 0.414423 0.255586
v -0.292078 0.411460 0.256039
v -0.293948 0.408458 0.256700
v -0.295715 0.405443 0.257558
v -0.297344 0.402445 0.258620
v -0.298788 0.399497 0.259961
v -0.299989 0.396632 0.261700
v -0.300874 0.393871 0.264054
v -0.288527 0.414026 0.263134
v -0.290455 0.411123 0.263407
v -0.292330 0.408198 0.263782
v -0.294117 0.405282 0.264249
v -0.295777 0.402415 0.264812
v -0.297254 0.399659 0.265524
v -0.298472 0.397080 0.266531
v -0.299381 0.394720 0.267928
v -0.314399 0.356413 0.268643
v -0.310536 0.360507 0.274313
v -0.307048 0.364326 0.279568
v -0.303828 0.367945 0.284497
v -0.300766 0.371423 0.289173
v -0.297797 0.374802 0.293622
v -0.294867 0.378114 0.297856
v -0.291922 0.381395 0.301886
v -0.314747 0.360882 0.264149
v -0.311360 0.364426 0.269579
v -0.308128 0.367867 0.274797
v -0.305043 0.371204 0.279775
v -0.302077 0.374451 0.284507
v -0.299189 0.377638 0.288987
v -0.296337 0.380796 0.293212
v -0.293478 0.383958 0.297178
v -0.314599 0.365445 0.259708
v -0.311602 0.368523 0.264997
v -0.308658 0.371567 0.270154
v -0.305783 0.374567 0.275123
v -0.302983 0.377523 0.279853
v -0.300238 0.380458 0.284314
v -0.297517 0.383403 0.288479
v -0.294793 0.386391 0.292321
v -0.314140 0.370019 0.255231
v -0.311441 0.372688 0.260480
v -0.308766 0.375344 0.265608
v -0.306127 0.377982 0.270557
v -0.303532 0.380602 0.275267
v -0.300969 0.383233 0.279683
v -0.298423 0.385911 0.283751
v -0.295878 0.388674 0.287417
v -0.313446 0.374554 0.250731
v -0.310995 0.376849 0.256001
v -0.308559 0.379133 0.261147
v -0.306146 0.381402 0.266106
v -0.303762 0.383659 0.270813
v -0.301405 0.385942 0.275187
v -0.299067 0.388298 0.279140
v -0.296743 0.390782 0.282584
v -0.312544 0.379033 0.246265
v -0.310302 0.380982 0.251613
v -0.308074 0.382914 0.256830
v -0.305866 0.384821 0.261850
v -0.303687 0.386703 0.266599
v -0.301546 0.388594 0.270967
v -0.299453 0.390548 0.274825
v -0.297402 0.392672 0.278006
v -0.311447 0.383447 0.241907
v -0.309381 0.385077 0.247388
v -0.307329 0.386680 0.252735
v -0.305301 0.388240 0.257880
v -0.303308 0.389749 0.262743
v -0.301383 0.391213 0.267189
v -0.299558 0.392683 0.271035
v -0.297850 0.394194 0.274161
v -0.201200 0.425023 0.397119
v -0.173080 0.404498 0.409898
v -0.172369 0.408605 0.411425
v -0.171940 0.412546 0.412699
v -0.171773 0.416326 0.413725
v -0.171853 0.419950 0.414506
v -0.172160 0.423422 0.415045
v -0.172679 0.426749 0.415346
v -0.173391 0.429935 0.415413
v -0.178262 0.404989 0.407073
v -0.177529 0.408918 0.408563
v -0.177044 0.412682 0.409819
v -0.176800 0.416285 0.410839
v -0.176791 0.419731 0.411617
v -0.177014 0.423024 0.412148
v -0.177465 0.426167 0.412427
v -0.178142 0.429166 0.412446
v -0.183447 0.405479 0.404202
v -0.182684 0.409239 0.405660
v -0.182132 0.412834 0.406908
v -0.181794 0.416264 0.407934
v -0.181674 0.419532 0.408724
v -0.181787 0.422641 0.409264
v -0.182151 0.425596 0.409533
v -0.182781 0.428400 0.409514
v -0.188635 0.405969 0.401259
v -0.187831 0.409574 0.402697
v -0.187195 0.413009 0.403950
v -0.186736 0.416272 0.405000
v -0.186472 0.419362 0.405826
v -0.186442 0.422284 0.406398
v -0.186688 0.425041 0.406679
v -0.187255 0.427639 0.406636
v -0.193829 0.406460 0.398222
v -0.192968 0.409927 0.399653
v -0.192224 0.413217 0.400929
v -0.191613 0.416321 0.402028
v -0.191162 0.419237 0.402921
v -0.190939 0.421966 0.403558
v -0.191021 0.424514 0.403884
v -0.191497 0.426887 0.403839
v -0.199030 0.406951 0.395068
v -0.198094 0.410305 0.396508
v -0.197216 0.413471 0.397830
v -0.196417 0.416437 0.399008
v -0.195731 0.419193 0.400006
v -0.195245 0.421732 0.400763
v -0.195074 0.424053 0.401200
v -0.195400 0.426165 0.401198
v -0.204238 0.407442 0.391771
v -0.203207 0.410715 0.393240
v -0.202167 0.413788 0.394637
v -0.201143 0.416647 0.395929
v -0.200171 0.419275 0.397080
v -0.199334 0.421644 0.398030
v -0.198782 0.423735 0.398679
v -0.198618 0.425544 0.398962
v -0.182197 0.448599 0.408990
v -0.188093 0.446328 0.404173
v -0.193586 0.444165 0.399844
v -0.198775 0.442060 0.395874
v -0.203740 0.439968 0.392131
v -0.208517 0.437860 0.388541
v -0.213124 0.435707 0.385043
v -0.217583 0.433483 0.381578
v -0.180509 0.446349 0.410922
v -0.186039 0.444339 0.406639
v -0.191378 0.442354 0.402570
v -0.196510 0.440379 0.398713
v -0.201438 0.438394 0.395041
v -0.206170 0.436371 0.391515
v -0.210716 0.434284 0.388090
v -0.215086 0.432105 0.384722
v -0.179061 0.443929 0.412318
v -0.184312 0.442152 0.408454
v -0.189458 0.440365 0.404678
v -0.194456 0.438558 0.401021
v -0.199269 0.436720 0.397500
v -0.203887 0.434825 0.394104
v -0.208304 0.432845 0.390809
v -0.212513 0.430750 0.387594
v -0.177727 0.441374 0.413397
v -0.182785 0.439811 0.409830
v -0.187753 0.438227 0.406315
v -0.192586 0.436614 0.402880
v -0.197244 0.434957 0.399547
v -0.201699 0.433228 0.396320
v -0.205931 0.431394 0.393198
v -0.209915 0.429422 0.390183
v -0.176474 0.438700 0.414239
v -0.181387 0.437343 0.410897
v -0.186207 0.435966 0.407598
v -0.190887 0.434559 0.404362
v -0.195381 0.433109 0.401212
v -0.199649 0.431582 0.398167
v -0.203652 0.429937 0.395248
v -0.207349 0.428132 0.392475
v -0.175315 0.435905 0.414857
v -0.180129 0.434749 0.411686
v -0.184840 0.433579 0.408554
v -0.189398 0.432387 0.405481
v -0.193749 0.431162 0.402492
v -0.197830 0.429876 0.399625
v -0.201575 0.428485 0.396927
v -0.204914 0.426913 0.394446
v -0.174279 0.432985 0.415249
v -0.179038 0.432025 0.412201
v -0.183686 0.431059 0.409191
v -0.188170 0.430084 0.406239
v -0.192425 0.429096 0.403373
v -0.196357 0.428088 0.400658
v -0.199860 0.427024 0.398174
v -0.202865 0.425878 0.395971
v -0.246953 0.412845 0.355190
v -0.241511 0.411693 0.361416
v -0.236031 0.410827 0.366972
v -0.230606 0.410121 0.371975
v -0.225248 0.409505 0.376545
v -0.219947 0.408948 0.380752
v -0.214689 0.408431 0.384654
v -0.209457 0.407934 0.388310
v -0.242846 0.416772 0.359261
v -0.238418 0.415435 0.364440
v -0.233582 0.414404 0.369418
v -0.228570 0.413565 0.374092
v -0.223522 0.412844 0.378433
v -0.218462 0.412213 0.382472
v -0.213391 0.411658 0.386256
v -0.208306 0.411163 0.389832
v -0.238669 0.420192 0.363281
v -0.234891 0.418815 0.367788
v -0.230640 0.417694 0.372225
v -0.226110 0.416758 0.376492
v -0.221461 0.415951 0.380514
v -0.216731 0.415258 0.384305
v -0.211932 0.414671 0.387900
v -0.207074 0.414184 0.391333
v -0.234502 0.423261 0.367166
v -0.231145 0.421895 0.371231
v -0.227378 0.420724 0.375219
v -0.223334 0.419713 0.379066
v -0.219128 0.418830 0.382724
v -0.214792 0.418075 0.386208
v -0.210340 0.417456 0.389550
v -0.205787 0.416980 0.392781
v -0.230342 0.426083 0.370913
v -0.227297 0.424731 0.374645
v -0.223930 0.423523 0.378260
v -0.220330 0.422443 0.381723
v -0.216570 0.421482 0.385011
v -0.212672 0.420659 0.388149
v -0.208642 0.419998 0.391177
v -0.204476 0.419531 0.394140
v -0.226158 0.428705 0.374544
v -0.223354 0.427358 0.378019
v -0.220314 0.426112 0.381330
v -0.217102 0.424962 0.384455
v -0.213776 0.423913 0.387382
v -0.210359 0.422999 0.390137
v -0.206854 0.422268 0.392768
v -0.203199 0.421798 0.395369
v -0.221917 0.431160 0.378090
v -0.219291 0.429806 0.381373
v -0.216513 0.428513 0.384438
v -0.213635 0.427284 0.387271
v -0.210715 0.426128 0.389860
v -0.207811 0.425086 0.392208
v -0.204935 0.424232 0.394359
v -0.202105 0.423610 0.396355
v -0.272157 0.433878 0.270616
v -0.263196 0.415323 0.328701
v -0.262366 0.419508 0.325949
v -0.261636 0.423231 0.322884
v -0.260902 0.426611 0.319685
v -0.260124 0.429744 0.316414
v -0.259296 0.432680 0.313068
v -0.258420 0.435458 0.309626
v -0.257499 0.438117 0.306070
v -0.267378 0.415709 0.319771
v -0.266059 0.419403 0.318009
v -0.264984 0.422885 0.315624
v -0.264012 0.426144 0.312891
v -0.263061 0.429196 0.309975
v -0.262113 0.432070 0.306893
v -0.261167 0.434794 0.303627
v -0.260220 0.437399 0.300162
v -0.270919 0.416263 0.311104
v -0.269373 0.419608 0.309905
v -0.268065 0.422834 0.308091
v -0.266899 0.425912 0.305860
v -0.265799 0.428824 0.303368
v -0.264749 0.431582 0.300627
v -0.263746 0.434204 0.297614
v -0.262789 0.436710 0.294306
v -0.273970 0.416864 0.302672
v -0.272322 0.419966 0.301808
v -0.270867 0.422968 0.300453
v -0.269549 0.425850 0.298720
v -0.268324 0.428593 0.296694
v -0.267186 0.431201 0.294360
v -0.266139 0.433683 0.291675
v -0.265187 0.436048 0.288594
v -0.276648 0.417461 0.294427
v -0.274941 0.420379 0.293815
v -0.273382 0.423199 0.292848
v -0.271948 0.425904 0.291579
v -0.270619 0.428477 0.290040
v -0.269406 0.430918 0.288176
v -0.268323 0.433228 0.285904
v -0.267390 0.435413 0.283131
v -0.279011 0.418039 0.286346
v -0.277261 0.420824 0.285942
v -0.275624 0.423506 0.285312
v -0.274095 0.426065 0.284477
v -0.272673 0.428486 0.283440
v -0.271383 0.430754 0.282127
v -0.270258 0.432862 0.280417
v -0.269356 0.434814 0.278085
v -0.281105 0.418597 0.278414
v -0.279314 0.421297 0.278187
v -0.277609 0.423884 0.277856
v -0.275992 0.426338 0.277431
v -0.274472 0.428636 0.276909
v -0.273086 0.430746 0.276241
v -0.271894 0.432640 0.275280
v -0.270930 0.434304 0.273929
v -0.250011 0.456193 0.277076
v -0.253448 0.454587 0.270441
v -0.256812 0.452797 0.264157
v -0.260122 0.450879 0.258128
v -0.263376 0.448856 0.252356
v -0.266571 0.446728 0.246882
v -0.269704 0.444493 0.241757
v -0.272772 0.442145 0.237032
v -0.251165 0.453408 0.281823
v -0.254434 0.452079 0.275206
v -0.257640 0.450529 0.268975
v -0.260787 0.448821 0.263053
v -0.263872 0.446993 0.257418
v -0.266896 0.445049 0.252109
v -0.269856 0.442985 0.247181
v -0.272751 0.440797 0.242688
v -0.252296 0.450773 0.286278
v -0.255417 0.449619 0.279815
v -0.258471 0.448266 0.273689
v -0.261456 0.446758 0.267875
v -0.264372 0.445126 0.262368
v -0.267220 0.443372 0.257216
v -0.270000 0.441488 0.252482
v -0.272714 0.439466 0.248229
v -0.253405 0.448228 0.290518
v -0.256394 0.447194 0.284252
v -0.259305 0.446006 0.278255
v -0.262134 0.444688 0.272545
v -0.264879 0.443255 0.267152
v -0.267544 0.441699 0.262145
v -0.270133 0.440007 0.257600
v -0.272652 0.438163 0.253598
v -0.254483 0.445721 0.294609
v -0.257360 0.444785 0.288516
v -0.260144 0.443743 0.282633
v -0.262826 0.442604 0.277010
v -0.265400 0.441372 0.271708
v -0.267874 0.440028 0.266823
v -0.270255 0.438548 0.262458
v -0.272558 0.436901 0.258723
v -0.255527 0.443219 0.298564
v -0.258319 0.442368 0.292597
v -0.260998 0.441455 0.286788
v -0.263551 0.440485 0.281212
v -0.265967 0.439456 0.275952
v -0.268245 0.438345 0.271137
v -0.270392 0.437119 0.266917
v -0.272434 0.435711 0.263475
v -0.256533 0.440694 0.302384
v -0.259272 0.439914 0.296482
v -0.261876 0.439119 0.290690
v -0.264330 0.438309 0.285093
v -0.266616 0.437480 0.279792
v -0.268709 0.436624 0.274952
v -0.270603 0.435708 0.270783
v -0.272298 0.434706 0.267423
v -0.292197 0.422315 0.218431
v -0.291129 0.421897 0.225728
v -0.290016 0.421472 0.233055
v -0.288834 0.421038 0.240423
v -0.287562 0.420589 0.247849
v -0.286176 0.420124 0.255347
v -0.284654 0.419639 0.262930
v -0.282972 0.419131 0.270614
v -0.289661 0.425531 0.219298
v -0.288713 0.424982 0.226480
v -0.287717 0.424434 0.233686
v -0.286648 0.423891 0.240929
v -0.285481 0.423352 0.248221
v -0.284190 0.422820 0.255577
v -0.282750 0.422299 0.263013
v -0.281134 0.421790 0.270545
v -0.287040 0.428615 0.220819
v -0.286225 0.427938 0.227819
v -0.285361 0.427271 0.234834
v -0.284421 0.426620 0.241870
v -0.283381 0.425990 0.248936
v -0.282210 0.425391 0.256049
v -0.280878 0.424833 0.263228
v -0.279354 0.424328 0.270492
v -0.284338 0.431569 0.222959
v -0.283667 0.430766 0.229726
v -0.282947 0.429980 0.236490
v -0.282156 0.429218 0.243246
v -0.281266 0.428492 0.249998
v -0.280242 0.427820 0.256767
v -0.279046 0.427224 0.263580
v -0.277640 0.426724 0.270461
v -0.281558 0.434396 0.225684
v -0.281039 0.433466 0.232182
v -0.280478 0.432556 0.238648
v -0.279852 0.431679 0.245065
v -0.279136 0.430847 0.251426
v -0.278288 0.430091 0.257755
v -0.277261 0.429447 0.264085
v -0.276003 0.428952 0.270458
v -0.278701 0.437100 0.228960
v -0.278344 0.436038 0.235170
v -0.277951 0.434999 0.241316
v -0.277505 0.433994 0.247366
v -0.276984 0.433041 0.253294
v -0.276347 0.432180 0.259099
v -0.275541 0.431462 0.264802
v -0.274478 0.430964 0.270486
v -0.275772 0.439682 0.232754
v -0.275581 0.438481 0.238677
v -0.275364 0.437303 0.244506
v -0.275107 0.436158 0.250195
v -0.274796 0.435063 0.255692
v -0.274407 0.434061 0.260929
v -0.273887 0.433223 0.265882
v -0.273202 0.432594 0.270541
v -0.232123 0.444516 0.349120
v -0.189340 0.451707 0.399662
v -0.194347 0.452599 0.392640
v -0.199011 0.453350 0.385627
v -0.203333 0.454007 0.378689
v -0.207376 0.454594 0.371799
v -0.211196 0.455118 0.364920
v -0.214846 0.455582 0.358013
v -0.218377 0.455990 0.351039
v -0.194290 0.449363 0.395709
v -0.198285 0.450421 0.389838
v -0.202335 0.451300 0.383552
v -0.206281 0.452053 0.377078
v -0.210052 0.452714 0.370539
v -0.213665 0.453291 0.363943
v -0.217163 0.453785 0.357271
v -0.220586 0.454197 0.350502
v -0.199216 0.447118 0.391912
v -0.202564 0.448264 0.386767
v -0.206056 0.449241 0.381126
v -0.209559 0.450084 0.375183
v -0.212971 0.450819 0.369089
v -0.216298 0.451450 0.362877
v -0.219572 0.451974 0.356546
v -0.222823 0.452386 0.350095
v -0.204024 0.444937 0.388301
v -0.206954 0.446133 0.383616
v -0.209986 0.447186 0.378499
v -0.213038 0.448112 0.373082
v -0.216050 0.448924 0.367478
v -0.219033 0.449613 0.361719
v -0.222019 0.450169 0.355819
v -0.225038 0.450580 0.349788
v -0.208709 0.442786 0.384819
v -0.211324 0.444021 0.380471
v -0.213972 0.445143 0.375777
v -0.216613 0.446151 0.370831
v -0.219217 0.447043 0.365712
v -0.221815 0.447800 0.360451
v -0.224452 0.448397 0.355061
v -0.227178 0.448806 0.349553
v -0.213282 0.440641 0.381404
v -0.215650 0.441919 0.377304
v -0.217980 0.443111 0.372944
v -0.220252 0.444207 0.368397
v -0.222456 0.445195 0.363732
v -0.224628 0.446041 0.358995
v -0.226826 0.446705 0.354216
v -0.229167 0.447122 0.349370
v -0.217760 0.438482 0.377994
v -0.219935 0.439813 0.374064
v -0.222000 0.441087 0.369950
v -0.223945 0.442288 0.365722
v -0.225765 0.443395 0.361453
v -0.227474 0.444369 0.357242
v -0.229140 0.445148 0.353150
v -0.230810 0.445693 0.349231
v -0.242774 0.457618 0.294121
v -0.244387 0.454920 0.297075
v -0.245852 0.452304 0.300360
v -0.247212 0.449754 0.303763
v -0.248482 0.447237 0.307209
v -0.249657 0.444729 0.310681
v -0.250725 0.442208 0.314176
v -0.251677 0.439652 0.317691
v -0.239095 0.457528 0.303792
v -0.240926 0.455130 0.305433
v -0.242555 0.452691 0.307826
v -0.244034 0.450248 0.310618
v -0.245392 0.447814 0.313594
v -0.246622 0.445380 0.316702
v -0.247707 0.442932 0.319930
v -0.248634 0.440454 0.323266
v -0.235546 0.457360 0.312783
v -0.237488 0.455168 0.313667
v -0.239239 0.452901 0.315327
v -0.240829 0.450595 0.317492
v -0.242274 0.448279 0.319943
v -0.243559 0.445955 0.322624
v -0.244660 0.443616 0.325520
v -0.245554 0.441259 0.328619
v -0.232085 0.457154 0.321173
v -0.234082 0.455103 0.321617
v -0.235925 0.452983 0.322710
v -0.237617 0.450820 0.324281
v -0.239152 0.448640 0.326184
v -0.240498 0.446449 0.328390
v -0.241619 0.444250 0.330897
v -0.242475 0.442048 0.333704
v -0.228666 0.456919 0.329101
v -0.230703 0.454975 0.329228
v -0.232627 0.452975 0.329861
v -0.234418 0.450942 0.330898
v -0.236051 0.448897 0.332260
v -0.237474 0.446852 0.333953
v -0.238628 0.444817 0.336007
v -0.239449 0.442803 0.338462
v -0.225259 0.456652 0.336665
v -0.227338 0.454786 0.336539
v -0.229346 0.452879 0.336785
v -0.231247 0.450953 0.337343
v -0.233002 0.449030 0.338171
v -0.234538 0.447132 0.339295
v -0.235769 0.445283 0.340782
v -0.236571 0.443499 0.342788
v -0.221838 0.456344 0.343948
v -0.223971 0.454529 0.343609
v -0.226079 0.452686 0.343518
v -0.228117 0.450837 0.343634
v -0.230033 0.449010 0.343928
v -0.231748 0.447246 0.344416
v -0.233141 0.445588 0.345195
v -0.234131 0.444068 0.346316
v -0.253434 0.418149 0.343984
v -0.248568 0.421132 0.349628
v -0.243948 0.424004 0.354567
v -0.239494 0.426716 0.359054
v -0.235129 0.429277 0.363241
v -0.230809 0.431710 0.367190
v -0.226497 0.434039 0.370938
v -0.222159 0.436288 0.374525
v -0.254101 0.421852 0.339765
v -0.249742 0.424024 0.345410
v -0.245392 0.426384 0.350468
v -0.241086 0.428769 0.355084
v -0.236831 0.431091 0.359373
v -0.232611 0.433342 0.363383
v -0.228403 0.435538 0.367146
v -0.224184 0.437691 0.370694
v -0.254243 0.425295 0.335839
v -0.250290 0.426983 0.341421
v -0.246252 0.428911 0.346511
v -0.242183 0.430949 0.351191
v -0.238126 0.432992 0.355531
v -0.234085 0.435024 0.359558
v -0.230054 0.437047 0.363291
v -0.226027 0.439067 0.366747
v -0.254079 0.428490 0.332078
v -0.250428 0.429884 0.337586
v -0.246677 0.431477 0.342677
v -0.242875 0.433185 0.347387
v -0.239061 0.434938 0.351749
v -0.235251 0.436724 0.355765
v -0.231455 0.438543 0.359433
v -0.227683 0.440398 0.362750
v -0.253715 0.431488 0.328405
v -0.250299 0.432669 0.333859
v -0.246793 0.433995 0.338953
v -0.243239 0.435416 0.343691
v -0.239672 0.436891 0.348071
v -0.236120 0.438418 0.352069
v -0.232604 0.440004 0.355651
v -0.229147 0.441660 0.358784
v -0.253185 0.434325 0.324792
v -0.249946 0.435344 0.330231
v -0.246635 0.436458 0.335356
v -0.243291 0.437634 0.340146
v -0.239954 0.438849 0.344574
v -0.236667 0.440102 0.348579
v -0.233475 0.441409 0.352086
v -0.230407 0.442818 0.354993
v -0.252501 0.437034 0.321226
v -0.249385 0.437932 0.326700
v -0.246217 0.438876 0.331904
v -0.243036 0.439843 0.336801
v -0.239887 0.440816 0.341340
v -0.236848 0.441783 0.345427
v -0.233996 0.442763 0.348930
v -0.231384 0.443765 0.351771
v -0.204546 0.468023 0.360131
v -0.183911 0.456357 0.403536
v -0.183713 0.458543 0.402976
v -0.183885 0.460638 0.401977
v -0.184219 0.462642 0.400704
v -0.184637 0.464545 0.399217
v -0.185132 0.466340 0.397519
v -0.185714 0.468018 0.395597
v -0.186393 0.469574 0.393439
v -0.189434 0.456871 0.395569
v -0.188556 0.458917 0.395553
v -0.188195 0.460891 0.395007
v -0.188135 0.462784 0.394101
v -0.188245 0.464584 0.392934
v -0.188498 0.466285 0.391513
v -0.188897 0.467877 0.389819
v -0.189443 0.469355 0.387838
v -0.194388 0.457355 0.388030
v -0.193140 0.459283 0.388298
v -0.192385 0.461145 0.388102
v -0.191974 0.462931 0.387547
v -0.191788 0.464630 0.386711
v -0.191804 0.466234 0.385586
v -0.192019 0.467737 0.384142
v -0.192433 0.469133 0.382348
v -0.198895 0.457813 0.380766
v -0.197446 0.459640 0.381199
v -0.196408 0.461402 0.381284
v -0.195695 0.463087 0.381068
v -0.195235 0.464685 0.380580
v -0.195019 0.466191 0.379780
v -0.195051 0.467598 0.378615
v -0.195335 0.468904 0.377027
v -0.203073 0.458245 0.373652
v -0.201488 0.459989 0.374224
v -0.200233 0.461664 0.374565
v -0.199266 0.463256 0.374682
v -0.198556 0.464757 0.374563
v -0.198112 0.466161 0.374132
v -0.197955 0.467465 0.373295
v -0.198110 0.468668 0.371945
v -0.206988 0.458655 0.366622
v -0.205297 0.460335 0.367332
v -0.203865 0.461938 0.367923
v -0.202679 0.463451 0.368378
v -0.201732 0.464863 0.368661
v -0.201049 0.466165 0.368671
v -0.200673 0.467353 0.368268
v -0.200684 0.468430 0.367230
v -0.210691 0.459049 0.359625
v -0.208907 0.460684 0.360481
v -0.207321 0.462234 0.361331
v -0.205933 0.463686 0.362142
v -0.204748 0.465026 0.362868
v -0.203795 0.466233 0.363414
v -0.203141 0.467298 0.363600
v -0.202821 0.468214 0.363308
v -0.194540 0.476748 0.371720
v -0.197089 0.476533 0.366732
v -0.199749 0.476205 0.361613
v -0.202533 0.475748 0.356355
v -0.205436 0.475154 0.350964
v -0.208448 0.474423 0.345458
v -0.211555 0.473558 0.339857
v -0.214744 0.472562 0.334184
v -0.192987 0.476107 0.375463
v -0.195657 0.475793 0.370331
v -0.198383 0.475407 0.365149
v -0.201177 0.474928 0.359909
v -0.204046 0.474337 0.354612
v -0.206984 0.473628 0.349278
v -0.209978 0.472797 0.343930
v -0.213018 0.471841 0.338592
v -0.191555 0.475355 0.379028
v -0.194307 0.474984 0.373800
v -0.197079 0.474565 0.368575
v -0.199879 0.474078 0.363357
v -0.202712 0.473502 0.358154
v -0.205571 0.472824 0.352992
v -0.208447 0.472036 0.347900
v -0.211329 0.471126 0.342906
v -0.190260 0.474471 0.382380
v -0.193065 0.474083 0.377090
v -0.195868 0.473660 0.371839
v -0.198667 0.473184 0.366647
v -0.201459 0.472639 0.361538
v -0.204235 0.472008 0.356548
v -0.206984 0.471274 0.351715
v -0.209695 0.470420 0.347079
v -0.189103 0.473451 0.385503
v -0.191952 0.473074 0.380162
v -0.194779 0.472672 0.374891
v -0.197572 0.472232 0.369725
v -0.200321 0.471740 0.364704
v -0.203009 0.471174 0.359880
v -0.205620 0.470512 0.355309
v -0.208138 0.469728 0.351050
v -0.188079 0.472293 0.388390
v -0.190974 0.471952 0.382991
v -0.193830 0.471594 0.377687
v -0.196628 0.471210 0.372526
v -0.199346 0.470789 0.367561
v -0.201952 0.470312 0.362873
v -0.204413 0.469752 0.358553
v -0.206698 0.469066 0.354710
v -0.187179 0.471000 0.391037
v -0.190136 0.470713 0.385557
v -0.193042 0.470416 0.380187
v -0.195871 0.470104 0.374982
v -0.198589 0.469771 0.370010
v -0.201139 0.469407 0.365387
v -0.203458 0.468988 0.361261
v -0.205507 0.468498 0.357724
v -0.237954 0.462283 0.295647
v -0.234382 0.461786 0.305523
v -0.230965 0.461344 0.314526
v -0.227633 0.460940 0.322865
v -0.224330 0.460554 0.330736
v -0.221018 0.460177 0.338254
v -0.217664 0.459805 0.345514
v -0.214234 0.459430 0.352608
v -0.234731 0.464103 0.300364
v -0.231521 0.463590 0.308949
v -0.228353 0.463106 0.317165
v -0.225212 0.462650 0.325001
v -0.222073 0.462217 0.332493
v -0.218906 0.461807 0.339710
v -0.215678 0.461415 0.346730
v -0.212356 0.461042 0.353630
v -0.231400 0.465783 0.305692
v -0.228506 0.465252 0.313219
v -0.225610 0.464736 0.320601
v -0.222706 0.464241 0.327787
v -0.219785 0.463772 0.334747
v -0.216818 0.463334 0.341523
v -0.213773 0.462929 0.348174
v -0.210618 0.462562 0.354759
v -0.228029 0.467357 0.311285
v -0.225415 0.466794 0.317965
v -0.222791 0.466244 0.324566
v -0.220153 0.465715 0.331049
v -0.217490 0.465213 0.337392
v -0.214771 0.464749 0.343625
v -0.211962 0.464333 0.349797
v -0.209025 0.463977 0.355955
v -0.224659 0.468827 0.316979
v -0.222304 0.468228 0.322938
v -0.219945 0.467642 0.328836
v -0.217580 0.467075 0.334643
v -0.215200 0.466537 0.340341
v -0.212771 0.466043 0.345962
v -0.210250 0.465614 0.351554
v -0.207588 0.465270 0.357172
v -0.221311 0.470190 0.322714
v -0.219193 0.469551 0.328059
v -0.217083 0.468925 0.333340
v -0.214985 0.468317 0.338524
v -0.212898 0.467735 0.343588
v -0.210794 0.467203 0.348542
v -0.208632 0.466748 0.353425
v -0.206324 0.466415 0.358345
v -0.218001 0.471437 0.328460
v -0.216094 0.470758 0.333290
v -0.214209 0.470089 0.338041
v -0.212360 0.469434 0.342675
v -0.210555 0.468801 0.347148
v -0.208799 0.468215 0.351412
v -0.207062 0.467714 0.355472
v -0.205321 0.467324 0.359335
v 0.049750 0.346624 0.557007
v -0.011173 0.353426 0.515880
v -0.006462 0.350533 0.518901
v -0.001389 0.347848 0.522238
v 0.003899 0.345296 0.525731
v 0.009315 0.342865 0.529300
v 0.014817 0.340572 0.532915
v 0.020376 0.338437 0.536557
v 0.025964 0.336484 0.540208
v -0.003884 0.355136 0.521618
v 0.000188 0.352139 0.524010
v 0.004704 0.349389 0.526823
v 0.009496 0.346821 0.529880
v 0.014453 0.344401 0.533067
v 0.019535 0.342136 0.536346
v 0.024721 0.340046 0.539699
v 0.029990 0.338147 0.543111
v 0.003079 0.356644 0.526937
v 0.006738 0.353642 0.528944
v 0.010782 0.350874 0.531335
v 0.015095 0.348301 0.533985
v 0.019582 0.345895 0.536793
v 0.024220 0.343664 0.539729
v 0.029005 0.341622 0.542782
v 0.033930 0.339786 0.545941
v 0.009853 0.357992 0.531942
v 0.013212 0.355033 0.533695
v 0.016849 0.352277 0.535749
v 0.020696 0.349712 0.538026
v 0.024695 0.347327 0.540460
v 0.028855 0.345134 0.543042
v 0.033197 0.343149 0.545775
v 0.037743 0.341388 0.548663
v 0.016550 0.359225 0.536721
v 0.019652 0.356313 0.538279
v 0.022918 0.353580 0.540050
v 0.026309 0.351031 0.541987
v 0.029800 0.348673 0.544055
v 0.033433 0.346525 0.546267
v 0.037268 0.344605 0.548648
v 0.041375 0.342935 0.551232
v 0.023239 0.360363 0.541322
v 0.026111 0.357487 0.542723
v 0.029033 0.354773 0.544255
v 0.031982 0.352236 0.545888
v 0.034950 0.349898 0.547601
v 0.037988 0.347788 0.549413
v 0.041188 0.345940 0.551370
v 0.044732 0.344389 0.553579
v 0.029977 0.361418 0.545783
v 0.032644 0.358559 0.547061
v 0.035248 0.355846 0.548393
v 0.037772 0.353304 0.549754
v 0.040210 0.350962 0.551126
v 0.042582 0.348868 0.552508
v 0.044991 0.347076 0.553953
v 0.047511 0.345616 0.555493
v 0.063452 0.329100 0.564722
v 0.067094 0.330518 0.567255
v 0.070551 0.332156 0.569652
v 0.073794 0.334042 0.571878
v 0.076811 0.336182 0.573909
v 0.079602 0.338569 0.575726
v 0.082170 0.341188 0.577315
v 0.084520 0.344028 0.578658
v 0.058435 0.329448 0.561415
v 0.061909 0.331076 0.563861
v 0.065249 0.332834 0.566201
v 0.068407 0.334759 0.568392
v 0.071346 0.336880 0.570399
v 0.074043 0.339199 0.572191
v 0.076483 0.341714 0.573745
v 0.078648 0.344425 0.575033
v 0.053287 0.330014 0.558035
v 0.056674 0.331767 0.560441
v 0.059949 0.333597 0.562756
v 0.063058 0.335537 0.564934
v 0.065949 0.337619 0.566934
v 0.068579 0.339855 0.568716
v 0.070909 0.342253 0.570243
v 0.072896 0.344821 0.571477
v 0.048004 0.330825 0.554579
v 0.051385 0.332631 0.556994
v 0.054657 0.334483 0.559321
v 0.057766 0.336406 0.561517
v 0.060655 0.338423 0.563537
v 0.063257 0.340551 0.565330
v 0.065503 0.342810 0.566844
v 0.067325 0.345217 0.568025
v 0.042602 0.331889 0.551053
v 0.046045 0.333697 0.553521
v 0.049381 0.335529 0.555904
v 0.052553 0.337396 0.558157
v 0.055500 0.339314 0.560234
v 0.058128 0.341304 0.562068
v 0.060336 0.343394 0.563589
v 0.062010 0.345612 0.564720
v 0.037107 0.333196 0.547473
v 0.040680 0.334972 0.550039
v 0.044147 0.336751 0.552521
v 0.047453 0.338537 0.554877
v 0.050533 0.340333 0.557057
v 0.053273 0.342154 0.558982
v 0.055528 0.344025 0.560555
v 0.057094 0.345996 0.561647
v 0.031551 0.334732 0.543852
v 0.035319 0.336455 0.546563
v 0.038986 0.338165 0.549194
v 0.042504 0.339858 0.551704
v 0.045807 0.341524 0.554044
v 0.048776 0.343153 0.556129
v 0.051223 0.344753 0.557837
v 0.053024 0.346334 0.559086
v 0.094467 0.368473 0.580317
v 0.084350 0.367610 0.575761
v 0.075148 0.366764 0.571395
v 0.066653 0.365924 0.567132
v 0.058668 0.365081 0.562904
v 0.051088 0.364222 0.558677
v 0.043832 0.363334 0.554431
v 0.036821 0.362404 0.550141
v 0.094164 0.364638 0.581064
v 0.085155 0.363993 0.576692
v 0.076556 0.363337 0.572389
v 0.068393 0.362662 0.568144
v 0.060641 0.361961 0.563935
v 0.053248 0.361217 0.559741
v 0.046156 0.360413 0.555544
v 0.039307 0.359532 0.551325
v 0.093178 0.360890 0.581389
v 0.085051 0.360441 0.577181
v 0.077112 0.359970 0.572999
v 0.069433 0.359468 0.568849
v 0.062064 0.358921 0.564735
v 0.054992 0.358308 0.560645
v 0.048186 0.357606 0.556568
v 0.041616 0.356791 0.552488
v 0.091849 0.357236 0.581391
v 0.084391 0.356975 0.577325
v 0.077058 0.356689 0.573281
v 0.069912 0.356365 0.569272
v 0.063005 0.355986 0.565306
v 0.056343 0.355522 0.561379
v 0.049922 0.354942 0.557483
v 0.043736 0.354210 0.553611
v 0.090310 0.353701 0.581112
v 0.083394 0.353620 0.577178
v 0.076587 0.353515 0.573277
v 0.069943 0.353373 0.569427
v 0.063510 0.353177 0.565641
v 0.057309 0.352885 0.561920
v 0.051355 0.352450 0.558265
v 0.045657 0.351822 0.554670
v 0.088582 0.350306 0.580561
v 0.082105 0.350397 0.576749
v 0.075737 0.350468 0.572985
v 0.069534 0.350510 0.569292
v 0.063549 0.350506 0.565694
v 0.057833 0.350413 0.562210
v 0.052429 0.350171 0.558858
v 0.047352 0.349681 0.555631
v 0.086654 0.347075 0.579742
v 0.080522 0.347325 0.576035
v 0.074507 0.347564 0.572389
v 0.068667 0.347787 0.568835
v 0.063070 0.347982 0.565408
v 0.057820 0.348119 0.562165
v 0.053011 0.348128 0.559154
v 0.048702 0.347962 0.556405
v 0.013170 0.387271 0.540791
v -0.016615 0.361413 0.513745
v -0.009528 0.362460 0.519319
v -0.002587 0.363530 0.524606
v 0.004234 0.364564 0.529623
v 0.010996 0.365556 0.534420
v 0.017743 0.366520 0.539028
v 0.024517 0.367471 0.543477
v 0.031357 0.368428 0.547792
v -0.017548 0.366239 0.514465
v -0.011135 0.366682 0.519372
v -0.004588 0.367354 0.524269
v 0.001999 0.368124 0.529056
v 0.008584 0.368920 0.533682
v 0.015175 0.369739 0.538148
v 0.021790 0.370597 0.542466
v 0.028451 0.371507 0.546649
v -0.018301 0.370872 0.515318
v -0.012353 0.370957 0.519769
v -0.006188 0.371294 0.524292
v 0.000095 0.371784 0.528785
v 0.006421 0.372352 0.533169
v 0.012768 0.372996 0.537424
v 0.019131 0.373731 0.541546
v 0.025507 0.374575 0.545530
v -0.018964 0.375318 0.516198
v -0.013334 0.375190 0.520339
v -0.007493 0.375261 0.524542
v -0.001523 0.375479 0.528731
v 0.004506 0.375803 0.532839
v 0.010554 0.376245 0.536837
v 0.016591 0.376831 0.540708
v 0.022588 0.377586 0.544435
v -0.019559 0.379621 0.517071
v -0.014162 0.379334 0.520975
v -0.008579 0.379184 0.524915
v -0.002883 0.379153 0.528830
v 0.002855 0.379228 0.532663
v 0.008579 0.379445 0.536381
v 0.014233 0.379848 0.539958
v 0.019762 0.380488 0.543370
v -0.020075 0.383810 0.517929
v -0.014835 0.383393 0.521654
v -0.009436 0.383052 0.525388
v -0.003950 0.382786 0.529074
v 0.001543 0.382605 0.532658
v 0.006950 0.382558 0.536093
v 0.012172 0.382716 0.539336
v 0.017124 0.383196 0.542361
v -0.020495 0.387915 0.518770
v -0.015335 0.387385 0.522372
v -0.010033 0.386867 0.525958
v -0.004670 0.386371 0.529474
v 0.000660 0.385918 0.532859
v 0.005804 0.385555 0.536034
v 0.010601 0.385377 0.538932
v 0.014933 0.385449 0.541503
v 0.086499 0.376439 0.575476
v 0.078755 0.380368 0.571792
v 0.071038 0.384059 0.568224
v 0.063489 0.387560 0.564780
v 0.056105 0.390922 0.561415
v 0.048850 0.394172 0.558084
v 0.041682 0.397332 0.554745
v 0.034561 0.400425 0.551354
v 0.077371 0.374983 0.571825
v 0.071367 0.378649 0.568955
v 0.064768 0.382208 0.565895
v 0.057946 0.385646 0.562772
v 0.051113 0.388963 0.559643
v 0.044292 0.392169 0.556493
v 0.037464 0.395275 0.553291
v 0.030608 0.398293 0.550004
v 0.068721 0.373715 0.568006
v 0.063783 0.377180 0.565674
v 0.058152 0.380591 0.563082
v 0.052134 0.383922 0.560336
v 0.045970 0.387149 0.557516
v 0.039706 0.390267 0.554618
v 0.033341 0.393274 0.551620
v 0.026870 0.396167 0.548496
v 0.060575 0.372554 0.564108
v 0.056297 0.375869 0.562135
v 0.051442 0.379147 0.559937
v 0.046211 0.382357 0.557576
v 0.040769 0.385472 0.555104
v 0.035151 0.388475 0.552511
v 0.029354 0.391348 0.549775
v 0.023378 0.394075 0.546872
v 0.052843 0.371458 0.560146
v 0.049051 0.374659 0.558450
v 0.044830 0.377827 0.556585
v 0.040306 0.380929 0.554584
v 0.035582 0.383935 0.552468
v 0.030665 0.386812 0.550219
v 0.025537 0.389528 0.547802
v 0.020166 0.392049 0.545179
v 0.045447 0.370411 0.556114
v 0.042030 0.373532 0.554640
v 0.038325 0.376623 0.553059
v 0.034420 0.379647 0.551386
v 0.030385 0.382566 0.549629
v 0.026224 0.385328 0.547766
v 0.021902 0.387877 0.545753
v 0.017292 0.390151 0.543497
v 0.038310 0.369404 0.552000
v 0.035181 0.372483 0.550707
v 0.031896 0.375538 0.549371
v 0.028524 0.378527 0.547999
v 0.025132 0.381403 0.546595
v 0.021763 0.384089 0.545159
v 0.018384 0.386496 0.543646
v 0.014982 0.388562 0.542028
v -0.018972 0.421786 0.523766
v -0.020029 0.417101 0.523424
v -0.020546 0.412612 0.523002
v -0.020825 0.408301 0.522479
v -0.020983 0.404121 0.521858
v -0.021038 0.400030 0.521156
v -0.020980 0.395991 0.520394
v -0.020801 0.391965 0.519593
v -0.010339 0.418735 0.528388
v -0.012549 0.414967 0.527608
v -0.013875 0.411000 0.526916
v -0.014702 0.406999 0.526220
v -0.015262 0.403044 0.525478
v -0.015605 0.399130 0.524700
v -0.015730 0.395233 0.523908
v -0.015639 0.391325 0.523125
v -0.002224 0.415635 0.532663
v -0.005039 0.412430 0.531686
v -0.006990 0.408947 0.530797
v -0.008351 0.405329 0.529937
v -0.009338 0.401686 0.529070
v -0.009997 0.398029 0.528209
v -0.010330 0.394348 0.527385
v -0.010340 0.390631 0.526626
v 0.005502 0.412559 0.536699
v 0.002367 0.409710 0.535627
v -0.000046 0.406626 0.534596
v -0.001896 0.403400 0.533586
v -0.003309 0.400109 0.532588
v -0.004304 0.396765 0.531636
v -0.004867 0.393363 0.530772
v -0.004990 0.389899 0.530040
v 0.012973 0.409518 0.540563
v 0.009613 0.406931 0.539423
v 0.006830 0.404174 0.538274
v 0.004553 0.401302 0.537125
v 0.002729 0.398364 0.535992
v 0.001382 0.395365 0.534932
v 0.000556 0.392298 0.534012
v 0.000305 0.389152 0.533303
v 0.020266 0.406496 0.544283
v 0.016714 0.404110 0.543080
v 0.013611 0.401615 0.541821
v 0.010941 0.399051 0.540531
v 0.008701 0.396450 0.539247
v 0.006949 0.393823 0.538045
v 0.005779 0.391163 0.537023
v 0.005359 0.388422 0.536318
v 0.027442 0.403472 0.547874
v 0.023701 0.401234 0.546605
v 0.020293 0.398947 0.545230
v 0.017230 0.396643 0.543787
v 0.014537 0.394352 0.542320
v 0.012288 0.392111 0.540918
v 0.010630 0.389923 0.539714
v 0.009646 0.387793 0.538804
v -0.052576 0.394378 0.494053
v -0.080411 0.395640 0.467875
v -0.077743 0.393021 0.469101
v -0.074958 0.390423 0.470569
v -0.072046 0.387850 0.472268
v -0.069001 0.385303 0.474193
v -0.065811 0.382786 0.476335
v -0.062469 0.380302 0.478687
v -0.058966 0.377853 0.481241
v -0.078234 0.397680 0.470954
v -0.075701 0.395155 0.472096
v -0.073067 0.392647 0.473453
v -0.070322 0.390165 0.475023
v -0.067454 0.387717 0.476802
v -0.064450 0.385313 0.478790
v -0.061295 0.382962 0.480988
v -0.057978 0.380673 0.483397
v -0.076015 0.399713 0.474044
v -0.073610 0.397272 0.475105
v -0.071127 0.394844 0.476350
v -0.068551 0.392442 0.477783
v -0.065869 0.390081 0.479406
v -0.063062 0.387780 0.481227
v -0.060109 0.385556 0.483259
v -0.056991 0.383429 0.485510
v -0.073731 0.401735 0.477151
v -0.071447 0.399365 0.478133
v -0.069112 0.397000 0.479265
v -0.066710 0.394662 0.480552
v -0.064227 0.392371 0.482003
v -0.061634 0.390158 0.483638
v -0.058904 0.388052 0.485481
v -0.056006 0.386086 0.487558
v -0.071361 0.403742 0.480282
v -0.069187 0.401424 0.481188
v -0.066995 0.399102 0.482204
v -0.064772 0.396804 0.483337
v -0.062502 0.394560 0.484596
v -0.060149 0.392412 0.486016
v -0.057673 0.390411 0.487640
v -0.055028 0.388607 0.489515
v -0.068883 0.405732 0.483441
v -0.066804 0.403440 0.484278
v -0.064747 0.401134 0.485180
v -0.062700 0.398844 0.486152
v -0.060651 0.396609 0.487205
v -0.058568 0.394492 0.488374
v -0.056407 0.392567 0.489716
v -0.054084 0.390927 0.491330
v -0.066277 0.407699 0.486635
v -0.064272 0.405405 0.487411
v -0.062334 0.403077 0.488204
v -0.060452 0.400754 0.489017
v -0.058621 0.398479 0.489855
v -0.056835 0.396335 0.490736
v -0.055059 0.394431 0.491716
v -0.053266 0.392841 0.492836
v -0.029028 0.362113 0.504025
v -0.029009 0.367176 0.505638
v -0.029105 0.371899 0.507087
v -0.029290 0.376374 0.508402
v -0.029523 0.380683 0.509614
v -0.029789 0.384868 0.510728
v -0.030079 0.388966 0.511742
v -0.030382 0.393012 0.512655
v -0.034047 0.364038 0.500231
v -0.033940 0.368602 0.501856
v -0.033901 0.373024 0.503389
v -0.033932 0.377303 0.504815
v -0.034028 0.381454 0.506131
v -0.034189 0.385502 0.507329
v -0.034414 0.389477 0.508398
v -0.034704 0.393407 0.509333
v -0.038727 0.366185 0.496668
v -0.038525 0.370335 0.498326
v -0.038364 0.374426 0.499923
v -0.038259 0.378436 0.501432
v -0.038225 0.382354 0.502829
v -0.038277 0.386193 0.504094
v -0.038429 0.389976 0.505207
v -0.038694 0.393722 0.506149
v -0.043167 0.368434 0.493268
v -0.042837 0.372242 0.494991
v -0.042542 0.376011 0.496659
v -0.042298 0.379721 0.498243
v -0.042124 0.383359 0.499716
v -0.042052 0.386934 0.501044
v -0.042114 0.390464 0.502193
v -0.042343 0.393964 0.503131
v -0.047400 0.370731 0.490014
v -0.046924 0.374240 0.491822
v -0.046477 0.377708 0.493575
v -0.046075 0.381118 0.495246
v -0.045738 0.384454 0.496805
v -0.045515 0.387725 0.498203
v -0.045459 0.390947 0.499392
v -0.045633 0.394140 0.500315
v -0.051439 0.373067 0.486917
v -0.050803 0.376311 0.488825
v -0.050189 0.379508 0.490680
v -0.049608 0.382633 0.492455
v -0.049082 0.385666 0.494117
v -0.048667 0.388605 0.495609
v -0.048439 0.391457 0.496858
v -0.048522 0.394260 0.497764
v -0.055292 0.375441 0.483988
v -0.054484 0.378456 0.486012
v -0.053689 0.381413 0.487987
v -0.052914 0.384283 0.489886
v -0.052173 0.387036 0.491679
v -0.051516 0.389636 0.493302
v -0.051040 0.392071 0.494659
v -0.050809 0.394333 0.495691
v -0.034758 0.423039 0.514766
v -0.040771 0.421198 0.510751
v -0.045762 0.419248 0.506998
v -0.050076 0.417295 0.503401
v -0.053925 0.415368 0.499907
v -0.057405 0.413461 0.496495
v -0.060581 0.411558 0.493153
v -0.063519 0.409642 0.489870
v -0.033400 0.418272 0.515238
v -0.038937 0.417297 0.511373
v -0.043803 0.415899 0.507652
v -0.048115 0.414302 0.504055
v -0.051982 0.412634 0.500563
v -0.055475 0.410918 0.497163
v -0.058649 0.409145 0.493844
v -0.061564 0.407309 0.490597
v -0.032526 0.413739 0.515303
v -0.037687 0.413249 0.511584
v -0.042342 0.412309 0.507962
v -0.046542 0.411089 0.504439
v -0.050335 0.409725 0.501016
v -0.053767 0.408242 0.497689
v -0.056882 0.406639 0.494449
v -0.059723 0.404917 0.491290
v -0.031915 0.409400 0.515094
v -0.036784 0.409191 0.511505
v -0.041227 0.408605 0.508001
v -0.045270 0.407746 0.504592
v -0.048939 0.406699 0.501286
v -0.052262 0.405479 0.498079
v -0.055268 0.404083 0.494969
v -0.057988 0.402507 0.491951
v -0.031434 0.405197 0.514699
v -0.036076 0.405190 0.511220
v -0.040337 0.404888 0.507831
v -0.044227 0.404346 0.504547
v -0.047758 0.403609 0.501381
v -0.050945 0.402673 0.498333
v -0.053806 0.401520 0.495400
v -0.056357 0.400126 0.492578
v -0.031036 0.401090 0.514149
v -0.035511 0.401241 0.510755
v -0.039630 0.401172 0.507464
v -0.043393 0.400911 0.504297
v -0.046799 0.400478 0.501275
v -0.049846 0.399857 0.498411
v -0.052530 0.399013 0.495710
v -0.054853 0.397861 0.493161
v -0.030694 0.397041 0.513462
v -0.035062 0.397320 0.510122
v -0.039089 0.397452 0.506902
v -0.042767 0.397448 0.503830
v -0.046083 0.397318 0.500934
v -0.049010 0.397054 0.498256
v -0.051517 0.396606 0.495823
v -0.053600 0.395945 0.493650
v 0.069889 0.415705 0.554968
v -0.007894 0.427937 0.526900
v -0.000307 0.424113 0.531125
v 0.007175 0.420566 0.535157
v 0.014492 0.417205 0.539033
v 0.021673 0.413958 0.542782
v 0.028774 0.410792 0.546421
v 0.035861 0.407681 0.549964
v 0.042997 0.404602 0.553427
v 0.001672 0.429035 0.529531
v 0.007334 0.425604 0.533022
v 0.013670 0.422242 0.536647
v 0.020276 0.418965 0.540277
v 0.026936 0.415775 0.543843
v 0.033643 0.412661 0.547337
v 0.040442 0.409607 0.550763
v 0.047374 0.406601 0.554128
v 0.010989 0.429816 0.531815
v 0.015530 0.426687 0.534899
v 0.020854 0.423540 0.538173
v 0.026637 0.420417 0.541523
v 0.032626 0.417348 0.544859
v 0.038792 0.414341 0.548158
v 0.045162 0.411396 0.551416
v 0.051761 0.408514 0.554627
v 0.020014 0.430429 0.533815
v 0.023873 0.427517 0.536657
v 0.028385 0.424567 0.539657
v 0.033348 0.421616 0.542735
v 0.038596 0.418698 0.545821
v 0.044118 0.415832 0.548892
v 0.049938 0.413034 0.551937
v 0.056083 0.410322 0.554945
v 0.028774 0.430945 0.535590
v 0.032137 0.428196 0.538262
v 0.035990 0.425405 0.541047
v 0.040216 0.422608 0.543887
v 0.044724 0.419837 0.546729
v 0.049532 0.417125 0.549554
v 0.054687 0.414503 0.552348
v 0.060250 0.412000 0.555102
v 0.037306 0.431376 0.537184
v 0.040292 0.428742 0.539735
v 0.043612 0.426070 0.542359
v 0.047196 0.423393 0.545006
v 0.050988 0.420749 0.547629
v 0.055010 0.418187 0.550199
v 0.059329 0.415759 0.552697
v 0.064125 0.413514 0.555129
v 0.045654 0.431721 0.538638
v 0.048356 0.429159 0.541115
v 0.051249 0.426560 0.543629
v 0.054278 0.423962 0.546132
v 0.057394 0.421407 0.548574
v 0.060568 0.418968 0.550901
v 0.063868 0.416726 0.553076
v 0.067329 0.414740 0.555072
v 0.099443 0.381449 0.578827
v 0.102500 0.385014 0.578271
v 0.105018 0.388737 0.577189
v 0.107227 0.392531 0.575756
v 0.109195 0.396345 0.574057
v 0.110905 0.400156 0.572128
v 0.112317 0.403950 0.569991
v 0.113395 0.407713 0.567671
v 0.090081 0.385204 0.574620
v 0.093757 0.388309 0.574527
v 0.096751 0.391636 0.573836
v 0.099296 0.395081 0.572724
v 0.101517 0.398571 0.571307
v 0.103409 0.402082 0.569630
v 0.104934 0.405598 0.567719
v 0.106053 0.409104 0.565599
v 0.081379 0.388720 0.570753
v 0.085315 0.391513 0.570918
v 0.088638 0.394505 0.570529
v 0.091488 0.397618 0.569711
v 0.093965 0.400787 0.568571
v 0.096053 0.403991 0.567149
v 0.097702 0.407218 0.565469
v 0.098864 0.410458 0.563554
v 0.073163 0.392062 0.567124
v 0.077189 0.394628 0.567438
v 0.080738 0.397337 0.567278
v 0.083865 0.400138 0.566727
v 0.086605 0.402987 0.565857
v 0.088906 0.405873 0.564694
v 0.090697 0.408796 0.563254
v 0.091903 0.411755 0.561551
v 0.065278 0.395289 0.563631
v 0.069361 0.397668 0.564056
v 0.073098 0.400130 0.564088
v 0.076485 0.402641 0.563778
v 0.079498 0.405172 0.563169
v 0.082045 0.407728 0.562272
v 0.084008 0.410322 0.561087
v 0.085264 0.412974 0.559609
v 0.057655 0.398435 0.560216
v 0.061803 0.400658 0.560737
v 0.065724 0.402906 0.560936
v 0.069377 0.405152 0.560846
v 0.072701 0.407375 0.560493
v 0.075561 0.409582 0.559881
v 0.077783 0.411796 0.558994
v 0.079116 0.414084 0.557780
v 0.050244 0.401530 0.556830
v 0.054484 0.403627 0.557441
v 0.058613 0.405692 0.557792
v 0.062568 0.407702 0.557909
v 0.066266 0.409636 0.557811
v 0.069553 0.411481 0.557512
v 0.072187 0.413260 0.556988
v 0.074013 0.414988 0.556237
v 0.109111 0.431988 0.548243
v 0.101357 0.432105 0.547144
v 0.093578 0.432202 0.546030
v 0.085761 0.432265 0.544895
v 0.077893 0.432286 0.543730
v 0.069962 0.432253 0.542530
v 0.061954 0.432155 0.541287
v 0.053857 0.431980 0.539994
v 0.111165 0.428838 0.551199
v 0.103402 0.429093 0.549981
v 0.095628 0.429318 0.548756
v 0.087835 0.429498 0.547522
v 0.080018 0.429617 0.546275
v 0.072170 0.429660 0.545013
v 0.064282 0.429609 0.543735
v 0.056347 0.429447 0.542438
v 0.112697 0.425560 0.554134
v 0.104979 0.425964 0.552796
v 0.097269 0.426331 0.551460
v 0.089570 0.426641 0.550126
v 0.081884 0.426876 0.548797
v 0.074211 0.427010 0.547478
v 0.066549 0.427018 0.546174
v 0.058895 0.426875 0.544891
v 0.113731 0.422165 0.557023
v 0.106095 0.422733 0.555561
v 0.098494 0.423257 0.554110
v 0.090943 0.423716 0.552673
v 0.083459 0.424087 0.551259
v 0.076047 0.424333 0.549882
v 0.068710 0.424418 0.548558
v 0.061452 0.424304 0.547306
v 0.114294 0.418670 0.559844
v 0.106758 0.419416 0.558251
v 0.099291 0.420116 0.556676
v 0.091928 0.420745 0.555127
v 0.084697 0.421277 0.553618
v 0.077618 0.421663 0.552177
v 0.070702 0.421850 0.550835
v 0.063960 0.421779 0.549628
v 0.114409 0.415087 0.562575
v 0.106971 0.416029 0.560839
v 0.099637 0.416924 0.559127
v 0.092461 0.417748 0.557451
v 0.085494 0.418471 0.555829
v 0.078790 0.419039 0.554304
v 0.072393 0.419380 0.552929
v 0.066324 0.419384 0.551779
v 0.114101 0.411430 0.565191
v 0.106735 0.412586 0.563297
v 0.099504 0.413699 0.561430
v 0.092476 0.414744 0.559605
v 0.085728 0.415696 0.557843
v 0.079382 0.416502 0.556198
v 0.073549 0.417077 0.554750
v 0.068298 0.417361 0.553553
v -0.082208 0.424251 0.482886
v -0.085429 0.400934 0.466171
v -0.083044 0.402753 0.469319
v -0.080635 0.404579 0.472470
v -0.078190 0.406418 0.475624
v -0.075695 0.408273 0.478784
v -0.073138 0.410149 0.481951
v -0.070508 0.412050 0.485126
v -0.067793 0.413981 0.488312
v -0.087779 0.403606 0.465682
v -0.085320 0.405293 0.468816
v -0.082847 0.406993 0.471946
v -0.080356 0.408713 0.475071
v -0.077838 0.410460 0.478188
v -0.075289 0.412242 0.481298
v -0.072703 0.414067 0.484398
v -0.070074 0.415945 0.487487
v -0.090014 0.406295 0.465411
v -0.087493 0.407839 0.468506
v -0.084972 0.409399 0.471590
v -0.082451 0.410981 0.474655
v -0.079930 0.412595 0.477696
v -0.077413 0.414254 0.480710
v -0.074900 0.415973 0.483694
v -0.072394 0.417766 0.486645
v -0.092125 0.409000 0.465336
v -0.089551 0.410392 0.468376
v -0.086991 0.411797 0.471392
v -0.084452 0.413223 0.474373
v -0.081942 0.414679 0.477308
v -0.079473 0.416185 0.480193
v -0.077057 0.417765 0.483023
v -0.074708 0.419441 0.485792
v -0.094105 0.411721 0.465440
v -0.091481 0.412954 0.468412
v -0.088886 0.414194 0.471346
v -0.086334 0.415445 0.474225
v -0.083840 0.416717 0.477032
v -0.081428 0.418037 0.479758
v -0.079126 0.419440 0.482397
v -0.076960 0.420965 0.484944
v -0.095945 0.414459 0.465703
v -0.093270 0.415528 0.468604
v -0.090635 0.416596 0.471454
v -0.088062 0.417662 0.474227
v -0.085574 0.418731 0.476899
v -0.083211 0.419830 0.479450
v -0.081021 0.421000 0.481863
v -0.079068 0.422317 0.484133
v -0.097637 0.417213 0.466104
v -0.094902 0.418118 0.468940
v -0.092216 0.419012 0.471714
v -0.089601 0.419889 0.474394
v -0.087090 0.420747 0.476948
v -0.084741 0.421593 0.479331
v -0.082631 0.422469 0.481505
v -0.080814 0.423401 0.483447
v -0.043730 0.430101 0.510389
v -0.050383 0.431917 0.507024
v -0.056381 0.433293 0.503899
v -0.061812 0.434401 0.500980
v -0.066802 0.435333 0.498208
v -0.071433 0.436126 0.495534
v -0.075773 0.436798 0.492915
v -0.079893 0.437370 0.490307
v -0.047864 0.427205 0.507474
v -0.052852 0.429160 0.504973
v -0.057931 0.430690 0.502340
v -0.062849 0.431927 0.499707
v -0.067492 0.432961 0.497133
v -0.071873 0.433825 0.494606
v -0.076033 0.434539 0.492093
v -0.080015 0.435122 0.489561
v -0.051813 0.424639 0.504341
v -0.055794 0.426619 0.502401
v -0.060057 0.428233 0.500233
v -0.064372 0.429563 0.497958
v -0.068561 0.430679 0.495663
v -0.072599 0.431604 0.493351
v -0.076498 0.432353 0.491001
v -0.080273 0.432938 0.488594
v -0.055473 0.422290 0.501137
v -0.058843 0.424252 0.499562
v -0.062469 0.425910 0.497781
v -0.066199 0.427311 0.495871
v -0.069902 0.428496 0.493888
v -0.073548 0.429476 0.491835
v -0.077128 0.430254 0.489697
v -0.080634 0.430836 0.487460
v -0.058859 0.420080 0.497923
v -0.061800 0.422021 0.496617
v -0.064936 0.423711 0.495151
v -0.068172 0.425171 0.493566
v -0.071426 0.426421 0.491892
v -0.074669 0.427455 0.490122
v -0.077884 0.428265 0.488237
v -0.081061 0.428839 0.486215
v -0.062011 0.417974 0.494712
v -0.064643 0.419905 0.493612
v -0.067412 0.421626 0.492400
v -0.070255 0.423145 0.491096
v -0.073112 0.424464 0.489716
v -0.075947 0.425568 0.488253
v -0.078740 0.426429 0.486684
v -0.081508 0.426997 0.484945
v -0.064973 0.415949 0.491508
v -0.067394 0.417886 0.490564
v -0.069898 0.419647 0.489555
v -0.072437 0.421234 0.488493
v -0.074956 0.422641 0.487391
v -0.077393 0.423844 0.486259
v -0.079716 0.424797 0.485075
v -0.081896 0.425475 0.483825
v -0.105502 0.439705 0.471393
v -0.105055 0.436872 0.470801
v -0.104459 0.434040 0.470130
v -0.103713 0.431211 0.469409
v -0.102815 0.428388 0.468668
v -0.101760 0.425574 0.467937
v -0.100548 0.422772 0.467246
v -0.099174 0.419984 0.466626
v -0.102051 0.439479 0.474142
v -0.101658 0.436770 0.473553
v -0.101141 0.434065 0.472878
v -0.100490 0.431369 0.472151
v -0.099697 0.428684 0.471405
v -0.098753 0.426014 0.470676
v -0.097646 0.423361 0.470000
v -0.096364 0.420728 0.469410
v -0.098562 0.439235 0.476882
v -0.098229 0.436642 0.476291
v -0.097798 0.434059 0.475605
v -0.097256 0.431492 0.474863
v -0.096587 0.428944 0.474100
v -0.095770 0.426420 0.473361
v -0.094783 0.423921 0.472689
v -0.093603 0.421452 0.472128
v -0.095016 0.438960 0.479609
v -0.094751 0.436474 0.479009
v -0.094420 0.434006 0.478303
v -0.094005 0.431563 0.477529
v -0.093485 0.429152 0.476731
v -0.092823 0.426777 0.475963
v -0.091980 0.424440 0.475282
v -0.090915 0.422144 0.474744
v -0.091396 0.438647 0.482320
v -0.091209 0.436252 0.481702
v -0.090994 0.433888 0.480959
v -0.090732 0.431562 0.480135
v -0.090394 0.429286 0.479277
v -0.089924 0.427063 0.478455
v -0.089259 0.424898 0.477744
v -0.088331 0.422794 0.477221
v -0.087681 0.438284 0.485009
v -0.087583 0.435963 0.484362
v -0.087505 0.433685 0.483567
v -0.087423 0.431461 0.482668
v -0.087302 0.429307 0.481720
v -0.087076 0.427237 0.480805
v -0.086657 0.425263 0.480022
v -0.085913 0.423386 0.479499
v -0.083853 0.437862 0.487673
v -0.083858 0.435592 0.486984
v -0.083937 0.433375 0.486115
v -0.084061 0.431229 0.485114
v -0.084197 0.429174 0.484038
v -0.084278 0.427244 0.482979
v -0.084197 0.425469 0.482061
v -0.083879 0.423868 0.481377
v 0.038307 0.448737 0.523469
v -0.014243 0.435902 0.521170
v -0.003997 0.435767 0.524192
v 0.005721 0.435836 0.526733
v 0.015005 0.435994 0.528907
v 0.023950 0.436185 0.530809
v 0.032610 0.436387 0.532488
v 0.041025 0.436593 0.533981
v 0.049238 0.436792 0.535325
v -0.012708 0.439463 0.519793
v -0.003905 0.438886 0.522411
v 0.005036 0.438650 0.524770
v 0.013886 0.438597 0.526872
v 0.022524 0.438631 0.528737
v 0.030938 0.438721 0.530388
v 0.039145 0.438855 0.531853
v 0.047158 0.439021 0.533155
v -0.010816 0.442515 0.518546
v -0.002960 0.441746 0.520889
v 0.005216 0.441298 0.523067
v 0.013482 0.441061 0.525059
v 0.021654 0.440947 0.526851
v 0.029680 0.440926 0.528449
v 0.037546 0.440987 0.529865
v 0.045233 0.441116 0.531108
v -0.008798 0.445204 0.517340
v -0.001566 0.444352 0.519505
v 0.005965 0.443765 0.521537
v 0.013623 0.443374 0.523417
v 0.021256 0.443122 0.525130
v 0.028802 0.442992 0.526667
v 0.036219 0.442976 0.528022
v 0.043465 0.443067 0.529191
v -0.006736 0.447632 0.516144
v 0.000038 0.446733 0.518184
v 0.007050 0.446044 0.520110
v 0.014168 0.445527 0.521906
v 0.021272 0.445150 0.523556
v 0.028292 0.444910 0.525038
v 0.035170 0.444810 0.526332
v 0.041855 0.444857 0.527416
v -0.004624 0.449853 0.514953
v 0.001820 0.448918 0.516912
v 0.008436 0.448149 0.518771
v 0.015112 0.447526 0.520516
v 0.021736 0.447032 0.522129
v 0.028211 0.446672 0.523577
v 0.034452 0.446466 0.524822
v 0.040416 0.446455 0.525812
v -0.002436 0.451906 0.513769
v 0.003794 0.450939 0.515685
v 0.010136 0.450102 0.517515
v 0.016482 0.449383 0.519245
v 0.022714 0.448770 0.520854
v 0.028671 0.448273 0.522303
v 0.034214 0.447923 0.523533
v 0.039245 0.447737 0.524507
v 0.103343 0.437848 0.542351
v 0.099637 0.440551 0.539440
v 0.095425 0.443111 0.536556
v 0.090740 0.445535 0.533700
v 0.085616 0.447830 0.530873
v 0.080085 0.450003 0.528078
v 0.074179 0.452061 0.525315
v 0.067933 0.454011 0.522585
v 0.095832 0.437720 0.541501
v 0.092365 0.440312 0.538723
v 0.088455 0.442766 0.535977
v 0.084123 0.445088 0.533264
v 0.079388 0.447283 0.530586
v 0.074265 0.449356 0.527941
v 0.068771 0.451313 0.525332
v 0.062918 0.453160 0.522757
v 0.088282 0.437588 0.540623
v 0.085054 0.440076 0.537973
v 0.081453 0.442431 0.535363
v 0.077491 0.444655 0.532795
v 0.073175 0.446752 0.530268
v 0.068496 0.448726 0.527781
v 0.063445 0.450580 0.525333
v 0.058012 0.452318 0.522922
v 0.080672 0.437450 0.539703
v 0.077683 0.439846 0.537175
v 0.074404 0.442110 0.534698
v 0.070839 0.444244 0.532274
v 0.066985 0.446246 0.529905
v 0.062802 0.448121 0.527585
v 0.058245 0.449868 0.525310
v 0.053268 0.451492 0.523074
v 0.072983 0.437303 0.538727
v 0.070232 0.439622 0.536312
v 0.067288 0.441810 0.533962
v 0.064153 0.443862 0.531683
v 0.060814 0.445777 0.529477
v 0.057197 0.447554 0.527336
v 0.053211 0.449190 0.525251
v 0.048751 0.450687 0.523210
v 0.065195 0.437146 0.537682
v 0.062678 0.439408 0.535366
v 0.060076 0.441537 0.533134
v 0.057393 0.443527 0.530993
v 0.054613 0.445370 0.528948
v 0.051652 0.447056 0.526996
v 0.048383 0.448576 0.525131
v 0.044574 0.449925 0.523326
v 0.057287 0.436976 0.536552
v 0.054994 0.439207 0.534320
v 0.052735 0.441303 0.532191
v 0.050512 0.443256 0.530173
v 0.048318 0.445052 0.528276
v 0.046106 0.446668 0.526515
v 0.043735 0.448080 0.524895
v 0.041108 0.449276 0.523411
v 0.018518 0.465410 0.504508
v 0.015677 0.463877 0.505652
v 0.012868 0.462322 0.506799
v 0.010105 0.460735 0.507948
v 0.007407 0.459103 0.509101
v 0.004788 0.457416 0.510258
v 0.002264 0.455662 0.511421
v -0.000147 0.453831 0.512591
v 0.025824 0.463951 0.506975
v 0.022694 0.462495 0.508003
v 0.019617 0.461015 0.509040
v 0.016618 0.459500 0.510088
v 0.013726 0.457936 0.511153
v 0.010968 0.456312 0.512239
v 0.008374 0.454614 0.513352
v 0.005976 0.452828 0.514499
v 0.033134 0.462452 0.509482
v 0.029718 0.461083 0.510385
v 0.026375 0.459691 0.511299
v 0.023142 0.458264 0.512233
v 0.020057 0.456789 0.513191
v 0.017166 0.455251 0.514187
v 0.014519 0.453635 0.515231
v 0.012163 0.451924 0.516337
v 0.040397 0.460904 0.512028
v 0.036692 0.459631 0.512796
v 0.033079 0.458337 0.513578
v 0.029603 0.457013 0.514380
v 0.026317 0.455647 0.515213
v 0.023290 0.454221 0.516094
v 0.020595 0.452715 0.517045
v 0.018307 0.451108 0.518090
v 0.047561 0.459296 0.514612
v 0.043558 0.458125 0.515238
v 0.039662 0.456939 0.515876
v 0.035929 0.455733 0.516532
v 0.032421 0.454496 0.517215
v 0.029237 0.453207 0.517954
v 0.026484 0.451841 0.518783
v 0.024281 0.450370 0.519739
v 0.054573 0.457618 0.517233
v 0.050256 0.456553 0.517711
v 0.046058 0.455482 0.518197
v 0.042037 0.454402 0.518692
v 0.038266 0.453308 0.519207
v 0.034869 0.452182 0.519770
v 0.032000 0.450999 0.520425
v 0.029881 0.449711 0.521248
v 0.061381 0.455860 0.519891
v 0.056730 0.454902 0.520218
v 0.052197 0.453947 0.520544
v 0.047844 0.452996 0.520870
v 0.043745 0.452050 0.521200
v 0.040037 0.451108 0.521550
v 0.036925 0.450153 0.521967
v 0.034547 0.449173 0.522484
v -0.083770 0.455627 0.487102
v -0.105961 0.445359 0.472225
v -0.102489 0.444897 0.474939
v -0.098979 0.444431 0.477645
v -0.095411 0.443960 0.480341
v -0.091766 0.443482 0.483023
v -0.088025 0.442995 0.485687
v -0.084169 0.442497 0.488331
v -0.080178 0.441988 0.490950
v -0.105958 0.448161 0.472458
v -0.102521 0.447583 0.475139
v -0.099050 0.447011 0.477809
v -0.095528 0.446444 0.480464
v -0.091937 0.445887 0.483099
v -0.088260 0.445342 0.485709
v -0.084479 0.444814 0.488290
v -0.080575 0.444305 0.490837
v -0.105779 0.450924 0.472596
v -0.102401 0.450233 0.475238
v -0.098997 0.449552 0.477863
v -0.095553 0.448889 0.480464
v -0.092057 0.448251 0.483032
v -0.088492 0.447647 0.485563
v -0.084842 0.447088 0.488049
v -0.081090 0.446585 0.490485
v -0.105409 0.453634 0.472660
v -0.102108 0.452826 0.475260
v -0.098794 0.452037 0.477835
v -0.095458 0.451273 0.480371
v -0.092093 0.450548 0.482857
v -0.088685 0.449878 0.485285
v -0.085219 0.449286 0.487646
v -0.081680 0.448792 0.489935
v -0.104832 0.456272 0.472673
v -0.101621 0.455347 0.475233
v -0.098412 0.454444 0.477755
v -0.095207 0.453574 0.480221
v -0.092005 0.452752 0.482613
v -0.088795 0.452006 0.484919
v -0.085564 0.451372 0.487129
v -0.082300 0.450887 0.489236
v -0.104030 0.458823 0.472657
v -0.100915 0.457777 0.475183
v -0.097820 0.456756 0.477659
v -0.094754 0.455770 0.480059
v -0.091726 0.454836 0.482360
v -0.088744 0.453994 0.484538
v -0.085807 0.453293 0.486575
v -0.082899 0.452810 0.488457
v -0.102986 0.461269 0.472634
v -0.099966 0.460099 0.475138
v -0.096980 0.458951 0.477582
v -0.094046 0.457838 0.479936
v -0.091185 0.456775 0.482166
v -0.088437 0.455804 0.484233
v -0.085833 0.454991 0.486097
v -0.083392 0.454382 0.487732
v -0.043107 0.437539 0.510850
v -0.046819 0.441525 0.508492
v -0.050536 0.445108 0.505950
v -0.054106 0.448390 0.503366
v -0.057492 0.451448 0.500778
v -0.060702 0.454320 0.498188
v -0.063755 0.457032 0.495592
v -0.066672 0.459611 0.492983
v -0.050129 0.438231 0.507592
v -0.052390 0.441614 0.506119
v -0.055205 0.444900 0.504140
v -0.058206 0.448032 0.501907
v -0.061182 0.450992 0.499570
v -0.064093 0.453790 0.497169
v -0.066940 0.456442 0.494710
v -0.069726 0.458964 0.492204
v -0.056322 0.438969 0.504501
v -0.057827 0.441966 0.503545
v -0.059936 0.444960 0.502040
v -0.062367 0.447885 0.500189
v -0.064892 0.450687 0.498155
v -0.067459 0.453360 0.495990
v -0.070054 0.455907 0.493715
v -0.072666 0.458331 0.491354
v -0.061872 0.439673 0.501596
v -0.062974 0.442419 0.500936
v -0.064571 0.445172 0.499793
v -0.066483 0.447881 0.498304
v -0.068558 0.450501 0.496584
v -0.070756 0.453017 0.494682
v -0.073060 0.455423 0.492627
v -0.075457 0.457711 0.490448
v -0.066946 0.440318 0.498831
v -0.067779 0.442883 0.498374
v -0.068989 0.445446 0.497511
v -0.070469 0.447967 0.496328
v -0.072128 0.450410 0.494902
v -0.073946 0.452757 0.493273
v -0.075922 0.454994 0.491467
v -0.078060 0.457109 0.489509
v -0.071638 0.440910 0.496162
v -0.072278 0.443347 0.495855
v -0.073194 0.445769 0.495206
v -0.074320 0.448140 0.494275
v -0.075599 0.450428 0.493118
v -0.077021 0.452604 0.491772
v -0.078600 0.454644 0.490262
v -0.080407 0.456535 0.488581
v -0.076023 0.441462 0.493549
v -0.076524 0.443818 0.493352
v -0.077217 0.446146 0.492868
v -0.078052 0.448412 0.492145
v -0.078984 0.450578 0.491231
v -0.079988 0.452598 0.490178
v -0.081090 0.454428 0.489015
v -0.082297 0.456042 0.487775
v -0.084644 0.475400 0.474336
v -0.087966 0.474274 0.473813
v -0.090983 0.472942 0.473404
v -0.093702 0.471416 0.473097
v -0.096126 0.469706 0.472878
v -0.098262 0.467825 0.472735
v -0.100113 0.465785 0.472655
v -0.101686 0.463595 0.472626
v -0.082237 0.473291 0.477026
v -0.085445 0.472237 0.476496
v -0.088373 0.470998 0.476065
v -0.091018 0.469583 0.475723
v -0.093380 0.467998 0.475464
v -0.095458 0.466251 0.475282
v -0.097249 0.464348 0.475171
v -0.098751 0.462295 0.475126
v -0.079800 0.471156 0.479711
v -0.082909 0.470173 0.479170
v -0.085760 0.469030 0.478707
v -0.088346 0.467730 0.478321
v -0.090660 0.466280 0.478010
v -0.092691 0.464677 0.477776
v -0.094427 0.462921 0.477625
v -0.095858 0.461012 0.477561
v -0.077320 0.468980 0.482388
v -0.080349 0.468069 0.481827
v -0.083144 0.467024 0.481323
v -0.085692 0.465849 0.480877
v -0.087978 0.464545 0.480495
v -0.089979 0.463102 0.480192
v -0.091672 0.461509 0.479987
v -0.093031 0.459757 0.479899
v -0.074781 0.466751 0.485057
v -0.077758 0.465910 0.484464
v -0.080525 0.464968 0.483903
v -0.083063 0.463927 0.483378
v -0.085350 0.462784 0.482901
v -0.087347 0.461522 0.482503
v -0.089012 0.460117 0.482223
v -0.090300 0.458542 0.482103
v -0.072170 0.464456 0.487714
v -0.075129 0.463684 0.487076
v -0.077904 0.462846 0.486439
v -0.080472 0.461944 0.485813
v -0.082802 0.460977 0.485213
v -0.084837 0.459923 0.484686
v -0.086511 0.458751 0.484292
v -0.087730 0.457396 0.484121
v -0.069472 0.462080 0.490356
v -0.072453 0.461373 0.489657
v -0.075284 0.460639 0.488925
v -0.077932 0.459879 0.488173
v -0.080361 0.459095 0.487420
v -0.082501 0.458278 0.486718
v -0.084254 0.457397 0.486151
v -0.085560 0.456427 0.485777
v -0.040253 0.464736 0.496314
v -0.031341 0.439936 0.514344
v -0.027683 0.442825 0.514089
v -0.024538 0.445496 0.513485
v -0.021713 0.447943 0.512687
v -0.019071 0.450201 0.511783
v -0.016558 0.452302 0.510797
v -0.014139 0.454280 0.509740
v -0.011781 0.456171 0.508621
v -0.037222 0.443503 0.511081
v -0.033512 0.445508 0.511172
v -0.030243 0.447664 0.510839
v -0.027277 0.449804 0.510247
v -0.024517 0.451845 0.509503
v -0.021925 0.453791 0.508640
v -0.019480 0.455663 0.507668
v -0.017156 0.457484 0.506600
v -0.042155 0.446846 0.508054
v -0.038574 0.448349 0.508302
v -0.035312 0.450070 0.508169
v -0.032303 0.451872 0.507768
v -0.029496 0.453652 0.507191
v -0.026877 0.455400 0.506462
v -0.024443 0.457127 0.505592
v -0.022191 0.458847 0.504591
v -0.046492 0.449974 0.505172
v -0.043059 0.451185 0.505493
v -0.039851 0.452572 0.505507
v -0.036845 0.454052 0.505281
v -0.034024 0.455558 0.504871
v -0.031404 0.457083 0.504290
v -0.029007 0.458636 0.503539
v -0.026856 0.460224 0.502621
v -0.050422 0.452923 0.502374
v -0.047109 0.453929 0.502746
v -0.043951 0.455057 0.502879
v -0.040949 0.456263 0.502810
v -0.038114 0.457510 0.502567
v -0.035493 0.458801 0.502147
v -0.033139 0.460150 0.501538
v -0.031112 0.461576 0.500724
v -0.054016 0.455718 0.499635
v -0.050783 0.456573 0.500051
v -0.047649 0.457502 0.500286
v -0.044633 0.458479 0.500360
v -0.041762 0.459485 0.500285
v -0.039112 0.460529 0.500050
v -0.036777 0.461630 0.499629
v -0.034890 0.462845 0.498958
v -0.057312 0.458381 0.496940
v -0.054116 0.459127 0.497397
v -0.050973 0.459902 0.497724
v -0.047907 0.460688 0.497932
v -0.044959 0.461475 0.498031
v -0.042223 0.462256 0.498012
v -0.039841 0.463058 0.497840
v -0.037906 0.463897 0.497492
v 0.004124 0.468246 0.499698
v -0.002899 0.469617 0.497366
v -0.009786 0.470936 0.495095
v -0.016524 0.472186 0.492895
v -0.023099 0.473350 0.490776
v -0.029499 0.474411 0.488748
v -0.035710 0.475353 0.486820
v -0.041718 0.476158 0.485002
v 0.001887 0.466595 0.501044
v -0.004816 0.467924 0.498798
v -0.011374 0.469208 0.496608
v -0.017773 0.470428 0.494485
v -0.024003 0.471564 0.492443
v -0.030054 0.472598 0.490495
v -0.035916 0.473507 0.488654
v -0.041581 0.474271 0.486932
v -0.000356 0.464931 0.502376
v -0.006754 0.466223 0.500210
v -0.012990 0.467479 0.498093
v -0.019053 0.468678 0.496041
v -0.024932 0.469796 0.494070
v -0.030622 0.470809 0.492197
v -0.036120 0.471691 0.490440
v -0.041424 0.472415 0.488818
v -0.002608 0.463246 0.503690
v -0.008722 0.464511 0.501591
v -0.014651 0.465750 0.499537
v -0.020380 0.466940 0.497545
v -0.025899 0.468053 0.495634
v -0.031210 0.469058 0.493830
v -0.036319 0.469920 0.492156
v -0.041235 0.470606 0.490636
v -0.004874 0.461534 0.504977
v -0.010732 0.462784 0.502932
v -0.016373 0.464022 0.500925
v -0.021776 0.465219 0.498978
v -0.026927 0.466346 0.497115
v -0.031837 0.467359 0.495368
v -0.036523 0.468215 0.493772
v -0.041007 0.468865 0.492361
v -0.007155 0.459789 0.506233
v -0.012798 0.461040 0.504221
v -0.018184 0.462294 0.502241
v -0.023286 0.463521 0.500318
v -0.028084 0.464687 0.498480
v -0.032577 0.465738 0.496771
v -0.036781 0.466613 0.495240
v -0.040749 0.467234 0.493949
v -0.009456 0.458004 0.507450
v -0.014935 0.459274 0.505447
v -0.020113 0.460569 0.503468
v -0.024962 0.461854 0.501540
v -0.029450 0.463091 0.499695
v -0.033536 0.464221 0.497989
v -0.037215 0.465163 0.496495
v -0.040494 0.465862 0.495260
v -0.077070 0.476992 0.475775
v -0.074978 0.474816 0.478406
v -0.072832 0.472619 0.481039
v -0.070606 0.470390 0.483675
v -0.068271 0.468118 0.486314
v -0.065803 0.465792 0.488959
v -0.063171 0.463402 0.491611
v -0.060351 0.460935 0.494270
v -0.072826 0.477455 0.476701
v -0.070939 0.475284 0.479266
v -0.068989 0.473097 0.481833
v -0.066945 0.470884 0.484405
v -0.064773 0.468637 0.486982
v -0.062439 0.466347 0.489567
v -0.059908 0.464005 0.492162
v -0.057146 0.461601 0.494771
v -0.068292 0.477708 0.477761
v -0.066640 0.475563 0.480241
v -0.064920 0.473406 0.482722
v -0.063096 0.471234 0.485203
v -0.061131 0.469039 0.487685
v -0.058982 0.466816 0.490173
v -0.056603 0.464557 0.492672
v -0.053947 0.462254 0.495188
v -0.063481 0.477761 0.478955
v -0.062092 0.475656 0.481335
v -0.060633 0.473549 0.483709
v -0.059069 0.471438 0.486075
v -0.057362 0.469321 0.488432
v -0.055453 0.467193 0.490787
v -0.053281 0.465048 0.493150
v -0.050783 0.462881 0.495529
v -0.058406 0.477623 0.480278
v -0.057303 0.475570 0.482547
v -0.056136 0.473525 0.484800
v -0.054874 0.471491 0.487032
v -0.053475 0.469471 0.489236
v -0.051868 0.467464 0.491424
v -0.049972 0.465465 0.493608
v -0.047694 0.463469 0.495806
v -0.053079 0.477304 0.481728
v -0.052283 0.475308 0.483881
v -0.051434 0.473331 0.486008
v -0.050506 0.471380 0.488094
v -0.049464 0.469466 0.490132
v -0.048235 0.467596 0.492121
v -0.046725 0.465775 0.494074
v -0.044768 0.463998 0.496026
v -0.047512 0.476812 0.483304
v -0.047040 0.474874 0.485342
v -0.046529 0.472962 0.487343
v -0.045962 0.471091 0.489288
v -0.045314 0.469275 0.491158
v -0.044546 0.467544 0.492933
v -0.043560 0.465920 0.494610
v -0.042291 0.464417 0.496190
vn -0.5637 -0.1736 0.8076
vn -0.5651 -0.1744 0.8064
vn -0.5674 -0.1767 0.8042
vn -0.5729 -0.1762 0.8004
vn -0.5742 -0.1770 0.7994
vn -0.5756 -0.1788 0.7979
vn -0.5846 -0.1748 0.7923
vn -0.5848 -0.1751 0.7920
vn -0.5859 -0.1761 0.7910
vn -0.5978 -0.1691 0.7836
vn -0.5981 -0.1695 0.7833
vn -0.6124 -0.1597 0.7742
vn -0.6119 -0.1592 0.7748
vn -0.6282 -0.1478 0.7639
vn -0.6279 -0.1465 0.7644
vn -0.6269 -0.1452 0.7655
vn -0.6449 -0.1325 0.7527
vn -0.6444 -0.1299 0.7536
vn -0.6427 -0.1277 0.7554
vn -0.5683 -0.1589 0.8073
vn -0.5710 -0.1600 0.8052
vn -0.5749 -0.1597 0.8025
vn -0.5757 -0.1599 0.8019
vn -0.5774 -0.1612 0.8004
vn -0.5846 -0.1576 0.7959
vn -0.5858 -0.1584 0.7948
vn -0.5959 -0.1513 0.7887
vn -0.5963 -0.1516 0.7883
vn -0.6089 -0.1421 0.7804
vn -0.6090 -0.1416 0.7804
vn -0.6084 -0.1411 0.7810
vn -0.6232 -0.1294 0.7713
vn -0.6229 -0.1280 0.7718
vn -0.6217 -0.1267 0.7730
vn -0.6383 -0.1136 0.7614
vn -0.6377 -0.1110 0.7622
vn -0.6358 -0.1086 0.7642
vn -0.5716 -0.1470 0.8072
vn -0.5737 -0.1475 0.8056
vn -0.5770 -0.1468 0.8034
vn -0.5788 -0.1474 0.8020
vn -0.5845 -0.1436 0.7986
vn -0.5858 -0.1442 0.7976
vn -0.5943 -0.1369 0.7925
vn -0.5945 -0.1370 0.7923
vn -0.6055 -0.1269 0.7856
vn -0.6049 -0.1264 0.7862
vn -0.6179 -0.1144 0.7778
vn -0.6175 -0.1131 0.7784
vn -0.6162 -0.1118 0.7796
vn -0.6313 -0.0985 0.7693
vn -0.6306 -0.0958 0.7702
vn -0.6285 -0.0934 0.7722
vn -0.5739 -0.1381 0.8072
vn -0.5755 -0.1382 0.8060
vn -0.5783 -0.1371 0.8042
vn -0.5798 -0.1373 0.8031
vn -0.5846 -0.1331 0.8004
vn -0.5855 -0.1334 0.7996
vn -0.5926 -0.1259 0.7956
vn -0.6020 -0.1156 0.7901
vn -0.6011 -0.1151 0.7908
vn -0.6125 -0.1029 0.7837
vn -0.6121 -0.1016 0.7842
vn -0.6105 -0.1003 0.7857
vn -0.6242 -0.0869 0.7764
vn -0.6235 -0.0842 0.7773
vn -0.6212 -0.0818 0.7794
vn -0.5753 -0.1308 0.8074
vn -0.5750 -0.1309 0.8076
vn -0.5767 -0.1307 0.8065
vn -0.5790 -0.1292 0.8050
vn -0.5801 -0.1292 0.8042
vn -0.5841 -0.1249 0.8020
vn -0.5847 -0.1250 0.8015
vn -0.5905 -0.1176 0.7984
vn -0.5983 -0.1076 0.7940
vn -0.5978 -0.1071 0.7944
vn -0.5972 -0.1068 0.7949
vn -0.6071 -0.0946 0.7890
vn -0.6066 -0.0934 0.7895
vn -0.6051 -0.0924 0.7908
vn -0.6173 -0.0793 0.7827
vn -0.6165 -0.0768 0.7836
vn -0.6142 -0.0746 0.7856
vn -0.5763 -0.1248 0.8076
vn -0.5761 -0.1247 0.8078
vn -0.5772 -0.1244 0.8071
vn -0.5791 -0.1228 0.8060
vn -0.5787 -0.1229 0.8062
vn -0.5800 -0.1227 0.8053
vn -0.5832 -0.1185 0.8036
vn -0.5836 -0.1185 0.8034
vn -0.5884 -0.1115 0.8008
vn -0.5947 -0.1016 0.7975
vn -0.5943 -0.1016 0.7978
vn -0.6022 -0.0892 0.7933
vn -0.6018 -0.0887 0.7937
vn -0.6006 -0.0881 0.7947
vn -0.6111 -0.0750 0.7880
vn -0.6105 -0.0732 0.7887
vn -0.6087 -0.0717 0.7902
vn -0.7468 0.2028 0.6334
vn -0.7504 0.2318 0.6189
vn -0.7481 0.1749 0.6401
vn -0.7175 0.2001 0.6672
vn -0.7225 0.2178 0.6562
vn -0.7159 0.1761 0.6756
vn -0.6944 0.1798 0.6968
vn -0.6989 0.1897 0.6896
vn -0.6907 0.1611 0.7050
vn -0.6766 0.1494 0.7210
vn -0.6804 0.1553 0.7162
vn -0.6717 0.1345 0.7285
vn -0.6609 0.1172 0.7412
vn -0.6639 0.1207 0.7380
vn -0.6556 0.1055 0.7477
vn -0.6469 0.0855 0.7578
vn -0.6490 0.0876 0.7557
vn -0.6416 0.0765 0.7632
vn -0.6341 0.0540 0.7713
vn -0.6359 0.0554 0.7698
vn -0.6293 0.0471 0.7758
vn -0.7458 0.1209 0.6551
vn -0.7498 0.1434 0.6460
vn -0.7457 0.0982 0.6590
vn -0.7194 0.1331 0.6818
vn -0.7241 0.1507 0.6730
vn -0.7179 0.1117 0.6871
vn -0.6962 0.1287 0.7062
vn -0.7010 0.1407 0.6992
vn -0.6932 0.1101 0.7123
vn -0.6773 0.1091 0.7275
vn -0.6815 0.1168 0.7224
vn -0.6732 0.0938 0.7335
vn -0.6609 0.0852 0.7456
vn -0.6644 0.0900 0.7420
vn -0.6563 0.0732 0.7509
vn -0.6466 0.0601 0.7605
vn -0.6492 0.0631 0.7580
vn -0.6419 0.0508 0.7651
vn -0.6338 0.0333 0.7728
vn -0.6359 0.0352 0.7710
vn -0.6292 0.0262 0.7768
vn -0.7344 0.0558 0.6765
vn -0.7379 0.0717 0.6711
vn -0.7335 0.0385 0.6786
vn -0.7129 0.0747 0.6973
vn -0.7172 0.0899 0.6911
vn -0.7113 0.0567 0.7006
vn -0.6922 0.0793 0.7173
vn -0.6968 0.0918 0.7114
vn -0.6897 0.0623 0.7214
vn -0.6741 0.0692 0.7354
vn -0.6782 0.0779 0.7307
vn -0.6707 0.0548 0.7397
vn -0.6584 0.0536 0.7507
vn -0.6620 0.0594 0.7472
vn -0.6546 0.0421 0.7548
vn -0.6449 0.0349 0.7635
vn -0.6477 0.0386 0.7609
vn -0.6407 0.0258 0.7673
vn -0.6327 0.0125 0.7743
vn -0.6350 0.0149 0.7723
vn -0.6285 0.0053 0.7778
vn -0.7243 -0.0296 0.6888
vn -0.7221 -0.0183 0.6916
vn -0.7164 -0.0087 0.6976
vn -0.7000 0.0250 0.7137
vn -0.7038 0.0375 0.7095
vn -0.6985 0.0102 0.7155
vn -0.6826 0.0341 0.7300
vn -0.6865 0.0453 0.7257
vn -0.6805 0.0198 0.7325
vn -0.6668 0.0322 0.7445
vn -0.6705 0.0407 0.7408
vn -0.6642 0.0198 0.7473
vn -0.6533 0.0241 0.7567
vn -0.6565 0.0302 0.7537
vn -0.6503 0.0139 0.7596
vn -0.6415 0.0110 0.7671
vn -0.6443 0.0153 0.7646
vn -0.6381 0.0026 0.7700
vn -0.6305 -0.0078 0.7762
vn -0.6330 -0.0049 0.7741
vn -0.6268 -0.0147 0.7791
vn -0.7031 -0.0632 0.7083
vn -0.7016 -0.0550 0.7105
vn -0.6973 -0.0481 0.7152
vn -0.6899 -0.0461 0.7224
vn -0.6880 -0.0370 0.7248
vn -0.6830 -0.0289 0.7298
vn -0.6759 -0.0339 0.7362
vn -0.6738 -0.0249 0.7385
vn -0.6685 -0.0162 0.7435
vn -0.6570 -0.0002 0.7539
vn -0.6600 0.0075 0.7512
vn -0.6552 -0.0103 0.7554
vn -0.6457 -0.0021 0.7636
vn -0.6485 0.0040 0.7612
vn -0.6436 -0.0108 0.7653
vn -0.6359 -0.0106 0.7717
vn -0.6385 -0.0061 0.7696
vn -0.6334 -0.0180 0.7736
vn -0.6268 -0.0264 0.7788
vn -0.6292 -0.0233 0.7769
vn -0.6236 -0.0327 0.7810
vn -0.6819 -0.0909 0.7257
vn -0.6809 -0.0854 0.7274
vn -0.6778 -0.0806 0.7308
vn -0.6715 -0.0726 0.7374
vn -0.6703 -0.0663 0.7391
vn -0.6667 -0.0609 0.7428
vn -0.6606 -0.0584 0.7485
vn -0.6592 -0.0521 0.7501
vn -0.6554 -0.0463 0.7539
vn -0.6497 -0.0485 0.7586
vn -0.6483 -0.0424 0.7602
vn -0.6446 -0.0366 0.7637
vn -0.6397 -0.0441 0.7674
vn -0.6384 -0.0385 0.7688
vn -0.6349 -0.0329 0.7719
vn -0.6283 -0.0298 0.7774
vn -0.6304 -0.0252 0.7758
vn -0.6265 -0.0362 0.7786
vn -0.6213 -0.0425 0.7824
vn -0.6232 -0.0395 0.7811
vn -0.6191 -0.0474 0.7839
vn -0.5741 -0.0955 0.8132
vn -0.5736 -0.0959 0.8135
vn -0.5746 -0.0989 0.8124
vn -0.5742 -0.0992 0.8127
vn -0.5753 -0.1019 0.8116
vn -0.5749 -0.1021 0.8118
vn -0.5761 -0.1047 0.8106
vn -0.5756 -0.1050 0.8110
vn -0.5769 -0.1077 0.8097
vn -0.5764 -0.1080 0.8100
vn -0.5775 -0.1111 0.8088
vn -0.5768 -0.1115 0.8092
vn -0.5777 -0.1147 0.8081
vn -0.5780 -0.1149 0.8079
vn -0.5772 -0.1152 0.8084
vn -0.5774 -0.0833 0.8122
vn -0.5781 -0.0831 0.8117
vn -0.5764 -0.0844 0.8128
vn -0.5780 -0.0892 0.8111
vn -0.5783 -0.0889 0.8110
vn -0.5769 -0.0899 0.8118
vn -0.5782 -0.0942 0.8104
vn -0.5785 -0.0943 0.8102
vn -0.5775 -0.0950 0.8109
vn -0.5791 -0.0991 0.8092
vn -0.5782 -0.0996 0.8098
vn -0.5797 -0.1036 0.8082
vn -0.5788 -0.1041 0.8088
vn -0.5801 -0.1082 0.8073
vn -0.5792 -0.1086 0.8079
vn -0.5801 -0.1125 0.8068
vn -0.5804 -0.1127 0.8065
vn -0.5795 -0.1130 0.8071
vn -0.5831 -0.0680 0.8095
vn -0.5838 -0.0678 0.8090
vn -0.5814 -0.0697 0.8106
vn -0.5832 -0.0761 0.8088
vn -0.5835 -0.0762 0.8086
vn -0.5815 -0.0776 0.8098
vn -0.5836 -0.0838 0.8077
vn -0.5839 -0.0835 0.8075
vn -0.5818 -0.0850 0.8088
vn -0.5836 -0.0907 0.8070
vn -0.5839 -0.0908 0.8068
vn -0.5822 -0.0918 0.8078
vn -0.5838 -0.0973 0.8061
vn -0.5840 -0.0974 0.8059
vn -0.5825 -0.0982 0.8069
vn -0.5840 -0.1034 0.8051
vn -0.5827 -0.1040 0.8060
vn -0.5836 -0.1086 0.8047
vn -0.5838 -0.1087 0.8046
vn -0.5827 -0.1091 0.8054
vn -0.5907 -0.0499 0.8053
vn -0.5916 -0.0495 0.8047
vn -0.5882 -0.0523 0.8070
vn -0.5904 -0.0603 0.8049
vn -0.5913 -0.0600 0.8042
vn -0.5880 -0.0626 0.8064
vn -0.5907 -0.0706 0.8038
vn -0.5910 -0.0703 0.8036
vn -0.5880 -0.0726 0.8056
vn -0.5901 -0.0800 0.8034
vn -0.5907 -0.0798 0.8029
vn -0.5879 -0.0818 0.8048
vn -0.5901 -0.0889 0.8025
vn -0.5878 -0.0902 0.8040
vn -0.5890 -0.0965 0.8023
vn -0.5894 -0.0966 0.8021
vn -0.5875 -0.0975 0.8033
vn -0.5882 -0.1026 0.8022
vn -0.5884 -0.1028 0.8020
vn -0.5871 -0.1032 0.8029
vn -0.6000 -0.0287 0.7995
vn -0.6012 -0.0282 0.7986
vn -0.5968 -0.0321 0.8018
vn -0.5995 -0.0417 0.7993
vn -0.6007 -0.0412 0.7984
vn -0.5964 -0.0450 0.8014
vn -0.5990 -0.0546 0.7989
vn -0.6002 -0.0540 0.7980
vn -0.5960 -0.0576 0.8009
vn -0.5984 -0.0669 0.7984
vn -0.5995 -0.0664 0.7976
vn -0.5954 -0.0696 0.8004
vn -0.5975 -0.0783 0.7981
vn -0.5983 -0.0779 0.7974
vn -0.5947 -0.0805 0.7999
vn -0.5958 -0.0879 0.7983
vn -0.5962 -0.0881 0.7980
vn -0.5936 -0.0894 0.7998
vn -0.5941 -0.0950 0.7988
vn -0.5925 -0.0954 0.7999
vn -0.6110 -0.0044 0.7916
vn -0.6121 -0.0037 0.7908
vn -0.6068 -0.0088 0.7948
vn -0.6103 -0.0200 0.7920
vn -0.6116 -0.0192 0.7909
vn -0.6063 -0.0244 0.7948
vn -0.6094 -0.0355 0.7921
vn -0.6110 -0.0346 0.7909
vn -0.6057 -0.0399 0.7947
vn -0.6083 -0.0507 0.7921
vn -0.6099 -0.0498 0.7909
vn -0.6048 -0.0547 0.7945
vn -0.6066 -0.0648 0.7924
vn -0.6079 -0.0640 0.7914
vn -0.6033 -0.0681 0.7946
vn -0.6041 -0.0767 0.7932
vn -0.6052 -0.0762 0.7924
vn -0.6013 -0.0790 0.7951
vn -0.6011 -0.0853 0.7946
vn -0.5990 -0.0862 0.7961
vn -0.6623 -0.1137 0.7406
vn -0.6616 -0.1099 0.7417
vn -0.6594 -0.1067 0.7442
vn -0.6541 -0.0947 0.7504
vn -0.6533 -0.0906 0.7517
vn -0.6507 -0.0870 0.7543
vn -0.6455 -0.0797 0.7596
vn -0.6446 -0.0753 0.7608
vn -0.6418 -0.0716 0.7635
vn -0.6369 -0.0684 0.7679
vn -0.6358 -0.0641 0.7692
vn -0.6329 -0.0602 0.7719
vn -0.6286 -0.0620 0.7752
vn -0.6276 -0.0578 0.7764
vn -0.6247 -0.0541 0.7790
vn -0.6211 -0.0611 0.7813
vn -0.6201 -0.0571 0.7824
vn -0.6177 -0.0535 0.7846
vn -0.6223 0.0234 0.7825
vn -0.6238 0.0243 0.7812
vn -0.6178 0.0178 0.7861
vn -0.6218 0.0053 0.7832
vn -0.6236 0.0066 0.7817
vn -0.6174 -0.0004 0.7866
vn -0.6209 -0.0129 0.7838
vn -0.6229 -0.0114 0.7822
vn -0.6168 -0.0186 0.7869
vn -0.6195 -0.0307 0.7844
vn -0.6215 -0.0290 0.7829
vn -0.6155 -0.0361 0.7873
vn -0.6169 -0.0472 0.7857
vn -0.6188 -0.0456 0.7842
vn -0.6133 -0.0521 0.7881
vn -0.6134 -0.0614 0.7874
vn -0.6147 -0.0604 0.7864
vn -0.6103 -0.0649 0.7895
vn -0.5764 -0.1197 0.8083
vn -0.5772 -0.1194 0.8078
vn -0.5789 -0.1177 0.8069
vn -0.5796 -0.1175 0.8064
vn -0.5823 -0.1136 0.8050
vn -0.5830 -0.1135 0.8045
vn -0.5867 -0.1072 0.8027
vn -0.5870 -0.1072 0.8025
vn -0.5921 -0.0985 0.7998
vn -0.5985 -0.0870 0.7964
vn -0.5979 -0.0870 0.7968
vn -0.6069 -0.0739 0.7914
vn -0.6065 -0.0730 0.7917
vn -0.6048 -0.0723 0.7931
vn -0.6146 -0.0636 0.7863
vn -0.6141 -0.0611 0.7869
vn -0.6128 -0.0587 0.7881
vn -0.6090 -0.0715 0.7900
vn -0.6097 -0.0712 0.7894
vn -0.6066 -0.0734 0.7916
vn -0.5454 -0.1824 0.8181
vn -0.5493 -0.1851 0.8149
vn -0.5532 -0.1903 0.8110
vn -0.5603 -0.1943 0.8052
vn -0.5622 -0.1963 0.8034
vn -0.5635 -0.1989 0.8018
vn -0.5726 -0.1983 0.7955
vn -0.5732 -0.1990 0.7949
vn -0.5741 -0.2004 0.7939
vn -0.5854 -0.1960 0.7867
vn -0.5859 -0.1965 0.7862
vn -0.5862 -0.1971 0.7858
vn -0.5997 -0.1905 0.7772
vn -0.6156 -0.1818 0.7668
vn -0.6155 -0.1813 0.7670
vn -0.6151 -0.1807 0.7675
vn -0.6329 -0.1701 0.7553
vn -0.6326 -0.1687 0.7558
vn -0.6317 -0.1675 0.7569
vn -0.6510 -0.1552 0.7430
vn -0.6506 -0.1529 0.7439
vn -0.6492 -0.1510 0.7455
vn -0.5570 -0.1664 0.8137
vn -0.5582 -0.1670 0.8127
vn -0.5619 -0.1692 0.8097
vn -0.5643 -0.1543 0.8110
vn -0.5673 -0.1550 0.8088
vn -0.5685 -0.1445 0.8099
vn -0.5707 -0.1446 0.8083
vn -0.5712 -0.1367 0.8094
vn -0.5708 -0.1368 0.8096
vn -0.5730 -0.1365 0.8081
vn -0.5733 -0.1302 0.8090
vn -0.5727 -0.1302 0.8094
vn -0.5745 -0.1298 0.8082
vn -0.5743 -0.1245 0.8092
vn -0.5753 -0.1241 0.8084
vn -0.5749 -0.1198 0.8094
vn -0.5757 -0.1195 0.8089
vn -0.7706 0.3138 0.5548
vn -0.7662 0.3760 0.5211
vn -0.7794 0.2707 0.5650
vn -0.7308 0.3007 0.6128
vn -0.7341 0.3299 0.5935
vn -0.7330 0.2696 0.6246
vn -0.7052 0.2690 0.6560
vn -0.7099 0.2823 0.6453
vn -0.7028 0.2460 0.6675
vn -0.6868 0.2297 0.6895
vn -0.6907 0.2364 0.6835
vn -0.6823 0.2125 0.6995
vn -0.6722 0.1884 0.7160
vn -0.6751 0.1922 0.7123
vn -0.6665 0.1748 0.7247
vn -0.6586 0.1482 0.7378
vn -0.6607 0.1503 0.7354
vn -0.6527 0.1375 0.7451
vn -0.6457 0.1099 0.7556
vn -0.6473 0.1111 0.7541
vn -0.6401 0.1017 0.7615
vn -0.6338 0.0739 0.7699
vn -0.6350 0.0747 0.7689
vn -0.6287 0.0676 0.7747
vn -0.7822 0.1714 0.5990
vn -0.7832 0.2084 0.5858
vn -0.7851 0.1462 0.6018
vn -0.7840 0.0345 0.6198
vn -0.7805 0.0519 0.6230
vn -0.7729 0.0649 0.6312
vn -0.7614 -0.0122 0.6481
vn -0.7593 -0.0006 0.6507
vn -0.7538 0.0086 0.6570
vn -0.7384 -0.0520 0.6723
vn -0.7369 -0.0435 0.6746
vn -0.7326 -0.0365 0.6796
vn -0.7148 -0.0860 0.6940
vn -0.7137 -0.0797 0.6959
vn -0.7103 -0.0743 0.6999
vn -0.6914 -0.1142 0.7134
vn -0.6906 -0.1096 0.7149
vn -0.6880 -0.1057 0.7179
vn -0.6698 -0.1369 0.7298
vn -0.6693 -0.1337 0.7309
vn -0.6674 -0.1310 0.7331
vn -0.5721 -0.1016 0.8139
vn -0.5725 -0.1031 0.8134
vn -0.5730 -0.1045 0.8128
vn -0.5738 -0.1059 0.8121
vn -0.5736 -0.1060 0.8123
vn -0.5746 -0.1076 0.8113
vn -0.5754 -0.1096 0.8105
vn -0.5760 -0.1122 0.8097
vn -0.5755 -0.1124 0.8100
vn -0.5765 -0.1153 0.8089
vn -0.5758 -0.1156 0.8094
vn -0.5739 -0.0914 0.8138
vn -0.5732 -0.0919 0.8142
vn -0.5777 -0.0770 0.8126
vn -0.5782 -0.0768 0.8123
vn -0.5764 -0.0782 0.8134
vn -0.5839 -0.0598 0.8096
vn -0.5841 -0.0596 0.8095
vn -0.5817 -0.0614 0.8111
vn -0.5912 -0.0393 0.8055
vn -0.5922 -0.0390 0.8049
vn -0.5887 -0.0418 0.8073
vn -0.6008 -0.0160 0.7993
vn -0.6017 -0.0156 0.7986
vn -0.5973 -0.0192 0.8018
vn -0.6112 0.0107 0.7914
vn -0.6123 0.0111 0.7905
vn -0.6072 0.0065 0.7945
vn -0.6225 0.0406 0.7816
vn -0.6235 0.0412 0.7807
vn -0.6178 0.0355 0.7855
vn -0.5611 -0.2398 0.7922
vn -0.5609 -0.2401 0.7923
vn -0.5615 -0.2393 0.7921
vn -0.5612 -0.2459 0.7903
vn -0.5620 -0.2451 0.7900
vn -0.5626 -0.2464 0.7892
vn -0.5638 -0.2454 0.7886
vn -0.5659 -0.2414 0.7883
vn -0.5676 -0.2400 0.7875
vn -0.5714 -0.2315 0.7874
vn -0.5736 -0.2298 0.7862
vn -0.5792 -0.2170 0.7858
vn -0.5821 -0.2150 0.7842
vn -0.5896 -0.1980 0.7831
vn -0.5932 -0.1956 0.7809
vn -0.5731 -0.2387 0.7840
vn -0.5735 -0.2379 0.7839
vn -0.5734 -0.2458 0.7815
vn -0.5741 -0.2449 0.7813
vn -0.5747 -0.2465 0.7804
vn -0.5758 -0.2453 0.7799
vn -0.5776 -0.2410 0.7799
vn -0.5791 -0.2396 0.7792
vn -0.5825 -0.2303 0.7796
vn -0.5845 -0.2286 0.7785
vn -0.5897 -0.2147 0.7786
vn -0.5924 -0.2126 0.7771
vn -0.5996 -0.1943 0.7763
vn -0.6031 -0.1918 0.7742
vn -0.5869 -0.2356 0.7747
vn -0.5866 -0.2358 0.7748
vn -0.5871 -0.2349 0.7747
vn -0.5872 -0.2442 0.7718
vn -0.5880 -0.2430 0.7715
vn -0.5885 -0.2457 0.7703
vn -0.5883 -0.2461 0.7703
vn -0.5896 -0.2442 0.7699
vn -0.5912 -0.2403 0.7699
vn -0.5927 -0.2387 0.7693
vn -0.5956 -0.2293 0.7699
vn -0.5975 -0.2274 0.7689
vn -0.6025 -0.2129 0.7692
vn -0.6023 -0.2129 0.7694
vn -0.6049 -0.2106 0.7680
vn -0.6120 -0.1915 0.7673
vn -0.6115 -0.1917 0.7677
vn -0.6151 -0.1889 0.7655
vn -0.6019 -0.2287 0.7651
vn -0.6025 -0.2297 0.7643
vn -0.6030 -0.2407 0.7606
vn -0.6028 -0.2410 0.7606
vn -0.6039 -0.2391 0.7604
vn -0.6049 -0.2429 0.7583
vn -0.6044 -0.2435 0.7586
vn -0.6058 -0.2412 0.7582
vn -0.6072 -0.2384 0.7579
vn -0.6070 -0.2387 0.7580
vn -0.6086 -0.2365 0.7574
vn -0.6112 -0.2277 0.7580
vn -0.6130 -0.2256 0.7572
vn -0.6174 -0.2112 0.7577
vn -0.6168 -0.2117 0.7581
vn -0.6196 -0.2088 0.7566
vn -0.6263 -0.1892 0.7562
vn -0.6257 -0.1896 0.7567
vn -0.6292 -0.1866 0.7545
vn -0.6192 -0.2198 0.7538
vn -0.6193 -0.2207 0.7535
vn -0.6200 -0.2219 0.7526
vn -0.6210 -0.2302 0.7492
vn -0.6211 -0.2310 0.7489
vn -0.6219 -0.2324 0.7478
vn -0.6232 -0.2376 0.7451
vn -0.6225 -0.2386 0.7453
vn -0.6240 -0.2359 0.7450
vn -0.6256 -0.2342 0.7441
vn -0.6250 -0.2351 0.7444
vn -0.6266 -0.2323 0.7439
vn -0.6287 -0.2248 0.7444
vn -0.6284 -0.2254 0.7445
vn -0.6303 -0.2226 0.7438
vn -0.6336 -0.2090 0.7449
vn -0.6334 -0.2093 0.7450
vn -0.6355 -0.2068 0.7439
vn -0.6410 -0.1871 0.7444
vn -0.6406 -0.1876 0.7446
vn -0.6437 -0.1846 0.7427
vn -0.6379 -0.2087 0.7413
vn -0.6381 -0.2096 0.7409
vn -0.6390 -0.2110 0.7397
vn -0.6405 -0.2203 0.7357
vn -0.6407 -0.2213 0.7352
vn -0.6415 -0.2227 0.7341
vn -0.6428 -0.2248 0.7323
vn -0.6430 -0.2259 0.7318
vn -0.6438 -0.2274 0.7306
vn -0.6453 -0.2225 0.7308
vn -0.6455 -0.2236 0.7303
vn -0.6463 -0.2252 0.7291
vn -0.6483 -0.2195 0.7291
vn -0.6476 -0.2204 0.7294
vn -0.6492 -0.2176 0.7288
vn -0.6519 -0.2056 0.7299
vn -0.6512 -0.2064 0.7303
vn -0.6528 -0.2039 0.7295
vn -0.6568 -0.1851 0.7310
vn -0.6565 -0.1856 0.7312
vn -0.6583 -0.1835 0.7301
vn -0.7456 0.1071 0.6578
vn -0.7432 0.1065 0.6606
vn -0.7529 0.1128 0.6484
vn -0.7599 0.1201 0.6388
vn -0.7583 0.1200 0.6408
vn -0.7656 0.1236 0.6313
vn -0.7721 0.1269 0.6227
vn -0.7711 0.1270 0.6239
vn -0.7761 0.1290 0.6172
vn -0.7826 0.1278 0.6093
vn -0.7818 0.1279 0.6102
vn -0.7857 0.1292 0.6050
vn -0.7934 0.1232 0.5962
vn -0.7932 0.1234 0.5964
vn -0.7959 0.1240 0.5926
vn -0.8051 0.1126 0.5824
vn -0.8046 0.1127 0.5830
vn -0.8068 0.1132 0.5799
vn -0.8170 0.0969 0.5685
vn -0.8165 0.0971 0.5692
vn -0.8181 0.0974 0.5668
vn -0.7138 0.0350 0.6995
vn -0.7116 0.0344 0.7017
vn -0.7217 0.0414 0.6909
vn -0.7288 0.0494 0.6829
vn -0.7270 0.0491 0.6849
vn -0.7355 0.0540 0.6754
vn -0.7427 0.0588 0.6670
vn -0.7413 0.0587 0.6686
vn -0.7483 0.0621 0.6605
vn -0.7556 0.0637 0.6519
vn -0.7545 0.0637 0.6531
vn -0.7601 0.0661 0.6465
vn -0.7687 0.0627 0.6365
vn -0.7679 0.0628 0.6375
vn -0.7722 0.0643 0.6321
vn -0.7820 0.0552 0.6208
vn -0.7817 0.0555 0.6211
vn -0.7846 0.0562 0.6175
vn -0.7951 0.0414 0.6050
vn -0.7946 0.0415 0.6057
vn -0.7967 0.0420 0.6029
vn -0.6853 -0.0226 0.7280
vn -0.6838 -0.0230 0.7293
vn -0.6927 -0.0169 0.7210
vn -0.6989 -0.0096 0.7152
vn -0.6975 -0.0099 0.7166
vn -0.7060 -0.0048 0.7082
vn -0.7132 0.0004 0.7010
vn -0.7117 0.0003 0.7025
vn -0.7195 0.0044 0.6945
vn -0.7276 0.0069 0.6860
vn -0.7263 0.0069 0.6873
vn -0.7328 0.0099 0.6804
vn -0.7423 0.0079 0.6701
vn -0.7414 0.0080 0.6710
vn -0.7465 0.0100 0.6653
vn -0.7569 0.0026 0.6536
vn -0.7562 0.0026 0.6543
vn -0.7601 0.0038 0.6498
vn -0.7708 -0.0094 0.6370
vn -0.7706 -0.0095 0.6372
vn -0.7731 -0.0090 0.6342
vn -0.6604 -0.0686 0.7478
vn -0.6594 -0.0689 0.7486
vn -0.6673 -0.0637 0.7421
vn -0.6727 -0.0575 0.7377
vn -0.6718 -0.0577 0.7385
vn -0.6793 -0.0531 0.7319
vn -0.6862 -0.0487 0.7258
vn -0.6852 -0.0490 0.7267
vn -0.6924 -0.0450 0.7201
vn -0.7009 -0.0432 0.7120
vn -0.6998 -0.0433 0.7130
vn -0.7061 -0.0401 0.7069
vn -0.7158 -0.0418 0.6970
vn -0.7149 -0.0419 0.6980
vn -0.7204 -0.0395 0.6925
vn -0.7311 -0.0458 0.6807
vn -0.7304 -0.0456 0.6815
vn -0.7347 -0.0442 0.6769
vn -0.7458 -0.0562 0.6638
vn -0.7456 -0.0560 0.6640
vn -0.7482 -0.0555 0.6611
vn -0.6383 -0.1090 0.7620
vn -0.6377 -0.1092 0.7625
vn -0.6443 -0.1049 0.7575
vn -0.6495 -0.1001 0.7537
vn -0.6489 -0.1001 0.7542
vn -0.6553 -0.0963 0.7492
vn -0.6619 -0.0929 0.7438
vn -0.6616 -0.0931 0.7441
vn -0.6677 -0.0896 0.7390
vn -0.6764 -0.0884 0.7313
vn -0.6756 -0.0886 0.7319
vn -0.6815 -0.0853 0.7268
vn -0.6907 -0.0863 0.7180
vn -0.6904 -0.0864 0.7182
vn -0.6957 -0.0839 0.7134
vn -0.7061 -0.0883 0.7026
vn -0.7055 -0.0883 0.7032
vn -0.7102 -0.0865 0.6986
vn -0.7212 -0.0962 0.6860
vn -0.7241 -0.0957 0.6830
vn -0.6190 -0.1447 0.7719
vn -0.6184 -0.1449 0.7724
vn -0.6241 -0.1412 0.7685
vn -0.6291 -0.1376 0.7651
vn -0.6343 -0.1344 0.7613
vn -0.6413 -0.1320 0.7559
vn -0.6464 -0.1289 0.7521
vn -0.6551 -0.1282 0.7446
vn -0.6547 -0.1285 0.7449
vn -0.6599 -0.1254 0.7408
vn -0.6695 -0.1260 0.7321
vn -0.6688 -0.1261 0.7326
vn -0.6738 -0.1233 0.7286
vn -0.6835 -0.1255 0.7190
vn -0.6830 -0.1257 0.7195
vn -0.6879 -0.1233 0.7152
vn -0.6987 -0.1295 0.7036
vn -0.6981 -0.1294 0.7042
vn -0.7022 -0.1282 0.7003
vn -0.8262 0.0585 0.5603
vn -0.8268 0.0566 0.5597
vn -0.8295 0.0546 0.5558
vn -0.8030 0.0001 0.5960
vn -0.8036 -0.0025 0.5952
vn -0.8060 -0.0051 0.5918
vn -0.7778 -0.0480 0.6267
vn -0.7784 -0.0512 0.6257
vn -0.7806 -0.0539 0.6227
vn -0.7525 -0.0888 0.6526
vn -0.7530 -0.0918 0.6516
vn -0.7550 -0.0944 0.6489
vn -0.7266 -0.1235 0.6758
vn -0.7271 -0.1261 0.6749
vn -0.7288 -0.1284 0.6726
vn -0.7013 -0.1522 0.6964
vn -0.7016 -0.1545 0.6956
vn -0.7032 -0.1567 0.6935
vn -0.6781 -0.1754 0.7138
vn -0.6783 -0.1774 0.7130
vn -0.6797 -0.1794 0.7113
vn -0.8351 0.0448 0.5483
vn -0.8372 0.0439 0.5452
vn -0.8109 -0.0149 0.5850
vn -0.8114 -0.0160 0.5843
vn -0.8132 -0.0174 0.5817
vn -0.7853 -0.0646 0.6158
vn -0.7857 -0.0662 0.6151
vn -0.7875 -0.0678 0.6126
vn -0.7592 -0.1059 0.6422
vn -0.7596 -0.1075 0.6415
vn -0.7611 -0.1091 0.6395
vn -0.7325 -0.1401 0.6662
vn -0.7328 -0.1417 0.6655
vn -0.7341 -0.1433 0.6637
vn -0.7063 -0.1679 0.6877
vn -0.7066 -0.1695 0.6870
vn -0.7079 -0.1712 0.6853
vn -0.6823 -0.1898 0.7060
vn -0.6826 -0.1916 0.7052
vn -0.6837 -0.1932 0.7037
vn -0.8402 0.0407 0.5407
vn -0.8414 0.0404 0.5390
vn -0.8159 -0.0198 0.5778
vn -0.8175 -0.0205 0.5756
vn -0.7901 -0.0708 0.6089
vn -0.7904 -0.0712 0.6085
vn -0.7918 -0.0722 0.6065
vn -0.7636 -0.1132 0.6357
vn -0.7638 -0.1139 0.6353
vn -0.7650 -0.1150 0.6336
vn -0.7365 -0.1480 0.6601
vn -0.7366 -0.1488 0.6598
vn -0.7378 -0.1501 0.6581
vn -0.7100 -0.1757 0.6819
vn -0.7103 -0.1769 0.6813
vn -0.7113 -0.1781 0.6800
vn -0.6856 -0.1971 0.7008
vn -0.6859 -0.1983 0.7002
vn -0.6868 -0.1997 0.6989
vn -0.8418 0.0430 0.5381
vn -0.8424 0.0429 0.5371
vn -0.8181 -0.0162 0.5748
vn -0.8192 -0.0165 0.5733
vn -0.7927 -0.0679 0.6059
vn -0.7940 -0.0685 0.6041
vn -0.7661 -0.1115 0.6330
vn -0.7661 -0.1120 0.6329
vn -0.7674 -0.1128 0.6312
vn -0.7390 -0.1478 0.6573
vn -0.7392 -0.1484 0.6569
vn -0.7402 -0.1492 0.6557
vn -0.7126 -0.1763 0.6790
vn -0.7126 -0.1769 0.6789
vn -0.7137 -0.1780 0.6774
vn -0.6882 -0.1972 0.6983
vn -0.6883 -0.1982 0.6978
vn -0.6892 -0.1994 0.6966
vn -0.8407 0.0503 0.5392
vn -0.8179 -0.0072 0.5754
vn -0.8185 -0.0073 0.5745
vn -0.7931 -0.0587 0.6063
vn -0.7939 -0.0589 0.6052
vn -0.7669 -0.1039 0.6333
vn -0.7678 -0.1042 0.6322
vn -0.7402 -0.1417 0.6573
vn -0.7412 -0.1423 0.6560
vn -0.7142 -0.1714 0.6786
vn -0.7144 -0.1720 0.6783
vn -0.7152 -0.1727 0.6773
vn -0.6901 -0.1930 0.6975
vn -0.6900 -0.1934 0.6975
vn -0.6910 -0.1945 0.6962
vn -0.8367 0.0623 0.5441
vn -0.8364 0.0623 0.5446
vn -0.8148 0.0064 0.5797
vn -0.7908 -0.0446 0.6104
vn -0.7653 -0.0904 0.6373
vn -0.7656 -0.0905 0.6370
vn -0.7395 -0.1294 0.6606
vn -0.7401 -0.1296 0.6599
vn -0.7145 -0.1614 0.6808
vn -0.7154 -0.1619 0.6797
vn -0.6913 -0.1845 0.6987
vn -0.6913 -0.1850 0.6985
vn -0.6920 -0.1857 0.6976
vn -0.6026 -0.1744 0.7788
vn -0.6070 -0.1716 0.7759
vn -0.6126 -0.1692 0.7721
vn -0.6169 -0.1663 0.7693
vn -0.6245 -0.1650 0.7634
vn -0.6288 -0.1621 0.7605
vn -0.6383 -0.1621 0.7525
vn -0.6380 -0.1624 0.7527
vn -0.6424 -0.1592 0.7497
vn -0.6524 -0.1598 0.7408
vn -0.6520 -0.1601 0.7411
vn -0.6562 -0.1571 0.7381
vn -0.6662 -0.1582 0.7288
vn -0.6657 -0.1584 0.7292
vn -0.6697 -0.1558 0.7261
vn -0.8296 0.0786 0.5529
vn -0.8287 0.0786 0.5541
vn -0.8083 0.0236 0.5882
vn -0.8075 0.0235 0.5894
vn -0.7849 -0.0270 0.6190
vn -0.7840 -0.0270 0.6202
vn -0.7601 -0.0730 0.6457
vn -0.7593 -0.0730 0.6467
vn -0.7356 -0.1124 0.6680
vn -0.7350 -0.1123 0.6687
vn -0.7124 -0.1452 0.6866
vn -0.7129 -0.1453 0.6861
vn -0.6576 -0.1937 0.7280
vn -0.6578 -0.1953 0.7274
vn -0.6589 -0.1969 0.7260
vn -0.6609 -0.2069 0.7213
vn -0.6612 -0.2083 0.7207
vn -0.6621 -0.2098 0.7194
vn -0.6637 -0.2128 0.7171
vn -0.6640 -0.2142 0.7164
vn -0.6648 -0.2156 0.7152
vn -0.6662 -0.2120 0.7150
vn -0.6663 -0.2130 0.7146
vn -0.6673 -0.2145 0.7133
vn -0.6686 -0.2063 0.7144
vn -0.6688 -0.2074 0.7140
vn -0.6696 -0.2087 0.7128
vn -0.6710 -0.1966 0.7149
vn -0.6711 -0.1973 0.7146
vn -0.6717 -0.1985 0.7137
vn -0.6739 -0.1832 0.7158
vn -0.6793 -0.1595 0.7164
vn -0.6789 -0.1597 0.7166
vn -0.6832 -0.1576 0.7130
vn -0.6902 -0.1705 0.7032
vn -0.6904 -0.1710 0.7029
vn -0.6920 -0.1719 0.7012
vn -0.5497 -0.2241 0.8047
vn -0.5490 -0.2397 0.8007
vn -0.5500 -0.2389 0.8003
vn -0.5494 -0.2455 0.7986
vn -0.5508 -0.2445 0.7980
vn -0.5516 -0.2463 0.7969
vn -0.5513 -0.2465 0.7970
vn -0.5533 -0.2451 0.7961
vn -0.5557 -0.2420 0.7954
vn -0.5578 -0.2406 0.7943
vn -0.5620 -0.2331 0.7936
vn -0.5646 -0.2315 0.7923
vn -0.5705 -0.2199 0.7913
vn -0.5736 -0.2180 0.7896
vn -0.5812 -0.2024 0.7882
vn -0.5810 -0.2026 0.7883
vn -0.5850 -0.2000 0.7860
vn -0.5620 -0.2252 0.7959
vn -0.5737 -0.2233 0.7880
vn -0.5866 -0.2192 0.7797
vn -0.6010 -0.2121 0.7706
vn -0.6012 -0.2129 0.7703
vn -0.6013 -0.2131 0.7701
vn -0.6171 -0.2025 0.7604
vn -0.6173 -0.2033 0.7601
vn -0.6179 -0.2041 0.7593
vn -0.6348 -0.1893 0.7491
vn -0.6349 -0.1906 0.7487
vn -0.6359 -0.1920 0.7475
vn -0.6532 -0.1730 0.7371
vn -0.6535 -0.1750 0.7364
vn -0.6547 -0.1768 0.7349
vn -0.7653 0.1771 0.6189
vn -0.7615 0.1756 0.6240
vn -0.7745 0.1856 0.6047
vn -0.7793 0.2007 0.5936
vn -0.7773 0.2005 0.5963
vn -0.7838 0.2041 0.5865
vn -0.7898 0.2057 0.5778
vn -0.7892 0.2058 0.5786
vn -0.7927 0.2067 0.5734
vn -0.7977 0.2046 0.5673
vn -0.7975 0.2046 0.5675
vn -0.7998 0.2050 0.5641
vn -0.8055 0.1992 0.5581
vn -0.8053 0.1991 0.5584
vn -0.8072 0.1995 0.5556
vn -0.8144 0.1895 0.5485
vn -0.8142 0.1894 0.5488
vn -0.8158 0.1897 0.5464
vn -0.8247 0.1753 0.5378
vn -0.8245 0.1755 0.5380
vn -0.8257 0.1756 0.5361
vn -0.8354 0.1578 0.5264
vn -0.8364 0.1579 0.5248
vn -0.7280 0.0875 0.6799
vn -0.7257 0.0865 0.6825
vn -0.7377 0.0955 0.6684
vn -0.6988 0.0142 0.7152
vn -0.6961 0.0132 0.7178
vn -0.7078 0.0232 0.7060
vn -0.6726 -0.0390 0.7390
vn -0.6709 -0.0396 0.7405
vn -0.6805 -0.0320 0.7320
vn -0.6495 -0.0821 0.7560
vn -0.6483 -0.0825 0.7569
vn -0.6565 -0.0764 0.7504
vn -0.6286 -0.1197 0.7685
vn -0.6279 -0.1199 0.7690
vn -0.6348 -0.1152 0.7640
vn -0.6099 -0.1528 0.7776
vn -0.6153 -0.1492 0.7740
vn -0.5943 -0.1804 0.7837
vn -0.5988 -0.1776 0.7810
vn -0.8277 0.1803 0.5315
vn -0.8285 0.1767 0.5314
vn -0.8323 0.1738 0.5264
vn -0.8104 0.0950 0.5781
vn -0.8117 0.0868 0.5776
vn -0.8155 0.0821 0.5729
vn -0.7886 0.0350 0.6139
vn -0.7899 0.0275 0.6126
vn -0.7939 0.0220 0.6077
vn -0.7656 -0.0168 0.6431
vn -0.7667 -0.0231 0.6416
vn -0.7700 -0.0281 0.6374
vn -0.7422 -0.0601 0.6675
vn -0.7430 -0.0653 0.6661
vn -0.7459 -0.0696 0.6624
vn -0.7181 -0.0970 0.6892
vn -0.7187 -0.1013 0.6879
vn -0.7211 -0.1048 0.6848
vn -0.6943 -0.1281 0.7082
vn -0.6948 -0.1314 0.7071
vn -0.6967 -0.1343 0.7046
vn -0.6724 -0.1532 0.7241
vn -0.6729 -0.1558 0.7232
vn -0.6744 -0.1581 0.7213
vn -0.8484 0.1332 0.5124
vn -0.8484 0.1323 0.5126
vn -0.8504 0.1323 0.5092
vn -0.8576 0.1184 0.5004
vn -0.8584 0.1183 0.4991
vn -0.8621 0.1104 0.4945
vn -0.8627 0.1092 0.4937
vn -0.8626 0.1092 0.4940
vn -0.8606 0.1136 0.4965
vn -0.8602 0.1136 0.4972
vn -0.8557 0.1234 0.5025
vn -0.8550 0.1233 0.5037
vn -0.8479 0.1387 0.5117
vn -0.8480 0.1387 0.5115
vn -0.8470 0.1386 0.5131
vn -0.4818 -0.2471 0.8407
vn -0.4871 -0.2440 0.8386
vn -0.4869 -0.2438 0.8387
vn -0.4949 -0.2391 0.8354
vn -0.4945 -0.2387 0.8358
vn -0.5052 -0.2323 0.8311
vn -0.5044 -0.2315 0.8318
vn -0.5178 -0.2235 0.8258
vn -0.5167 -0.2223 0.8268
vn -0.5323 -0.2132 0.8193
vn -0.5323 -0.2125 0.8195
vn -0.5311 -0.2109 0.8206
vn -0.5487 -0.2009 0.8115
vn -0.5486 -0.1994 0.8120
vn -0.5474 -0.1976 0.8132
vn -0.4818 -0.2508 0.8396
vn -0.4867 -0.2476 0.8377
vn -0.4941 -0.2427 0.8349
vn -0.4937 -0.2424 0.8351
vn -0.5037 -0.2358 0.8311
vn -0.5035 -0.2357 0.8313
vn -0.5028 -0.2351 0.8318
vn -0.5155 -0.2276 0.8261
vn -0.5153 -0.2268 0.8265
vn -0.5144 -0.2258 0.8273
vn -0.5294 -0.2169 0.8202
vn -0.5292 -0.2160 0.8205
vn -0.5280 -0.2146 0.8217
vn -0.5451 -0.2049 0.8129
vn -0.5449 -0.2034 0.8134
vn -0.5436 -0.2015 0.8148
vn -0.4819 -0.2539 0.8386
vn -0.4864 -0.2509 0.8369
vn -0.4862 -0.2508 0.8371
vn -0.4932 -0.2461 0.8344
vn -0.4928 -0.2459 0.8346
vn -0.5021 -0.2394 0.8310
vn -0.5013 -0.2388 0.8317
vn -0.5132 -0.2313 0.8265
vn -0.5132 -0.2308 0.8266
vn -0.5119 -0.2298 0.8277
vn -0.5262 -0.2212 0.8211
vn -0.5260 -0.2202 0.8215
vn -0.5247 -0.2188 0.8227
vn -0.5412 -0.2094 0.8144
vn -0.5410 -0.2083 0.8148
vn -0.5395 -0.2062 0.8164
vn -0.4822 -0.2565 0.8377
vn -0.4863 -0.2538 0.8361
vn -0.4925 -0.2494 0.8338
vn -0.4922 -0.2493 0.8340
vn -0.5007 -0.2430 0.8308
vn -0.5001 -0.2427 0.8313
vn -0.5109 -0.2349 0.8269
vn -0.5097 -0.2341 0.8279
vn -0.5230 -0.2259 0.8218
vn -0.5227 -0.2250 0.8223
vn -0.5214 -0.2237 0.8235
vn -0.5370 -0.2150 0.8157
vn -0.5368 -0.2138 0.8162
vn -0.5352 -0.2118 0.8178
vn -0.4828 -0.2585 0.8367
vn -0.4832 -0.2586 0.8364
vn -0.4866 -0.2563 0.8352
vn -0.4921 -0.2523 0.8331
vn -0.4997 -0.2465 0.8304
vn -0.4991 -0.2464 0.8308
vn -0.5089 -0.2391 0.8270
vn -0.5078 -0.2385 0.8278
vn -0.5200 -0.2300 0.8226
vn -0.5184 -0.2289 0.8239
vn -0.5328 -0.2203 0.8170
vn -0.5326 -0.2195 0.8174
vn -0.5310 -0.2177 0.8189
vn -0.4839 -0.2600 0.8356
vn -0.4844 -0.2600 0.8353
vn -0.4873 -0.2582 0.8342
vn -0.4924 -0.2549 0.8322
vn -0.4992 -0.2497 0.8297
vn -0.5075 -0.2431 0.8266
vn -0.5068 -0.2429 0.8271
vn -0.5174 -0.2349 0.8229
vn -0.5161 -0.2343 0.8238
vn -0.5290 -0.2260 0.8180
vn -0.5286 -0.2252 0.8185
vn -0.5273 -0.2240 0.8196
vn -0.7132 0.0233 0.7006
vn -0.7207 0.0373 0.6923
vn -0.7065 0.0039 0.7077
vn -0.6886 -0.0216 0.7248
vn -0.6939 -0.0152 0.7199
vn -0.6807 -0.0357 0.7316
vn -0.6647 -0.0633 0.7444
vn -0.6679 -0.0605 0.7418
vn -0.6575 -0.0729 0.7499
vn -0.6434 -0.1007 0.7589
vn -0.6453 -0.0993 0.7574
vn -0.6367 -0.1078 0.7635
vn -0.6235 -0.1341 0.7703
vn -0.6246 -0.1334 0.7694
vn -0.6174 -0.1395 0.7742
vn -0.6050 -0.1633 0.7793
vn -0.6058 -0.1630 0.7788
vn -0.6001 -0.1672 0.7823
vn -0.5891 -0.1880 0.7859
vn -0.5847 -0.1909 0.7885
vn -0.6886 -0.0730 0.7214
vn -0.6877 -0.0595 0.7235
vn -0.6824 -0.0456 0.7296
vn -0.6692 -0.0572 0.7409
vn -0.6745 -0.0497 0.7366
vn -0.6632 -0.0703 0.7451
vn -0.6504 -0.0866 0.7547
vn -0.6541 -0.0827 0.7519
vn -0.6440 -0.0967 0.7589
vn -0.6315 -0.1177 0.7664
vn -0.6340 -0.1156 0.7646
vn -0.6253 -0.1254 0.7703
vn -0.6133 -0.1468 0.7761
vn -0.6149 -0.1457 0.7750
vn -0.6078 -0.1524 0.7794
vn -0.5970 -0.1724 0.7835
vn -0.5919 -0.1763 0.7865
vn -0.5818 -0.1946 0.7897
vn -0.5774 -0.1975 0.7922
vn -0.6616 -0.1023 0.7429
vn -0.6613 -0.0933 0.7443
vn -0.6577 -0.0846 0.7485
vn -0.6480 -0.1192 0.7522
vn -0.6476 -0.1111 0.7539
vn -0.6437 -0.1011 0.7585
vn -0.6336 -0.1106 0.7657
vn -0.6375 -0.1060 0.7631
vn -0.6283 -0.1203 0.7686
vn -0.6177 -0.1354 0.7747
vn -0.6204 -0.1328 0.7730
vn -0.6123 -0.1430 0.7776
vn -0.6020 -0.1595 0.7824
vn -0.6038 -0.1581 0.7813
vn -0.5971 -0.1649 0.7850
vn -0.5875 -0.1812 0.7886
vn -0.5885 -0.1806 0.7881
vn -0.5830 -0.1852 0.7911
vn -0.5740 -0.2010 0.7938
vn -0.5697 -0.2038 0.7962
vn -0.6362 -0.1282 0.7608
vn -0.6361 -0.1216 0.7620
vn -0.6334 -0.1154 0.7652
vn -0.6256 -0.1414 0.7672
vn -0.6254 -0.1350 0.7685
vn -0.6224 -0.1277 0.7722
vn -0.6134 -0.1550 0.7744
vn -0.6131 -0.1499 0.7757
vn -0.6101 -0.1422 0.7795
vn -0.6002 -0.1697 0.7817
vn -0.6000 -0.1661 0.7826
vn -0.5974 -0.1592 0.7860
vn -0.5893 -0.1715 0.7895
vn -0.5911 -0.1700 0.7885
vn -0.5853 -0.1765 0.7914
vn -0.5779 -0.1896 0.7938
vn -0.5784 -0.1890 0.7935
vn -0.5735 -0.1934 0.7960
vn -0.5653 -0.2071 0.7984
vn -0.5661 -0.2067 0.7980
vn -0.5615 -0.2099 0.8004
vn -0.6116 -0.1511 0.7766
vn -0.6116 -0.1463 0.7776
vn -0.6094 -0.1417 0.7801
vn -0.6034 -0.1608 0.7811
vn -0.6032 -0.1560 0.7822
vn -0.6008 -0.1508 0.7850
vn -0.5941 -0.1708 0.7861
vn -0.5938 -0.1667 0.7871
vn -0.5915 -0.1613 0.7900
vn -0.5843 -0.1815 0.7909
vn -0.5841 -0.1786 0.7918
vn -0.5821 -0.1736 0.7944
vn -0.5747 -0.1933 0.7952
vn -0.5745 -0.1912 0.7958
vn -0.5728 -0.1867 0.7981
vn -0.5649 -0.2065 0.7989
vn -0.5648 -0.2049 0.7994
vn -0.5634 -0.2007 0.8014
vn -0.5567 -0.2130 0.8029
vn -0.5572 -0.2125 0.8027
vn -0.5531 -0.2156 0.8047
vn -0.5883 -0.1703 0.7905
vn -0.5882 -0.1671 0.7912
vn -0.5866 -0.1639 0.7932
vn -0.5822 -0.1772 0.7935
vn -0.5821 -0.1740 0.7943
vn -0.5802 -0.1704 0.7964
vn -0.5756 -0.1845 0.7967
vn -0.5753 -0.1817 0.7975
vn -0.5734 -0.1779 0.7997
vn -0.5684 -0.1926 0.7999
vn -0.5682 -0.1902 0.8006
vn -0.5665 -0.1866 0.8027
vn -0.5613 -0.2015 0.8027
vn -0.5611 -0.1996 0.8033
vn -0.5596 -0.1963 0.8052
vn -0.5538 -0.2120 0.8052
vn -0.5537 -0.2105 0.8057
vn -0.5525 -0.2074 0.8073
vn -0.5455 -0.2241 0.8076
vn -0.5455 -0.2235 0.8077
vn -0.5446 -0.2202 0.8093
vn -0.5226 -0.2363 0.8192
vn -0.5224 -0.2367 0.8192
vn -0.5230 -0.2424 0.8171
vn -0.5136 -0.2419 0.8232
vn -0.5132 -0.2429 0.8232
vn -0.5132 -0.2474 0.8219
vn -0.5066 -0.2474 0.8259
vn -0.5060 -0.2484 0.8260
vn -0.5056 -0.2519 0.8251
vn -0.5010 -0.2519 0.8280
vn -0.5005 -0.2529 0.8280
vn -0.5000 -0.2555 0.8275
vn -0.4974 -0.2574 0.8284
vn -0.4983 -0.2574 0.8279
vn -0.4953 -0.2582 0.8295
vn -0.4934 -0.2595 0.8302
vn -0.4916 -0.2598 0.8312
vn -0.4899 -0.2604 0.8320
vn -0.4885 -0.2606 0.8327
vn -0.5279 -0.2416 0.8142
vn -0.5286 -0.2461 0.8124
vn -0.5192 -0.2444 0.8190
vn -0.5189 -0.2448 0.8190
vn -0.5191 -0.2492 0.8176
vn -0.5117 -0.2482 0.8226
vn -0.5114 -0.2485 0.8226
vn -0.5112 -0.2525 0.8216
vn -0.5057 -0.2518 0.8252
vn -0.5053 -0.2527 0.8251
vn -0.5049 -0.2556 0.8245
vn -0.5018 -0.2572 0.8259
vn -0.5026 -0.2571 0.8254
vn -0.4996 -0.2579 0.8270
vn -0.4972 -0.2589 0.8281
vn -0.4952 -0.2592 0.8292
vn -0.4932 -0.2595 0.8303
vn -0.4936 -0.2594 0.8301
vn -0.4918 -0.2597 0.8311
vn -0.5377 -0.2451 0.8067
vn -0.5342 -0.2467 0.8085
vn -0.5252 -0.2449 0.8150
vn -0.5256 -0.2489 0.8135
vn -0.5179 -0.2473 0.8189
vn -0.5177 -0.2476 0.8189
vn -0.5177 -0.2516 0.8177
vn -0.5138 -0.2531 0.8197
vn -0.5146 -0.2531 0.8192
vn -0.5110 -0.2543 0.8211
vn -0.5076 -0.2554 0.8229
vn -0.5083 -0.2554 0.8224
vn -0.5052 -0.2563 0.8241
vn -0.5021 -0.2567 0.8259
vn -0.5028 -0.2568 0.8254
vn -0.5004 -0.2573 0.8267
vn -0.4981 -0.2573 0.8281
vn -0.4984 -0.2572 0.8279
vn -0.4966 -0.2574 0.8289
vn -0.5442 -0.2420 0.8033
vn -0.5409 -0.2436 0.8050
vn -0.5362 -0.2443 0.8079
vn -0.5365 -0.2444 0.8077
vn -0.5330 -0.2459 0.8096
vn -0.5286 -0.2471 0.8121
vn -0.5289 -0.2472 0.8119
vn -0.5254 -0.2486 0.8138
vn -0.5217 -0.2500 0.8157
vn -0.5220 -0.2498 0.8155
vn -0.5185 -0.2511 0.8174
vn -0.5147 -0.2520 0.8195
vn -0.5155 -0.2519 0.8190
vn -0.5123 -0.2529 0.8207
vn -0.5090 -0.2533 0.8227
vn -0.5095 -0.2533 0.8224
vn -0.5070 -0.2538 0.8237
vn -0.5044 -0.2535 0.8254
vn -0.5029 -0.2536 0.8263
vn -0.5525 -0.2349 0.7997
vn -0.5492 -0.2366 0.8015
vn -0.5453 -0.2380 0.8038
vn -0.5417 -0.2396 0.8057
vn -0.5379 -0.2412 0.8077
vn -0.5343 -0.2427 0.8097
vn -0.5306 -0.2442 0.8117
vn -0.5272 -0.2455 0.8135
vn -0.5234 -0.2467 0.8156
vn -0.5237 -0.2468 0.8154
vn -0.5206 -0.2478 0.8170
vn -0.5170 -0.2483 0.8192
vn -0.5176 -0.2483 0.8188
vn -0.5148 -0.2490 0.8204
vn -0.5117 -0.2486 0.8224
vn -0.5102 -0.2487 0.8233
vn -0.5629 -0.2236 0.7957
vn -0.5593 -0.2255 0.7977
vn -0.5559 -0.2276 0.7995
vn -0.5522 -0.2295 0.8015
vn -0.5484 -0.2316 0.8035
vn -0.5490 -0.2314 0.8031
vn -0.5448 -0.2335 0.8054
vn -0.5412 -0.2355 0.8073
vn -0.5375 -0.2371 0.8092
vn -0.5334 -0.2389 0.8114
vn -0.5341 -0.2388 0.8110
vn -0.5304 -0.2403 0.8130
vn -0.5262 -0.2414 0.8154
vn -0.5271 -0.2414 0.8148
vn -0.5238 -0.2426 0.8166
vn -0.5201 -0.2426 0.8189
vn -0.5182 -0.2429 0.8200
vn -0.5671 -0.1867 0.8022
vn -0.5671 -0.1845 0.8027
vn -0.5657 -0.1822 0.8042
vn -0.5627 -0.1916 0.8041
vn -0.5626 -0.1895 0.8047
vn -0.5611 -0.1870 0.8064
vn -0.5578 -0.1973 0.8062
vn -0.5576 -0.1953 0.8068
vn -0.5560 -0.1926 0.8086
vn -0.5526 -0.2036 0.8082
vn -0.5523 -0.2019 0.8088
vn -0.5507 -0.1992 0.8106
vn -0.5471 -0.2104 0.8102
vn -0.5469 -0.2090 0.8107
vn -0.5453 -0.2064 0.8124
vn -0.5416 -0.2177 0.8120
vn -0.5414 -0.2165 0.8124
vn -0.5403 -0.2144 0.8137
vn -0.5751 -0.2080 0.7912
vn -0.5754 -0.2078 0.7910
vn -0.5712 -0.2103 0.7934
vn -0.5681 -0.2132 0.7948
vn -0.5642 -0.2154 0.7970
vn -0.5608 -0.2182 0.7987
vn -0.5568 -0.2205 0.8008
vn -0.5528 -0.2231 0.8029
vn -0.5533 -0.2229 0.8026
vn -0.5491 -0.2253 0.8048
vn -0.5448 -0.2277 0.8071
vn -0.5454 -0.2276 0.8067
vn -0.5415 -0.2297 0.8087
vn -0.5374 -0.2318 0.8108
vn -0.5342 -0.2333 0.8125
vn -0.4853 -0.2607 0.8346
vn -0.4861 -0.2607 0.8341
vn -0.4886 -0.2594 0.8331
vn -0.4893 -0.2594 0.8326
vn -0.4933 -0.2566 0.8311
vn -0.4938 -0.2566 0.8308
vn -0.4998 -0.2523 0.8286
vn -0.5002 -0.2523 0.8284
vn -0.5073 -0.2466 0.8257
vn -0.5159 -0.2396 0.8225
vn -0.5153 -0.2395 0.8229
vn -0.5238 -0.2329 0.8194
vn -0.5248 -0.2305 0.8194
vn -0.5361 -0.2250 0.8136
vn -0.5359 -0.2247 0.8138
vn -0.5355 -0.2237 0.8144
vn -0.5300 -0.2341 0.8150
vn -0.5275 -0.2349 0.8164
vn -0.4791 -0.2443 0.8431
vn -0.4819 -0.2429 0.8419
vn -0.4875 -0.2399 0.8395
vn -0.4958 -0.2353 0.8360
vn -0.4955 -0.2350 0.8362
vn -0.5064 -0.2292 0.8313
vn -0.5065 -0.2287 0.8313
vn -0.5060 -0.2281 0.8318
vn -0.5197 -0.2202 0.8255
vn -0.5195 -0.2200 0.8257
vn -0.5188 -0.2191 0.8263
vn -0.5348 -0.2101 0.8185
vn -0.5348 -0.2092 0.8187
vn -0.5339 -0.2079 0.8196
vn -0.5519 -0.1974 0.8102
vn -0.5518 -0.1959 0.8106
vn -0.5508 -0.1943 0.8117
vn -0.4792 -0.2487 0.8418
vn -0.4793 -0.2523 0.8406
vn -0.4796 -0.2552 0.8395
vn -0.4801 -0.2576 0.8385
vn -0.4809 -0.2593 0.8375
vn -0.4812 -0.2593 0.8374
vn -0.4821 -0.2604 0.8366
vn -0.4826 -0.2604 0.8363
vn -0.4839 -0.2610 0.8353
vn -0.4831 -0.2609 0.8358
vn -0.4845 -0.2607 0.8351
vn -0.7681 0.1614 0.6196
vn -0.7769 0.1943 0.5989
vn -0.7628 0.1290 0.6337
vn -0.7382 0.0778 0.6701
vn -0.7441 0.0865 0.6624
vn -0.7275 0.0589 0.6835
vn -0.7035 0.0091 0.7106
vn -0.7074 0.0124 0.7067
vn -0.6948 -0.0027 0.7192
vn -0.6769 -0.0426 0.7348
vn -0.6793 -0.0410 0.7327
vn -0.6693 -0.0509 0.7412
vn -0.6537 -0.0850 0.7520
vn -0.6552 -0.0841 0.7508
vn -0.6469 -0.0913 0.7571
vn -0.6324 -0.1220 0.7650
vn -0.6332 -0.1216 0.7644
vn -0.6263 -0.1269 0.7692
vn -0.6131 -0.1544 0.7747
vn -0.6078 -0.1581 0.7782
vn -0.5961 -0.1814 0.7821
vn -0.5917 -0.1842 0.7848
vn -0.7403 -0.0053 0.6722
vn -0.7375 0.0213 0.6750
vn -0.7304 0.0394 0.6819
vn -0.7030 -0.0477 0.7096
vn -0.7026 -0.0360 0.7107
vn -0.6983 -0.0265 0.7153
vn -0.6722 -0.0844 0.7356
vn -0.6721 -0.0768 0.7365
vn -0.6692 -0.0705 0.7398
vn -0.6447 -0.1152 0.7557
vn -0.6448 -0.1096 0.7565
vn -0.6425 -0.1049 0.7591
vn -0.6185 -0.1416 0.7729
vn -0.6185 -0.1375 0.7736
vn -0.6167 -0.1339 0.7757
vn -0.5935 -0.1639 0.7880
vn -0.5935 -0.1610 0.7885
vn -0.5921 -0.1584 0.7901
vn -0.5711 -0.1822 0.8004
vn -0.5711 -0.1803 0.8009
vn -0.5699 -0.1782 0.8022
vn -0.5277 -0.2132 0.8222
vn -0.5271 -0.2127 0.8227
vn -0.5297 -0.2243 0.8180
vn -0.5165 -0.2284 0.8253
vn -0.5159 -0.2292 0.8254
vn -0.5163 -0.2363 0.8232
vn -0.5085 -0.2387 0.8273
vn -0.5078 -0.2400 0.8274
vn -0.5074 -0.2445 0.8263
vn -0.5024 -0.2459 0.8289
vn -0.5017 -0.2471 0.8290
vn -0.5012 -0.2501 0.8284
vn -0.4977 -0.2509 0.8303
vn -0.4970 -0.2518 0.8304
vn -0.4964 -0.2543 0.8300
vn -0.4938 -0.2545 0.8315
vn -0.4930 -0.2556 0.8316
vn -0.4925 -0.2573 0.8314
vn -0.4907 -0.2588 0.8320
vn -0.4910 -0.2589 0.8318
vn -0.4892 -0.2593 0.8327
vn -0.4878 -0.2602 0.8333
vn -0.4865 -0.2604 0.8340
vn -0.5344 -0.2336 0.8123
vn -0.5356 -0.2383 0.8101
vn -0.5426 -0.2427 0.8041
vn -0.5394 -0.2444 0.8058
vn -0.5462 -0.2439 0.8014
vn -0.5435 -0.2454 0.8027
vn -0.5519 -0.2402 0.7986
vn -0.5492 -0.2417 0.8000
vn -0.5598 -0.2321 0.7955
vn -0.5567 -0.2338 0.7971
vn -0.5698 -0.2196 0.7919
vn -0.5664 -0.2216 0.7938
vn -0.5819 -0.2028 0.7876
vn -0.5780 -0.2051 0.7898
vn -0.8134 0.3843 0.4367
vn -0.8121 0.3871 0.4367
vn -0.8096 0.3893 0.4393
vn -0.8140 0.4329 0.3873
vn -0.8120 0.4372 0.3867
vn -0.8096 0.4398 0.3888
vn -0.8122 0.4686 0.3474
vn -0.8100 0.4731 0.3465
vn -0.8078 0.4756 0.3481
vn -0.8098 0.4951 0.3147
vn -0.8077 0.4992 0.3137
vn -0.8058 0.5014 0.3150
vn -0.8080 0.5153 0.2857
vn -0.8061 0.5187 0.2849
vn -0.8045 0.5206 0.2858
vn -0.8071 0.5302 0.2598
vn -0.8053 0.5332 0.2592
vn -0.8040 0.5348 0.2599
vn -0.8067 0.5411 0.2375
vn -0.8052 0.5436 0.2370
vn -0.8041 0.5449 0.2376
vn -0.8186 0.3667 0.4421
vn -0.8178 0.3680 0.4425
vn -0.8157 0.3694 0.4452
vn -0.8187 0.4183 0.3935
vn -0.8173 0.4208 0.3936
vn -0.8152 0.4227 0.3959
vn -0.8165 0.4566 0.3533
vn -0.8148 0.4599 0.3530
vn -0.8129 0.4619 0.3548
vn -0.8136 0.4855 0.3198
vn -0.8119 0.4887 0.3193
vn -0.8103 0.4906 0.3207
vn -0.8116 0.5071 0.2900
vn -0.8100 0.5100 0.2895
vn -0.8086 0.5117 0.2905
vn -0.8107 0.5228 0.2635
vn -0.8092 0.5254 0.2631
vn -0.8079 0.5269 0.2638
vn -0.8105 0.5340 0.2406
vn -0.8092 0.5361 0.2403
vn -0.8082 0.5374 0.2409
vn -0.8232 0.3511 0.4461
vn -0.8217 0.3518 0.4483
vn -0.8245 0.4018 0.3983
vn -0.8236 0.4033 0.3987
vn -0.8219 0.4047 0.4009
vn -0.8225 0.4418 0.3583
vn -0.8212 0.4440 0.3584
vn -0.8195 0.4457 0.3604
vn -0.8195 0.4726 0.3242
vn -0.8182 0.4749 0.3241
vn -0.8166 0.4765 0.3256
vn -0.8173 0.4956 0.2939
vn -0.8160 0.4979 0.2937
vn -0.8147 0.4994 0.2947
vn -0.8163 0.5122 0.2670
vn -0.8151 0.5143 0.2668
vn -0.8139 0.5157 0.2676
vn -0.8164 0.5235 0.2439
vn -0.8153 0.5253 0.2437
vn -0.8143 0.5266 0.2443
vn -0.8294 0.3347 0.4474
vn -0.8284 0.3351 0.4489
vn -0.8312 0.3846 0.4015
vn -0.8308 0.3852 0.4018
vn -0.8293 0.3862 0.4039
vn -0.8297 0.4249 0.3620
vn -0.8289 0.4261 0.3624
vn -0.8275 0.4273 0.3643
vn -0.8271 0.4566 0.3277
vn -0.8262 0.4582 0.3278
vn -0.8249 0.4595 0.3293
vn -0.8249 0.4808 0.2971
vn -0.8239 0.4827 0.2971
vn -0.8227 0.4839 0.2982
vn -0.8239 0.4982 0.2702
vn -0.8228 0.5001 0.2701
vn -0.8218 0.5013 0.2709
vn -0.8241 0.5097 0.2472
vn -0.8230 0.5115 0.2470
vn -0.8222 0.5126 0.2476
vn -0.8371 0.3167 0.4460
vn -0.8366 0.3169 0.4469
vn -0.8393 0.3655 0.4025
vn -0.8383 0.3660 0.4041
vn -0.8385 0.4055 0.3639
vn -0.8381 0.4061 0.3643
vn -0.8371 0.4068 0.3658
vn -0.8362 0.4383 0.3296
vn -0.8358 0.4391 0.3297
vn -0.8346 0.4401 0.3312
vn -0.8338 0.4639 0.2993
vn -0.8331 0.4651 0.2994
vn -0.8321 0.4661 0.3006
vn -0.8322 0.4828 0.2727
vn -0.8313 0.4843 0.2727
vn -0.8304 0.4853 0.2736
vn -0.8321 0.4952 0.2499
vn -0.8313 0.4965 0.2499
vn -0.8305 0.4975 0.2505
vn -0.8465 0.2969 0.4420
vn -0.8491 0.3443 0.4005
vn -0.8487 0.3444 0.4013
vn -0.8487 0.3844 0.3633
vn -0.8481 0.3847 0.3642
vn -0.8464 0.4182 0.3295
vn -0.8458 0.4187 0.3306
vn -0.8439 0.4449 0.2999
vn -0.8434 0.4456 0.3001
vn -0.8428 0.4462 0.3011
vn -0.8416 0.4654 0.2742
vn -0.8409 0.4666 0.2742
vn -0.8399 0.4676 0.2754
vn -0.8403 0.4798 0.2523
vn -0.8395 0.4812 0.2523
vn -0.8388 0.4821 0.2530
vn -0.8150 0.5591 0.1523
vn -0.8231 0.5466 0.1540
vn -0.8319 0.5324 0.1564
vn -0.8412 0.5165 0.1599
vn -0.8413 0.5162 0.1603
vn -0.8506 0.4993 0.1648
vn -0.8508 0.4987 0.1658
vn -0.8597 0.4811 0.1715
vn -0.8598 0.4803 0.1731
vn -0.8682 0.4623 0.1805
vn -0.8681 0.4614 0.1829
vn -0.8137 0.5596 0.1574
vn -0.8138 0.5594 0.1576
vn -0.8214 0.5477 0.1591
vn -0.8302 0.5335 0.1614
vn -0.8397 0.5175 0.1649
vn -0.8395 0.5178 0.1646
vn -0.8398 0.5171 0.1653
vn -0.8494 0.4997 0.1698
vn -0.8496 0.4991 0.1707
vn -0.8589 0.4807 0.1769
vn -0.8590 0.4806 0.1766
vn -0.8591 0.4798 0.1782
vn -0.8677 0.4608 0.1862
vn -0.8679 0.4609 0.1855
vn -0.8679 0.4597 0.1882
vn -0.8118 0.5602 0.1649
vn -0.8119 0.5599 0.1651
vn -0.8191 0.5489 0.1666
vn -0.8277 0.5351 0.1693
vn -0.8275 0.5355 0.1688
vn -0.8278 0.5348 0.1694
vn -0.8371 0.5192 0.1723
vn -0.8370 0.5195 0.1722
vn -0.8372 0.5188 0.1728
vn -0.8471 0.5011 0.1772
vn -0.8473 0.5004 0.1782
vn -0.8569 0.4814 0.1845
vn -0.8569 0.4817 0.1837
vn -0.8572 0.4804 0.1856
vn -0.8663 0.4605 0.1933
vn -0.8664 0.4595 0.1956
vn -0.8097 0.5601 0.1752
vn -0.8094 0.5606 0.1747
vn -0.8099 0.5597 0.1752
vn -0.8162 0.5500 0.1766
vn -0.8165 0.5496 0.1770
vn -0.8243 0.5370 0.1790
vn -0.8246 0.5365 0.1795
vn -0.8336 0.5213 0.1824
vn -0.8335 0.5217 0.1821
vn -0.8339 0.5206 0.1831
vn -0.8437 0.5032 0.1871
vn -0.8435 0.5036 0.1868
vn -0.8439 0.5024 0.1881
vn -0.8538 0.4831 0.1942
vn -0.8537 0.4834 0.1936
vn -0.8540 0.4821 0.1954
vn -0.8633 0.4618 0.2034
vn -0.8634 0.4621 0.2026
vn -0.8635 0.4606 0.2053
vn -0.8074 0.5595 0.1873
vn -0.8070 0.5602 0.1868
vn -0.8078 0.5589 0.1875
vn -0.8133 0.5502 0.1894
vn -0.8130 0.5507 0.1889
vn -0.8136 0.5497 0.1895
vn -0.8207 0.5382 0.1915
vn -0.8206 0.5385 0.1914
vn -0.8211 0.5375 0.1921
vn -0.8298 0.5230 0.1949
vn -0.8295 0.5234 0.1946
vn -0.8302 0.5220 0.1957
vn -0.8396 0.5051 0.1997
vn -0.8394 0.5057 0.1991
vn -0.8400 0.5043 0.2004
vn -0.8499 0.4852 0.2055
vn -0.8502 0.4842 0.2067
vn -0.8597 0.4636 0.2143
vn -0.8597 0.4640 0.2134
vn -0.8599 0.4625 0.2158
vn -0.8054 0.5573 0.2019
vn -0.8048 0.5585 0.2010
vn -0.8060 0.5564 0.2021
vn -0.8105 0.5490 0.2042
vn -0.8099 0.5501 0.2034
vn -0.8110 0.5481 0.2046
vn -0.8175 0.5375 0.2070
vn -0.8170 0.5386 0.2062
vn -0.8179 0.5367 0.2073
vn -0.8260 0.5230 0.2101
vn -0.8257 0.5237 0.2096
vn -0.8265 0.5220 0.2108
vn -0.8354 0.5062 0.2142
vn -0.8352 0.5068 0.2137
vn -0.8358 0.5053 0.2148
vn -0.8453 0.4874 0.2189
vn -0.8452 0.4876 0.2187
vn -0.8456 0.4866 0.2197
vn -0.8554 0.4662 0.2256
vn -0.8555 0.4656 0.2265
vn -0.8843 0.2945 0.3624
vn -0.8858 0.2944 0.3588
vn -0.8803 0.2900 0.3754
vn -0.8876 0.2665 0.3758
vn -0.8885 0.2663 0.3738
vn -0.8845 0.2641 0.3845
vn -0.8889 0.2478 0.3854
vn -0.8893 0.2477 0.3845
vn -0.8867 0.2466 0.3911
vn -0.8880 0.2384 0.3931
vn -0.8882 0.2385 0.3928
vn -0.8862 0.2379 0.3977
vn -0.8846 0.2365 0.4019
vn -0.8830 0.2363 0.4055
vn -0.8783 0.2424 0.4121
vn -0.8784 0.2422 0.4119
vn -0.8773 0.2421 0.4145
vn -0.8694 0.2557 0.4228
vn -0.8686 0.2557 0.4244
vn -0.8899 0.3324 0.3125
vn -0.8906 0.3323 0.3104
vn -0.8867 0.3289 0.3249
vn -0.8922 0.3121 0.3264
vn -0.8929 0.3120 0.3248
vn -0.8895 0.3096 0.3360
vn -0.8929 0.2967 0.3386
vn -0.8935 0.2965 0.3374
vn -0.8907 0.2950 0.3458
vn -0.8920 0.2869 0.3493
vn -0.8922 0.2866 0.3490
vn -0.8901 0.2858 0.3550
vn -0.8884 0.2840 0.3606
vn -0.8888 0.2838 0.3598
vn -0.8869 0.2833 0.3648
vn -0.8822 0.2886 0.3721
vn -0.8809 0.2885 0.3752
vn -0.8727 0.3018 0.3839
vn -0.8718 0.3019 0.3857
vn -0.8915 0.3594 0.2757
vn -0.8916 0.3595 0.2754
vn -0.8892 0.3573 0.2858
vn -0.8934 0.3458 0.2869
vn -0.8911 0.3440 0.2962
vn -0.8939 0.3341 0.2990
vn -0.8941 0.3341 0.2983
vn -0.8918 0.3326 0.3068
vn -0.8929 0.3257 0.3109
vn -0.8910 0.3248 0.3173
vn -0.8893 0.3233 0.3234
vn -0.8894 0.3234 0.3231
vn -0.8877 0.3229 0.3283
vn -0.8827 0.3284 0.3362
vn -0.8815 0.3283 0.3395
vn -0.8729 0.3416 0.3485
vn -0.8721 0.3417 0.3502
vn -0.8903 0.3820 0.2478
vn -0.8888 0.3804 0.2556
vn -0.8919 0.3722 0.2570
vn -0.8903 0.3707 0.2646
vn -0.8922 0.3638 0.2676
vn -0.8906 0.3625 0.2745
vn -0.8908 0.3584 0.2793
vn -0.8894 0.3575 0.2850
vn -0.8871 0.3577 0.2916
vn -0.8858 0.3573 0.2962
vn -0.8806 0.3632 0.3042
vn -0.8795 0.3632 0.3075
vn -0.8708 0.3763 0.3164
vn -0.8701 0.3764 0.3181
vn -0.8871 0.4030 0.2251
vn -0.8861 0.4017 0.2311
vn -0.8883 0.3959 0.2328
vn -0.8873 0.3946 0.2388
vn -0.8880 0.3907 0.2425
vn -0.8882 0.3905 0.2422
vn -0.8871 0.3893 0.2478
vn -0.8863 0.3877 0.2531
vn -0.8853 0.3868 0.2579
vn -0.8828 0.3883 0.2646
vn -0.8818 0.3877 0.2686
vn -0.8768 0.3933 0.2765
vn -0.8758 0.3932 0.2799
vn -0.8675 0.4051 0.2887
vn -0.8668 0.4053 0.2905
vn -0.8821 0.4233 0.2067
vn -0.8816 0.4222 0.2112
vn -0.8827 0.4187 0.2132
vn -0.8822 0.4175 0.2177
vn -0.8821 0.4156 0.2217
vn -0.8816 0.4145 0.2260
vn -0.8799 0.4148 0.2319
vn -0.8793 0.4138 0.2357
vn -0.8765 0.4160 0.2424
vn -0.8759 0.4152 0.2459
vn -0.8716 0.4197 0.2533
vn -0.8709 0.4192 0.2566
vn -0.8641 0.4280 0.2650
vn -0.8641 0.4278 0.2652
vn -0.8632 0.4281 0.2676
vn -0.8067 0.5490 0.2186
vn -0.8056 0.5507 0.2183
vn -0.8048 0.5518 0.2188
vn -0.8110 0.5415 0.2214
vn -0.8100 0.5432 0.2212
vn -0.8091 0.5442 0.2216
vn -0.8148 0.5346 0.2243
vn -0.8141 0.5361 0.2232
vn -0.8155 0.5333 0.2247
vn -0.8231 0.5203 0.2277
vn -0.8224 0.5219 0.2266
vn -0.8237 0.5191 0.2281
vn -0.8317 0.5048 0.2311
vn -0.8313 0.5058 0.2303
vn -0.8323 0.5037 0.2316
vn -0.8407 0.4881 0.2345
vn -0.8405 0.4887 0.2341
vn -0.8410 0.4874 0.2349
vn -0.8756 0.4431 0.1920
vn -0.8754 0.4422 0.1953
vn -0.8758 0.4403 0.1978
vn -0.8756 0.4392 0.2011
vn -0.8747 0.4390 0.2056
vn -0.8745 0.4379 0.2088
vn -0.8720 0.4395 0.2154
vn -0.8720 0.4398 0.2149
vn -0.8718 0.4384 0.2183
vn -0.8686 0.4412 0.2257
vn -0.8686 0.4414 0.2253
vn -0.8684 0.4402 0.2284
vn -0.8645 0.4439 0.2359
vn -0.8642 0.4432 0.2383
vn -0.8571 0.2759 0.4351
vn -0.8574 0.2758 0.4345
vn -0.8601 0.3224 0.3954
vn -0.8602 0.3223 0.3951
vn -0.8600 0.3623 0.3593
vn -0.8580 0.3966 0.3265
vn -0.8549 0.4246 0.2980
vn -0.8518 0.4466 0.2738
vn -0.8516 0.4470 0.2738
vn -0.8509 0.4475 0.2750
vn -0.8500 0.4622 0.2527
vn -0.8491 0.4637 0.2531
vn -0.8480 0.4649 0.2544
vn -0.8503 0.4689 0.2389
vn -0.8505 0.4686 0.2389
vn -0.8502 0.4693 0.2385
vn -0.8590 0.4493 0.2457
vn -0.8583 0.4489 0.2487
vn -0.8046 0.3244 0.4974
vn -0.8041 0.3268 0.4967
vn -0.8015 0.3290 0.4994
vn -0.8090 0.4006 0.4303
vn -0.8067 0.4072 0.4282
vn -0.8040 0.4105 0.4302
vn -0.8126 0.4423 0.3795
vn -0.8094 0.4500 0.3774
vn -0.8061 0.4541 0.3794
vn -0.8107 0.4761 0.3407
vn -0.8077 0.4825 0.3389
vn -0.8050 0.4859 0.3404
vn -0.8085 0.5008 0.3091
vn -0.8057 0.5061 0.3076
vn -0.8036 0.5088 0.3087
vn -0.8067 0.5198 0.2811
vn -0.8043 0.5241 0.2799
vn -0.8026 0.5263 0.2808
vn -0.8055 0.5344 0.2561
vn -0.8036 0.5377 0.2552
vn -0.8021 0.5395 0.2559
vn -0.8048 0.5453 0.2344
vn -0.8032 0.5479 0.2338
vn -0.8021 0.5493 0.2343
vn -0.8059 0.3119 0.5032
vn -0.8057 0.3123 0.5033
vn -0.8043 0.3128 0.5052
vn -0.8110 0.2967 0.5043
vn -0.8103 0.2968 0.5053
vn -0.8158 0.2848 0.5033
vn -0.8218 0.2725 0.5003
vn -0.8295 0.2578 0.4954
vn -0.8389 0.2404 0.4884
vn -0.8393 0.2404 0.4877
vn -0.8494 0.2208 0.4793
vn -0.8500 0.2208 0.4783
vn -0.8085 0.5694 0.1488
vn -0.8157 0.5587 0.1498
vn -0.8239 0.5462 0.1514
vn -0.8326 0.5320 0.1538
vn -0.8417 0.5165 0.1573
vn -0.8418 0.5162 0.1578
vn -0.8507 0.5000 0.1621
vn -0.8508 0.4995 0.1630
vn -0.8594 0.4827 0.1687
vn -0.8595 0.4821 0.1702
vn -0.8674 0.4650 0.1773
vn -0.8673 0.4642 0.1795
vn -0.8080 0.5694 0.1513
vn -0.8071 0.5694 0.1562
vn -0.8059 0.5690 0.1636
vn -0.8047 0.5678 0.1736
vn -0.8045 0.5681 0.1733
vn -0.8049 0.5674 0.1737
vn -0.8033 0.5660 0.1855
vn -0.8028 0.5668 0.1850
vn -0.8037 0.5653 0.1858
vn -0.8045 0.5593 0.1999
vn -0.8035 0.5608 0.1997
vn -0.8028 0.5616 0.2000
vn -0.8044 0.5534 0.2161
vn -0.8032 0.5553 0.2157
vn -0.8022 0.5565 0.2161
vn -0.8623 0.3124 0.3986
vn -0.8691 0.3163 0.3802
vn -0.8531 0.2935 0.4314
vn -0.8723 0.2319 0.4305
vn -0.8742 0.2321 0.4265
vn -0.8688 0.2280 0.4396
vn -0.8768 0.2004 0.4372
vn -0.8774 0.2003 0.4360
vn -0.8749 0.1995 0.4413
vn -0.8794 0.1847 0.4389
vn -0.8795 0.1847 0.4386
vn -0.8779 0.1844 0.4419
vn -0.8788 0.1786 0.4425
vn -0.8776 0.1784 0.4449
vn -0.8756 0.1798 0.4484
vn -0.8759 0.1795 0.4478
vn -0.8747 0.1793 0.4503
vn -0.8701 0.1869 0.4560
vn -0.8692 0.1868 0.4579
vn -0.8616 0.2011 0.4660
vn -0.8608 0.2011 0.4675
vn -0.8796 0.3333 0.3396
vn -0.8818 0.3337 0.3333
vn -0.8743 0.3248 0.3608
vn -0.8867 0.3537 0.2979
vn -0.8873 0.3536 0.2961
vn -0.8835 0.3496 0.3118
vn -0.8888 0.3733 0.2658
vn -0.8866 0.3712 0.2760
vn -0.8879 0.3924 0.2402
vn -0.8864 0.3908 0.2480
vn -0.8850 0.4107 0.2192
vn -0.8841 0.4095 0.2251
vn -0.8804 0.4289 0.2021
vn -0.8799 0.4279 0.2064
vn -0.8745 0.4470 0.1883
vn -0.8742 0.4462 0.1915
vn -0.4824 -0.2304 0.8451
vn -0.4833 -0.2205 0.8472
vn -0.4835 -0.2209 0.8470
vn -0.4848 -0.2075 0.8496
vn -0.4852 -0.2082 0.8492
vn -0.4876 -0.1911 0.8519
vn -0.4882 -0.1925 0.8512
vn -0.4921 -0.1704 0.8537
vn -0.4921 -0.1717 0.8534
vn -0.4928 -0.1735 0.8527
vn -0.4987 -0.1458 0.8544
vn -0.4985 -0.1484 0.8541
vn -0.4994 -0.1513 0.8531
vn -0.5063 -0.1298 0.8525
vn -0.5038 -0.1329 0.8535
vn -0.5081 -0.1261 0.8520
vn -0.4882 -0.2278 0.8425
vn -0.4891 -0.2180 0.8445
vn -0.4893 -0.2184 0.8443
vn -0.4907 -0.2047 0.8469
vn -0.4909 -0.2050 0.8468
vn -0.4911 -0.2054 0.8465
vn -0.4934 -0.1875 0.8494
vn -0.4940 -0.1888 0.8487
vn -0.4980 -0.1651 0.8513
vn -0.4979 -0.1666 0.8511
vn -0.4986 -0.1683 0.8503
vn -0.5047 -0.1383 0.8521
vn -0.5045 -0.1412 0.8518
vn -0.5052 -0.1439 0.8509
vn -0.5125 -0.1196 0.8503
vn -0.5099 -0.1231 0.8514
vn -0.5142 -0.1159 0.8498
vn -0.4967 -0.2238 0.8386
vn -0.4978 -0.2143 0.8404
vn -0.4995 -0.2007 0.8427
vn -0.4996 -0.2014 0.8425
vn -0.4997 -0.2017 0.8424
vn -0.5022 -0.1828 0.8452
vn -0.5022 -0.1836 0.8450
vn -0.5026 -0.1845 0.8446
vn -0.5066 -0.1597 0.8473
vn -0.5065 -0.1613 0.8470
vn -0.5070 -0.1628 0.8464
vn -0.5132 -0.1309 0.8482
vn -0.5129 -0.1339 0.8479
vn -0.5136 -0.1365 0.8471
vn -0.5212 -0.1097 0.8464
vn -0.5185 -0.1136 0.8475
vn -0.5227 -0.1061 0.8459
vn -0.5081 -0.2174 0.8334
vn -0.5079 -0.2178 0.8334
vn -0.5083 -0.2184 0.8330
vn -0.5092 -0.2088 0.8350
vn -0.5094 -0.2091 0.8348
vn -0.5108 -0.1957 0.8371
vn -0.5112 -0.1964 0.8367
vn -0.5134 -0.1776 0.8396
vn -0.5135 -0.1779 0.8394
vn -0.5140 -0.1789 0.8390
vn -0.5180 -0.1533 0.8415
vn -0.5177 -0.1550 0.8414
vn -0.5183 -0.1565 0.8408
vn -0.5243 -0.1236 0.8425
vn -0.5239 -0.1265 0.8423
vn -0.5246 -0.1289 0.8415
vn -0.5321 -0.1003 0.8407
vn -0.5295 -0.1043 0.8419
vn -0.5334 -0.0969 0.8403
vn -0.5215 -0.2096 0.8271
vn -0.5218 -0.2099 0.8269
vn -0.5219 -0.2102 0.8267
vn -0.5231 -0.2010 0.8282
vn -0.5235 -0.2017 0.8278
vn -0.5252 -0.1878 0.8300
vn -0.5249 -0.1882 0.8301
vn -0.5254 -0.1891 0.8296
vn -0.5276 -0.1699 0.8323
vn -0.5275 -0.1704 0.8323
vn -0.5280 -0.1714 0.8318
vn -0.5315 -0.1464 0.8343
vn -0.5313 -0.1479 0.8342
vn -0.5317 -0.1490 0.8337
vn -0.5369 -0.1170 0.8355
vn -0.5366 -0.1195 0.8353
vn -0.5371 -0.1212 0.8348
vn -0.5439 -0.0913 0.8341
vn -0.5416 -0.0953 0.8352
vn -0.5449 -0.0885 0.8338
vn -0.5376 -0.1981 0.8196
vn -0.5376 -0.1989 0.8194
vn -0.5381 -0.1997 0.8189
vn -0.5396 -0.1898 0.8202
vn -0.5396 -0.1906 0.8201
vn -0.5400 -0.1912 0.8197
vn -0.5417 -0.1771 0.8217
vn -0.5417 -0.1780 0.8215
vn -0.5420 -0.1785 0.8212
vn -0.5442 -0.1592 0.8237
vn -0.5440 -0.1600 0.8237
vn -0.5444 -0.1609 0.8232
vn -0.5473 -0.1373 0.8256
vn -0.5471 -0.1386 0.8255
vn -0.5474 -0.1393 0.8252
vn -0.5511 -0.1109 0.8270
vn -0.5509 -0.1124 0.8270
vn -0.5512 -0.1134 0.8267
vn -0.5565 -0.0783 0.8271
vn -0.5562 -0.0807 0.8271
vn -0.5566 -0.0822 0.8267
vn -0.6510 0.1704 0.7397
vn -0.6387 0.1491 0.7548
vn -0.6536 0.1843 0.7340
vn -0.6492 0.2405 0.7216
vn -0.6419 0.2303 0.7314
vn -0.6512 0.2490 0.7169
vn -0.6469 0.2856 0.7071
vn -0.6426 0.2807 0.7129
vn -0.6485 0.2906 0.7036
vn -0.6475 0.3104 0.6960
vn -0.6444 0.3076 0.7001
vn -0.6488 0.3139 0.6932
vn -0.6519 0.3213 0.6869
vn -0.6497 0.3197 0.6897
vn -0.6531 0.3239 0.6846
vn -0.6605 0.3197 0.6794
vn -0.6590 0.3188 0.6812
vn -0.6614 0.3213 0.6777
vn -0.6728 0.3059 0.6736
vn -0.6719 0.3055 0.6747
vn -0.6735 0.3069 0.6725
vn -0.6198 0.0964 0.7788
vn -0.6070 0.0762 0.7911
vn -0.6235 0.1100 0.7741
vn -0.6257 0.1557 0.7644
vn -0.6166 0.1423 0.7743
vn -0.6283 0.1656 0.7601
vn -0.6295 0.2002 0.7507
vn -0.6232 0.1919 0.7582
vn -0.6316 0.2072 0.7471
vn -0.6336 0.2303 0.7386
vn -0.6290 0.2252 0.7441
vn -0.6354 0.2354 0.7355
vn -0.6401 0.2463 0.7277
vn -0.6369 0.2435 0.7315
vn -0.6416 0.2499 0.7252
vn -0.6498 0.2482 0.7185
vn -0.6476 0.2468 0.7209
vn -0.6510 0.2506 0.7166
vn -0.6622 0.2363 0.7111
vn -0.6610 0.2359 0.7123
vn -0.6630 0.2376 0.7099
vn -0.5916 0.0427 0.8051
vn -0.5810 0.0277 0.8135
vn -0.5954 0.0539 0.8016
vn -0.6000 0.0874 0.7952
vn -0.5908 0.0745 0.8034
vn -0.6031 0.0971 0.7917
vn -0.6076 0.1265 0.7841
vn -0.6001 0.1167 0.7913
vn -0.6101 0.1344 0.7808
vn -0.6150 0.1568 0.7728
vn -0.6094 0.1502 0.7785
vn -0.6171 0.1627 0.7699
vn -0.6239 0.1744 0.7618
vn -0.6199 0.1705 0.7659
vn -0.6257 0.1786 0.7594
vn -0.6348 0.1781 0.7519
vn -0.6322 0.1763 0.7545
vn -0.6362 0.1809 0.7500
vn -0.6474 0.1678 0.7435
vn -0.6460 0.1672 0.7448
vn -0.6484 0.1693 0.7422
vn -0.5679 0.0006 0.8231
vn -0.5593 -0.0107 0.8289
vn -0.5715 0.0099 0.8205
vn -0.5765 0.0350 0.8164
vn -0.5684 0.0242 0.8224
vn -0.5797 0.0436 0.8137
vn -0.5855 0.0664 0.8079
vn -0.5785 0.0573 0.8136
vn -0.5881 0.0737 0.8054
vn -0.5950 0.0914 0.7985
vn -0.5894 0.0848 0.8034
vn -0.5971 0.0972 0.7963
vn -0.6053 0.1067 0.7888
vn -0.6012 0.1024 0.7925
vn -0.6071 0.1110 0.7868
vn -0.6168 0.1107 0.7793
vn -0.6140 0.1086 0.7818
vn -0.6184 0.1137 0.7776
vn -0.6292 0.1020 0.7705
vn -0.6278 0.1015 0.7717
vn -0.6306 0.1037 0.7692
vn -0.5476 -0.0370 0.8359
vn -0.5409 -0.0453 0.8399
vn -0.5509 -0.0293 0.8341
vn -0.5557 -0.0111 0.8313
vn -0.5492 -0.0195 0.8355
vn -0.5586 -0.0039 0.8294
vn -0.5650 0.0128 0.8250
vn -0.5591 0.0051 0.8291
vn -0.5675 0.0192 0.8232
vn -0.5754 0.0321 0.8172
vn -0.5704 0.0258 0.8210
vn -0.5774 0.0373 0.8156
vn -0.5863 0.0450 0.8088
vn -0.5822 0.0404 0.8120
vn -0.5881 0.0492 0.8073
vn -0.5981 0.0499 0.7999
vn -0.5949 0.0473 0.8024
vn -0.5997 0.0531 0.7984
vn -0.6102 0.0441 0.7910
vn -0.6085 0.0434 0.7924
vn -0.6117 0.0459 0.7898
vn -0.5307 -0.0716 0.8446
vn -0.5257 -0.0776 0.8471
vn -0.5335 -0.0656 0.8433
vn -0.5380 -0.0527 0.8413
vn -0.5330 -0.0591 0.8440
vn -0.5405 -0.0469 0.8400
vn -0.5471 -0.0352 0.8363
vn -0.5424 -0.0415 0.8391
vn -0.5493 -0.0299 0.8351
vn -0.5578 -0.0206 0.8297
vn -0.5536 -0.0262 0.8324
vn -0.5596 -0.0160 0.8286
vn -0.5688 -0.0096 0.8224
vn -0.5650 -0.0144 0.8249
vn -0.5704 -0.0057 0.8213
vn -0.5801 -0.0031 0.8145
vn -0.5767 -0.0067 0.8170
vn -0.5817 0.0003 0.8134
vn -0.5919 -0.0037 0.8060
vn -0.5895 -0.0052 0.8078
vn -0.5936 -0.0013 0.8048
vn -0.7420 0.0879 0.6646
vn -0.7423 0.0868 0.6644
vn -0.7441 0.0855 0.6626
vn -0.7108 0.0200 0.7031
vn -0.7111 0.0178 0.7029
vn -0.7129 0.0158 0.7010
vn -0.6808 -0.0337 0.7317
vn -0.6808 -0.0363 0.7316
vn -0.6825 -0.0385 0.7299
vn -0.6529 -0.0768 0.7535
vn -0.6529 -0.0791 0.7533
vn -0.6543 -0.0811 0.7519
vn -0.6257 -0.1125 0.7719
vn -0.6256 -0.1146 0.7717
vn -0.6267 -0.1163 0.7705
vn -0.5995 -0.1418 0.7877
vn -0.5994 -0.1436 0.7875
vn -0.6003 -0.1451 0.7865
vn -0.5759 -0.1654 0.8007
vn -0.5758 -0.1668 0.8004
vn -0.5766 -0.1681 0.7996
vn -0.7385 0.1226 0.6630
vn -0.7402 0.1221 0.6613
vn -0.7115 0.0484 0.7011
vn -0.7116 0.0478 0.7009
vn -0.7134 0.0467 0.6992
vn -0.6834 -0.0114 0.7300
vn -0.6836 -0.0128 0.7297
vn -0.6851 -0.0141 0.7283
vn -0.6562 -0.0596 0.7523
vn -0.6563 -0.0611 0.7521
vn -0.6574 -0.0625 0.7509
vn -0.6289 -0.0990 0.7711
vn -0.6288 -0.1005 0.7710
vn -0.6297 -0.1018 0.7701
vn -0.6026 -0.1309 0.7872
vn -0.6025 -0.1324 0.7870
vn -0.6032 -0.1335 0.7863
vn -0.5788 -0.1560 0.8004
vn -0.5787 -0.1574 0.8002
vn -0.5793 -0.1584 0.7996
vn -0.7328 0.1567 0.6621
vn -0.7338 0.1566 0.6610
vn -0.7095 0.0805 0.7001
vn -0.7111 0.0800 0.6985
vn -0.6839 0.0163 0.7294
vn -0.6839 0.0157 0.7294
vn -0.6856 0.0147 0.7279
vn -0.6577 -0.0370 0.7524
vn -0.6578 -0.0380 0.7522
vn -0.6589 -0.0389 0.7512
vn -0.6308 -0.0808 0.7717
vn -0.6310 -0.0818 0.7715
vn -0.6317 -0.0827 0.7708
vn -0.6049 -0.1157 0.7879
vn -0.6048 -0.1166 0.7878
vn -0.6055 -0.1176 0.7871
vn -0.5812 -0.1423 0.8012
vn -0.5811 -0.1434 0.8011
vn -0.5817 -0.1443 0.8005
vn -0.7249 0.1892 0.6624
vn -0.7255 0.1893 0.6617
vn -0.7052 0.1144 0.6997
vn -0.7064 0.1142 0.6985
vn -0.6823 0.0475 0.7296
vn -0.6837 0.0470 0.7283
vn -0.6574 -0.0094 0.7535
vn -0.6576 -0.0102 0.7533
vn -0.6586 -0.0107 0.7524
vn -0.6316 -0.0574 0.7732
vn -0.6314 -0.0579 0.7733
vn -0.6324 -0.0587 0.7724
vn -0.6063 -0.0957 0.7895
vn -0.6061 -0.0960 0.7896
vn -0.6069 -0.0969 0.7888
vn -0.5831 -0.1241 0.8029
vn -0.5831 -0.1250 0.8027
vn -0.5835 -0.1256 0.8023
vn -0.7147 0.2216 0.6634
vn -0.7149 0.2217 0.6631
vn -0.6984 0.1488 0.7001
vn -0.6990 0.1489 0.6995
vn -0.6781 0.0812 0.7304
vn -0.6790 0.0812 0.7296
vn -0.6552 0.0206 0.7552
vn -0.6560 0.0203 0.7545
vn -0.6308 -0.0307 0.7753
vn -0.6308 -0.0312 0.7753
vn -0.6316 -0.0316 0.7746
vn -0.6066 -0.0730 0.7916
vn -0.6074 -0.0737 0.7910
vn -0.5844 -0.1037 0.8048
vn -0.5844 -0.1042 0.8047
vn -0.5848 -0.1048 0.8044
vn -0.7025 0.2533 0.6650
vn -0.7023 0.2532 0.6654
vn -0.6890 0.1825 0.7014
vn -0.6713 0.1148 0.7322
vn -0.6505 0.0520 0.7577
vn -0.6282 -0.0024 0.7781
vn -0.6287 -0.0025 0.7776
vn -0.6058 -0.0478 0.7941
vn -0.6065 -0.0481 0.7936
vn -0.5852 -0.0818 0.8068
vn -0.5852 -0.0827 0.8066
vn -0.5856 -0.0831 0.8063
vn -0.5171 -0.1026 0.8498
vn -0.5135 -0.1069 0.8514
vn -0.5193 -0.0979 0.8490
vn -0.5237 -0.0890 0.8472
vn -0.5200 -0.0937 0.8490
vn -0.5258 -0.0843 0.8464
vn -0.5325 -0.0761 0.8430
vn -0.5289 -0.0810 0.8448
vn -0.5343 -0.0717 0.8422
vn -0.5432 -0.0648 0.8371
vn -0.5398 -0.0697 0.8389
vn -0.5448 -0.0608 0.8363
vn -0.5545 -0.0552 0.8304
vn -0.5513 -0.0598 0.8321
vn -0.5558 -0.0518 0.8297
vn -0.5653 -0.0481 0.8235
vn -0.5625 -0.0518 0.8252
vn -0.5665 -0.0451 0.8228
vn -0.6886 0.2829 0.6677
vn -0.6890 0.2831 0.6671
vn -0.6881 0.2825 0.6684
vn -0.6774 0.2134 0.7040
vn -0.6766 0.2131 0.7048
vn -0.6618 0.1458 0.7354
vn -0.6610 0.1454 0.7362
vn -0.6425 0.0819 0.7619
vn -0.6431 0.0818 0.7614
vn -0.6420 0.0813 0.7624
vn -0.6228 0.0257 0.7820
vn -0.6220 0.0256 0.7826
vn -0.6030 -0.0211 0.7975
vn -0.6034 -0.0211 0.7972
vn -0.5557 -0.1836 0.8108
vn -0.5557 -0.1848 0.8106
vn -0.5562 -0.1858 0.8100
vn -0.5580 -0.1754 0.8111
vn -0.5579 -0.1760 0.8110
vn -0.5585 -0.1771 0.8104
vn -0.5603 -0.1624 0.8122
vn -0.5603 -0.1632 0.8121
vn -0.5608 -0.1640 0.8116
vn -0.5626 -0.1445 0.8140
vn -0.5625 -0.1452 0.8139
vn -0.5630 -0.1460 0.8135
vn -0.5650 -0.1239 0.8157
vn -0.5647 -0.1246 0.8158
vn -0.5652 -0.1255 0.8154
vn -0.5668 -0.1023 0.8175
vn -0.5671 -0.1031 0.8172
vn -0.5695 -0.0784 0.8183
vn -0.5693 -0.0777 0.8185
vn -0.5693 -0.0773 0.8185
vn -0.5761 -0.0458 0.8161
vn -0.5733 -0.0486 0.8179
vn -0.5776 -0.0430 0.8152
vn -0.5837 -0.0582 0.8099
vn -0.5838 -0.0586 0.8098
vn -0.5851 -0.0592 0.8088
vn -0.4792 -0.2389 0.8446
vn -0.4795 -0.2317 0.8464
vn -0.4803 -0.2220 0.8485
vn -0.4805 -0.2223 0.8484
vn -0.4820 -0.2094 0.8508
vn -0.4819 -0.2097 0.8508
vn -0.4823 -0.2104 0.8504
vn -0.4847 -0.1939 0.8529
vn -0.4848 -0.1948 0.8527
vn -0.4852 -0.1957 0.8522
vn -0.4889 -0.1754 0.8545
vn -0.4889 -0.1765 0.8543
vn -0.4896 -0.1785 0.8535
vn -0.4945 -0.1612 0.8541
vn -0.4929 -0.1631 0.8546
vn -0.4959 -0.1585 0.8538
vn -0.5023 -0.1398 0.8533
vn -0.5001 -0.1424 0.8542
vn -0.5043 -0.1362 0.8528
vn -0.4820 -0.2376 0.8433
vn -0.4876 -0.2347 0.8409
vn -0.4959 -0.2302 0.8373
vn -0.4961 -0.2305 0.8371
vn -0.5067 -0.2236 0.8326
vn -0.5070 -0.2241 0.8323
vn -0.5201 -0.2144 0.8268
vn -0.5201 -0.2151 0.8266
vn -0.5205 -0.2157 0.8261
vn -0.5354 -0.2031 0.8198
vn -0.5355 -0.2038 0.8196
vn -0.5361 -0.2049 0.8189
vn -0.5530 -0.1886 0.8116
vn -0.5530 -0.1900 0.8112
vn -0.5537 -0.1913 0.8104
vn -0.6923 0.1120 0.7128
vn -0.6616 0.0316 0.7492
vn -0.6951 0.1491 0.7033
vn -0.6769 0.2800 0.6807
vn -0.6695 0.2659 0.6936
vn -0.6779 0.2898 0.6757
vn -0.6635 0.3458 0.6635
vn -0.6603 0.3430 0.6681
vn -0.6649 0.3497 0.6600
vn -0.6559 0.3783 0.6532
vn -0.6539 0.3770 0.6560
vn -0.6570 0.3807 0.6507
vn -0.6544 0.3936 0.6456
vn -0.6528 0.3928 0.6477
vn -0.6553 0.3954 0.6436
vn -0.6578 0.3975 0.6397
vn -0.6566 0.3970 0.6412
vn -0.6586 0.3989 0.6380
vn -0.6661 0.3915 0.6349
vn -0.6651 0.3911 0.6361
vn -0.6668 0.3926 0.6335
vn -0.6787 0.3758 0.6310
vn -0.6780 0.3756 0.6318
vn -0.6793 0.3766 0.6299
vn -0.6448 0.0670 0.7614
vn -0.6224 0.0239 0.7823
vn -0.6498 0.0911 0.7547
vn -0.6094 0.0299 0.7923
vn -0.5937 0.0052 0.8047
vn -0.6144 0.0463 0.7877
vn -0.5821 -0.0032 0.8131
vn -0.5708 -0.0187 0.8209
vn -0.5866 0.0088 0.8098
vn -0.5597 -0.0338 0.8280
vn -0.5511 -0.0446 0.8332
vn -0.5638 -0.0242 0.8255
vn -0.5408 -0.0628 0.8388
vn -0.5343 -0.0704 0.8423
vn -0.5444 -0.0551 0.8370
vn -0.5251 -0.0903 0.8463
vn -0.5205 -0.0956 0.8485
vn -0.5281 -0.0844 0.8450
vn -0.5125 -0.1160 0.8508
vn -0.5092 -0.1197 0.8523
vn -0.5149 -0.1115 0.8500
vn -0.7775 0.1553 0.6094
vn -0.7778 0.1540 0.6094
vn -0.7792 0.1530 0.6079
vn -0.7406 0.0610 0.6692
vn -0.7404 0.0559 0.6698
vn -0.7429 0.0524 0.6674
vn -0.7059 0.0009 0.7084
vn -0.7058 -0.0047 0.7084
vn -0.7085 -0.0090 0.7057
vn -0.6754 -0.0489 0.7358
vn -0.6753 -0.0536 0.7356
vn -0.6773 -0.0571 0.7334
vn -0.6479 -0.0881 0.7566
vn -0.6477 -0.0919 0.7564
vn -0.6494 -0.0950 0.7545
vn -0.6212 -0.1211 0.7742
vn -0.6210 -0.1241 0.7739
vn -0.6224 -0.1266 0.7724
vn -0.5956 -0.1487 0.7894
vn -0.5955 -0.1510 0.7890
vn -0.5966 -0.1530 0.7878
vn -0.5726 -0.1710 0.8018
vn -0.5725 -0.1728 0.8015
vn -0.5735 -0.1744 0.8004
vn -0.7745 0.1807 0.6063
vn -0.7623 0.2141 0.6107
vn -0.7626 0.2141 0.6104
vn -0.7514 0.2427 0.6136
vn -0.7511 0.2426 0.6139
vn -0.7395 0.2700 0.6166
vn -0.7392 0.2699 0.6170
vn -0.7262 0.2978 0.6196
vn -0.7258 0.2977 0.6202
vn -0.7111 0.3261 0.6229
vn -0.7114 0.3259 0.6226
vn -0.7108 0.3256 0.6235
vn -0.6955 0.3532 0.6257
vn -0.6959 0.3534 0.6252
vn -0.6949 0.3527 0.6267
vn -0.8140 0.4297 0.3909
vn -0.8168 0.4122 0.4036
vn -0.8101 0.4417 0.3855
vn -0.8074 0.4648 0.3635
vn -0.8086 0.4555 0.3724
vn -0.8047 0.4731 0.3587
vn -0.7970 0.4993 0.3398
vn -0.7976 0.4944 0.3456
vn -0.7952 0.5046 0.3362
vn -0.7842 0.5318 0.3197
vn -0.7845 0.5288 0.3239
vn -0.7828 0.5356 0.3167
vn -0.7697 0.5628 0.3014
vn -0.7699 0.5609 0.3043
vn -0.7687 0.5656 0.2988
vn -0.7544 0.5917 0.2843
vn -0.7545 0.5905 0.2865
vn -0.7536 0.5937 0.2823
vn -0.7392 0.6173 0.2692
vn -0.7393 0.6166 0.2707
vn -0.7386 0.6188 0.2674
vn -0.8102 0.4671 0.3541
vn -0.8144 0.4524 0.3633
vn -0.8064 0.4758 0.3511
vn -0.8061 0.4870 0.3363
vn -0.8089 0.4766 0.3443
vn -0.8030 0.4940 0.3333
vn -0.7983 0.5109 0.3190
vn -0.8000 0.5043 0.3251
vn -0.7960 0.5161 0.3162
vn -0.7869 0.5380 0.3024
vn -0.7879 0.5338 0.3070
vn -0.7852 0.5419 0.2999
vn -0.7735 0.5653 0.2867
vn -0.7740 0.5629 0.2899
vn -0.7722 0.5682 0.2844
vn -0.7592 0.5914 0.2718
vn -0.7595 0.5900 0.2742
vn -0.7583 0.5934 0.2699
vn -0.7448 0.6153 0.2581
vn -0.7450 0.6145 0.2598
vn -0.7442 0.6169 0.2564
vn -0.8068 0.4950 0.3226
vn -0.8107 0.4844 0.3288
vn -0.8039 0.5009 0.3209
vn -0.8039 0.5071 0.3108
vn -0.8073 0.4978 0.3170
vn -0.8011 0.5126 0.3089
vn -0.7980 0.5238 0.2981
vn -0.8005 0.5166 0.3037
vn -0.7956 0.5285 0.2961
vn -0.7882 0.5456 0.2848
vn -0.7899 0.5407 0.2893
vn -0.7863 0.5493 0.2828
vn -0.7762 0.5688 0.2718
vn -0.7772 0.5659 0.2751
vn -0.7749 0.5715 0.2700
vn -0.7632 0.5918 0.2594
vn -0.7637 0.5902 0.2617
vn -0.7622 0.5938 0.2577
vn -0.7498 0.6138 0.2471
vn -0.7500 0.6129 0.2489
vn -0.7490 0.6154 0.2455
vn -0.8049 0.5147 0.2952
vn -0.8084 0.5065 0.2998
vn -0.8025 0.5192 0.2940
vn -0.8024 0.5235 0.2864
vn -0.8058 0.5156 0.2913
vn -0.8001 0.5278 0.2852
vn -0.7974 0.5362 0.2768
vn -0.8002 0.5295 0.2814
vn -0.7953 0.5400 0.2755
vn -0.7891 0.5533 0.2668
vn -0.7911 0.5486 0.2706
vn -0.7874 0.5563 0.2655
vn -0.7787 0.5725 0.2568
vn -0.7799 0.5694 0.2598
vn -0.7774 0.5747 0.2556
vn -0.7669 0.5925 0.2468
vn -0.7676 0.5906 0.2490
vn -0.7659 0.5942 0.2455
vn -0.7543 0.6126 0.2362
vn -0.7546 0.6114 0.2380
vn -0.7535 0.6141 0.2347
vn -0.8035 0.5304 0.2704
vn -0.8064 0.5241 0.2738
vn -0.8015 0.5338 0.2696
vn -0.8011 0.5372 0.2638
vn -0.8041 0.5310 0.2674
vn -0.7992 0.5405 0.2630
vn -0.7968 0.5470 0.2568
vn -0.7994 0.5415 0.2602
vn -0.7950 0.5499 0.2560
vn -0.7899 0.5602 0.2495
vn -0.7919 0.5559 0.2525
vn -0.7885 0.5625 0.2487
vn -0.7809 0.5758 0.2422
vn -0.7823 0.5729 0.2445
vn -0.7798 0.5776 0.2414
vn -0.7702 0.5932 0.2344
vn -0.7710 0.5913 0.2364
vn -0.7693 0.5946 0.2336
vn -0.7582 0.6117 0.2256
vn -0.7587 0.6105 0.2273
vn -0.7575 0.6131 0.2244
vn -0.8023 0.5430 0.2480
vn -0.8046 0.5384 0.2505
vn -0.8008 0.5454 0.2475
vn -0.8000 0.5484 0.2433
vn -0.8024 0.5438 0.2458
vn -0.7985 0.5508 0.2428
vn -0.7961 0.5563 0.2383
vn -0.7983 0.5520 0.2408
vn -0.7947 0.5584 0.2378
vn -0.7903 0.5667 0.2331
vn -0.7922 0.5631 0.2353
vn -0.7891 0.5686 0.2325
vn -0.7827 0.5793 0.2277
vn -0.7842 0.5765 0.2296
vn -0.7817 0.5808 0.2272
vn -0.7732 0.5939 0.2222
vn -0.7742 0.5922 0.2236
vn -0.7725 0.5950 0.2216
vn -0.7619 0.6108 0.2156
vn -0.7624 0.6097 0.2167
vn -0.7614 0.6116 0.2148
vn -0.7131 0.6668 0.2165
vn -0.7129 0.6661 0.2194
vn -0.7121 0.6692 0.2121
vn -0.7172 0.6670 0.2017
vn -0.7170 0.6666 0.2039
vn -0.7166 0.6689 0.1977
vn -0.7206 0.6669 0.1895
vn -0.7204 0.6668 0.1909
vn -0.7203 0.6682 0.1864
vn -0.7242 0.6656 0.1802
vn -0.7242 0.6654 0.1811
vn -0.7242 0.6663 0.1775
vn -0.7290 0.6625 0.1722
vn -0.7288 0.6626 0.1727
vn -0.7290 0.6630 0.1701
vn -0.7348 0.6578 0.1655
vn -0.7346 0.6579 0.1660
vn -0.7349 0.6580 0.1641
vn -0.7413 0.6517 0.1604
vn -0.7416 0.6517 0.1592
vn -0.7054 0.6742 0.2188
vn -0.7053 0.6736 0.2210
vn -0.7045 0.6761 0.2158
vn -0.7123 0.6711 0.2055
vn -0.7120 0.6708 0.2075
vn -0.7116 0.6728 0.2025
vn -0.7176 0.6688 0.1941
vn -0.7174 0.6686 0.1956
vn -0.7173 0.6701 0.1911
vn -0.7224 0.6665 0.1845
vn -0.7222 0.6664 0.1854
vn -0.7223 0.6673 0.1818
vn -0.7278 0.6628 0.1762
vn -0.7276 0.6630 0.1764
vn -0.7278 0.6633 0.1740
vn -0.7342 0.6575 0.1691
vn -0.7340 0.6577 0.1693
vn -0.7343 0.6578 0.1675
vn -0.7412 0.6510 0.1636
vn -0.7416 0.6509 0.1624
vn -0.7018 0.6769 0.2221
vn -0.7017 0.6765 0.2235
vn -0.7012 0.6782 0.2200
vn -0.7098 0.6722 0.2104
vn -0.7097 0.6719 0.2120
vn -0.7093 0.6736 0.2079
vn -0.7163 0.6687 0.1996
vn -0.7160 0.6685 0.2009
vn -0.7159 0.6699 0.1969
vn -0.7217 0.6656 0.1901
vn -0.7216 0.6655 0.1907
vn -0.7217 0.6664 0.1875
vn -0.7278 0.6613 0.1814
vn -0.7277 0.6613 0.1820
vn -0.7279 0.6618 0.1793
vn -0.7346 0.6557 0.1743
vn -0.7349 0.6558 0.1725
vn -0.7422 0.6486 0.1684
vn -0.7426 0.6485 0.1672
vn -0.7026 0.6743 0.2273
vn -0.7025 0.6740 0.2286
vn -0.7020 0.6755 0.2256
vn -0.7104 0.6697 0.2165
vn -0.7103 0.6693 0.2180
vn -0.7099 0.6709 0.2144
vn -0.7169 0.6659 0.2064
vn -0.7168 0.6657 0.2075
vn -0.7166 0.6670 0.2038
vn -0.7231 0.6621 0.1967
vn -0.7229 0.6621 0.1975
vn -0.7229 0.6630 0.1944
vn -0.7294 0.6577 0.1884
vn -0.7294 0.6575 0.1888
vn -0.7296 0.6581 0.1860
vn -0.7365 0.6518 0.1808
vn -0.7369 0.6519 0.1789
vn -0.7444 0.6445 0.1748
vn -0.7448 0.6443 0.1736
vn -0.7069 0.6671 0.2349
vn -0.7069 0.6668 0.2360
vn -0.7064 0.6683 0.2331
vn -0.7142 0.6630 0.2243
vn -0.7142 0.6625 0.2259
vn -0.7137 0.6642 0.2224
vn -0.7206 0.6594 0.2145
vn -0.7205 0.6591 0.2156
vn -0.7202 0.6605 0.2122
vn -0.7266 0.6557 0.2050
vn -0.7265 0.6556 0.2056
vn -0.7265 0.6566 0.2027
vn -0.7330 0.6514 0.1960
vn -0.7328 0.6514 0.1967
vn -0.7329 0.6521 0.1940
vn -0.7395 0.6462 0.1885
vn -0.7398 0.6464 0.1865
vn -0.7472 0.6392 0.1820
vn -0.7471 0.6394 0.1817
vn -0.7477 0.6390 0.1807
vn -0.7147 0.6553 0.2444
vn -0.7147 0.6549 0.2456
vn -0.7142 0.6565 0.2426
vn -0.7214 0.6518 0.2340
vn -0.7213 0.6513 0.2355
vn -0.7208 0.6531 0.2322
vn -0.7273 0.6487 0.2241
vn -0.7272 0.6483 0.2254
vn -0.7268 0.6500 0.2220
vn -0.7330 0.6456 0.2145
vn -0.7330 0.6452 0.2157
vn -0.7326 0.6467 0.2123
vn -0.7386 0.6422 0.2051
vn -0.7384 0.6420 0.2065
vn -0.7382 0.6432 0.2032
vn -0.7438 0.6385 0.1975
vn -0.7440 0.6390 0.1952
vn -0.7506 0.6328 0.1901
vn -0.7510 0.6328 0.1886
vn -0.7956 0.5870 0.1500
vn -0.7958 0.5855 0.1549
vn -0.7960 0.5831 0.1620
vn -0.7964 0.5827 0.1618
vn -0.7962 0.5803 0.1711
vn -0.7967 0.5796 0.1712
vn -0.7972 0.5791 0.1710
vn -0.7966 0.5764 0.1824
vn -0.7974 0.5752 0.1827
vn -0.7980 0.5744 0.1823
vn -0.7970 0.5714 0.1957
vn -0.7980 0.5699 0.1962
vn -0.7988 0.5688 0.1957
vn -0.7973 0.5656 0.2108
vn -0.7987 0.5634 0.2114
vn -0.7997 0.5622 0.2109
vn -0.7886 0.5964 0.1496
vn -0.7893 0.5944 0.1542
vn -0.7895 0.5942 0.1540
vn -0.7900 0.5916 0.1607
vn -0.7905 0.5910 0.1608
vn -0.7907 0.5907 0.1606
vn -0.7913 0.5874 0.1697
vn -0.7914 0.5871 0.1701
vn -0.7922 0.5863 0.1695
vn -0.7925 0.5826 0.1805
vn -0.7933 0.5814 0.1808
vn -0.7939 0.5807 0.1804
vn -0.7937 0.5767 0.1934
vn -0.7948 0.5751 0.1938
vn -0.7956 0.5742 0.1933
vn -0.7946 0.5704 0.2080
vn -0.7960 0.5683 0.2086
vn -0.7970 0.5671 0.2081
vn -0.7812 0.6061 0.1495
vn -0.7821 0.6038 0.1538
vn -0.7823 0.6037 0.1536
vn -0.7835 0.6005 0.1600
vn -0.7838 0.6001 0.1600
vn -0.7840 0.5999 0.1598
vn -0.7854 0.5957 0.1685
vn -0.7855 0.5955 0.1687
vn -0.7860 0.5948 0.1683
vn -0.7873 0.5900 0.1788
vn -0.7878 0.5893 0.1791
vn -0.7885 0.5885 0.1786
vn -0.7891 0.5838 0.1909
vn -0.7902 0.5822 0.1913
vn -0.7909 0.5814 0.1909
vn -0.7905 0.5771 0.2049
vn -0.7921 0.5748 0.2055
vn -0.7929 0.5738 0.2051
vn -0.7733 0.6161 0.1498
vn -0.7744 0.6138 0.1537
vn -0.7761 0.6100 0.1597
vn -0.7783 0.6051 0.1674
vn -0.7785 0.6049 0.1677
vn -0.7789 0.6044 0.1672
vn -0.7808 0.5992 0.1770
vn -0.7814 0.5983 0.1772
vn -0.7819 0.5978 0.1769
vn -0.7833 0.5924 0.1886
vn -0.7842 0.5910 0.1889
vn -0.7848 0.5903 0.1885
vn -0.7850 0.5857 0.2018
vn -0.7864 0.5835 0.2024
vn -0.7873 0.5825 0.2020
vn -0.7652 0.6259 0.1506
vn -0.7650 0.6261 0.1510
vn -0.7662 0.6238 0.1543
vn -0.7680 0.6202 0.1597
vn -0.7706 0.6150 0.1672
vn -0.7736 0.6087 0.1763
vn -0.7741 0.6082 0.1759
vn -0.7764 0.6020 0.1866
vn -0.7771 0.6010 0.1870
vn -0.7777 0.6003 0.1865
vn -0.7787 0.5951 0.1989
vn -0.7800 0.5931 0.1994
vn -0.7808 0.5922 0.1990
vn -0.7571 0.6353 0.1522
vn -0.7569 0.6355 0.1526
vn -0.7578 0.6336 0.1556
vn -0.7595 0.6303 0.1607
vn -0.7621 0.6254 0.1676
vn -0.7652 0.6193 0.1759
vn -0.7655 0.6190 0.1755
vn -0.7685 0.6124 0.1853
vn -0.7690 0.6117 0.1854
vn -0.7694 0.6113 0.1851
vn -0.7715 0.6051 0.1963
vn -0.7727 0.6035 0.1967
vn -0.7733 0.6028 0.1963
vn -0.7256 0.6387 0.2559
vn -0.7256 0.6383 0.2570
vn -0.7251 0.6400 0.2541
vn -0.7317 0.6359 0.2455
vn -0.7318 0.6353 0.2468
vn -0.7312 0.6372 0.2436
vn -0.7372 0.6335 0.2351
vn -0.7372 0.6330 0.2365
vn -0.7366 0.6348 0.2334
vn -0.7423 0.6312 0.2250
vn -0.7424 0.6306 0.2265
vn -0.7417 0.6325 0.2232
vn -0.7468 0.6291 0.2156
vn -0.7469 0.6286 0.2168
vn -0.7463 0.6303 0.2137
vn -0.7509 0.6271 0.2069
vn -0.7509 0.6268 0.2081
vn -0.7506 0.6282 0.2051
vn -0.7492 0.6440 0.1546
vn -0.7489 0.6441 0.1555
vn -0.7496 0.6427 0.1578
vn -0.7494 0.6429 0.1585
vn -0.7510 0.6399 0.1627
vn -0.7508 0.6401 0.1633
vn -0.7534 0.6354 0.1692
vn -0.7532 0.6355 0.1697
vn -0.7565 0.6297 0.1767
vn -0.7563 0.6298 0.1770
vn -0.7601 0.6229 0.1853
vn -0.7602 0.6228 0.1850
vn -0.7972 0.5591 0.2277
vn -0.7991 0.5561 0.2285
vn -0.8003 0.5546 0.2280
vn -0.7948 0.5639 0.2242
vn -0.7968 0.5608 0.2250
vn -0.7979 0.5594 0.2245
vn -0.7910 0.5706 0.2206
vn -0.7930 0.5677 0.2213
vn -0.7941 0.5662 0.2208
vn -0.7899 0.5735 0.2173
vn -0.7916 0.5705 0.2190
vn -0.7888 0.5751 0.2169
vn -0.7832 0.5840 0.2133
vn -0.7848 0.5813 0.2149
vn -0.7823 0.5853 0.2130
vn -0.7753 0.5959 0.2094
vn -0.7764 0.5939 0.2106
vn -0.7747 0.5968 0.2091
vn -0.7655 0.6098 0.2053
vn -0.7656 0.6096 0.2055
vn -0.7557 0.6238 0.1996
vn -0.7559 0.6242 0.1974
vn -0.7630 0.6163 0.1950
vn -0.7641 0.6149 0.1951
vn -0.7647 0.6143 0.1945
vn -0.8161 0.3156 0.4842
vn -0.8156 0.2784 0.5072
vn -0.8121 0.3421 0.4727
vn -0.8132 0.3912 0.4308
vn -0.8124 0.3796 0.4426
vn -0.8120 0.4040 0.4212
vn -0.8051 0.4477 0.3891
vn -0.8045 0.4424 0.3962
vn -0.8039 0.4549 0.3832
vn -0.7928 0.4917 0.3601
vn -0.7925 0.4887 0.3648
vn -0.7918 0.4963 0.3559
vn -0.7793 0.5285 0.3368
vn -0.7791 0.5265 0.3402
vn -0.7784 0.5318 0.3335
vn -0.7643 0.5621 0.3160
vn -0.7642 0.5609 0.3185
vn -0.7636 0.5647 0.3133
vn -0.7483 0.5931 0.2972
vn -0.7482 0.5922 0.2990
vn -0.7477 0.5950 0.2950
vn -0.7326 0.6202 0.2805
vn -0.7326 0.6195 0.2820
vn -0.7321 0.6216 0.2788
vn -0.8153 0.4004 0.4183
vn -0.8212 0.3718 0.4329
vn -0.8102 0.4145 0.4144
vn -0.7939 0.4851 0.3666
vn -0.8007 0.4716 0.3693
vn -0.8062 0.4640 0.3671
vn -0.7961 0.5067 0.3310
vn -0.8009 0.4976 0.3330
vn -0.8046 0.4927 0.3315
vn -0.7967 0.5238 0.3014
vn -0.8005 0.5170 0.3031
vn -0.8033 0.5134 0.3019
vn -0.7971 0.5375 0.2752
vn -0.8001 0.5323 0.2765
vn -0.8023 0.5295 0.2755
vn -0.7978 0.5479 0.2516
vn -0.8001 0.5441 0.2526
vn -0.8017 0.5421 0.2519
vn -0.7985 0.5558 0.2311
vn -0.8002 0.5531 0.2318
vn -0.8014 0.5516 0.2312
vn -0.7286 0.6406 0.2424
vn -0.7278 0.6394 0.2479
vn -0.7279 0.6460 0.2298
vn -0.7247 0.6549 0.2144
vn -0.7242 0.6540 0.2184
vn -0.7237 0.6581 0.2076
vn -0.7236 0.6614 0.1973
vn -0.7233 0.6610 0.1999
vn -0.7229 0.6634 0.1930
vn -0.7247 0.6636 0.1857
vn -0.7245 0.6634 0.1873
vn -0.7243 0.6649 0.1826
vn -0.7274 0.6631 0.1767
vn -0.7271 0.6630 0.1779
vn -0.7271 0.6640 0.1744
vn -0.7310 0.6609 0.1698
vn -0.7312 0.6613 0.1676
vn -0.7363 0.6566 0.1633
vn -0.7361 0.6568 0.1635
vn -0.7364 0.6569 0.1619
vn -0.7425 0.6509 0.1583
vn -0.7423 0.6511 0.1585
vn -0.7425 0.6511 0.1573
vn -0.7044 0.6702 0.2337
vn -0.7044 0.6694 0.2361
vn -0.7036 0.6723 0.2300
vn -0.6948 0.6806 0.2325
vn -0.6948 0.6800 0.2341
vn -0.6940 0.6820 0.2308
vn -0.6914 0.6835 0.2341
vn -0.6915 0.6830 0.2355
vn -0.6908 0.6845 0.2329
vn -0.6930 0.6803 0.2387
vn -0.6929 0.6800 0.2395
vn -0.6925 0.6812 0.2374
vn -0.6983 0.6723 0.2457
vn -0.6983 0.6720 0.2465
vn -0.6979 0.6733 0.2442
vn -0.7070 0.6597 0.2549
vn -0.7070 0.6594 0.2558
vn -0.7065 0.6607 0.2534
vn -0.7186 0.6423 0.2666
vn -0.7186 0.6419 0.2677
vn -0.7181 0.6435 0.2650
vn -0.8021 0.5785 0.1481
vn -0.8019 0.5781 0.1506
vn -0.8015 0.5773 0.1556
vn -0.8009 0.5763 0.1628
vn -0.8013 0.5756 0.1628
vn -0.8015 0.5754 0.1627
vn -0.8006 0.5738 0.1728
vn -0.8008 0.5736 0.1727
vn -0.8012 0.5730 0.1724
vn -0.7999 0.5712 0.1843
vn -0.8005 0.5702 0.1845
vn -0.8011 0.5695 0.1842
vn -0.7993 0.5673 0.1980
vn -0.8003 0.5658 0.1983
vn -0.8010 0.5649 0.1980
vn -0.7989 0.5622 0.2136
vn -0.8003 0.5601 0.2141
vn -0.8012 0.5590 0.2136
vn -0.7955 0.5878 0.1476
vn -0.7883 0.5974 0.1473
vn -0.7808 0.6072 0.1474
vn -0.7729 0.6171 0.1479
vn -0.7650 0.6266 0.1488
vn -0.7648 0.6267 0.1491
vn -0.7572 0.6356 0.1505
vn -0.7570 0.6358 0.1510
vn -0.7497 0.6439 0.1530
vn -0.7495 0.6439 0.1537
vn -0.6720 0.5026 0.5439
vn -0.6717 0.5036 0.5433
vn -0.6703 0.5045 0.5443
vn -0.6633 0.5547 0.5023
vn -0.6626 0.5564 0.5013
vn -0.6614 0.5575 0.5018
vn -0.6561 0.5929 0.4670
vn -0.6552 0.5949 0.4656
vn -0.6541 0.5959 0.4658
vn -0.6499 0.6222 0.4365
vn -0.6490 0.6241 0.4351
vn -0.6481 0.6249 0.4352
vn -0.6453 0.6451 0.4092
vn -0.6445 0.6466 0.4080
vn -0.6438 0.6473 0.4081
vn -0.6423 0.6626 0.3853
vn -0.6416 0.6638 0.3842
vn -0.6411 0.6643 0.3843
vn -0.6406 0.6757 0.3647
vn -0.6401 0.6765 0.3640
vn -0.6398 0.6769 0.3640
vn -0.6567 0.5250 0.5414
vn -0.6558 0.5252 0.5423
vn -0.6480 0.5760 0.4984
vn -0.6476 0.5765 0.4983
vn -0.6468 0.5770 0.4988
vn -0.6405 0.6131 0.4625
vn -0.6401 0.6139 0.4620
vn -0.6392 0.6145 0.4623
vn -0.6345 0.6412 0.4316
vn -0.6340 0.6421 0.4311
vn -0.6335 0.6425 0.4312
vn -0.6305 0.6626 0.4043
vn -0.6301 0.6633 0.4037
vn -0.6295 0.6638 0.4038
vn -0.6282 0.6786 0.3805
vn -0.6279 0.6794 0.3798
vn -0.6274 0.6798 0.3799
vn -0.6274 0.6905 0.3600
vn -0.6269 0.6912 0.3595
vn -0.6266 0.6915 0.3595
vn -0.6490 0.5344 0.5415
vn -0.6487 0.5344 0.5418
vn -0.6410 0.5840 0.4980
vn -0.6403 0.5843 0.4986
vn -0.6335 0.6208 0.4618
vn -0.6334 0.6212 0.4613
vn -0.6326 0.6217 0.4619
vn -0.6274 0.6490 0.4303
vn -0.6270 0.6496 0.4299
vn -0.6265 0.6499 0.4301
vn -0.6233 0.6705 0.4025
vn -0.6231 0.6709 0.4021
vn -0.6225 0.6713 0.4023
vn -0.6212 0.6863 0.3784
vn -0.6212 0.6865 0.3779
vn -0.6205 0.6870 0.3781
vn -0.6208 0.6977 0.3575
vn -0.6206 0.6979 0.3575
vn -0.6202 0.6982 0.3576
vn -0.6483 0.5347 0.5420
vn -0.6411 0.5825 0.4997
vn -0.6408 0.5826 0.5000
vn -0.6337 0.6197 0.4631
vn -0.6331 0.6199 0.4635
vn -0.6273 0.6486 0.4311
vn -0.6269 0.6488 0.4313
vn -0.6227 0.6705 0.4033
vn -0.6227 0.6707 0.4029
vn -0.6220 0.6712 0.4032
vn -0.6202 0.6868 0.3790
vn -0.6202 0.6871 0.3786
vn -0.6198 0.6874 0.3787
vn -0.6200 0.6982 0.3580
vn -0.6196 0.6985 0.3580
vn -0.6530 0.5282 0.5428
vn -0.6532 0.5283 0.5424
vn -0.6466 0.5744 0.5021
vn -0.6395 0.6115 0.4660
vn -0.6328 0.6414 0.4338
vn -0.6324 0.6416 0.4342
vn -0.6274 0.6649 0.4054
vn -0.6269 0.6651 0.4058
vn -0.6239 0.6822 0.3811
vn -0.6235 0.6828 0.3809
vn -0.6232 0.6830 0.3810
vn -0.6230 0.6945 0.3600
vn -0.6225 0.6949 0.3601
vn -0.6624 0.5157 0.5433
vn -0.6628 0.5158 0.5428
vn -0.6568 0.5607 0.5042
vn -0.6501 0.5978 0.4690
vn -0.6433 0.6286 0.4371
vn -0.6371 0.6534 0.4089
vn -0.6322 0.6729 0.3842
vn -0.6319 0.6730 0.3844
vn -0.6315 0.6733 0.3846
vn -0.6297 0.6865 0.3635
vn -0.6293 0.6870 0.3632
vn -0.6292 0.6871 0.3633
vn -0.6736 0.6910 0.2624
vn -0.6743 0.6903 0.2623
vn -0.6733 0.6913 0.2621
vn -0.6672 0.6985 0.2588
vn -0.6663 0.6996 0.2580
vn -0.6664 0.6994 0.2583
vn -0.6701 0.6949 0.2609
vn -0.6700 0.6952 0.2604
vn -0.6703 0.6946 0.2611
vn -0.6776 0.6856 0.2660
vn -0.6775 0.6858 0.2657
vn -0.6778 0.6851 0.2669
vn -0.6880 0.6717 0.2747
vn -0.6880 0.6720 0.2740
vn -0.6883 0.6711 0.2755
vn -0.7009 0.6534 0.2861
vn -0.7009 0.6539 0.2850
vn -0.7012 0.6525 0.2872
vn -0.6637 0.6957 0.2747
vn -0.6648 0.6947 0.2746
vn -0.6635 0.6961 0.2744
vn -0.6564 0.7041 0.2709
vn -0.6568 0.7039 0.2706
vn -0.6553 0.7054 0.2699
vn -0.6595 0.7007 0.2722
vn -0.6596 0.7005 0.2724
vn -0.6675 0.6911 0.2772
vn -0.6673 0.6914 0.2770
vn -0.6676 0.6907 0.2778
vn -0.6785 0.6769 0.2853
vn -0.6787 0.6763 0.2862
vn -0.6919 0.6581 0.2971
vn -0.6919 0.6584 0.2962
vn -0.6922 0.6573 0.2981
vn -0.6540 0.7000 0.2869
vn -0.6552 0.6988 0.2869
vn -0.6556 0.6984 0.2871
vn -0.6475 0.7075 0.2831
vn -0.6456 0.7098 0.2819
vn -0.6493 0.7056 0.2838
vn -0.6573 0.6962 0.2886
vn -0.6685 0.6820 0.2967
vn -0.6685 0.6820 0.2964
vn -0.6687 0.6816 0.2971
vn -0.6822 0.6630 0.3082
vn -0.6822 0.6634 0.3074
vn -0.6825 0.6623 0.3091
vn -0.6483 0.6996 0.3003
vn -0.6490 0.6990 0.3003
vn -0.6494 0.6986 0.3004
vn -0.6401 0.7090 0.2961
vn -0.6399 0.7092 0.2959
vn -0.6371 0.7123 0.2946
vn -0.6400 0.7090 0.2962
vn -0.6397 0.7093 0.2960
vn -0.6402 0.7087 0.2965
vn -0.6473 0.7005 0.3006
vn -0.6474 0.7003 0.3009
vn -0.6582 0.6868 0.3084
vn -0.6581 0.6871 0.3079
vn -0.6584 0.6864 0.3088
vn -0.6719 0.6681 0.3198
vn -0.6718 0.6686 0.3189
vn -0.6722 0.6674 0.3205
vn -0.6441 0.6972 0.3148
vn -0.6446 0.6967 0.3148
vn -0.6448 0.6965 0.3149
vn -0.6343 0.7080 0.3103
vn -0.6306 0.7121 0.3087
vn -0.6303 0.7123 0.3087
vn -0.6318 0.7105 0.3097
vn -0.6320 0.7102 0.3100
vn -0.6381 0.7033 0.3135
vn -0.6382 0.7030 0.3138
vn -0.6483 0.6906 0.3206
vn -0.6483 0.6908 0.3201
vn -0.6484 0.6906 0.3204
vn -0.6618 0.6727 0.3310
vn -0.6617 0.6731 0.3302
vn -0.6621 0.6722 0.3315
vn -0.6416 0.6922 0.3306
vn -0.6304 0.7046 0.3258
vn -0.6301 0.7049 0.3258
vn -0.6254 0.7099 0.3239
vn -0.6251 0.7101 0.3239
vn -0.6261 0.7090 0.3246
vn -0.6257 0.7093 0.3247
vn -0.6307 0.7034 0.3278
vn -0.6304 0.7038 0.3275
vn -0.6303 0.7039 0.3275
vn -0.6391 0.6934 0.3327
vn -0.6521 0.6768 0.3416
vn -0.7947 0.3873 0.4675
vn -0.7963 0.3886 0.4636
vn -0.7932 0.3836 0.4730
vn -0.7786 0.3939 0.4885
vn -0.7801 0.3947 0.4854
vn -0.7773 0.3912 0.4928
vn -0.7628 0.4043 0.5047
vn -0.7640 0.4048 0.5025
vn -0.7618 0.4024 0.5077
vn -0.7472 0.4180 0.5167
vn -0.7482 0.4183 0.5150
vn -0.7464 0.4165 0.5190
vn -0.7307 0.4350 0.5261
vn -0.7316 0.4352 0.5248
vn -0.7300 0.4339 0.5280
vn -0.7132 0.4549 0.5332
vn -0.7139 0.4551 0.5323
vn -0.7126 0.4541 0.5348
vn -0.6955 0.4765 0.5378
vn -0.6946 0.4760 0.5394
vn -0.7867 0.4490 0.4238
vn -0.7878 0.4502 0.4203
vn -0.7860 0.4455 0.4287
vn -0.7730 0.4534 0.4437
vn -0.7741 0.4542 0.4409
vn -0.7722 0.4507 0.4479
vn -0.7584 0.4612 0.4606
vn -0.7595 0.4619 0.4581
vn -0.7576 0.4591 0.4640
vn -0.7432 0.4716 0.4745
vn -0.7442 0.4721 0.4725
vn -0.7424 0.4699 0.4775
vn -0.7267 0.4854 0.4860
vn -0.7276 0.4857 0.4844
vn -0.7261 0.4841 0.4884
vn -0.7093 0.5024 0.4945
vn -0.7098 0.5025 0.4936
vn -0.7085 0.5015 0.4965
vn -0.6907 0.5220 0.5004
vn -0.6912 0.5220 0.4997
vn -0.6902 0.5214 0.5018
vn -0.7751 0.4972 0.3900
vn -0.7758 0.4982 0.3871
vn -0.7749 0.4942 0.3940
vn -0.7635 0.5010 0.4075
vn -0.7643 0.5018 0.4050
vn -0.7631 0.4985 0.4113
vn -0.7505 0.5072 0.4238
vn -0.7513 0.5078 0.4214
vn -0.7499 0.5050 0.4272
vn -0.7362 0.5158 0.4381
vn -0.7370 0.5163 0.4362
vn -0.7356 0.5141 0.4411
vn -0.7204 0.5276 0.4503
vn -0.7212 0.5278 0.4487
vn -0.7198 0.5262 0.4528
vn -0.7033 0.5423 0.4597
vn -0.7038 0.5423 0.4589
vn -0.7026 0.5414 0.4619
vn -0.6848 0.5601 0.4662
vn -0.6852 0.5601 0.4655
vn -0.6842 0.5596 0.4677
vn -0.7623 0.5358 0.3630
vn -0.7628 0.5367 0.3607
vn -0.7624 0.5335 0.3662
vn -0.7519 0.5398 0.3784
vn -0.7525 0.5405 0.3764
vn -0.7518 0.5378 0.3815
vn -0.7400 0.5457 0.3931
vn -0.7407 0.5463 0.3911
vn -0.7398 0.5439 0.3960
vn -0.7266 0.5537 0.4067
vn -0.7273 0.5542 0.4048
vn -0.7263 0.5521 0.4094
vn -0.7119 0.5639 0.4186
vn -0.7126 0.5642 0.4171
vn -0.7115 0.5626 0.4211
vn -0.6957 0.5767 0.4283
vn -0.6962 0.5767 0.4274
vn -0.6951 0.5758 0.4305
vn -0.6781 0.5925 0.4349
vn -0.6772 0.5923 0.4366
vn -0.7476 0.5709 0.3394
vn -0.7479 0.5715 0.3376
vn -0.7479 0.5690 0.3419
vn -0.7380 0.5750 0.3530
vn -0.7384 0.5757 0.3513
vn -0.7381 0.5734 0.3555
vn -0.7272 0.5806 0.3662
vn -0.7276 0.5812 0.3645
vn -0.7272 0.5790 0.3687
vn -0.7150 0.5875 0.3789
vn -0.7154 0.5881 0.3773
vn -0.7149 0.5861 0.3814
vn -0.7018 0.5958 0.3906
vn -0.7023 0.5962 0.3891
vn -0.7015 0.5945 0.3930
vn -0.6872 0.6059 0.4007
vn -0.6878 0.6060 0.3996
vn -0.6868 0.6049 0.4030
vn -0.6708 0.6193 0.4079
vn -0.6700 0.6191 0.4097
vn -0.7316 0.6028 0.3184
vn -0.7317 0.6034 0.3170
vn -0.7319 0.6013 0.3205
vn -0.7226 0.6070 0.3308
vn -0.7228 0.6076 0.3292
vn -0.7228 0.6056 0.3328
vn -0.7126 0.6119 0.3431
vn -0.7128 0.6125 0.3416
vn -0.7128 0.6106 0.3450
vn -0.7015 0.6178 0.3552
vn -0.7018 0.6184 0.3536
vn -0.7017 0.6165 0.3572
vn -0.6900 0.6242 0.3664
vn -0.6904 0.6247 0.3649
vn -0.6901 0.6229 0.3685
vn -0.6780 0.6314 0.3765
vn -0.6784 0.6317 0.3751
vn -0.6777 0.6302 0.3788
vn -0.6639 0.6411 0.3849
vn -0.6643 0.6412 0.3843
vn -0.6633 0.6406 0.3869
vn -0.6403 0.6852 0.3471
vn -0.6399 0.6857 0.3469
vn -0.6397 0.6859 0.3469
vn -0.6280 0.6988 0.3425
vn -0.6280 0.6990 0.3421
vn -0.6275 0.6994 0.3421
vn -0.6222 0.7050 0.3404
vn -0.6219 0.7054 0.3401
vn -0.6217 0.7055 0.3401
vn -0.6219 0.7052 0.3406
vn -0.6214 0.7055 0.3406
vn -0.6253 0.7010 0.3428
vn -0.6249 0.7014 0.3429
vn -0.6319 0.6933 0.3466
vn -0.7157 0.6305 0.3005
vn -0.7157 0.6310 0.2994
vn -0.7160 0.6293 0.3022
vn -0.7069 0.6348 0.3122
vn -0.7069 0.6353 0.3108
vn -0.7072 0.6337 0.3136
vn -0.6973 0.6395 0.3238
vn -0.6974 0.6400 0.3225
vn -0.6976 0.6384 0.3252
vn -0.6869 0.6448 0.3353
vn -0.6869 0.6454 0.3341
vn -0.6872 0.6437 0.3367
vn -0.6764 0.6499 0.3465
vn -0.6765 0.6505 0.3451
vn -0.6767 0.6490 0.3476
vn -0.6665 0.6549 0.3561
vn -0.6667 0.6554 0.3548
vn -0.6667 0.6539 0.3578
vn -0.6764 0.4977 0.5429
vn -0.6771 0.4980 0.5419
vn -0.6714 0.5424 0.5050
vn -0.6720 0.5425 0.5041
vn -0.6652 0.5797 0.4706
vn -0.6657 0.5798 0.4698
vn -0.6583 0.6113 0.4392
vn -0.6586 0.6113 0.4387
vn -0.6516 0.6370 0.4118
vn -0.6519 0.6370 0.4114
vn -0.6455 0.6579 0.3880
vn -0.6451 0.6580 0.3885
vn -0.6417 0.6733 0.3674
vn -0.6407 0.6743 0.3673
vn -0.6398 0.6748 0.3679
vn -0.6406 0.6823 0.3523
vn -0.6418 0.6812 0.3521
vn -0.6425 0.6805 0.3524
vn -0.6555 0.6614 0.3645
vn -0.6559 0.6618 0.3632
vn -0.6553 0.6604 0.3667
vn -0.7142 0.3453 0.6089
vn -0.7142 0.3470 0.6078
vn -0.7122 0.3485 0.6093
vn -0.7005 0.4498 0.5541
vn -0.7001 0.4553 0.5501
vn -0.6982 0.4578 0.5504
vn -0.6920 0.5083 0.5127
vn -0.6905 0.5143 0.5086
vn -0.6886 0.5168 0.5087
vn -0.6830 0.5536 0.4765
vn -0.6814 0.5587 0.4728
vn -0.6797 0.5607 0.4729
vn -0.6752 0.5881 0.4454
vn -0.6737 0.5920 0.4424
vn -0.6723 0.5936 0.4424
vn -0.6689 0.6149 0.4177
vn -0.6676 0.6178 0.4154
vn -0.6666 0.6190 0.4154
vn -0.6643 0.6356 0.3933
vn -0.6633 0.6376 0.3917
vn -0.6626 0.6384 0.3917
vn -0.6613 0.6510 0.3726
vn -0.6608 0.6522 0.3716
vn -0.6603 0.6526 0.3716
vn -0.6800 0.4226 0.5991
vn -0.6796 0.4226 0.5996
vn -0.6638 0.4508 0.5967
vn -0.6642 0.4510 0.5962
vn -0.6554 0.4669 0.5937
vn -0.6551 0.4671 0.5939
vn -0.6558 0.4673 0.5929
vn -0.6538 0.4724 0.5911
vn -0.6533 0.4723 0.5917
vn -0.6542 0.4729 0.5902
vn -0.6572 0.4699 0.5893
vn -0.6580 0.4703 0.5881
vn -0.6662 0.4598 0.5872
vn -0.6658 0.4597 0.5877
vn -0.6667 0.4603 0.5862
vn -0.6795 0.4426 0.5852
vn -0.6792 0.4427 0.5854
vn -0.6800 0.4431 0.5842
vn -0.7075 0.6582 0.2572
vn -0.7091 0.6569 0.2563
vn -0.7071 0.6588 0.2568
vn -0.6868 0.6831 0.2486
vn -0.6799 0.6911 0.2452
vn -0.6797 0.6913 0.2450
vn -0.6801 0.6907 0.2458
vn -0.6782 0.6926 0.2457
vn -0.6780 0.6931 0.2449
vn -0.6784 0.6922 0.2460
vn -0.6811 0.6886 0.2489
vn -0.6810 0.6889 0.2481
vn -0.6814 0.6880 0.2495
vn -0.6877 0.6799 0.2547
vn -0.6876 0.6802 0.2541
vn -0.6880 0.6792 0.2557
vn -0.6974 0.6667 0.2630
vn -0.6972 0.6670 0.2626
vn -0.6976 0.6658 0.2646
vn -0.7095 0.6489 0.2749
vn -0.7095 0.6494 0.2738
vn -0.7099 0.6479 0.2762
vn -0.6903 0.6709 0.2707
vn -0.6941 0.6671 0.2705
vn -0.6896 0.6719 0.2702
vn -0.6753 0.6815 0.2821
vn -0.6791 0.6777 0.2821
vn -0.6802 0.6764 0.2826
vn -0.6688 0.6825 0.2948
vn -0.6718 0.6795 0.2949
vn -0.6726 0.6786 0.2953
vn -0.6642 0.6811 0.3082
vn -0.6662 0.6791 0.3083
vn -0.6668 0.6784 0.3086
vn -0.6612 0.6772 0.3227
vn -0.6623 0.6761 0.3228
vn -0.6627 0.6756 0.3229
vn -0.6601 0.6706 0.3385
vn -0.6603 0.6704 0.3384
vn -0.6604 0.6703 0.3385
vn -0.6599 0.6621 0.3553
vn -0.6597 0.6626 0.3547
vn -0.6594 0.6629 0.3547
vn -0.8096 0.3055 0.5012
vn -0.8125 0.3078 0.4951
vn -0.8057 0.2992 0.5112
vn -0.7940 0.2981 0.5297
vn -0.7957 0.2991 0.5267
vn -0.7925 0.2954 0.5336
vn -0.7769 0.3145 0.5455
vn -0.7780 0.3147 0.5438
vn -0.7755 0.3129 0.5484
vn -0.7617 0.3315 0.5567
vn -0.7625 0.3318 0.5555
vn -0.7607 0.3305 0.5586
vn -0.7468 0.3510 0.5648
vn -0.7475 0.3511 0.5639
vn -0.7461 0.3501 0.5663
vn -0.7311 0.3728 0.5714
vn -0.7317 0.3728 0.5707
vn -0.7306 0.3720 0.5725
vn -0.7145 0.3965 0.5764
vn -0.7150 0.3965 0.5758
vn -0.7140 0.3958 0.5775
vn -0.6973 0.4208 0.5803
vn -0.6978 0.4210 0.5795
vn -0.6967 0.4202 0.5814
vn -0.8094 0.3896 0.4395
vn -0.8110 0.3914 0.4349
vn -0.8075 0.3841 0.4477
vn -0.7974 0.4509 0.4010
vn -0.7986 0.4531 0.3963
vn -0.7974 0.4458 0.4068
vn -0.7846 0.4968 0.3710
vn -0.7852 0.4983 0.3677
vn -0.7849 0.4931 0.3753
vn -0.7710 0.5341 0.3467
vn -0.7714 0.5353 0.3441
vn -0.7715 0.5313 0.3501
vn -0.7560 0.5681 0.3252
vn -0.7562 0.5690 0.3231
vn -0.7564 0.5660 0.3279
vn -0.7397 0.5993 0.3059
vn -0.7399 0.6000 0.3042
vn -0.7402 0.5977 0.3079
vn -0.7239 0.6265 0.2889
vn -0.7239 0.6271 0.2876
vn -0.7243 0.6253 0.2906
vn -0.7961 0.2572 0.5478
vn -0.8065 0.1725 0.5655
vn -0.7899 0.2754 0.5480
vn -0.8193 0.2241 0.5278
vn -0.8273 0.1547 0.5400
vn -0.8147 0.2386 0.5285
vn -0.8333 0.2157 0.5091
vn -0.8393 0.1656 0.5178
vn -0.8300 0.2266 0.5096
vn -0.8407 0.2251 0.4925
vn -0.8457 0.1876 0.4996
vn -0.8382 0.2336 0.4928
vn -0.8451 0.2396 0.4780
vn -0.8491 0.2118 0.4839
vn -0.8431 0.2462 0.4781
vn -0.8472 0.2559 0.4657
vn -0.8503 0.2357 0.4705
vn -0.8456 0.2609 0.4656
vn -0.8472 0.2747 0.4547
vn -0.8497 0.2600 0.4587
vn -0.8460 0.2786 0.4545
vn -0.7593 0.4242 0.4935
vn -0.7631 0.3878 0.5170
vn -0.7680 0.3783 0.5168
vn -0.8008 0.3173 0.5079
vn -0.8116 0.2621 0.5222
vn -0.7959 0.3299 0.5076
vn -0.8188 0.2906 0.4951
vn -0.8277 0.2429 0.5059
vn -0.8151 0.3008 0.4952
vn -0.8287 0.2854 0.4815
vn -0.8359 0.2476 0.4899
vn -0.8258 0.2935 0.4816
vn -0.8349 0.2877 0.4693
vn -0.8406 0.2592 0.4757
vn -0.8327 0.2940 0.4693
vn -0.8385 0.2941 0.4587
vn -0.8429 0.2731 0.4636
vn -0.8368 0.2989 0.4587
vn -0.8396 0.3059 0.4489
vn -0.8429 0.2905 0.4529
vn -0.8383 0.3097 0.4488
vn -0.7440 0.4737 0.4712
vn -0.7469 0.4540 0.4858
vn -0.7504 0.4482 0.4858
vn -0.7697 0.4363 0.4661
vn -0.7745 0.4073 0.4840
vn -0.7785 0.3999 0.4837
vn -0.8034 0.3558 0.4774
vn -0.8133 0.3153 0.4890
vn -0.7996 0.3649 0.4771
vn -0.8158 0.3397 0.4680
vn -0.8241 0.3055 0.4770
vn -0.8129 0.3469 0.4679
vn -0.8242 0.3316 0.4591
vn -0.8308 0.3047 0.4658
vn -0.8219 0.3372 0.4590
vn -0.8294 0.3297 0.4509
vn -0.8346 0.3092 0.4559
vn -0.8277 0.3341 0.4509
vn -0.8315 0.3358 0.4426
vn -0.8354 0.3203 0.4466
vn -0.8301 0.3393 0.4425
vn -0.7318 0.5139 0.4476
vn -0.7346 0.5011 0.4575
vn -0.7371 0.4972 0.4576
vn -0.7587 0.4748 0.4461
vn -0.7613 0.4578 0.4591
vn -0.7642 0.4529 0.4592
vn -0.7786 0.4441 0.4434
vn -0.7828 0.4221 0.4572
vn -0.7858 0.4167 0.4571
vn -0.8039 0.3851 0.4532
vn -0.8116 0.3579 0.4616
vn -0.8012 0.3911 0.4528
vn -0.8143 0.3691 0.4481
vn -0.8207 0.3460 0.4546
vn -0.8122 0.3737 0.4479
vn -0.8208 0.3611 0.4426
vn -0.8262 0.3422 0.4475
vn -0.8192 0.3648 0.4426
vn -0.8234 0.3634 0.4360
vn -0.8278 0.3484 0.4397
vn -0.8220 0.3665 0.4358
vn -0.7227 0.5445 0.4256
vn -0.7250 0.5363 0.4321
vn -0.7268 0.5337 0.4322
vn -0.7485 0.5066 0.4278
vn -0.7508 0.4959 0.4363
vn -0.7528 0.4928 0.4364
vn -0.7706 0.4718 0.4285
vn -0.7726 0.4596 0.4379
vn -0.7745 0.4563 0.4381
vn -0.7876 0.4425 0.4288
vn -0.7900 0.4291 0.4379
vn -0.7918 0.4258 0.4379
vn -0.7994 0.4210 0.4287
vn -0.8027 0.4062 0.4368
vn -0.8044 0.4029 0.4366
vn -0.8136 0.3869 0.4339
vn -0.8187 0.3707 0.4386
vn -0.8122 0.3899 0.4338
vn -0.8163 0.3870 0.4288
vn -0.8209 0.3733 0.4323
vn -0.8151 0.3896 0.4287
vn -0.7167 0.5669 0.4061
vn -0.7183 0.5622 0.4099
vn -0.7194 0.5607 0.4100
vn -0.7416 0.5298 0.4115
vn -0.7432 0.5238 0.4163
vn -0.7444 0.5220 0.4164
vn -0.7637 0.4944 0.4153
vn -0.7651 0.4875 0.4207
vn -0.7662 0.4856 0.4209
vn -0.7823 0.4617 0.4181
vn -0.7835 0.4545 0.4237
vn -0.7846 0.4526 0.4239
vn -0.7963 0.4360 0.4193
vn -0.7975 0.4282 0.4250
vn -0.7984 0.4263 0.4252
vn -0.8036 0.4226 0.4191
vn -0.8061 0.4122 0.4246
vn -0.8071 0.4101 0.4247
vn -0.8111 0.4051 0.4218
vn -0.8148 0.3942 0.4252
vn -0.8103 0.4069 0.4217
vn -0.8309 0.3771 0.4091
vn -0.8311 0.3768 0.4091
vn -0.8309 0.3775 0.4088
vn -0.8301 0.3802 0.4080
vn -0.8302 0.3795 0.4083
vn -0.8300 0.3807 0.4077
vn -0.8293 0.3838 0.4062
vn -0.8295 0.3823 0.4071
vn -0.8291 0.3843 0.4062
vn -0.8282 0.3882 0.4043
vn -0.8285 0.3864 0.4054
vn -0.8279 0.3890 0.4041
vn -0.8268 0.3941 0.4014
vn -0.8271 0.3918 0.4031
vn -0.8264 0.3952 0.4011
vn -0.8250 0.4015 0.3978
vn -0.8251 0.3992 0.3999
vn -0.8246 0.4029 0.3972
vn -0.8229 0.4101 0.3933
vn -0.8227 0.4082 0.3956
vn -0.8225 0.4118 0.3923
vn -0.8333 0.3689 0.4117
vn -0.8336 0.3675 0.4124
vn -0.8331 0.3694 0.4116
vn -0.8312 0.3755 0.4099
vn -0.8315 0.3739 0.4108
vn -0.8310 0.3761 0.4099
vn -0.8291 0.3824 0.4080
vn -0.8294 0.3804 0.4091
vn -0.8288 0.3831 0.4079
vn -0.8267 0.3898 0.4057
vn -0.8271 0.3877 0.4070
vn -0.8264 0.3907 0.4054
vn -0.8241 0.3985 0.4026
vn -0.8244 0.3961 0.4044
vn -0.8237 0.3997 0.4021
vn -0.8212 0.4083 0.3987
vn -0.8212 0.4061 0.4009
vn -0.8208 0.4098 0.3980
vn -0.8181 0.4187 0.3942
vn -0.8178 0.4173 0.3964
vn -0.8178 0.4205 0.3929
vn -0.8360 0.3581 0.4158
vn -0.8365 0.3555 0.4169
vn -0.8357 0.3590 0.4156
vn -0.8326 0.3685 0.4134
vn -0.8332 0.3658 0.4147
vn -0.8323 0.3695 0.4132
vn -0.8292 0.3790 0.4109
vn -0.8297 0.3763 0.4123
vn -0.8288 0.3801 0.4107
vn -0.8255 0.3901 0.4079
vn -0.8259 0.3873 0.4096
vn -0.8251 0.3914 0.4076
vn -0.8216 0.4019 0.4043
vn -0.8219 0.3992 0.4064
vn -0.8211 0.4033 0.4038
vn -0.8175 0.4141 0.4002
vn -0.8175 0.4120 0.4024
vn -0.8172 0.4158 0.3993
vn -0.8135 0.4262 0.3956
vn -0.8131 0.4253 0.3975
vn -0.8134 0.4279 0.3941
vn -0.8387 0.3455 0.4210
vn -0.8395 0.3415 0.4227
vn -0.8382 0.3469 0.4208
vn -0.8341 0.3599 0.4179
vn -0.8350 0.3559 0.4197
vn -0.8337 0.3613 0.4177
vn -0.8294 0.3744 0.4146
vn -0.8302 0.3704 0.4166
vn -0.8289 0.3759 0.4144
vn -0.8244 0.3892 0.4110
vn -0.8251 0.3853 0.4132
vn -0.8239 0.3907 0.4106
vn -0.8192 0.4041 0.4069
vn -0.8197 0.4006 0.4094
vn -0.8187 0.4058 0.4063
vn -0.8141 0.4187 0.4023
vn -0.8141 0.4164 0.4048
vn -0.8137 0.4205 0.4013
vn -0.8095 0.4320 0.3975
vn -0.8090 0.4312 0.3994
vn -0.8094 0.4337 0.3959
vn -0.8412 0.3311 0.4275
vn -0.8424 0.3251 0.4298
vn -0.8406 0.3330 0.4273
vn -0.8356 0.3496 0.4237
vn -0.8369 0.3437 0.4261
vn -0.8349 0.3516 0.4234
vn -0.8296 0.3683 0.4196
vn -0.8310 0.3624 0.4221
vn -0.8289 0.3702 0.4193
vn -0.8234 0.3869 0.4152
vn -0.8246 0.3813 0.4179
vn -0.8227 0.3888 0.4148
vn -0.8171 0.4049 0.4103
vn -0.8180 0.4003 0.4132
vn -0.8164 0.4069 0.4097
vn -0.8113 0.4213 0.4053
vn -0.8115 0.4183 0.4081
vn -0.8108 0.4232 0.4044
vn -0.8066 0.4347 0.4006
vn -0.8060 0.4342 0.4023
vn -0.8065 0.4363 0.3990
vn -0.8435 0.3145 0.4354
vn -0.8451 0.3062 0.4383
vn -0.8427 0.3171 0.4351
vn -0.8370 0.3373 0.4308
vn -0.8389 0.3288 0.4338
vn -0.8361 0.3399 0.4305
vn -0.8300 0.3602 0.4259
vn -0.8321 0.3516 0.4290
vn -0.8291 0.3626 0.4256
vn -0.8227 0.3824 0.4207
vn -0.8248 0.3743 0.4239
vn -0.8217 0.3848 0.4203
vn -0.8157 0.4030 0.4151
vn -0.8174 0.3962 0.4183
vn -0.8148 0.4052 0.4146
vn -0.8095 0.4207 0.4095
vn -0.8104 0.4160 0.4126
vn -0.8088 0.4227 0.4088
vn -0.8052 0.4337 0.4044
vn -0.8050 0.4321 0.4066
vn -0.8049 0.4353 0.4033
vn -0.7714 0.5562 0.3091
vn -0.7606 0.5701 0.3106
vn -0.7571 0.5753 0.3096
vn -0.7493 0.5826 0.3149
vn -0.7404 0.5937 0.3153
vn -0.7378 0.5974 0.3143
vn -0.7337 0.5975 0.3235
vn -0.7273 0.6053 0.3235
vn -0.7255 0.6078 0.3227
vn -0.7240 0.6033 0.3344
vn -0.7193 0.6090 0.3342
vn -0.7181 0.6108 0.3336
vn -0.7173 0.6043 0.3469
vn -0.7143 0.6079 0.3467
vn -0.7135 0.6091 0.3463
vn -0.7130 0.6013 0.3606
vn -0.7119 0.6027 0.3605
vn -0.7116 0.6032 0.3603
vn -0.7116 0.5942 0.3749
vn -0.7119 0.5936 0.3753
vn -0.7121 0.5934 0.3753
vn -0.7892 0.5209 0.3253
vn -0.7830 0.5278 0.3291
vn -0.7794 0.5328 0.3298
vn -0.7714 0.5442 0.3299
vn -0.7647 0.5521 0.3321
vn -0.7619 0.5562 0.3319
vn -0.7576 0.5589 0.3371
vn -0.7516 0.5663 0.3382
vn -0.7495 0.5694 0.3377
vn -0.7478 0.5660 0.3470
vn -0.7429 0.5722 0.3473
vn -0.7415 0.5744 0.3467
vn -0.7409 0.5681 0.3583
vn -0.7376 0.5724 0.3582
vn -0.7367 0.5738 0.3578
vn -0.7366 0.5657 0.3706
vn -0.7353 0.5675 0.3705
vn -0.7350 0.5680 0.3703
vn -0.7355 0.5585 0.3836
vn -0.7357 0.5578 0.3841
vn -0.7358 0.5577 0.3841
vn -0.8003 0.4932 0.3409
vn -0.7980 0.4949 0.3439
vn -0.7947 0.4984 0.3465
vn -0.7874 0.5117 0.3437
vn -0.7835 0.5156 0.3468
vn -0.7806 0.5193 0.3478
vn -0.7763 0.5246 0.3496
vn -0.7717 0.5298 0.3518
vn -0.7695 0.5330 0.3519
vn -0.7675 0.5316 0.3583
vn -0.7633 0.5369 0.3594
vn -0.7617 0.5393 0.3591
vn -0.7612 0.5337 0.3684
vn -0.7582 0.5378 0.3687
vn -0.7573 0.5393 0.3684
vn -0.7576 0.5311 0.3795
vn -0.7562 0.5330 0.3794
vn -0.7559 0.5336 0.3792
vn -0.7568 0.5236 0.3912
vn -0.7570 0.5230 0.3917
vn -0.7572 0.5228 0.3917
vn -0.8071 0.4719 0.3548
vn -0.8066 0.4722 0.3555
vn -0.8041 0.4733 0.3597
vn -0.7973 0.4874 0.3561
vn -0.7957 0.4883 0.3583
vn -0.7930 0.4909 0.3608
vn -0.7888 0.4978 0.3606
vn -0.7862 0.5001 0.3630
vn -0.7840 0.5028 0.3640
vn -0.7821 0.5029 0.3679
vn -0.7793 0.5061 0.3695
vn -0.7778 0.5082 0.3697
vn -0.7777 0.5031 0.3769
vn -0.7755 0.5061 0.3775
vn -0.7746 0.5075 0.3774
vn -0.7754 0.4991 0.3869
vn -0.7744 0.5007 0.3869
vn -0.7741 0.5011 0.3867
vn -0.7755 0.4907 0.3973
vn -0.7756 0.4900 0.3979
vn -0.7758 0.4897 0.3979
vn -0.8124 0.4532 0.3668
vn -0.8128 0.4531 0.3661
vn -0.8111 0.4526 0.3705
vn -0.8046 0.4663 0.3677
vn -0.8044 0.4664 0.3681
vn -0.8024 0.4670 0.3715
vn -0.7982 0.4750 0.3705
vn -0.7973 0.4755 0.3717
vn -0.7954 0.4771 0.3739
vn -0.7935 0.4787 0.3759
vn -0.7920 0.4799 0.3774
vn -0.7905 0.4816 0.3783
vn -0.7907 0.4774 0.3834
vn -0.7891 0.4792 0.3843
vn -0.7884 0.4803 0.3844
vn -0.7896 0.4718 0.3924
vn -0.7888 0.4730 0.3925
vn -0.7884 0.4736 0.3925
vn -0.7902 0.4628 0.4017
vn -0.7902 0.4622 0.4024
vn -0.7905 0.4618 0.4023
vn -0.8168 0.4369 0.3768
vn -0.8174 0.4374 0.3750
vn -0.8164 0.4353 0.3793
vn -0.8105 0.4480 0.3773
vn -0.8110 0.4479 0.3765
vn -0.8097 0.4471 0.3801
vn -0.8055 0.4556 0.3790
vn -0.8055 0.4556 0.3789
vn -0.8040 0.4558 0.3819
vn -0.8016 0.4594 0.3826
vn -0.8012 0.4596 0.3830
vn -0.7999 0.4603 0.3850
vn -0.7997 0.4580 0.3882
vn -0.7990 0.4585 0.3891
vn -0.7981 0.4595 0.3898
vn -0.7996 0.4514 0.3960
vn -0.7989 0.4524 0.3964
vn -0.7984 0.4530 0.3966
vn -0.8003 0.4419 0.4052
vn -0.8456 0.2955 0.4445
vn -0.8476 0.2844 0.4479
vn -0.8446 0.2987 0.4442
vn -0.8385 0.3224 0.4393
vn -0.8410 0.3108 0.4428
vn -0.8374 0.3255 0.4391
vn -0.8307 0.3489 0.4337
vn -0.8337 0.3372 0.4373
vn -0.8296 0.3519 0.4335
vn -0.8228 0.3741 0.4278
vn -0.8261 0.3628 0.4313
vn -0.8216 0.3770 0.4276
vn -0.8155 0.3967 0.4215
vn -0.8187 0.3865 0.4247
vn -0.8144 0.3992 0.4212
vn -0.8096 0.4149 0.4152
vn -0.8117 0.4079 0.4181
vn -0.8087 0.4169 0.4149
vn -0.8200 0.4237 0.3848
vn -0.8203 0.4250 0.3826
vn -0.8201 0.4220 0.3865
vn -0.8148 0.4333 0.3851
vn -0.8153 0.4339 0.3835
vn -0.8146 0.4319 0.3871
vn -0.8102 0.4408 0.3862
vn -0.8106 0.4410 0.3853
vn -0.8098 0.4398 0.3884
vn -0.8067 0.4453 0.3884
vn -0.8068 0.4454 0.3881
vn -0.8059 0.4450 0.3906
vn -0.8045 0.4458 0.3925
vn -0.8047 0.4459 0.3920
vn -0.8036 0.4459 0.3942
vn -0.8044 0.4408 0.3982
vn -0.8042 0.4410 0.3986
vn -0.8036 0.4413 0.3994
vn -0.7132 0.5828 0.3894
vn -0.7141 0.5805 0.3912
vn -0.7147 0.5798 0.3912
vn -0.7375 0.5465 0.3968
vn -0.7384 0.5437 0.3990
vn -0.7390 0.5428 0.3991
vn -0.7593 0.5111 0.4029
vn -0.7601 0.5078 0.4054
vn -0.7607 0.5069 0.4055
vn -0.7781 0.4778 0.4077
vn -0.7789 0.4743 0.4104
vn -0.7794 0.4734 0.4105
vn -0.7928 0.4504 0.4106
vn -0.7934 0.4467 0.4136
vn -0.7939 0.4457 0.4137
vn -0.8022 0.4327 0.4113
vn -0.8029 0.4284 0.4147
vn -0.8033 0.4273 0.4148
vn -0.8065 0.4238 0.4122
vn -0.8076 0.4197 0.4144
vn -0.8079 0.4189 0.4146
vn -0.8061 0.4270 0.4098
vn -0.8067 0.4237 0.4121
vn -0.8055 0.4285 0.4092
vn -0.8057 0.4308 0.4065
vn -0.7846 0.1299 0.6062
vn -0.7832 -0.0598 0.6189
vn -0.7753 0.1625 0.6104
vn -0.8160 0.1085 0.5677
vn -0.8174 -0.0049 0.5760
vn -0.8110 0.1297 0.5705
vn -0.8341 0.1152 0.5394
vn -0.8364 0.0454 0.5462
vn -0.8309 0.1300 0.5411
vn -0.8447 0.1357 0.5178
vn -0.8470 0.0891 0.5241
vn -0.8423 0.1465 0.5187
vn -0.8506 0.1624 0.5001
vn -0.8529 0.1283 0.5060
vn -0.8487 0.1709 0.5005
vn -0.8538 0.1899 0.4848
vn -0.8559 0.1647 0.4901
vn -0.8522 0.1966 0.4848
vn -0.8548 0.2170 0.4714
vn -0.8567 0.1988 0.4760
vn -0.8535 0.2221 0.4713
vn -0.8540 0.2435 0.4597
vn -0.8556 0.2302 0.4636
vn -0.8530 0.2475 0.4596
vn -0.7397 0.4155 0.5293
vn -0.7460 0.3610 0.5596
vn -0.7508 0.3498 0.5603
vn -0.7231 0.4725 0.5039
vn -0.7262 0.4532 0.5170
vn -0.7298 0.4471 0.5172
vn -0.7104 0.5209 0.4733
vn -0.7133 0.5091 0.4818
vn -0.7159 0.5052 0.4819
vn -0.7008 0.5571 0.4455
vn -0.7033 0.5490 0.4516
vn -0.7054 0.5463 0.4517
vn -0.6938 0.5846 0.4206
vn -0.6957 0.5792 0.4249
vn -0.6972 0.5773 0.4249
vn -0.6890 0.6051 0.3988
vn -0.6904 0.6018 0.4015
vn -0.6914 0.6006 0.4015
vn -0.6864 0.6198 0.3804
vn -0.6872 0.6181 0.3818
vn -0.6877 0.6175 0.3818
vn -0.8292 0.3824 0.4076
vn -0.8295 0.3821 0.4074
vn -0.8299 0.3820 0.4067
vn -0.8298 0.3818 0.4070
vn -0.8298 0.3823 0.4066
vn -0.8301 0.3829 0.4054
vn -0.8303 0.3817 0.4060
vn -0.8299 0.3834 0.4053
vn -0.8300 0.3851 0.4035
vn -0.8302 0.3835 0.4046
vn -0.8297 0.3858 0.4034
vn -0.8296 0.3888 0.4008
vn -0.8299 0.3865 0.4023
vn -0.8292 0.3898 0.4006
vn -0.8288 0.3941 0.3972
vn -0.8291 0.3915 0.3992
vn -0.8284 0.3954 0.3968
vn -0.8277 0.4008 0.3928
vn -0.8277 0.3984 0.3952
vn -0.8273 0.4024 0.3921
vn -0.8320 0.3739 0.4098
vn -0.8320 0.3737 0.4101
vn -0.8320 0.3743 0.4096
vn -0.8356 0.3618 0.4134
vn -0.8359 0.3604 0.4140
vn -0.8354 0.3625 0.4132
vn -0.8393 0.3477 0.4180
vn -0.8397 0.3452 0.4192
vn -0.8390 0.3486 0.4179
vn -0.8428 0.3313 0.4241
vn -0.8435 0.3275 0.4256
vn -0.8424 0.3328 0.4238
vn -0.8462 0.3130 0.4311
vn -0.8472 0.3073 0.4334
vn -0.8457 0.3150 0.4309
vn -0.8493 0.2923 0.4396
vn -0.8505 0.2845 0.4424
vn -0.8486 0.2948 0.4393
vn -0.8520 0.2691 0.4491
vn -0.8534 0.2589 0.4525
vn -0.8511 0.2723 0.4489
vn -0.7873 0.5478 0.2831
vn -0.7654 0.5777 0.2835
vn -0.7593 0.5868 0.2811
vn -0.7423 0.6034 0.2913
vn -0.7289 0.6205 0.2893
vn -0.7262 0.6244 0.2878
vn -0.7182 0.6285 0.2984
vn -0.7104 0.6377 0.2979
vn -0.7085 0.6402 0.2968
vn -0.7053 0.6379 0.3092
vn -0.7000 0.6439 0.3088
vn -0.6987 0.6456 0.3081
vn -0.6969 0.6412 0.3213
vn -0.6932 0.6453 0.3210
vn -0.6923 0.6465 0.3205
vn -0.6909 0.6407 0.3349
vn -0.6887 0.6432 0.3347
vn -0.6881 0.6440 0.3344
vn -0.6869 0.6372 0.3495
vn -0.6866 0.6376 0.3493
vn -0.6860 0.6382 0.3494
vn -0.6855 0.6301 0.3648
vn -0.6857 0.6297 0.3652
vn -0.6859 0.6294 0.3652
vn -0.8010 0.5145 0.3061
vn -0.7905 0.5280 0.3104
vn -0.7858 0.5350 0.3105
vn -0.8091 0.4896 0.3250
vn -0.8054 0.4928 0.3293
vn -0.8014 0.4976 0.3320
vn -0.8143 0.4689 0.3421
vn -0.8136 0.4691 0.3435
vn -0.8106 0.4710 0.3480
vn -0.8179 0.4518 0.3562
vn -0.8185 0.4516 0.3552
vn -0.8164 0.4512 0.3605
vn -0.8211 0.4366 0.3677
vn -0.8218 0.4369 0.3657
vn -0.8206 0.4348 0.3709
vn -0.8236 0.4232 0.3776
vn -0.8241 0.4247 0.3749
vn -0.8237 0.4212 0.3795
vn -0.8255 0.4125 0.3852
vn -0.8256 0.4147 0.3826
vn -0.8259 0.4107 0.3864
vn -0.5899 -0.1369 0.7958
vn -0.5947 -0.1329 0.7929
vn -0.5866 -0.1420 0.7973
vn -0.5862 -0.1146 0.8020
vn -0.5891 -0.1134 0.8001
vn -0.5826 -0.1182 0.8041
vn -0.5815 -0.1006 0.8073
vn -0.5825 -0.1004 0.8066
vn -0.5780 -0.1023 0.8096
vn -0.5766 -0.0925 0.8118
vn -0.5768 -0.0924 0.8116
vn -0.5736 -0.0929 0.8139
vn -0.5720 -0.0866 0.8157
vn -0.5696 -0.0865 0.8173
vn -0.5684 -0.0826 0.8186
vn -0.5681 -0.0824 0.8189
vn -0.5662 -0.0819 0.8202
vn -0.5651 -0.0801 0.8211
vn -0.5642 -0.0800 0.8217
vn -0.5632 -0.0790 0.8226
vn -0.5777 -0.1489 0.8026
vn -0.5813 -0.1456 0.8006
vn -0.5756 -0.1526 0.8034
vn -0.5768 -0.1254 0.8072
vn -0.5796 -0.1236 0.8054
vn -0.5743 -0.1286 0.8085
vn -0.5746 -0.1082 0.8113
vn -0.5762 -0.1077 0.8102
vn -0.5719 -0.1104 0.8129
vn -0.5716 -0.0979 0.8147
vn -0.5718 -0.0978 0.8145
vn -0.5688 -0.0988 0.8165
vn -0.5680 -0.0904 0.8180
vn -0.5658 -0.0906 0.8195
vn -0.5650 -0.0849 0.8207
vn -0.5633 -0.0847 0.8219
vn -0.5623 -0.0814 0.8229
vn -0.5608 -0.0809 0.8240
vn -0.5662 -0.1516 0.8102
vn -0.5686 -0.1493 0.8090
vn -0.5651 -0.1539 0.8106
vn -0.5673 -0.1291 0.8133
vn -0.5695 -0.1273 0.8121
vn -0.5657 -0.1315 0.8141
vn -0.5667 -0.1112 0.8164
vn -0.5686 -0.1102 0.8152
vn -0.5649 -0.1133 0.8173
vn -0.5652 -0.0992 0.8190
vn -0.5660 -0.0989 0.8184
vn -0.5633 -0.1005 0.8201
vn -0.5634 -0.0907 0.8212
vn -0.5638 -0.0906 0.8209
vn -0.5616 -0.0912 0.8223
vn -0.5618 -0.0848 0.8229
vn -0.5614 -0.0847 0.8232
vn -0.5599 -0.0848 0.8242
vn -0.5597 -0.0812 0.8247
vn -0.5594 -0.0811 0.8249
vn -0.5580 -0.0807 0.8259
vn -0.5556 -0.1474 0.8183
vn -0.5569 -0.1459 0.8177
vn -0.5549 -0.1488 0.8185
vn -0.5575 -0.1264 0.8205
vn -0.5591 -0.1247 0.8197
vn -0.5566 -0.1280 0.8209
vn -0.5583 -0.1090 0.8225
vn -0.5597 -0.1079 0.8217
vn -0.5572 -0.1105 0.8230
vn -0.5583 -0.0962 0.8240
vn -0.5591 -0.0958 0.8235
vn -0.5572 -0.0973 0.8247
vn -0.5581 -0.0873 0.8251
vn -0.5569 -0.0878 0.8259
vn -0.5573 -0.0813 0.8263
vn -0.5562 -0.0815 0.8270
vn -0.5560 -0.0781 0.8275
vn -0.5548 -0.0780 0.8283
vn -0.5448 -0.1386 0.8270
vn -0.5454 -0.1379 0.8268
vn -0.5445 -0.1392 0.8271
vn -0.5477 -0.1187 0.8282
vn -0.5483 -0.1181 0.8279
vn -0.5474 -0.1194 0.8283
vn -0.5501 -0.1019 0.8288
vn -0.5494 -0.1027 0.8292
vn -0.5511 -0.0890 0.8297
vn -0.5516 -0.0887 0.8294
vn -0.5507 -0.0896 0.8298
vn -0.5523 -0.0799 0.8298
vn -0.5520 -0.0801 0.8300
vn -0.5527 -0.0745 0.8301
vn -0.5521 -0.0747 0.8304
vn -0.5522 -0.0724 0.8306
vn -0.5512 -0.0724 0.8313
vn -0.5339 -0.1258 0.8361
vn -0.5377 -0.1068 0.8363
vn -0.5380 -0.1064 0.8362
vn -0.5413 -0.0904 0.8360
vn -0.5412 -0.0910 0.8360
vn -0.5436 -0.0779 0.8357
vn -0.5439 -0.0782 0.8355
vn -0.5440 -0.0775 0.8355
vn -0.5458 -0.0688 0.8351
vn -0.5474 -0.0639 0.8345
vn -0.5477 -0.0633 0.8343
vn -0.5523 -0.0695 0.8307
vn -0.5520 -0.0692 0.8310
vn -0.5514 -0.0610 0.8320
vn -0.5508 -0.0602 0.8325
vn -0.5505 -0.0595 0.8327
vn -0.5494 -0.0495 0.8341
vn -0.5486 -0.0485 0.8347
vn -0.5481 -0.0474 0.8351
vn -0.5465 -0.0361 0.8367
vn -0.5452 -0.0346 0.8376
vn -0.5445 -0.0329 0.8381
vn -0.5425 -0.0206 0.8398
vn -0.5406 -0.0183 0.8411
vn -0.5398 -0.0161 0.8416
vn -0.5372 -0.0027 0.8434
vn -0.5348 0.0004 0.8450
vn -0.5339 0.0033 0.8455
vn -0.5308 0.0178 0.8473
vn -0.5278 0.0219 0.8491
vn -0.5268 0.0256 0.8496
vn -0.5529 -0.0711 0.8302
vn -0.5527 -0.0708 0.8304
vn -0.5519 -0.0648 0.8314
vn -0.5513 -0.0642 0.8318
vn -0.5510 -0.0635 0.8321
vn -0.5500 -0.0558 0.8333
vn -0.5491 -0.0548 0.8340
vn -0.5487 -0.0537 0.8343
vn -0.5472 -0.0449 0.8358
vn -0.5457 -0.0433 0.8368
vn -0.5452 -0.0417 0.8372
vn -0.5433 -0.0319 0.8389
vn -0.5415 -0.0296 0.8402
vn -0.5407 -0.0273 0.8407
vn -0.5383 -0.0167 0.8426
vn -0.5359 -0.0133 0.8442
vn -0.5350 -0.0103 0.8448
vn -0.5322 0.0013 0.8466
vn -0.5291 0.0060 0.8486
vn -0.5282 0.0098 0.8490
vn -0.5540 -0.0727 0.8294
vn -0.5535 -0.0722 0.8297
vn -0.5533 -0.0717 0.8299
vn -0.5528 -0.0683 0.8305
vn -0.5521 -0.0676 0.8311
vn -0.5518 -0.0669 0.8313
vn -0.5508 -0.0615 0.8324
vn -0.5500 -0.0607 0.8329
vn -0.5495 -0.0596 0.8334
vn -0.5481 -0.0532 0.8347
vn -0.5466 -0.0517 0.8358
vn -0.5461 -0.0501 0.8362
vn -0.5443 -0.0427 0.8378
vn -0.5424 -0.0404 0.8391
vn -0.5417 -0.0382 0.8397
vn -0.5396 -0.0302 0.8414
vn -0.5371 -0.0268 0.8431
vn -0.5363 -0.0238 0.8437
vn -0.5336 -0.0147 0.8456
vn -0.5306 -0.0097 0.8476
vn -0.5299 -0.0060 0.8480
vn -0.5553 -0.0740 0.8283
vn -0.5549 -0.0735 0.8287
vn -0.5545 -0.0729 0.8290
vn -0.5539 -0.0713 0.8295
vn -0.5533 -0.0708 0.8300
vn -0.5528 -0.0700 0.8304
vn -0.5510 -0.0662 0.8319
vn -0.5504 -0.0651 0.8323
vn -0.5491 -0.0607 0.8335
vn -0.5478 -0.0594 0.8345
vn -0.5472 -0.0579 0.8350
vn -0.5456 -0.0529 0.8364
vn -0.5437 -0.0508 0.8377
vn -0.5430 -0.0487 0.8383
vn -0.5410 -0.0430 0.8399
vn -0.5386 -0.0396 0.8416
vn -0.5379 -0.0368 0.8422
vn -0.5353 -0.0299 0.8441
vn -0.5324 -0.0248 0.8461
vn -0.5318 -0.0212 0.8466
vn -0.5571 -0.0753 0.8270
vn -0.5565 -0.0749 0.8274
vn -0.5561 -0.0742 0.8278
vn -0.5555 -0.0743 0.8282
vn -0.5549 -0.0739 0.8287
vn -0.5543 -0.0731 0.8291
vn -0.5534 -0.0719 0.8298
vn -0.5523 -0.0712 0.8306
vn -0.5518 -0.0700 0.8310
vn -0.5506 -0.0676 0.8320
vn -0.5493 -0.0665 0.8330
vn -0.5486 -0.0651 0.8335
vn -0.5471 -0.0617 0.8348
vn -0.5454 -0.0601 0.8360
vn -0.5446 -0.0582 0.8367
vn -0.5427 -0.0539 0.8382
vn -0.5405 -0.0511 0.8398
vn -0.5398 -0.0485 0.8404
vn -0.5373 -0.0429 0.8423
vn -0.5346 -0.0382 0.8442
vn -0.5341 -0.0349 0.8447
vn -0.5593 -0.0769 0.8254
vn -0.5585 -0.0766 0.8259
vn -0.5580 -0.0757 0.8264
vn -0.5576 -0.0773 0.8265
vn -0.5570 -0.0768 0.8270
vn -0.5561 -0.0759 0.8277
vn -0.5551 -0.0758 0.8283
vn -0.5545 -0.0755 0.8288
vn -0.5536 -0.0745 0.8295
vn -0.5524 -0.0730 0.8304
vn -0.5514 -0.0724 0.8311
vn -0.5504 -0.0712 0.8318
vn -0.5489 -0.0684 0.8331
vn -0.5476 -0.0675 0.8340
vn -0.5466 -0.0660 0.8348
vn -0.5447 -0.0619 0.8363
vn -0.5429 -0.0602 0.8376
vn -0.5421 -0.0581 0.8383
vn -0.5397 -0.0518 0.8402
vn -0.5375 -0.0486 0.8418
vn -0.5370 -0.0460 0.8423
vn -0.4324 0.1864 0.8822
vn -0.4223 0.2167 0.8802
vn -0.4278 0.1709 0.8876
vn -0.4463 0.1138 0.8876
vn -0.4396 0.1334 0.8882
vn -0.4426 0.1042 0.8907
vn -0.4607 0.0568 0.8857
vn -0.4568 0.0697 0.8868
vn -0.4579 0.0506 0.8876
vn -0.4752 0.0113 0.8798
vn -0.4729 0.0207 0.8809
vn -0.4730 0.0069 0.8810
vn -0.4892 -0.0272 0.8718
vn -0.4878 -0.0206 0.8727
vn -0.4874 -0.0304 0.8726
vn -0.5020 -0.0595 0.8628
vn -0.5014 -0.0552 0.8635
vn -0.5008 -0.0617 0.8633
vn -0.5137 -0.0858 0.8536
vn -0.5135 -0.0832 0.8540
vn -0.5129 -0.0871 0.8540
vn -0.4376 0.2090 0.8745
vn -0.4486 0.1789 0.8756
vn -0.4500 0.1651 0.8777
vn -0.4632 0.1213 0.8779
vn -0.4575 0.1433 0.8776
vn -0.4596 0.1100 0.8813
vn -0.4738 0.0697 0.8779
vn -0.4693 0.0857 0.8789
vn -0.4709 0.0619 0.8800
vn -0.4858 0.0258 0.8737
vn -0.4825 0.0371 0.8751
vn -0.4834 0.0203 0.8751
vn -0.4976 -0.0115 0.8673
vn -0.4957 -0.0036 0.8685
vn -0.4958 -0.0153 0.8683
vn -0.5088 -0.0424 0.8599
vn -0.5078 -0.0373 0.8607
vn -0.5074 -0.0449 0.8605
vn -0.5192 -0.0678 0.8519
vn -0.5188 -0.0648 0.8524
vn -0.5184 -0.0693 0.8523
vn -0.4589 0.1805 0.8699
vn -0.4675 0.1596 0.8695
vn -0.4690 0.1489 0.8706
vn -0.4669 0.1381 0.8734
vn -0.4746 0.1161 0.8725
vn -0.4756 0.1055 0.8733
vn -0.4867 0.0729 0.8705
vn -0.4827 0.0900 0.8711
vn -0.4839 0.0642 0.8728
vn -0.4960 0.0331 0.8677
vn -0.4927 0.0454 0.8690
vn -0.4938 0.0270 0.8692
vn -0.5056 -0.0008 0.8628
vn -0.5033 0.0076 0.8641
vn -0.5038 -0.0049 0.8638
vn -0.5150 -0.0291 0.8567
vn -0.5138 -0.0236 0.8576
vn -0.5138 -0.0317 0.8573
vn -0.5243 -0.0528 0.8499
vn -0.5238 -0.0496 0.8504
vn -0.5234 -0.0545 0.8503
vn -0.4764 0.1487 0.8666
vn -0.4833 0.1334 0.8652
vn -0.4848 0.1248 0.8657
vn -0.4822 0.1155 0.8684
vn -0.4886 0.0987 0.8669
vn -0.4897 0.0901 0.8672
vn -0.4897 0.0813 0.8681
vn -0.4952 0.0647 0.8664
vn -0.4958 0.0566 0.8666
vn -0.5051 0.0325 0.8625
vn -0.5023 0.0442 0.8636
vn -0.5031 0.0264 0.8638
vn -0.5126 0.0043 0.8586
vn -0.5103 0.0124 0.8599
vn -0.5111 0.0003 0.8595
vn -0.5206 -0.0198 0.8536
vn -0.5192 -0.0143 0.8545
vn -0.5194 -0.0225 0.8542
vn -0.5289 -0.0412 0.8477
vn -0.5283 -0.0378 0.8482
vn -0.5280 -0.0428 0.8482
vn -0.4911 0.1176 0.8631
vn -0.4967 0.1065 0.8614
vn -0.4981 0.0996 0.8614
vn -0.4954 0.0912 0.8639
vn -0.5007 0.0787 0.8620
vn -0.5017 0.0719 0.8620
vn -0.5008 0.0644 0.8632
vn -0.5054 0.0517 0.8613
vn -0.5061 0.0454 0.8613
vn -0.5072 0.0386 0.8609
vn -0.5109 0.0269 0.8592
vn -0.5113 0.0214 0.8592
vn -0.5186 0.0046 0.8550
vn -0.5166 0.0124 0.8561
vn -0.5173 0.0005 0.8558
vn -0.5253 -0.0154 0.8508
vn -0.5238 -0.0102 0.8518
vn -0.5243 -0.0181 0.8514
vn -0.5327 -0.0342 0.8456
vn -0.5320 -0.0307 0.8462
vn -0.5318 -0.0359 0.8461
vn -0.5036 0.0883 0.8594
vn -0.5079 0.0804 0.8577
vn -0.5092 0.0750 0.8574
vn -0.5066 0.0672 0.8595
vn -0.5108 0.0583 0.8577
vn -0.5118 0.0530 0.8575
vn -0.5103 0.0462 0.8588
vn -0.5142 0.0366 0.8569
vn -0.5148 0.0316 0.8567
vn -0.5147 0.0259 0.8570
vn -0.5180 0.0164 0.8552
vn -0.5184 0.0119 0.8550
vn -0.5201 0.0072 0.8541
vn -0.5226 -0.0014 0.8526
vn -0.5228 -0.0052 0.8524
vn -0.5293 -0.0173 0.8483
vn -0.5276 -0.0120 0.8494
vn -0.5284 -0.0202 0.8488
vn -0.5357 -0.0327 0.8438
vn -0.5348 -0.0294 0.8445
vn -0.5350 -0.0343 0.8441
vn -0.5621 -0.0786 0.8234
vn -0.5614 -0.0782 0.8238
vn -0.5605 -0.0774 0.8245
vn -0.5599 -0.0796 0.8248
vn -0.5590 -0.0795 0.8253
vn -0.5582 -0.0786 0.8260
vn -0.5575 -0.0791 0.8264
vn -0.5567 -0.0789 0.8270
vn -0.5557 -0.0780 0.8277
vn -0.5543 -0.0765 0.8288
vn -0.5538 -0.0764 0.8292
vn -0.5526 -0.0756 0.8300
vn -0.5506 -0.0717 0.8317
vn -0.5504 -0.0715 0.8318
vn -0.5490 -0.0708 0.8328
vn -0.5468 -0.0656 0.8347
vn -0.5459 -0.0652 0.8353
vn -0.5448 -0.0639 0.8361
vn -0.5140 0.0602 0.8557
vn -0.5175 0.0545 0.8540
vn -0.5186 0.0503 0.8535
vn -0.5161 0.0429 0.8555
vn -0.5195 0.0364 0.8537
vn -0.5205 0.0321 0.8533
vn -0.5186 0.0254 0.8546
vn -0.5219 0.0183 0.8528
vn -0.5226 0.0142 0.8524
vn -0.5216 0.0085 0.8531
vn -0.5246 0.0011 0.8513
vn -0.5252 -0.0027 0.8510
vn -0.5254 -0.0073 0.8508
vn -0.5279 -0.0145 0.8492
vn -0.5283 -0.0178 0.8489
vn -0.5301 -0.0215 0.8477
vn -0.5319 -0.0275 0.8464
vn -0.5321 -0.0299 0.8461
vn -0.5231 -0.1088 0.8453
vn -0.5233 -0.1102 0.8450
vn -0.5237 -0.1079 0.8450
vn -0.5279 -0.0904 0.8445
vn -0.5280 -0.0920 0.8442
vn -0.5284 -0.0896 0.8443
vn -0.5321 -0.0750 0.8434
vn -0.5322 -0.0765 0.8431
vn -0.5326 -0.0741 0.8431
vn -0.5358 -0.0626 0.8420
vn -0.5360 -0.0642 0.8417
vn -0.5364 -0.0616 0.8417
vn -0.5390 -0.0541 0.8406
vn -0.5392 -0.0556 0.8403
vn -0.5395 -0.0533 0.8403
vn -0.5412 -0.0503 0.8394
vn -0.5415 -0.0513 0.8391
vn -0.5417 -0.0496 0.8391
vn -0.5422 -0.0509 0.8387
vn -0.5423 -0.0514 0.8386
vn -0.5427 -0.0506 0.8384
vn -0.5426 -0.0562 0.8381
vn -0.5410 -0.0547 0.8392
vn -0.5403 -0.0529 0.8398
vn -0.5374 -0.0376 0.8425
vn -0.5366 -0.0358 0.8431
vn -0.5371 -0.0387 0.8426
vn -0.6130 -0.1411 0.7774
vn -0.6241 -0.1306 0.7703
vn -0.6069 -0.1520 0.7801
vn -0.6027 -0.1123 0.7900
vn -0.6082 -0.1088 0.7863
vn -0.5977 -0.1184 0.7929
vn -0.5943 -0.0969 0.7984
vn -0.5963 -0.0965 0.7970
vn -0.5898 -0.0998 0.8014
vn -0.5869 -0.0888 0.8048
vn -0.5872 -0.0887 0.8046
vn -0.5831 -0.0895 0.8074
vn -0.5805 -0.0837 0.8100
vn -0.5775 -0.0836 0.8121
vn -0.5754 -0.0803 0.8139
vn -0.5751 -0.0801 0.8142
vn -0.5728 -0.0796 0.8159
vn -0.5709 -0.0781 0.8173
vn -0.5701 -0.0779 0.8178
vn -0.5687 -0.0770 0.8189
vn -0.5670 -0.0767 0.8201
vn -0.5661 -0.0764 0.8208
vn -0.5652 -0.0754 0.8215
vn -0.5902 -0.1702 0.7891
vn -0.5958 -0.1630 0.7864
vn -0.5880 -0.1751 0.7897
vn -0.5757 -0.1787 0.7979
vn -0.5786 -0.1753 0.7966
vn -0.5743 -0.1815 0.7982
vn -0.5635 -0.1774 0.8068
vn -0.5653 -0.1753 0.8060
vn -0.5628 -0.1791 0.8070
vn -0.5522 -0.1713 0.8159
vn -0.5532 -0.1701 0.8155
vn -0.5518 -0.1722 0.8160
vn -0.5411 -0.1610 0.8254
vn -0.5407 -0.1615 0.8255
vn -0.5295 -0.1471 0.8354
vn -0.5292 -0.1475 0.8355
vn -0.5296 -0.1471 0.8354
vn -0.5179 -0.1301 0.8455
vn -0.5180 -0.1313 0.8452
vn -0.5185 -0.1293 0.8453
vn -0.5522 -0.0751 0.8303
vn -0.5521 -0.0671 0.8311
vn -0.5518 -0.0668 0.8313
vn -0.5511 -0.0560 0.8326
vn -0.5505 -0.0555 0.8330
vn -0.5502 -0.0547 0.8332
vn -0.5490 -0.0427 0.8347
vn -0.5482 -0.0416 0.8353
vn -0.5476 -0.0405 0.8358
vn -0.5459 -0.0270 0.8374
vn -0.5445 -0.0256 0.8383
vn -0.5439 -0.0240 0.8388
vn -0.5415 -0.0090 0.8406
vn -0.5398 -0.0071 0.8418
vn -0.5390 -0.0049 0.8423
vn -0.5361 0.0111 0.8441
vn -0.5338 0.0138 0.8455
vn -0.5328 0.0167 0.8461
vn -0.5295 0.0340 0.8476
vn -0.5266 0.0375 0.8493
vn -0.5254 0.0411 0.8498
vn -0.5526 -0.0749 0.8300
vn -0.5535 -0.0744 0.8295
vn -0.5532 -0.0744 0.8297
vn -0.5548 -0.0744 0.8287
vn -0.5546 -0.0741 0.8288
vn -0.5543 -0.0737 0.8291
vn -0.5562 -0.0740 0.8277
vn -0.5557 -0.0735 0.8281
vn -0.5582 -0.0743 0.8264
vn -0.5575 -0.0736 0.8269
vn -0.5608 -0.0751 0.8246
vn -0.5606 -0.0747 0.8247
vn -0.5596 -0.0740 0.8254
vn -0.5638 -0.0760 0.8224
vn -0.5627 -0.0755 0.8232
vn -0.5622 -0.0746 0.8236
vn -0.3516 0.3673 0.8611
vn -0.3782 0.2904 0.8790
vn -0.3786 0.2653 0.8867
vn -0.4093 0.1701 0.8964
vn -0.3997 0.1961 0.8954
vn -0.4050 0.1578 0.9006
vn -0.4297 0.0903 0.8985
vn -0.4261 0.1030 0.8988
vn -0.4267 0.0842 0.9005
vn -0.4482 0.0352 0.8932
vn -0.4462 0.0439 0.8938
vn -0.4459 0.0309 0.8945
vn -0.4650 -0.0095 0.8852
vn -0.4638 -0.0031 0.8859
vn -0.4632 -0.0128 0.8862
vn -0.4807 -0.0479 0.8756
vn -0.4799 -0.0430 0.8762
vn -0.4792 -0.0503 0.8763
vn -0.4950 -0.0805 0.8651
vn -0.4947 -0.0771 0.8657
vn -0.4940 -0.0822 0.8656
vn -0.5078 -0.1072 0.8548
vn -0.5076 -0.1049 0.8551
vn -0.5070 -0.1083 0.8551
vn -0.3969 0.3128 0.8630
vn -0.4140 0.2680 0.8699
vn -0.4156 0.2501 0.8745
vn -0.4292 0.2638 0.8638
vn -0.4410 0.2368 0.8657
vn -0.4431 0.2235 0.8682
vn -0.4534 0.2200 0.8637
vn -0.4621 0.2024 0.8634
vn -0.4641 0.1922 0.8647
vn -0.4723 0.1798 0.8629
vn -0.4791 0.1673 0.8617
vn -0.4811 0.1591 0.8621
vn -0.4880 0.1428 0.8611
vn -0.4935 0.1337 0.8594
vn -0.4953 0.1270 0.8594
vn -0.5013 0.1084 0.8584
vn -0.5055 0.1020 0.8568
vn -0.5071 0.0968 0.8564
vn -0.5123 0.0768 0.8554
vn -0.5156 0.0722 0.8538
vn -0.5170 0.0681 0.8533
vn -0.5814 -0.2289 0.7807
vn -0.5816 -0.2285 0.7807
vn -0.5809 -0.2296 0.7809
vn -0.5685 -0.2261 0.7910
vn -0.5683 -0.2264 0.7911
vn -0.5564 -0.2204 0.8012
vn -0.5566 -0.2200 0.8012
vn -0.5560 -0.2209 0.8013
vn -0.5445 -0.2124 0.8115
vn -0.5322 -0.2013 0.8223
vn -0.5324 -0.2014 0.8221
vn -0.5326 -0.2007 0.8222
vn -0.5199 -0.1869 0.8335
vn -0.5205 -0.1861 0.8334
vn -0.5077 -0.1692 0.8448
vn -0.5077 -0.1699 0.8446
vn -0.5083 -0.1684 0.8445
vn -0.5798 -0.2376 0.7793
vn -0.5666 -0.2349 0.7898
vn -0.5542 -0.2297 0.8001
vn -0.5419 -0.2220 0.8106
vn -0.5423 -0.2214 0.8105
vn -0.5295 -0.2109 0.8217
vn -0.5297 -0.2112 0.8215
vn -0.5300 -0.2103 0.8215
vn -0.5172 -0.1964 0.8331
vn -0.5172 -0.1970 0.8329
vn -0.5176 -0.1959 0.8329
vn -0.5046 -0.1790 0.8446
vn -0.5046 -0.1800 0.8444
vn -0.5050 -0.1784 0.8445
vn -0.5788 -0.2404 0.7793
vn -0.5786 -0.2406 0.7793
vn -0.5791 -0.2399 0.7792
vn -0.5657 -0.2371 0.7898
vn -0.5655 -0.2374 0.7898
vn -0.5659 -0.2368 0.7897
vn -0.5532 -0.2320 0.8001
vn -0.5531 -0.2328 0.7999
vn -0.5535 -0.2317 0.8000
vn -0.5407 -0.2245 0.8107
vn -0.5405 -0.2251 0.8106
vn -0.5409 -0.2241 0.8107
vn -0.5280 -0.2139 0.8219
vn -0.5279 -0.2144 0.8218
vn -0.5284 -0.2133 0.8217
vn -0.5153 -0.1999 0.8334
vn -0.5153 -0.2007 0.8332
vn -0.5158 -0.1993 0.8332
vn -0.5024 -0.1829 0.8451
vn -0.5024 -0.1835 0.8449
vn -0.5030 -0.1822 0.8449
vn -0.5774 -0.2383 0.7809
vn -0.5783 -0.2369 0.7807
vn -0.5650 -0.2338 0.7912
vn -0.5648 -0.2342 0.7913
vn -0.5655 -0.2331 0.7911
vn -0.5525 -0.2286 0.8015
vn -0.5522 -0.2290 0.8016
vn -0.5530 -0.2279 0.8014
vn -0.5399 -0.2211 0.8122
vn -0.5398 -0.2219 0.8120
vn -0.5404 -0.2203 0.8120
vn -0.5272 -0.2109 0.8231
vn -0.5271 -0.2118 0.8230
vn -0.5277 -0.2102 0.8230
vn -0.5140 -0.1982 0.8346
vn -0.5142 -0.1984 0.8344
vn -0.5149 -0.1970 0.8343
vn -0.5015 -0.1809 0.8460
vn -0.5014 -0.1817 0.8459
vn -0.5020 -0.1804 0.8459
vn -0.5762 -0.2309 0.7840
vn -0.5760 -0.2320 0.7839
vn -0.5772 -0.2292 0.7838
vn -0.5641 -0.2258 0.7943
vn -0.5638 -0.2270 0.7941
vn -0.5649 -0.2244 0.7941
vn -0.5518 -0.2198 0.8045
vn -0.5517 -0.2212 0.8042
vn -0.5526 -0.2186 0.8043
vn -0.5393 -0.2123 0.8149
vn -0.5392 -0.2136 0.8146
vn -0.5400 -0.2112 0.8148
vn -0.5268 -0.2027 0.8255
vn -0.5266 -0.2039 0.8253
vn -0.5273 -0.2019 0.8253
vn -0.5141 -0.1908 0.8363
vn -0.5140 -0.1918 0.8361
vn -0.5146 -0.1901 0.8361
vn -0.5011 -0.1755 0.8474
vn -0.5011 -0.1761 0.8473
vn -0.5017 -0.1748 0.8472
vn -0.5740 -0.2195 0.7889
vn -0.5737 -0.2213 0.7886
vn -0.5753 -0.2171 0.7886
vn -0.5621 -0.2132 0.7991
vn -0.5619 -0.2148 0.7988
vn -0.5634 -0.2110 0.7988
vn -0.5502 -0.2063 0.8091
vn -0.5501 -0.2081 0.8088
vn -0.5513 -0.2043 0.8089
vn -0.5379 -0.1985 0.8193
vn -0.5379 -0.2003 0.8189
vn -0.5389 -0.1966 0.8191
vn -0.5259 -0.1894 0.8292
vn -0.5260 -0.1911 0.8287
vn -0.5267 -0.1881 0.8290
vn -0.5139 -0.1793 0.8389
vn -0.5140 -0.1805 0.8386
vn -0.5144 -0.1785 0.8388
vn -0.5012 -0.1670 0.8491
vn -0.5018 -0.1662 0.8488
vn -0.3837 0.1043 0.9176
vn -0.3837 0.1048 0.9175
vn -0.3809 0.1036 0.9188
vn -0.3772 0.1009 0.9206
vn -0.3768 0.1014 0.9207
vn -0.3750 0.1016 0.9214
vn -0.3728 0.1027 0.9222
vn -0.3729 0.1031 0.9221
vn -0.3717 0.1034 0.9226
vn -0.3713 0.1076 0.9223
vn -0.3708 0.1079 0.9224
vn -0.3718 0.1142 0.9213
vn -0.3745 0.1220 0.9192
vn -0.3748 0.1218 0.9191
vn -0.3789 0.1314 0.9161
vn -0.3800 0.1306 0.9157
vn -0.3806 0.1298 0.9156
vn -0.4084 0.0437 0.9118
vn -0.4084 0.0451 0.9117
vn -0.4063 0.0425 0.9127
vn -0.4030 0.0386 0.9144
vn -0.4011 0.0382 0.9152
vn -0.3993 0.0398 0.9159
vn -0.3980 0.0399 0.9165
vn -0.3976 0.0451 0.9165
vn -0.3973 0.0455 0.9166
vn -0.3966 0.0457 0.9168
vn -0.3977 0.0536 0.9159
vn -0.4001 0.0631 0.9143
vn -0.4003 0.0629 0.9142
vn -0.4045 0.0734 0.9116
vn -0.4055 0.0727 0.9112
vn -0.4063 0.0719 0.9109
vn -0.4300 -0.0073 0.9028
vn -0.4301 -0.0055 0.9028
vn -0.4284 -0.0087 0.9035
vn -0.4252 -0.0143 0.9050
vn -0.4235 -0.0151 0.9058
vn -0.4217 -0.0147 0.9066
vn -0.4205 -0.0149 0.9072
vn -0.4202 -0.0096 0.9074
vn -0.4193 -0.0096 0.9078
vn -0.4203 -0.0016 0.9074
vn -0.4204 -0.0012 0.9074
vn -0.4201 -0.0011 0.9075
vn -0.4227 0.0090 0.9062
vn -0.4270 0.0200 0.9040
vn -0.4282 0.0193 0.9035
vn -0.4289 0.0185 0.9031
vn -0.4490 -0.0507 0.8921
vn -0.4490 -0.0489 0.8922
vn -0.4477 -0.0520 0.8927
vn -0.4442 -0.0594 0.8939
vn -0.4444 -0.0585 0.8939
vn -0.4432 -0.0601 0.8944
vn -0.4415 -0.0613 0.8952
vn -0.4405 -0.0617 0.8956
vn -0.4402 -0.0577 0.8960
vn -0.4394 -0.0579 0.8964
vn -0.4405 -0.0502 0.8963
vn -0.4401 -0.0502 0.8966
vn -0.4428 -0.0403 0.8957
vn -0.4432 -0.0404 0.8955
vn -0.4471 -0.0290 0.8940
vn -0.4483 -0.0296 0.8934
vn -0.4490 -0.0304 0.8930
vn -0.4665 -0.0882 0.8801
vn -0.4665 -0.0867 0.8803
vn -0.4655 -0.0894 0.8805
vn -0.4620 -0.0979 0.8814
vn -0.4621 -0.0969 0.8815
vn -0.4612 -0.0986 0.8818
vn -0.4596 -0.1010 0.8824
vn -0.4587 -0.1015 0.8828
vn -0.4583 -0.0987 0.8833
vn -0.4577 -0.0990 0.8836
vn -0.4585 -0.0925 0.8839
vn -0.4581 -0.0926 0.8841
vn -0.4605 -0.0830 0.8838
vn -0.4645 -0.0716 0.8827
vn -0.4651 -0.0719 0.8823
vn -0.4659 -0.0724 0.8819
vn -0.4826 -0.1201 0.8676
vn -0.4825 -0.1188 0.8678
vn -0.4817 -0.1212 0.8679
vn -0.4783 -0.1303 0.8685
vn -0.4783 -0.1292 0.8686
vn -0.4776 -0.1310 0.8687
vn -0.4757 -0.1342 0.8693
vn -0.4758 -0.1335 0.8693
vn -0.4752 -0.1346 0.8695
vn -0.4748 -0.1325 0.8701
vn -0.4742 -0.1329 0.8703
vn -0.4747 -0.1275 0.8709
vn -0.4742 -0.1278 0.8711
vn -0.4760 -0.1192 0.8713
vn -0.4757 -0.1192 0.8715
vn -0.4794 -0.1077 0.8710
vn -0.4441 0.0879 0.8917
vn -0.4574 0.0742 0.8861
vn -0.4633 0.0618 0.8841
vn -0.4826 0.0173 0.8757
vn -0.4924 0.0063 0.8703
vn -0.4978 -0.0057 0.8673
vn -0.5192 -0.0650 0.8522
vn -0.5200 -0.0753 0.8508
vn -0.5220 -0.0554 0.8511
vn -0.5362 -0.1006 0.8381
vn -0.5363 -0.1082 0.8371
vn -0.5390 -0.0926 0.8372
vn -0.5492 -0.1316 0.8253
vn -0.5489 -0.1372 0.8246
vn -0.5518 -0.1251 0.8246
vn -0.5588 -0.1596 0.8138
vn -0.5584 -0.1637 0.8133
vn -0.5611 -0.1545 0.8132
vn -0.5657 -0.1838 0.8038
vn -0.5653 -0.1868 0.8034
vn -0.5677 -0.1798 0.8033
vn -0.4279 0.1130 0.8967
vn -0.4385 0.1027 0.8928
vn -0.4427 0.0943 0.8917
vn -0.4642 0.0431 0.8847
vn -0.4737 0.0330 0.8801
vn -0.4779 0.0239 0.8781
vn -0.4929 -0.0144 0.8699
vn -0.5003 -0.0227 0.8655
vn -0.5042 -0.0314 0.8630
vn -0.5148 -0.0592 0.8553
vn -0.5202 -0.0656 0.8515
vn -0.5235 -0.0732 0.8489
vn -0.5314 -0.0986 0.8413
vn -0.5354 -0.1034 0.8382
vn -0.5380 -0.1098 0.8358
vn -0.5437 -0.1337 0.8285
vn -0.5465 -0.1373 0.8261
vn -0.5485 -0.1426 0.8239
vn -0.5540 -0.1744 0.8140
vn -0.5537 -0.1778 0.8135
vn -0.5558 -0.1704 0.8137
vn -0.4178 0.1287 0.8994
vn -0.4249 0.1221 0.8970
vn -0.4277 0.1169 0.8963
vn -0.4500 0.0624 0.8909
vn -0.4580 0.0542 0.8873
vn -0.4612 0.0474 0.8860
vn -0.4774 0.0059 0.8787
vn -0.4848 -0.0021 0.8746
vn -0.4881 -0.0094 0.8727
vn -0.5001 -0.0417 0.8650
vn -0.5059 -0.0483 0.8613
vn -0.5087 -0.0550 0.8592
vn -0.5179 -0.0844 0.8513
vn -0.5221 -0.0895 0.8482
vn -0.5244 -0.0953 0.8461
vn -0.5310 -0.1220 0.8386
vn -0.5341 -0.1259 0.8360
vn -0.5359 -0.1309 0.8341
vn -0.5421 -0.1649 0.8240
vn -0.5420 -0.1687 0.8233
vn -0.5437 -0.1610 0.8237
vn -0.4090 0.1397 0.9018
vn -0.4142 0.1351 0.9001
vn -0.4164 0.1313 0.8997
vn -0.4388 0.0769 0.8953
vn -0.4453 0.0705 0.8926
vn -0.4478 0.0655 0.8918
vn -0.4650 0.0212 0.8851
vn -0.4714 0.0145 0.8818
vn -0.4739 0.0089 0.8805
vn -0.4873 -0.0285 0.8728
vn -0.4926 -0.0343 0.8696
vn -0.4949 -0.0396 0.8681
vn -0.5050 -0.0728 0.8600
vn -0.5092 -0.0777 0.8571
vn -0.5112 -0.0827 0.8555
vn -0.5183 -0.1116 0.8479
vn -0.5216 -0.1158 0.8453
vn -0.5232 -0.1203 0.8437
vn -0.5278 -0.1443 0.8370
vn -0.5302 -0.1477 0.8349
vn -0.5313 -0.1518 0.8335
vn -0.4007 0.1453 0.9046
vn -0.4046 0.1420 0.9034
vn -0.4062 0.1393 0.9031
vn -0.4288 0.0850 0.8994
vn -0.4336 0.0805 0.8975
vn -0.4356 0.0769 0.8969
vn -0.4537 0.0302 0.8906
vn -0.4587 0.0253 0.8882
vn -0.4607 0.0212 0.8873
vn -0.4753 -0.0198 0.8796
vn -0.4798 -0.0246 0.8770
vn -0.4817 -0.0287 0.8759
vn -0.4928 -0.0641 0.8678
vn -0.4968 -0.0686 0.8651
vn -0.4984 -0.0727 0.8639
vn -0.5064 -0.1028 0.8561
vn -0.5098 -0.1070 0.8536
vn -0.5111 -0.1110 0.8523
vn -0.5163 -0.1357 0.8456
vn -0.5188 -0.1393 0.8435
vn -0.5198 -0.1430 0.8422
vn -0.3929 0.1452 0.9080
vn -0.3956 0.1431 0.9072
vn -0.3968 0.1412 0.9070
vn -0.4197 0.0866 0.9035
vn -0.4231 0.0837 0.9022
vn -0.4245 0.0813 0.9018
vn -0.4434 0.0328 0.8957
vn -0.4470 0.0296 0.8940
vn -0.4486 0.0267 0.8933
vn -0.4642 -0.0167 0.8855
vn -0.4678 -0.0201 0.8836
vn -0.4693 -0.0231 0.8827
vn -0.4813 -0.0597 0.8745
vn -0.4849 -0.0632 0.8723
vn -0.4863 -0.0664 0.8713
vn -0.4950 -0.0962 0.8635
vn -0.4984 -0.0999 0.8612
vn -0.4997 -0.1034 0.8600
vn -0.5058 -0.1285 0.8530
vn -0.5083 -0.1318 0.8510
vn -0.5092 -0.1351 0.8500
vn -0.4965 -0.1466 0.8556
vn -0.4965 -0.1453 0.8558
vn -0.4958 -0.1474 0.8558
vn -0.4928 -0.1567 0.8559
vn -0.4928 -0.1558 0.8561
vn -0.4921 -0.1575 0.8562
vn -0.4903 -0.1607 0.8566
vn -0.4904 -0.1599 0.8567
vn -0.4898 -0.1612 0.8568
vn -0.4892 -0.1594 0.8575
vn -0.4893 -0.1587 0.8575
vn -0.4888 -0.1597 0.8576
vn -0.4892 -0.1546 0.8583
vn -0.4887 -0.1550 0.8585
vn -0.4898 -0.1475 0.8592
vn -0.3856 0.1400 0.9120
vn -0.3875 0.1387 0.9114
vn -0.3883 0.1375 0.9112
vn -0.4114 0.0824 0.9077
vn -0.4136 0.0807 0.9069
vn -0.4146 0.0792 0.9066
vn -0.4343 0.0291 0.9003
vn -0.4367 0.0273 0.8992
vn -0.4378 0.0255 0.8987
vn -0.4546 -0.0200 0.8905
vn -0.4569 -0.0217 0.8892
vn -0.4581 -0.0236 0.8886
vn -0.4715 -0.0621 0.8797
vn -0.4737 -0.0638 0.8784
vn -0.4750 -0.0657 0.8775
vn -0.4848 -0.0952 0.8695
vn -0.4875 -0.0975 0.8677
vn -0.4887 -0.1000 0.8667
vn -0.5706 -0.2038 0.7956
vn -0.5702 -0.2060 0.7953
vn -0.5722 -0.2007 0.7952
vn -0.5590 -0.1960 0.8057
vn -0.5587 -0.1986 0.8052
vn -0.5605 -0.1930 0.8053
vn -0.5472 -0.1879 0.8156
vn -0.5470 -0.1907 0.8151
vn -0.5486 -0.1851 0.8153
vn -0.5351 -0.1794 0.8255
vn -0.5351 -0.1823 0.8248
vn -0.5363 -0.1768 0.8253
vn -0.5236 -0.1706 0.8347
vn -0.5238 -0.1734 0.8340
vn -0.5246 -0.1683 0.8345
vn -0.5131 -0.1621 0.8429
vn -0.5134 -0.1635 0.8425
vn -0.5137 -0.1609 0.8428
vn -0.5026 -0.1535 0.8508
vn -0.5023 -0.1539 0.8509
vn -0.4924 -0.1374 0.8594
vn -0.4922 -0.1372 0.8596
vn -0.4914 -0.1373 0.8600
vn -0.4955 -0.1246 0.8597
vn -0.4981 -0.1273 0.8577
vn -0.4990 -0.1302 0.8568
vn -0.6009 -0.2052 0.7725
vn -0.6003 -0.2068 0.7725
vn -0.6006 -0.2080 0.7720
vn -0.5842 -0.2104 0.7839
vn -0.5856 -0.2082 0.7834
vn -0.5834 -0.2122 0.7840
vn -0.5714 -0.2081 0.7938
vn -0.5726 -0.2066 0.7933
vn -0.5708 -0.2095 0.7939
vn -0.5594 -0.2032 0.8036
vn -0.5603 -0.2021 0.8032
vn -0.5591 -0.2041 0.8036
vn -0.5482 -0.1952 0.8132
vn -0.5484 -0.1947 0.8132
vn -0.5478 -0.1958 0.8134
vn -0.5363 -0.1843 0.8237
vn -0.5241 -0.1702 0.8345
vn -0.5245 -0.1696 0.8343
vn -0.5123 -0.1525 0.8451
vn -0.5125 -0.1535 0.8449
vn -0.5129 -0.1518 0.8449
vn -0.5965 -0.2298 0.7690
vn -0.5954 -0.2393 0.7670
vn -0.5951 -0.2387 0.7674
vn -0.5927 -0.2433 0.7678
vn -0.5935 -0.2420 0.7676
vn -0.5912 -0.2414 0.7696
vn -0.5908 -0.2424 0.7695
vn -0.5920 -0.2400 0.7694
vn -0.5889 -0.2356 0.7731
vn -0.5886 -0.2370 0.7729
vn -0.5901 -0.2336 0.7728
vn -0.5861 -0.2256 0.7782
vn -0.5857 -0.2270 0.7781
vn -0.5876 -0.2229 0.7778
vn -0.5825 -0.2112 0.7849
vn -0.5821 -0.2132 0.7847
vn -0.5844 -0.2079 0.7844
vn -0.3614 0.2054 0.9095
vn -0.3612 0.2067 0.9093
vn -0.3578 0.2043 0.9112
vn -0.3505 0.1796 0.9192
vn -0.3503 0.1809 0.9190
vn -0.3486 0.1815 0.9195
vn -0.3439 0.1764 0.9223
vn -0.3437 0.1770 0.9223
vn -0.3429 0.1774 0.9225
vn -0.3408 0.1754 0.9236
vn -0.3403 0.1756 0.9238
vn -0.3402 0.1769 0.9236
vn -0.3417 0.1806 0.9223
vn -0.3448 0.1866 0.9199
vn -0.3453 0.1863 0.9198
vn -0.3457 0.1858 0.9197
vn -0.3499 0.1943 0.9164
vn -0.3507 0.1938 0.9162
vn -0.3513 0.1931 0.9161
vn -0.3924 0.1198 0.9119
vn -0.3912 0.1240 0.9119
vn -0.3900 0.1170 0.9134
vn -0.4166 0.0602 0.9071
vn -0.4159 0.0649 0.9071
vn -0.4144 0.0573 0.9083
vn -0.4376 0.0093 0.8991
vn -0.4371 0.0135 0.8993
vn -0.4358 0.0067 0.9000
vn -0.4559 -0.0338 0.8894
vn -0.4555 -0.0302 0.8897
vn -0.4544 -0.0360 0.8901
vn -0.4727 -0.0713 0.8783
vn -0.4724 -0.0683 0.8787
vn -0.4715 -0.0730 0.8788
vn -0.4881 -0.1033 0.8666
vn -0.4880 -0.1011 0.8670
vn -0.4872 -0.1046 0.8670
vn -0.5016 -0.1298 0.8553
vn -0.5015 -0.1281 0.8556
vn -0.5009 -0.1308 0.8556
vn -0.4336 0.0902 0.8966
vn -0.4469 0.0616 0.8924
vn -0.4353 0.1070 0.8939
vn -0.4868 0.0053 0.8735
vn -0.4896 -0.0104 0.8719
vn -0.4912 0.0195 0.8708
vn -0.5166 -0.0513 0.8547
vn -0.5168 -0.0636 0.8538
vn -0.5212 -0.0393 0.8525
vn -0.5371 -0.0897 0.8387
vn -0.5367 -0.0980 0.8380
vn -0.5411 -0.0804 0.8371
vn -0.5518 -0.1199 0.8253
vn -0.5512 -0.1261 0.8248
vn -0.5553 -0.1122 0.8241
vn -0.5631 -0.1466 0.8133
vn -0.5624 -0.1513 0.8129
vn -0.5661 -0.1403 0.8123
vn -0.5716 -0.1711 0.8025
vn -0.5710 -0.1745 0.8022
vn -0.5742 -0.1661 0.8017
vn -0.5779 -0.1928 0.7930
vn -0.5774 -0.1954 0.7927
vn -0.5801 -0.1888 0.7924
vn -0.3947 0.1842 0.9002
vn -0.4081 0.1708 0.8968
vn -0.4120 0.1625 0.8966
vn -0.3870 0.1963 0.9009
vn -0.3936 0.1913 0.8992
vn -0.3965 0.1866 0.8989
vn -0.3808 0.2058 0.9015
vn -0.3849 0.2028 0.9004
vn -0.3869 0.1998 0.9002
vn -0.3749 0.2112 0.9027
vn -0.3779 0.2090 0.9020
vn -0.3794 0.2069 0.9018
vn -0.3688 0.2125 0.9049
vn -0.3711 0.2108 0.9043
vn -0.3723 0.2092 0.9042
vn -0.3626 0.2096 0.9081
vn -0.3643 0.2084 0.9077
vn -0.3652 0.2072 0.9076
vn -0.3562 0.2033 0.9120
vn -0.3575 0.2023 0.9117
vn -0.3582 0.2014 0.9117
vn -0.6471 -0.3396 0.6826
vn -0.6589 -0.3229 0.6794
vn -0.6586 -0.3229 0.6797
vn -0.6684 -0.3093 0.6764
vn -0.6678 -0.3093 0.6770
vn -0.6756 -0.2987 0.6740
vn -0.6748 -0.2986 0.6749
vn -0.6810 -0.2906 0.6722
vn -0.6808 -0.2905 0.6724
vn -0.6798 -0.2902 0.6735
vn -0.6842 -0.2843 0.6716
vn -0.6837 -0.2844 0.6721
vn -0.6828 -0.2837 0.6733
vn -0.6857 -0.2796 0.6721
vn -0.6854 -0.2794 0.6724
vn -0.6840 -0.2786 0.6742
vn -0.6453 -0.3373 0.6854
vn -0.6570 -0.3207 0.6823
vn -0.6663 -0.3074 0.6794
vn -0.6659 -0.3074 0.6798
vn -0.6734 -0.2970 0.6770
vn -0.6727 -0.2970 0.6777
vn -0.6784 -0.2891 0.6754
vn -0.6775 -0.2890 0.6764
vn -0.6815 -0.2833 0.6748
vn -0.6802 -0.2829 0.6762
vn -0.6826 -0.2789 0.6754
vn -0.6811 -0.2782 0.6772
vn -0.6428 -0.3336 0.6896
vn -0.6544 -0.3171 0.6865
vn -0.6636 -0.3038 0.6836
vn -0.6632 -0.3039 0.6839
vn -0.6706 -0.2936 0.6812
vn -0.6701 -0.2937 0.6817
vn -0.6755 -0.2862 0.6795
vn -0.6747 -0.2861 0.6804
vn -0.6785 -0.2808 0.6788
vn -0.6774 -0.2806 0.6800
vn -0.6795 -0.2770 0.6794
vn -0.6781 -0.2764 0.6811
vn -0.6396 -0.3285 0.6949
vn -0.6511 -0.3119 0.6919
vn -0.6603 -0.2987 0.6890
vn -0.6673 -0.2887 0.6865
vn -0.6722 -0.2815 0.6847
vn -0.6717 -0.2815 0.6852
vn -0.6751 -0.2767 0.6839
vn -0.6742 -0.2766 0.6848
vn -0.6760 -0.2735 0.6843
vn -0.6758 -0.2737 0.6845
vn -0.6747 -0.2731 0.6857
vn -0.6359 -0.3220 0.7014
vn -0.6362 -0.3218 0.7012
vn -0.6473 -0.3053 0.6984
vn -0.6476 -0.3052 0.6982
vn -0.6564 -0.2922 0.6955
vn -0.6567 -0.2921 0.6953
vn -0.6634 -0.2824 0.6929
vn -0.6685 -0.2755 0.6908
vn -0.6682 -0.2755 0.6910
vn -0.6715 -0.2712 0.6896
vn -0.6710 -0.2712 0.6901
vn -0.6724 -0.2689 0.6896
vn -0.6714 -0.2686 0.6907
vn -0.6315 -0.3142 0.7089
vn -0.6322 -0.3138 0.7084
vn -0.6429 -0.2973 0.7059
vn -0.6436 -0.2970 0.7054
vn -0.6520 -0.2843 0.7029
vn -0.6527 -0.2840 0.7024
vn -0.6591 -0.2747 0.7001
vn -0.6596 -0.2744 0.6997
vn -0.6643 -0.2681 0.6977
vn -0.6646 -0.2680 0.6974
vn -0.6676 -0.2643 0.6960
vn -0.6688 -0.2630 0.6954
vn -0.6683 -0.2629 0.6959
vn -0.6410 -0.2315 0.7318
vn -0.6414 -0.2292 0.7322
vn -0.6379 -0.2380 0.7325
vn -0.6330 -0.2394 0.7362
vn -0.6333 -0.2376 0.7365
vn -0.6305 -0.2441 0.7368
vn -0.6275 -0.2509 0.7370
vn -0.6267 -0.2502 0.7380
vn -0.6252 -0.2473 0.7403
vn -0.6230 -0.2501 0.7412
vn -0.6224 -0.2494 0.7419
vn -0.6208 -0.2466 0.7442
vn -0.6191 -0.2459 0.7458
vn -0.6184 -0.2451 0.7466
vn -0.6170 -0.2422 0.7488
vn -0.6153 -0.2378 0.7516
vn -0.6146 -0.2371 0.7523
vn -0.6131 -0.2339 0.7546
vn -0.6115 -0.2181 0.7606
vn -0.6120 -0.2165 0.7607
vn -0.6094 -0.2215 0.7613
vn -0.6547 -0.2410 0.7165
vn -0.6550 -0.2384 0.7171
vn -0.6521 -0.2470 0.7167
vn -0.6473 -0.2452 0.7217
vn -0.6477 -0.2431 0.7221
vn -0.6450 -0.2502 0.7221
vn -0.6412 -0.2474 0.7264
vn -0.6415 -0.2458 0.7267
vn -0.6390 -0.2517 0.7269
vn -0.6365 -0.2549 0.7279
vn -0.6356 -0.2541 0.7290
vn -0.6338 -0.2509 0.7317
vn -0.6315 -0.2509 0.7337
vn -0.6308 -0.2502 0.7345
vn -0.6291 -0.2470 0.7371
vn -0.6271 -0.2434 0.7400
vn -0.6264 -0.2428 0.7407
vn -0.6247 -0.2395 0.7432
vn -0.6231 -0.2327 0.7467
vn -0.6222 -0.2318 0.7478
vn -0.6207 -0.2282 0.7501
vn -0.6647 -0.2500 0.7040
vn -0.6649 -0.2476 0.7047
vn -0.6629 -0.2549 0.7040
vn -0.6587 -0.2516 0.7091
vn -0.6590 -0.2496 0.7095
vn -0.6567 -0.2564 0.7092
vn -0.6542 -0.2611 0.7099
vn -0.6530 -0.2603 0.7112
vn -0.6508 -0.2569 0.7145
vn -0.6482 -0.2597 0.7158
vn -0.6473 -0.2591 0.7169
vn -0.6452 -0.2558 0.7199
vn -0.6428 -0.2560 0.7220
vn -0.6420 -0.2553 0.7230
vn -0.6401 -0.2520 0.7258
vn -0.6379 -0.2491 0.7287
vn -0.6371 -0.2485 0.7296
vn -0.6354 -0.2452 0.7322
vn -0.6336 -0.2391 0.7358
vn -0.6328 -0.2383 0.7367
vn -0.6312 -0.2347 0.7392
vn -0.6721 -0.2570 0.6944
vn -0.6722 -0.2549 0.6951
vn -0.6707 -0.2611 0.6943
vn -0.6688 -0.2658 0.6943
vn -0.6676 -0.2651 0.6957
vn -0.6654 -0.2621 0.6989
vn -0.6633 -0.2656 0.6996
vn -0.6623 -0.2650 0.7009
vn -0.6601 -0.2620 0.7040
vn -0.6578 -0.2640 0.7054
vn -0.6569 -0.2633 0.7065
vn -0.6549 -0.2605 0.7094
vn -0.6526 -0.2604 0.7115
vn -0.6518 -0.2598 0.7125
vn -0.6499 -0.2568 0.7153
vn -0.6476 -0.2542 0.7183
vn -0.6470 -0.2538 0.7190
vn -0.6452 -0.2505 0.7218
vn -0.6433 -0.2453 0.7252
vn -0.6427 -0.2447 0.7260
vn -0.6410 -0.2411 0.7287
vn -0.6796 -0.2691 0.6825
vn -0.6785 -0.2685 0.6837
vn -0.6766 -0.2663 0.6865
vn -0.6751 -0.2697 0.6866
vn -0.6741 -0.2692 0.6879
vn -0.6722 -0.2669 0.6906
vn -0.6704 -0.2692 0.6914
vn -0.6694 -0.2687 0.6926
vn -0.6676 -0.2663 0.6953
vn -0.6656 -0.2672 0.6969
vn -0.6646 -0.2667 0.6979
vn -0.6629 -0.2643 0.7005
vn -0.6608 -0.2639 0.7026
vn -0.6600 -0.2634 0.7035
vn -0.6582 -0.2609 0.7062
vn -0.6561 -0.2587 0.7089
vn -0.6555 -0.2583 0.7096
vn -0.6537 -0.2555 0.7123
vn -0.6517 -0.2509 0.7158
vn -0.6512 -0.2505 0.7164
vn -0.6495 -0.2472 0.7191
vn -0.6833 -0.2725 0.6774
vn -0.6825 -0.2722 0.6784
vn -0.6809 -0.2705 0.6806
vn -0.6797 -0.2727 0.6809
vn -0.6789 -0.2724 0.6819
vn -0.6772 -0.2707 0.6841
vn -0.6756 -0.2717 0.6854
vn -0.6750 -0.2715 0.6860
vn -0.6733 -0.2698 0.6884
vn -0.6715 -0.2695 0.6903
vn -0.6709 -0.2692 0.6909
vn -0.6691 -0.2674 0.6934
vn -0.6672 -0.2662 0.6957
vn -0.6666 -0.2660 0.6963
vn -0.6649 -0.2641 0.6987
vn -0.6630 -0.2621 0.7012
vn -0.6624 -0.2618 0.7019
vn -0.6606 -0.2595 0.7044
vn -0.6586 -0.2553 0.7079
vn -0.6582 -0.2553 0.7082
vn -0.6566 -0.2525 0.7107
vn -0.5567 -0.0826 0.8266
vn -0.5598 -0.0707 0.8256
vn -0.5451 -0.0955 0.8329
vn -0.5720 -0.1444 0.8074
vn -0.5748 -0.1366 0.8068
vn -0.5639 -0.1519 0.8117
vn -0.5846 -0.1907 0.7885
vn -0.5867 -0.1861 0.7881
vn -0.5796 -0.1949 0.7912
vn -0.5967 -0.2249 0.7703
vn -0.5984 -0.2216 0.7700
vn -0.5931 -0.2277 0.7723
vn -0.6074 -0.2528 0.7531
vn -0.6087 -0.2505 0.7528
vn -0.6048 -0.2548 0.7545
vn -0.6164 -0.2753 0.7377
vn -0.6172 -0.2741 0.7375
vn -0.6147 -0.2765 0.7387
vn -0.6234 -0.2921 0.7253
vn -0.6239 -0.2914 0.7251
vn -0.6223 -0.2927 0.7260
vn -0.5725 -0.1027 0.8134
vn -0.5747 -0.0944 0.8129
vn -0.5642 -0.1134 0.8178
vn -0.5874 -0.1434 0.7965
vn -0.5898 -0.1365 0.7959
vn -0.5801 -0.1514 0.8004
vn -0.5994 -0.1795 0.7800
vn -0.6016 -0.1743 0.7795
vn -0.5938 -0.1850 0.7830
vn -0.6109 -0.2102 0.7633
vn -0.6127 -0.2063 0.7629
vn -0.6064 -0.2142 0.7657
vn -0.6207 -0.2367 0.7475
vn -0.6222 -0.2339 0.7471
vn -0.6174 -0.2394 0.7493
vn -0.6288 -0.2582 0.7334
vn -0.6299 -0.2565 0.7331
vn -0.6266 -0.2599 0.7347
vn -0.6353 -0.2746 0.7218
vn -0.6359 -0.2738 0.7216
vn -0.6339 -0.2756 0.7227
vn -0.5836 -0.1234 0.8026
vn -0.5851 -0.1177 0.8024
vn -0.5777 -0.1317 0.8055
vn -0.5982 -0.1507 0.7870
vn -0.6000 -0.1457 0.7866
vn -0.5923 -0.1579 0.7901
vn -0.6106 -0.1778 0.7718
vn -0.6124 -0.1732 0.7713
vn -0.6051 -0.1837 0.7747
vn -0.6216 -0.2037 0.7564
vn -0.6233 -0.2000 0.7560
vn -0.6171 -0.2081 0.7588
vn -0.6310 -0.2267 0.7419
vn -0.6324 -0.2241 0.7416
vn -0.6276 -0.2298 0.7439
vn -0.6387 -0.2461 0.7290
vn -0.6397 -0.2445 0.7287
vn -0.6363 -0.2480 0.7305
vn -0.6447 -0.2616 0.7183
vn -0.6454 -0.2606 0.7180
vn -0.6431 -0.2627 0.7193
vn -0.5921 -0.1441 0.7929
vn -0.5932 -0.1399 0.7928
vn -0.5874 -0.1511 0.7951
vn -0.6058 -0.1644 0.7785
vn -0.6070 -0.1605 0.7783
vn -0.6010 -0.1706 0.7808
vn -0.6178 -0.1847 0.7644
vn -0.6191 -0.1812 0.7641
vn -0.6133 -0.1900 0.7667
vn -0.6287 -0.2044 0.7503
vn -0.6298 -0.2016 0.7501
vn -0.6248 -0.2085 0.7524
vn -0.6381 -0.2225 0.7371
vn -0.6392 -0.2202 0.7368
vn -0.6351 -0.2254 0.7388
vn -0.6460 -0.2386 0.7251
vn -0.6469 -0.2370 0.7248
vn -0.6437 -0.2405 0.7265
vn -0.6521 -0.2526 0.7148
vn -0.6528 -0.2518 0.7145
vn -0.6504 -0.2538 0.7159
vn -0.5987 -0.1644 0.7839
vn -0.5995 -0.1612 0.7839
vn -0.5949 -0.1701 0.7856
vn -0.6114 -0.1795 0.7707
vn -0.6123 -0.1766 0.7706
vn -0.6076 -0.1847 0.7725
vn -0.6229 -0.1943 0.7578
vn -0.6238 -0.1919 0.7576
vn -0.6193 -0.1988 0.7595
vn -0.6334 -0.2087 0.7451
vn -0.6343 -0.2067 0.7450
vn -0.6303 -0.2123 0.7467
vn -0.6430 -0.2222 0.7329
vn -0.6437 -0.2204 0.7328
vn -0.6404 -0.2249 0.7344
vn -0.6511 -0.2350 0.7217
vn -0.6519 -0.2336 0.7214
vn -0.6490 -0.2370 0.7229
vn -0.6577 -0.2472 0.7115
vn -0.6582 -0.2465 0.7114
vn -0.6558 -0.2486 0.7128
vn -0.6038 -0.1837 0.7757
vn -0.6045 -0.1814 0.7757
vn -0.6008 -0.1883 0.7769
vn -0.6158 -0.1947 0.7635
vn -0.6164 -0.1927 0.7635
vn -0.6128 -0.1990 0.7648
vn -0.6269 -0.2053 0.7516
vn -0.6274 -0.2037 0.7516
vn -0.6239 -0.2093 0.7530
vn -0.6370 -0.2158 0.7401
vn -0.6376 -0.2143 0.7400
vn -0.6343 -0.2191 0.7414
vn -0.6462 -0.2257 0.7290
vn -0.6467 -0.2245 0.7290
vn -0.6439 -0.2284 0.7302
vn -0.6545 -0.2354 0.7185
vn -0.6549 -0.2346 0.7184
vn -0.6525 -0.2374 0.7197
vn -0.6610 -0.2455 0.7091
vn -0.6615 -0.2447 0.7089
vn -0.6595 -0.2468 0.7101
vn -0.6853 -0.2757 0.6740
vn -0.6846 -0.2756 0.6748
vn -0.6834 -0.2743 0.6766
vn -0.6822 -0.2755 0.6773
vn -0.6817 -0.2754 0.6779
vn -0.6802 -0.2742 0.6798
vn -0.6785 -0.2740 0.6816
vn -0.6782 -0.2741 0.6819
vn -0.6768 -0.2729 0.6837
vn -0.6751 -0.2714 0.6860
vn -0.6745 -0.2713 0.6867
vn -0.6731 -0.2701 0.6884
vn -0.6710 -0.2675 0.6915
vn -0.6694 -0.2665 0.6934
vn -0.6674 -0.2633 0.6966
vn -0.6658 -0.2621 0.6986
vn -0.6079 -0.2018 0.7679
vn -0.6084 -0.2000 0.7680
vn -0.6054 -0.2057 0.7689
vn -0.6145 -0.2089 0.7608
vn -0.6153 -0.2099 0.7598
vn -0.6169 -0.2137 0.7575
vn -0.6254 -0.2168 0.7496
vn -0.6261 -0.2179 0.7486
vn -0.6276 -0.2215 0.7464
vn -0.6356 -0.2247 0.7386
vn -0.6362 -0.2257 0.7377
vn -0.6375 -0.2291 0.7355
vn -0.6448 -0.2323 0.7282
vn -0.6452 -0.2332 0.7275
vn -0.6465 -0.2364 0.7254
vn -0.6561 -0.2404 0.7153
vn -0.6561 -0.2399 0.7155
vn -0.6542 -0.2426 0.7163
vn -0.6267 -0.3049 0.7172
vn -0.6276 -0.3043 0.7166
vn -0.6382 -0.2878 0.7141
vn -0.6378 -0.2883 0.7142
vn -0.6392 -0.2872 0.7134
vn -0.6470 -0.2750 0.7112
vn -0.6482 -0.2743 0.7103
vn -0.6545 -0.2655 0.7079
vn -0.6539 -0.2662 0.7082
vn -0.6554 -0.2649 0.7073
vn -0.6594 -0.2596 0.7055
vn -0.6592 -0.2600 0.7055
vn -0.6606 -0.2590 0.7046
vn -0.6632 -0.2563 0.7032
vn -0.6639 -0.2560 0.7026
vn -0.6649 -0.2556 0.7019
vn -0.6646 -0.2558 0.7021
vn -0.6653 -0.2555 0.7015
vn -0.6642 -0.2577 0.7017
vn -0.6641 -0.2575 0.7019
vn -0.6625 -0.2559 0.7040
vn -0.6620 -0.2474 0.7075
vn -0.6620 -0.2471 0.7076
vn -0.6611 -0.2483 0.7080
vn -0.6337 -0.3610 0.6842
vn -0.6482 -0.3405 0.6811
vn -0.6478 -0.3406 0.6814
vn -0.6602 -0.3236 0.6778
vn -0.6597 -0.3236 0.6782
vn -0.6699 -0.3098 0.6748
vn -0.6692 -0.3098 0.6754
vn -0.6773 -0.2988 0.6723
vn -0.6765 -0.2987 0.6731
vn -0.6829 -0.2904 0.6703
vn -0.6827 -0.2903 0.6705
vn -0.6817 -0.2900 0.6717
vn -0.6862 -0.2838 0.6698
vn -0.6849 -0.2832 0.6713
vn -0.6881 -0.2789 0.6699
vn -0.6875 -0.2787 0.6706
vn -0.6864 -0.2779 0.6720
vn -0.6328 -0.3599 0.6856
vn -0.6311 -0.3575 0.6884
vn -0.6287 -0.3538 0.6925
vn -0.6256 -0.3489 0.6978
vn -0.6220 -0.3426 0.7041
vn -0.6176 -0.3351 0.7115
vn -0.6181 -0.3348 0.7112
vn -0.6131 -0.3261 0.7196
vn -0.6127 -0.3266 0.7197
vn -0.6135 -0.3258 0.7193
vn -0.6389 -0.1929 0.7447
vn -0.6393 -0.1894 0.7453
vn -0.6315 -0.2090 0.7467
vn -0.6217 -0.2258 0.7500
vn -0.6220 -0.2245 0.7502
vn -0.6189 -0.2307 0.7508
vn -0.6150 -0.2433 0.7500
vn -0.6142 -0.2425 0.7510
vn -0.6132 -0.2400 0.7526
vn -0.6111 -0.2468 0.7521
vn -0.6105 -0.2461 0.7528
vn -0.6097 -0.2440 0.7542
vn -0.6080 -0.2408 0.7565
vn -0.6083 -0.2396 0.7566
vn -0.6067 -0.2430 0.7569
vn -0.6052 -0.2353 0.7605
vn -0.6056 -0.2338 0.7606
vn -0.6038 -0.2377 0.7609
vn -0.6024 -0.2255 0.7657
vn -0.6028 -0.2239 0.7658
vn -0.6006 -0.2284 0.7662
vn -0.5992 -0.2115 0.7722
vn -0.5996 -0.2096 0.7723
vn -0.5972 -0.2148 0.7728
vn -0.6523 -0.2203 0.7252
vn -0.6525 -0.2169 0.7261
vn -0.6482 -0.2299 0.7259
vn -0.6625 -0.2372 0.7105
vn -0.6626 -0.2343 0.7114
vn -0.6601 -0.2436 0.7106
vn -0.6705 -0.2481 0.6992
vn -0.6705 -0.2455 0.7001
vn -0.6689 -0.2527 0.6990
vn -0.6769 -0.2555 0.6904
vn -0.6768 -0.2534 0.6911
vn -0.6756 -0.2594 0.6901
vn -0.6816 -0.2615 0.6834
vn -0.6816 -0.2596 0.6841
vn -0.6807 -0.2648 0.6830
vn -0.6865 -0.2712 0.6746
vn -0.6856 -0.2709 0.6757
vn -0.6843 -0.2692 0.6777
vn -0.6881 -0.2749 0.6715
vn -0.6875 -0.2746 0.6723
vn -0.6862 -0.2734 0.6741
vn -0.5064 0.0492 0.8609
vn -0.5131 0.0782 0.8548
vn -0.4776 0.0187 0.8784
vn -0.5312 -0.0828 0.8432
vn -0.5342 -0.0700 0.8424
vn -0.5198 -0.0933 0.8492
vn -0.5491 -0.1654 0.8192
vn -0.5510 -0.1612 0.8188
vn -0.5440 -0.1689 0.8219
vn -0.5657 -0.2137 0.7965
vn -0.5670 -0.2110 0.7962
vn -0.5626 -0.2156 0.7981
vn -0.5793 -0.2482 0.7764
vn -0.5804 -0.2464 0.7762
vn -0.5772 -0.2495 0.7775
vn -0.5912 -0.2758 0.7579
vn -0.5919 -0.2746 0.7578
vn -0.5897 -0.2767 0.7587
vn -0.6010 -0.2980 0.7416
vn -0.6016 -0.2972 0.7414
vn -0.6000 -0.2986 0.7422
vn -0.6090 -0.3142 0.7283
vn -0.6090 -0.3139 0.7284
vn -0.6080 -0.3147 0.7289
vn -0.5339 -0.0100 0.8455
vn -0.5359 0.0032 0.8442
vn -0.5191 -0.0294 0.8542
vn -0.5522 -0.0629 0.8313
vn -0.5535 -0.0538 0.8311
vn -0.5451 -0.0752 0.8350
vn -0.5658 -0.0965 0.8188
vn -0.5669 -0.0901 0.8188
vn -0.5606 -0.1058 0.8213
vn -0.5764 -0.1241 0.8077
vn -0.5773 -0.1191 0.8078
vn -0.5721 -0.1316 0.8096
vn -0.5845 -0.1491 0.7975
vn -0.5853 -0.1454 0.7977
vn -0.5810 -0.1553 0.7989
vn -0.5907 -0.1725 0.7882
vn -0.5914 -0.1696 0.7884
vn -0.5879 -0.1774 0.7893
vn -0.5954 -0.1935 0.7798
vn -0.5959 -0.1913 0.7799
vn -0.5931 -0.1974 0.7806
vn -0.2852 0.3974 0.8722
vn -0.2856 0.3964 0.8725
vn -0.2890 0.3980 0.8707
vn -0.2920 0.3816 0.8770
vn -0.2925 0.3810 0.8771
vn -0.2952 0.3807 0.8763
vn -0.2972 0.3692 0.8805
vn -0.2972 0.3688 0.8807
vn -0.2990 0.3683 0.8803
vn -0.2993 0.3592 0.8840
vn -0.2997 0.3587 0.8840
vn -0.3004 0.3585 0.8839
vn -0.2995 0.3491 0.8879
vn -0.2999 0.3487 0.8880
vn -0.3000 0.3486 0.8880
vn -0.2978 0.3383 0.8927
vn -0.2944 0.3275 0.8978
vn -0.2940 0.3278 0.8979
vn -0.2485 0.4600 0.8525
vn -0.2488 0.4578 0.8535
vn -0.2512 0.4618 0.8507
vn -0.2553 0.4446 0.8586
vn -0.2553 0.4440 0.8589
vn -0.2586 0.4454 0.8572
vn -0.2613 0.4304 0.8640
vn -0.2640 0.4303 0.8632
vn -0.2655 0.4178 0.8689
vn -0.2658 0.4172 0.8691
vn -0.2677 0.4169 0.8686
vn -0.2680 0.4047 0.8743
vn -0.2683 0.4040 0.8745
vn -0.2694 0.4037 0.8743
vn -0.2681 0.3911 0.8804
vn -0.2687 0.3908 0.8804
vn -0.2661 0.3786 0.8865
vn -0.2206 0.5056 0.8341
vn -0.2211 0.5032 0.8354
vn -0.2224 0.5074 0.8325
vn -0.2267 0.4924 0.8404
vn -0.2267 0.4912 0.8410
vn -0.2291 0.4936 0.8389
vn -0.2322 0.4785 0.8468
vn -0.2321 0.4781 0.8471
vn -0.2350 0.4792 0.8457
vn -0.2369 0.4650 0.8530
vn -0.2371 0.4647 0.8531
vn -0.2395 0.4647 0.8524
vn -0.2404 0.4505 0.8598
vn -0.2408 0.4504 0.8597
vn -0.2422 0.4502 0.8595
vn -0.2417 0.4367 0.8665
vn -0.2420 0.4362 0.8667
vn -0.2427 0.4360 0.8666
vn -0.2404 0.4230 0.8737
vn -0.2409 0.4228 0.8736
vn -0.1988 0.5389 0.8186
vn -0.1995 0.5366 0.8199
vn -0.2001 0.5405 0.8172
vn -0.2043 0.5282 0.8242
vn -0.2045 0.5266 0.8252
vn -0.2059 0.5294 0.8230
vn -0.2090 0.5158 0.8308
vn -0.2089 0.5152 0.8312
vn -0.2110 0.5168 0.8297
vn -0.2131 0.5027 0.8378
vn -0.2152 0.5032 0.8370
vn -0.2162 0.4890 0.8451
vn -0.2180 0.4890 0.8446
vn -0.2178 0.4753 0.8525
vn -0.2181 0.4749 0.8526
vn -0.2190 0.4748 0.8524
vn -0.2172 0.4616 0.8601
vn -0.1800 0.5653 0.8050
vn -0.1807 0.5633 0.8063
vn -0.1809 0.5666 0.8039
vn -0.1846 0.5563 0.8102
vn -0.1849 0.5547 0.8112
vn -0.1857 0.5574 0.8092
vn -0.1888 0.5454 0.8166
vn -0.1888 0.5444 0.8173
vn -0.1901 0.5463 0.8157
vn -0.1921 0.5330 0.8240
vn -0.1938 0.5338 0.8231
vn -0.1951 0.5202 0.8315
vn -0.1968 0.5205 0.8308
vn -0.1968 0.5072 0.8390
vn -0.1970 0.5069 0.8392
vn -0.1985 0.5068 0.8389
vn -0.1972 0.4936 0.8470
vn -0.1979 0.4934 0.8470
vn -0.1634 0.5863 0.7935
vn -0.1641 0.5845 0.7946
vn -0.1641 0.5873 0.7925
vn -0.1673 0.5783 0.7985
vn -0.1676 0.5770 0.7994
vn -0.1680 0.5793 0.7976
vn -0.1710 0.5684 0.8048
vn -0.1711 0.5674 0.8055
vn -0.1718 0.5692 0.8040
vn -0.1739 0.5566 0.8124
vn -0.1743 0.5561 0.8126
vn -0.1754 0.5576 0.8114
vn -0.1772 0.5448 0.8196
vn -0.1769 0.5447 0.8198
vn -0.1784 0.5454 0.8190
vn -0.1793 0.5323 0.8273
vn -0.1808 0.5326 0.8268
vn -0.1803 0.5199 0.8350
vn -0.1808 0.5194 0.8352
vn -0.1816 0.5193 0.8351
vn -0.2698 0.3389 0.9013
vn -0.2623 0.3450 0.9012
vn -0.2594 0.3494 0.9003
vn -0.2350 0.3903 0.8902
vn -0.2283 0.3953 0.8897
vn -0.2253 0.3996 0.8886
vn -0.2055 0.4316 0.8783
vn -0.2008 0.4349 0.8778
vn -0.1982 0.4383 0.8767
vn -0.1824 0.4648 0.8664
vn -0.1788 0.4673 0.8658
vn -0.1766 0.4701 0.8648
vn -0.1632 0.4939 0.8541
vn -0.1605 0.4957 0.8535
vn -0.1586 0.4979 0.8526
vn -0.1441 0.5249 0.8389
vn -0.1433 0.5266 0.8379
vn -0.1438 0.5229 0.8402
vn -0.1320 0.5468 0.8268
vn -0.1315 0.5480 0.8261
vn -0.1317 0.5454 0.8278
vn -0.2719 0.3245 0.9060
vn -0.2671 0.3281 0.9061
vn -0.2651 0.3311 0.9056
vn -0.2396 0.3776 0.8945
vn -0.2344 0.3815 0.8942
vn -0.2321 0.3847 0.8934
vn -0.2113 0.4211 0.8821
vn -0.2067 0.4244 0.8816
vn -0.2045 0.4274 0.8806
vn -0.1878 0.4565 0.8697
vn -0.1841 0.4590 0.8691
vn -0.1821 0.4617 0.8682
vn -0.1678 0.4874 0.8569
vn -0.1651 0.4894 0.8563
vn -0.1634 0.4915 0.8554
vn -0.1513 0.5149 0.8438
vn -0.1492 0.5164 0.8432
vn -0.1478 0.5182 0.8424
vn -0.1355 0.5430 0.8287
vn -0.1350 0.5446 0.8278
vn -0.1353 0.5418 0.8295
vn -0.2735 0.3150 0.9088
vn -0.2706 0.3171 0.9090
vn -0.2693 0.3190 0.9087
vn -0.2437 0.3680 0.8973
vn -0.2398 0.3709 0.8972
vn -0.2381 0.3733 0.8966
vn -0.2169 0.4121 0.8849
vn -0.2128 0.4151 0.8845
vn -0.2110 0.4176 0.8838
vn -0.1933 0.4492 0.8723
vn -0.1898 0.4517 0.8718
vn -0.1882 0.4539 0.8709
vn -0.1731 0.4818 0.8590
vn -0.1703 0.4838 0.8585
vn -0.1689 0.4857 0.8576
vn -0.1562 0.5107 0.8455
vn -0.1541 0.5122 0.8449
vn -0.1530 0.5138 0.8442
vn -0.1427 0.5359 0.8322
vn -0.1411 0.5371 0.8316
vn -0.1402 0.5385 0.8309
vn -0.2765 0.3096 0.9098
vn -0.2744 0.3111 0.9099
vn -0.2734 0.3125 0.9097
vn -0.2481 0.3616 0.8987
vn -0.2451 0.3637 0.8987
vn -0.2437 0.3656 0.8983
vn -0.2221 0.4057 0.8866
vn -0.2189 0.4081 0.8863
vn -0.2174 0.4101 0.8858
vn -0.1988 0.4441 0.8736
vn -0.1960 0.4461 0.8733
vn -0.1946 0.4480 0.8726
vn -0.1787 0.4778 0.8601
vn -0.1763 0.4795 0.8596
vn -0.1751 0.4812 0.8590
vn -0.1619 0.5074 0.8464
vn -0.1599 0.5089 0.8458
vn -0.1589 0.5104 0.8451
vn -0.1485 0.5331 0.8329
vn -0.1468 0.5344 0.8324
vn -0.1461 0.5356 0.8317
vn -0.2804 0.3079 0.9091
vn -0.2788 0.3090 0.9093
vn -0.2779 0.3101 0.9092
vn -0.2528 0.3589 0.8985
vn -0.2505 0.3604 0.8985
vn -0.2496 0.3617 0.8983
vn -0.2275 0.4030 0.8865
vn -0.2251 0.4046 0.8863
vn -0.2240 0.4061 0.8860
vn -0.2045 0.4418 0.8735
vn -0.2022 0.4434 0.8732
vn -0.2012 0.4448 0.8728
vn -0.1846 0.4758 0.8600
vn -0.1826 0.4772 0.8596
vn -0.1816 0.4785 0.8591
vn -0.1678 0.5055 0.8464
vn -0.1660 0.5068 0.8459
vn -0.1653 0.5079 0.8454
vn -0.1544 0.5311 0.8331
vn -0.1531 0.5322 0.8327
vn -0.1523 0.5333 0.8321
vn -0.2848 0.3105 0.9069
vn -0.2838 0.3111 0.9070
vn -0.2831 0.3118 0.9070
vn -0.2576 0.3607 0.8964
vn -0.2562 0.3616 0.8964
vn -0.2555 0.3625 0.8963
vn -0.2326 0.4047 0.8844
vn -0.2313 0.4056 0.8843
vn -0.2305 0.4065 0.8841
vn -0.2099 0.4436 0.8713
vn -0.2086 0.4444 0.8712
vn -0.2079 0.4452 0.8710
vn -0.1904 0.4768 0.8582
vn -0.1890 0.4777 0.8580
vn -0.1882 0.4786 0.8576
vn -0.1740 0.5050 0.8454
vn -0.1725 0.5060 0.8451
vn -0.1716 0.5070 0.8447
vn -0.1603 0.5298 0.8329
vn -0.1590 0.5308 0.8325
vn -0.1584 0.5317 0.8320
vn -0.0975 0.6466 0.7566
vn -0.1007 0.6451 0.7574
vn -0.1052 0.6424 0.7591
vn -0.1054 0.6427 0.7589
vn -0.1052 0.6423 0.7592
vn -0.1115 0.6387 0.7613
vn -0.1112 0.6391 0.7610
vn -0.1114 0.6385 0.7615
vn -0.1192 0.6333 0.7646
vn -0.1188 0.6339 0.7642
vn -0.1190 0.6329 0.7650
vn -0.1284 0.6261 0.7691
vn -0.1281 0.6268 0.7686
vn -0.1280 0.6255 0.7697
vn -0.1386 0.6165 0.7751
vn -0.1383 0.6176 0.7743
vn -0.1382 0.6158 0.7757
vn -0.0991 0.6375 0.7640
vn -0.1023 0.6362 0.7647
vn -0.1070 0.6341 0.7658
vn -0.1069 0.6339 0.7660
vn -0.1135 0.6308 0.7676
vn -0.1133 0.6305 0.7679
vn -0.1213 0.6257 0.7706
vn -0.1211 0.6262 0.7702
vn -0.1211 0.6254 0.7709
vn -0.1308 0.6187 0.7747
vn -0.1305 0.6194 0.7742
vn -0.1304 0.6182 0.7752
vn -0.1416 0.6093 0.7802
vn -0.1414 0.6102 0.7795
vn -0.1411 0.6086 0.7808
vn -0.1013 0.6268 0.7726
vn -0.1045 0.6256 0.7731
vn -0.1093 0.6237 0.7740
vn -0.1157 0.6206 0.7756
vn -0.1154 0.6210 0.7753
vn -0.1156 0.6204 0.7757
vn -0.1238 0.6160 0.7780
vn -0.1237 0.6164 0.7776
vn -0.1236 0.6157 0.7782
vn -0.1335 0.6093 0.7816
vn -0.1334 0.6099 0.7811
vn -0.1332 0.6087 0.7821
vn -0.1447 0.5999 0.7869
vn -0.1445 0.6008 0.7862
vn -0.1442 0.5993 0.7875
vn -0.1045 0.6144 0.7821
vn -0.1077 0.6132 0.7826
vn -0.1076 0.6129 0.7828
vn -0.1124 0.6113 0.7834
vn -0.1123 0.6110 0.7836
vn -0.1190 0.6086 0.7845
vn -0.1187 0.6080 0.7850
vn -0.1270 0.6040 0.7868
vn -0.1266 0.6046 0.7864
vn -0.1268 0.6036 0.7872
vn -0.1368 0.5977 0.7900
vn -0.1365 0.5983 0.7895
vn -0.1364 0.5971 0.7905
vn -0.1480 0.5884 0.7949
vn -0.1478 0.5893 0.7943
vn -0.1475 0.5878 0.7954
vn -0.1089 0.6003 0.7923
vn -0.1087 0.5998 0.7927
vn -0.1121 0.5988 0.7931
vn -0.1118 0.5982 0.7935
vn -0.1168 0.5968 0.7938
vn -0.1166 0.5964 0.7942
vn -0.1231 0.5938 0.7951
vn -0.1229 0.5944 0.7948
vn -0.1229 0.5934 0.7955
vn -0.1310 0.5900 0.7967
vn -0.1307 0.5906 0.7963
vn -0.1308 0.5896 0.7970
vn -0.1403 0.5844 0.7992
vn -0.1400 0.5851 0.7988
vn -0.1400 0.5839 0.7997
vn -0.1514 0.5764 0.8030
vn -0.1512 0.5770 0.8026
vn -0.1509 0.5757 0.8036
vn -0.1149 0.5844 0.8033
vn -0.1145 0.5835 0.8040
vn -0.1179 0.5820 0.8046
vn -0.1177 0.5827 0.8041
vn -0.1177 0.5814 0.8050
vn -0.1226 0.5798 0.8055
vn -0.1222 0.5806 0.8050
vn -0.1224 0.5791 0.8060
vn -0.1289 0.5771 0.8064
vn -0.1284 0.5779 0.8059
vn -0.1287 0.5764 0.8070
vn -0.1362 0.5738 0.8076
vn -0.1359 0.5744 0.8072
vn -0.1360 0.5733 0.8080
vn -0.1445 0.5696 0.8091
vn -0.1442 0.5701 0.8088
vn -0.1443 0.5692 0.8095
vn -0.1541 0.5637 0.8115
vn -0.1539 0.5642 0.8112
vn -0.1539 0.5633 0.8118
vn -0.2895 0.3174 0.9030
vn -0.2892 0.3174 0.9031
vn -0.2887 0.3179 0.9031
vn -0.2623 0.3674 0.8923
vn -0.2615 0.3678 0.8924
vn -0.2612 0.3682 0.8923
vn -0.2372 0.4114 0.8800
vn -0.2369 0.4118 0.8799
vn -0.2362 0.4122 0.8800
vn -0.2142 0.4504 0.8667
vn -0.2138 0.4507 0.8667
vn -0.1947 0.4829 0.8538
vn -0.1943 0.4831 0.8538
vn -0.1795 0.5080 0.8424
vn -0.1786 0.5084 0.8424
vn -0.1781 0.5090 0.8421
vn -0.1223 0.5663 0.8151
vn -0.1221 0.5673 0.8144
vn -0.1221 0.5655 0.8157
vn -0.1257 0.5637 0.8164
vn -0.1252 0.5647 0.8157
vn -0.1254 0.5627 0.8171
vn -0.1304 0.5608 0.8176
vn -0.1299 0.5620 0.8169
vn -0.1302 0.5599 0.8183
vn -0.1365 0.5582 0.8184
vn -0.1361 0.5591 0.8178
vn -0.1363 0.5572 0.8191
vn -0.1431 0.5551 0.8194
vn -0.1427 0.5562 0.8187
vn -0.1429 0.5545 0.8198
vn -0.1498 0.5526 0.8199
vn -0.1495 0.5530 0.8197
vn -0.1497 0.5522 0.8202
vn -0.1494 0.6026 0.7839
vn -0.1499 0.6012 0.7849
vn -0.1499 0.6035 0.7832
vn -0.1527 0.5953 0.7889
vn -0.1531 0.5940 0.7898
vn -0.1533 0.5961 0.7882
vn -0.1560 0.5858 0.7953
vn -0.1563 0.5847 0.7961
vn -0.1566 0.5865 0.7947
vn -0.1591 0.5744 0.8030
vn -0.1594 0.5737 0.8034
vn -0.1599 0.5752 0.8022
vn -0.1623 0.5629 0.8105
vn -0.1624 0.5621 0.8109
vn -0.1630 0.5635 0.8099
vn -0.1647 0.5513 0.8179
vn -0.1648 0.5509 0.8181
vn -0.1656 0.5519 0.8173
vn -0.1662 0.5395 0.8254
vn -0.1660 0.5392 0.8257
vn -0.1677 0.5398 0.8249
vn -0.1669 0.5296 0.8317
vn -0.1654 0.5306 0.8314
vn -0.1646 0.5316 0.8309
vn -0.1570 0.5494 0.8207
vn -0.3304 0.3080 0.8922
vn -0.3308 0.3065 0.8925
vn -0.3352 0.3087 0.8901
vn -0.3414 0.3023 0.8900
vn -0.3416 0.3015 0.8902
vn -0.3423 0.3012 0.8900
vn -0.3420 0.2934 0.8927
vn -0.3412 0.2904 0.8940
vn -0.3407 0.2907 0.8941
vn -0.3390 0.2874 0.8958
vn -0.3385 0.2875 0.8960
vn -0.3384 0.2878 0.8959
vn -0.3358 0.2826 0.8985
vn -0.3356 0.2828 0.8985
vn -0.3348 0.2833 0.8987
vn -0.3315 0.2759 0.9022
vn -0.3309 0.2763 0.9023
vn -0.3304 0.2767 0.9023
vn -0.3262 0.2675 0.9067
vn -0.3255 0.2679 0.9068
vn -0.3250 0.2684 0.9068
vn -0.2773 0.4162 0.8660
vn -0.2798 0.4118 0.8673
vn -0.2796 0.4190 0.8639
vn -0.2398 0.4750 0.8467
vn -0.2418 0.4699 0.8490
vn -0.2417 0.4781 0.8444
vn -0.2135 0.5171 0.8289
vn -0.2152 0.5129 0.8310
vn -0.2148 0.5194 0.8271
vn -0.1929 0.5478 0.8141
vn -0.1943 0.5445 0.8160
vn -0.1939 0.5497 0.8125
vn -0.1752 0.5725 0.8010
vn -0.1764 0.5697 0.8027
vn -0.1760 0.5740 0.7997
vn -0.1595 0.5924 0.7897
vn -0.1604 0.5903 0.7911
vn -0.1601 0.5936 0.7887
vn -0.1461 0.6081 0.7803
vn -0.1468 0.6065 0.7814
vn -0.1466 0.6090 0.7795
vn -0.3260 0.2885 0.9003
vn -0.3023 0.3131 0.9003
vn -0.2958 0.3253 0.8981
vn -0.2679 0.3577 0.8946
vn -0.2553 0.3684 0.8939
vn -0.2504 0.3759 0.8922
vn -0.2281 0.4060 0.8850
vn -0.2211 0.4111 0.8844
vn -0.2174 0.4160 0.8830
vn -0.1996 0.4429 0.8741
vn -0.1952 0.4459 0.8735
vn -0.1923 0.4494 0.8724
vn -0.1721 0.4814 0.8594
vn -0.1707 0.4845 0.8580
vn -0.1719 0.4784 0.8611
vn -0.1552 0.5066 0.8481
vn -0.1543 0.5089 0.8469
vn -0.1549 0.5043 0.8495
vn -0.1411 0.5295 0.8365
vn -0.1405 0.5311 0.8356
vn -0.1407 0.5277 0.8377
vn -0.1296 0.5502 0.8249
vn -0.1293 0.5512 0.8243
vn -0.1292 0.5489 0.8258
vn -0.3091 0.2708 0.9117
vn -0.3037 0.2756 0.9120
vn -0.3020 0.2786 0.9117
vn -0.3062 0.2585 0.9162
vn -0.3043 0.2596 0.9165
vn -0.3035 0.2609 0.9164
vn -0.3060 0.2507 0.9184
vn -0.3047 0.2515 0.9186
vn -0.3042 0.2523 0.9186
vn -0.3076 0.2478 0.9187
vn -0.3066 0.2483 0.9189
vn -0.3060 0.2491 0.9189
vn -0.3108 0.2479 0.9176
vn -0.3099 0.2485 0.9177
vn -0.3093 0.2492 0.9177
vn -0.3151 0.2514 0.9152
vn -0.3141 0.2520 0.9153
vn -0.3136 0.2526 0.9153
vn -0.3203 0.2582 0.9114
vn -0.3196 0.2587 0.9116
vn -0.3191 0.2592 0.9116
vn -0.0949 0.6549 0.7497
vn -0.0964 0.6541 0.7502
vn -0.0995 0.6523 0.7514
vn -0.1041 0.6494 0.7533
vn -0.1099 0.6449 0.7563
vn -0.1102 0.6452 0.7560
vn -0.1099 0.6448 0.7564
vn -0.1174 0.6392 0.7600
vn -0.1176 0.6395 0.7598
vn -0.1171 0.6388 0.7604
vn -0.1260 0.6314 0.7651
vn -0.1257 0.6323 0.7644
vn -0.1257 0.6309 0.7656
vn -0.1359 0.6218 0.7713
vn -0.1354 0.6231 0.7704
vn -0.1355 0.6211 0.7720
vn -0.0959 0.6473 0.7562
vn -0.0975 0.6381 0.7638
vn -0.0997 0.6274 0.7723
vn -0.0995 0.6271 0.7725
vn -0.1029 0.6152 0.7816
vn -0.1072 0.6015 0.7916
vn -0.1071 0.6012 0.7919
vn -0.1130 0.5862 0.8022
vn -0.1128 0.5864 0.8021
vn -0.1126 0.5854 0.8029
vn -0.1203 0.5690 0.8135
vn -0.1201 0.5696 0.8131
vn -0.1199 0.5680 0.8142
vn -0.6019 -0.4032 0.6894
vn -0.6005 -0.4008 0.6920
vn -0.5983 -0.3973 0.6958
vn -0.5953 -0.3929 0.7009
vn -0.5917 -0.3873 0.7070
vn -0.5873 -0.3807 0.7142
vn -0.5825 -0.3729 0.7223
vn -0.5895 -0.4203 0.6898
vn -0.5883 -0.4178 0.6923
vn -0.5887 -0.4177 0.6921
vn -0.5862 -0.4145 0.6961
vn -0.5865 -0.4144 0.6960
vn -0.5833 -0.4102 0.7011
vn -0.5797 -0.4049 0.7071
vn -0.5754 -0.3986 0.7142
vn -0.5750 -0.3988 0.7144
vn -0.5706 -0.3910 0.7221
vn -0.5703 -0.3911 0.7223
vn -0.5799 -0.4337 0.6897
vn -0.5802 -0.4335 0.6895
vn -0.5787 -0.4312 0.6922
vn -0.5790 -0.4311 0.6921
vn -0.5767 -0.4280 0.6959
vn -0.5771 -0.4278 0.6957
vn -0.5738 -0.4239 0.7008
vn -0.5702 -0.4188 0.7067
vn -0.5660 -0.4127 0.7137
vn -0.5656 -0.4129 0.7139
vn -0.5611 -0.4053 0.7217
vn -0.5613 -0.4054 0.7215
vn -0.5608 -0.4056 0.7218
vn -0.5729 -0.4431 0.6895
vn -0.5736 -0.4427 0.6892
vn -0.5719 -0.4407 0.6919
vn -0.5722 -0.4405 0.6917
vn -0.5699 -0.4376 0.6955
vn -0.5670 -0.4337 0.7003
vn -0.5634 -0.4289 0.7061
vn -0.5593 -0.4231 0.7129
vn -0.5547 -0.4160 0.7206
vn -0.5550 -0.4158 0.7204
vn -0.5539 -0.4163 0.7210
vn -0.5687 -0.4483 0.6896
vn -0.5694 -0.4479 0.6893
vn -0.5681 -0.4458 0.6917
vn -0.5678 -0.4460 0.6919
vn -0.5683 -0.4457 0.6917
vn -0.5658 -0.4431 0.6953
vn -0.5662 -0.4429 0.6952
vn -0.5629 -0.4395 0.7000
vn -0.5633 -0.4393 0.6998
vn -0.5593 -0.4351 0.7056
vn -0.5552 -0.4298 0.7121
vn -0.5549 -0.4299 0.7122
vn -0.5507 -0.4231 0.7195
vn -0.5510 -0.4230 0.7194
vn -0.5498 -0.4235 0.7200
vn -0.5672 -0.4491 0.6903
vn -0.5679 -0.4487 0.6900
vn -0.5663 -0.4468 0.6925
vn -0.5670 -0.4464 0.6923
vn -0.5645 -0.4440 0.6958
vn -0.5649 -0.4437 0.6956
vn -0.5617 -0.4407 0.7002
vn -0.5622 -0.4404 0.7000
vn -0.5581 -0.4369 0.7055
vn -0.5538 -0.4324 0.7116
vn -0.5535 -0.4326 0.7117
vn -0.5492 -0.4265 0.7187
vn -0.5495 -0.4263 0.7186
vn -0.5486 -0.4267 0.7190
vn -0.4797 -0.1734 0.8602
vn -0.4835 -0.1756 0.8576
vn -0.4884 -0.1796 0.8539
vn -0.4864 -0.1922 0.8524
vn -0.4904 -0.1963 0.8491
vn -0.4928 -0.2007 0.8467
vn -0.4949 -0.2066 0.8441
vn -0.4978 -0.2107 0.8413
vn -0.4991 -0.2142 0.8396
vn -0.5042 -0.2158 0.8362
vn -0.5065 -0.2195 0.8338
vn -0.5074 -0.2225 0.8325
vn -0.5153 -0.2222 0.8277
vn -0.5172 -0.2255 0.8256
vn -0.5178 -0.2281 0.8245
vn -0.5283 -0.2270 0.8181
vn -0.5298 -0.2296 0.8165
vn -0.5302 -0.2318 0.8156
vn -0.5429 -0.2302 0.8076
vn -0.5441 -0.2324 0.8062
vn -0.5444 -0.2344 0.8054
vn -0.5066 -0.2325 0.8302
vn -0.5071 -0.2327 0.8299
vn -0.5117 -0.2333 0.8269
vn -0.5031 -0.2514 0.8269
vn -0.5050 -0.2522 0.8255
vn -0.5084 -0.2547 0.8226
vn -0.5053 -0.2640 0.8216
vn -0.5074 -0.2656 0.8198
vn -0.5094 -0.2684 0.8176
vn -0.5114 -0.2710 0.8155
vn -0.5134 -0.2731 0.8135
vn -0.5146 -0.2756 0.8119
vn -0.5202 -0.2751 0.8085
vn -0.5218 -0.2772 0.8068
vn -0.5225 -0.2794 0.8056
vn -0.5309 -0.2773 0.8008
vn -0.5321 -0.2791 0.7993
vn -0.5327 -0.2810 0.7983
vn -0.5438 -0.2780 0.7918
vn -0.5448 -0.2797 0.7906
vn -0.5452 -0.2815 0.7896
vn -0.5279 -0.2738 0.8039
vn -0.5304 -0.2735 0.8024
vn -0.5189 -0.2937 0.8028
vn -0.5192 -0.2939 0.8025
vn -0.5225 -0.2945 0.8002
vn -0.5157 -0.3070 0.7999
vn -0.5168 -0.3074 0.7990
vn -0.5196 -0.3091 0.7966
vn -0.5186 -0.3144 0.7952
vn -0.5199 -0.3151 0.7940
vn -0.5216 -0.3171 0.7921
vn -0.5245 -0.3180 0.7898
vn -0.5257 -0.3191 0.7885
vn -0.5268 -0.3208 0.7871
vn -0.5330 -0.3189 0.7838
vn -0.5340 -0.3200 0.7826
vn -0.5346 -0.3216 0.7815
vn -0.5440 -0.3179 0.7765
vn -0.5449 -0.3193 0.7753
vn -0.5454 -0.3209 0.7743
vn -0.5433 -0.3050 0.7822
vn -0.5430 -0.3052 0.7823
vn -0.5451 -0.3046 0.7811
vn -0.5324 -0.3256 0.7813
vn -0.5353 -0.3255 0.7794
vn -0.5267 -0.3402 0.7790
vn -0.5269 -0.3403 0.7788
vn -0.5298 -0.3409 0.7766
vn -0.5262 -0.3488 0.7755
vn -0.5265 -0.3490 0.7752
vn -0.5288 -0.3500 0.7732
vn -0.5290 -0.3527 0.7719
vn -0.5296 -0.3532 0.7712
vn -0.5310 -0.3544 0.7697
vn -0.5349 -0.3532 0.7676
vn -0.5355 -0.3538 0.7668
vn -0.5364 -0.3551 0.7657
vn -0.5441 -0.3514 0.7619
vn -0.5449 -0.3523 0.7609
vn -0.5454 -0.3537 0.7599
vn -0.5565 -0.3299 0.7626
vn -0.5562 -0.3300 0.7627
vn -0.5578 -0.3294 0.7618
vn -0.5447 -0.3502 0.7620
vn -0.5469 -0.3498 0.7606
vn -0.5372 -0.3653 0.7602
vn -0.5370 -0.3654 0.7604
vn -0.5395 -0.3653 0.7586
vn -0.5339 -0.3751 0.7578
vn -0.5358 -0.3754 0.7563
vn -0.5338 -0.3803 0.7553
vn -0.5352 -0.3808 0.7540
vn -0.5369 -0.3808 0.7528
vn -0.5374 -0.3811 0.7523
vn -0.5382 -0.3819 0.7513
vn -0.5443 -0.3783 0.7487
vn -0.5446 -0.3789 0.7483
vn -0.5455 -0.3801 0.7470
vn -0.5678 -0.3491 0.7455
vn -0.5686 -0.3488 0.7450
vn -0.5556 -0.3688 0.7452
vn -0.5554 -0.3687 0.7454
vn -0.5568 -0.3683 0.7446
vn -0.5465 -0.3837 0.7444
vn -0.5461 -0.3839 0.7446
vn -0.5481 -0.3834 0.7433
vn -0.5409 -0.3943 0.7429
vn -0.5424 -0.3943 0.7419
vn -0.5385 -0.4007 0.7413
vn -0.5382 -0.4007 0.7415
vn -0.5397 -0.4008 0.7403
vn -0.5396 -0.4027 0.7394
vn -0.5404 -0.4030 0.7386
vn -0.5451 -0.4004 0.7366
vn -0.5456 -0.4008 0.7360
vn -0.6128 -0.2531 0.7486
vn -0.6131 -0.2526 0.7485
vn -0.6055 -0.3018 0.7364
vn -0.6063 -0.3008 0.7362
vn -0.5976 -0.3424 0.7250
vn -0.5986 -0.3413 0.7248
vn -0.5900 -0.3752 0.7149
vn -0.5897 -0.3760 0.7148
vn -0.5908 -0.3743 0.7147
vn -0.5824 -0.4018 0.7066
vn -0.5835 -0.4007 0.7063
vn -0.5761 -0.4219 0.7001
vn -0.5772 -0.4210 0.6997
vn -0.5712 -0.4362 0.6953
vn -0.5722 -0.4354 0.6949
vn -0.6088 -0.2515 0.7524
vn -0.6087 -0.2522 0.7522
vn -0.6093 -0.2507 0.7523
vn -0.6026 -0.2968 0.7408
vn -0.6029 -0.2974 0.7404
vn -0.6030 -0.2985 0.7398
vn -0.5956 -0.3365 0.7294
vn -0.5958 -0.3371 0.7290
vn -0.5961 -0.3385 0.7281
vn -0.5886 -0.3694 0.7191
vn -0.5889 -0.3699 0.7186
vn -0.5891 -0.3714 0.7177
vn -0.5820 -0.3958 0.7104
vn -0.5824 -0.3965 0.7097
vn -0.5824 -0.3978 0.7090
vn -0.5761 -0.4167 0.7032
vn -0.5764 -0.4169 0.7028
vn -0.5763 -0.4182 0.7021
vn -0.5704 -0.4338 0.6975
vn -0.5714 -0.4329 0.6972
vn -0.6027 -0.2468 0.7589
vn -0.6030 -0.2475 0.7584
vn -0.6033 -0.2487 0.7578
vn -0.5974 -0.2932 0.7464
vn -0.5977 -0.2941 0.7458
vn -0.5980 -0.2956 0.7450
vn -0.5915 -0.3326 0.7345
vn -0.5920 -0.3335 0.7337
vn -0.5921 -0.3350 0.7329
vn -0.5855 -0.3651 0.7238
vn -0.5858 -0.3660 0.7231
vn -0.5860 -0.3677 0.7220
vn -0.5796 -0.3918 0.7145
vn -0.5800 -0.3927 0.7137
vn -0.5800 -0.3942 0.7128
vn -0.5742 -0.4128 0.7070
vn -0.5745 -0.4136 0.7063
vn -0.5745 -0.4149 0.7056
vn -0.5690 -0.4306 0.7006
vn -0.5685 -0.4313 0.7006
vn -0.5697 -0.4299 0.7004
vn -0.5945 -0.2434 0.7663
vn -0.5950 -0.2445 0.7656
vn -0.5953 -0.2460 0.7649
vn -0.5904 -0.2892 0.7535
vn -0.5910 -0.2904 0.7525
vn -0.5912 -0.2921 0.7517
vn -0.5858 -0.3278 0.7412
vn -0.5864 -0.3291 0.7402
vn -0.5866 -0.3311 0.7391
vn -0.5809 -0.3604 0.7298
vn -0.5814 -0.3616 0.7288
vn -0.5816 -0.3636 0.7277
vn -0.5759 -0.3872 0.7200
vn -0.5764 -0.3883 0.7190
vn -0.5765 -0.3902 0.7179
vn -0.5711 -0.4088 0.7118
vn -0.5714 -0.4095 0.7112
vn -0.5714 -0.4112 0.7102
vn -0.5660 -0.4274 0.7049
vn -0.5657 -0.4280 0.7048
vn -0.5670 -0.4265 0.7047
vn -0.5844 -0.2399 0.7752
vn -0.5850 -0.2412 0.7743
vn -0.5853 -0.2429 0.7736
vn -0.5815 -0.2848 0.7621
vn -0.5823 -0.2864 0.7608
vn -0.5825 -0.2883 0.7599
vn -0.5782 -0.3230 0.7492
vn -0.5790 -0.3247 0.7479
vn -0.5792 -0.3268 0.7468
vn -0.5746 -0.3555 0.7372
vn -0.5753 -0.3570 0.7359
vn -0.5755 -0.3591 0.7347
vn -0.5709 -0.3824 0.7266
vn -0.5714 -0.3836 0.7255
vn -0.5716 -0.3857 0.7242
vn -0.5671 -0.4043 0.7176
vn -0.5675 -0.4053 0.7167
vn -0.5675 -0.4071 0.7157
vn -0.5633 -0.4210 0.7110
vn -0.5635 -0.4218 0.7103
vn -0.5634 -0.4230 0.7097
vn -0.5722 -0.2359 0.7854
vn -0.5731 -0.2378 0.7842
vn -0.5734 -0.2396 0.7834
vn -0.5707 -0.2808 0.7717
vn -0.5716 -0.2828 0.7702
vn -0.5719 -0.2848 0.7693
vn -0.5686 -0.3192 0.7581
vn -0.5695 -0.3209 0.7568
vn -0.5698 -0.3230 0.7556
vn -0.5663 -0.3514 0.7455
vn -0.5672 -0.3530 0.7441
vn -0.5674 -0.3551 0.7429
vn -0.5640 -0.3778 0.7343
vn -0.5648 -0.3794 0.7328
vn -0.5650 -0.3814 0.7316
vn -0.5617 -0.3992 0.7246
vn -0.5623 -0.4006 0.7234
vn -0.5624 -0.4026 0.7222
vn -0.5590 -0.4170 0.7166
vn -0.5594 -0.4178 0.7160
vn -0.5593 -0.4192 0.7152
vn -0.5763 -0.3633 0.7320
vn -0.5767 -0.3631 0.7318
vn -0.5640 -0.3822 0.7320
vn -0.5637 -0.3821 0.7323
vn -0.5644 -0.3819 0.7319
vn -0.5541 -0.3968 0.7318
vn -0.5550 -0.3966 0.7312
vn -0.5476 -0.4078 0.7306
vn -0.5471 -0.4078 0.7310
vn -0.5485 -0.4074 0.7302
vn -0.5436 -0.4149 0.7296
vn -0.5447 -0.4147 0.7289
vn -0.5429 -0.4183 0.7282
vn -0.5439 -0.4183 0.7275
vn -0.5582 -0.2326 0.7964
vn -0.5592 -0.2347 0.7951
vn -0.5596 -0.2367 0.7943
vn -0.5579 -0.2786 0.7818
vn -0.5589 -0.2805 0.7804
vn -0.5592 -0.2823 0.7795
vn -0.5569 -0.3172 0.7676
vn -0.5579 -0.3189 0.7662
vn -0.5582 -0.3208 0.7651
vn -0.5558 -0.3497 0.7542
vn -0.5568 -0.3512 0.7528
vn -0.5571 -0.3530 0.7517
vn -0.5548 -0.3759 0.7422
vn -0.5556 -0.3772 0.7410
vn -0.5561 -0.3790 0.7397
vn -0.5542 -0.3959 0.7322
vn -0.5550 -0.3972 0.7309
vn -0.5553 -0.3992 0.7296
vn -0.5681 -0.4452 0.6921
vn -0.5690 -0.4446 0.6918
vn -0.5673 -0.4429 0.6943
vn -0.5682 -0.4422 0.6940
vn -0.5656 -0.4401 0.6975
vn -0.5664 -0.4394 0.6972
vn -0.5628 -0.4369 0.7017
vn -0.5635 -0.4364 0.7015
vn -0.5593 -0.4334 0.7066
vn -0.5597 -0.4331 0.7065
vn -0.5554 -0.4298 0.7119
vn -0.5510 -0.4255 0.7179
vn -0.5512 -0.4253 0.7178
vn -0.5500 -0.4261 0.7183
vn -0.5462 -0.4173 0.7263
vn -0.5531 -0.4128 0.7237
vn -0.5538 -0.4139 0.7225
vn -0.5537 -0.4157 0.7215
vn -0.6173 -0.3838 0.6867
vn -0.6166 -0.3826 0.6881
vn -0.6151 -0.3802 0.6907
vn -0.6128 -0.3766 0.6947
vn -0.6098 -0.3720 0.6999
vn -0.6061 -0.3662 0.7061
vn -0.6017 -0.3591 0.7134
vn -0.5969 -0.3508 0.7215
vn -0.6024 -0.4046 0.6881
vn -0.5899 -0.4219 0.6885
vn -0.5903 -0.4217 0.6883
vn -0.5801 -0.4353 0.6884
vn -0.5807 -0.4351 0.6881
vn -0.5731 -0.4448 0.6883
vn -0.5736 -0.4445 0.6880
vn -0.5688 -0.4501 0.6884
vn -0.5696 -0.4497 0.6880
vn -0.5676 -0.4508 0.6889
vn -0.5672 -0.4510 0.6891
vn -0.5680 -0.4505 0.6888
vn -0.5681 -0.4472 0.6909
vn -0.5690 -0.4465 0.6905
vn -0.4217 -0.0211 0.9065
vn -0.4333 -0.0312 0.9007
vn -0.4441 -0.0411 0.8950
vn -0.4485 -0.0704 0.8910
vn -0.4577 -0.0868 0.8849
vn -0.4602 -0.0945 0.8828
vn -0.4689 -0.1081 0.8766
vn -0.4742 -0.1180 0.8725
vn -0.4757 -0.1239 0.8708
vn -0.4827 -0.1297 0.8661
vn -0.4864 -0.1369 0.8630
vn -0.4874 -0.1415 0.8616
vn -0.4953 -0.1448 0.8566
vn -0.4982 -0.1504 0.8539
vn -0.4990 -0.1543 0.8528
vn -0.5090 -0.1565 0.8464
vn -0.5112 -0.1610 0.8443
vn -0.5119 -0.1643 0.8432
vn -0.5243 -0.1659 0.8352
vn -0.5260 -0.1692 0.8335
vn -0.5265 -0.1719 0.8326
vn -0.5433 -0.1755 0.8210
vn -0.5431 -0.1728 0.8217
vn -0.5425 -0.1776 0.8211
vn -0.4861 -0.1471 0.8614
vn -0.4849 -0.1474 0.8620
vn -0.4915 -0.1467 0.8584
vn -0.5226 -0.2031 0.8280
vn -0.5234 -0.2029 0.8276
vn -0.5442 -0.2462 0.8020
vn -0.5597 -0.2785 0.7805
vn -0.5726 -0.3044 0.7613
vn -0.5835 -0.3250 0.7443
vn -0.5831 -0.3252 0.7445
vn -0.5917 -0.3402 0.7308
vn -0.5914 -0.3404 0.7310
vn -0.6208 -0.1959 0.7591
vn -0.6150 -0.2540 0.7465
vn -0.6148 -0.2542 0.7466
vn -0.6153 -0.2535 0.7464
vn -0.6071 -0.3035 0.7344
vn -0.6077 -0.3028 0.7342
vn -0.5988 -0.3444 0.7231
vn -0.5996 -0.3435 0.7229
vn -0.5904 -0.3777 0.7132
vn -0.5913 -0.3768 0.7130
vn -0.5828 -0.4041 0.7051
vn -0.5827 -0.4045 0.7049
vn -0.5838 -0.4031 0.7048
vn -0.5762 -0.4241 0.6987
vn -0.5761 -0.4245 0.6985
vn -0.5773 -0.4232 0.6983
vn -0.5712 -0.4383 0.6940
vn -0.5722 -0.4376 0.6936
vn -0.6184 -0.1955 0.7611
vn -0.6187 -0.1951 0.7610
vn -0.6137 -0.1950 0.7651
vn -0.6139 -0.1946 0.7650
vn -0.6067 -0.1942 0.7708
vn -0.6071 -0.1934 0.7707
vn -0.5978 -0.1925 0.7782
vn -0.5977 -0.1934 0.7781
vn -0.5982 -0.1917 0.7781
vn -0.5865 -0.1904 0.7872
vn -0.5864 -0.1914 0.7871
vn -0.5871 -0.1892 0.7871
vn -0.5733 -0.1875 0.7976
vn -0.5733 -0.1892 0.7972
vn -0.5740 -0.1859 0.7975
vn -0.5583 -0.1838 0.8090
vn -0.5583 -0.1861 0.8085
vn -0.5589 -0.1821 0.8090
vn -0.2531 0.4252 0.8690
vn -0.2390 0.4506 0.8602
vn -0.2359 0.4617 0.8551
vn -0.2132 0.4987 0.8401
vn -0.2216 0.4854 0.8457
vn -0.2149 0.5057 0.8355
vn -0.1951 0.5352 0.8219
vn -0.2005 0.5268 0.8260
vn -0.1963 0.5391 0.8191
vn -0.1788 0.5620 0.8076
vn -0.1826 0.5559 0.8109
vn -0.1798 0.5647 0.8055
vn -0.1641 0.5839 0.7951
vn -0.1667 0.5795 0.7977
vn -0.1649 0.5858 0.7935
vn -0.1511 0.6018 0.7842
vn -0.1527 0.5989 0.7861
vn -0.1516 0.6032 0.7830
vn -0.1397 0.6163 0.7751
vn -0.1407 0.6142 0.7765
vn -0.1401 0.6172 0.7742
vn -0.2235 0.4738 0.8518
vn -0.2134 0.4884 0.8461
vn -0.2108 0.4957 0.8425
vn -0.2089 0.5030 0.8387
vn -0.2001 0.5184 0.8314
vn -0.1983 0.5251 0.8276
vn -0.1842 0.5469 0.8167
vn -0.1901 0.5377 0.8214
vn -0.1852 0.5514 0.8134
vn -0.1705 0.5709 0.8031
vn -0.1751 0.5643 0.8068
vn -0.1714 0.5740 0.8007
vn -0.1578 0.5910 0.7911
vn -0.1610 0.5863 0.7940
vn -0.1586 0.5931 0.7893
vn -0.1465 0.6075 0.7807
vn -0.1484 0.6043 0.7828
vn -0.1470 0.6089 0.7795
vn -0.1363 0.6210 0.7719
vn -0.1374 0.6189 0.7734
vn -0.1367 0.6220 0.7710
vn -0.1988 0.5156 0.8335
vn -0.1925 0.5234 0.8301
vn -0.1906 0.5278 0.8277
vn -0.1912 0.5315 0.8252
vn -0.1844 0.5419 0.8200
vn -0.1830 0.5467 0.8171
vn -0.1727 0.5620 0.8089
vn -0.1779 0.5529 0.8140
vn -0.1735 0.5667 0.8054
vn -0.1618 0.5824 0.7966
vn -0.1664 0.5758 0.8005
vn -0.1625 0.5856 0.7941
vn -0.1514 0.5998 0.7857
vn -0.1547 0.5951 0.7886
vn -0.1520 0.6019 0.7840
vn -0.1418 0.6142 0.7763
vn -0.1440 0.6109 0.7785
vn -0.1423 0.6156 0.7751
vn -0.1327 0.6265 0.7681
vn -0.1340 0.6242 0.7697
vn -0.1331 0.6275 0.7671
vn -0.1801 0.5493 0.8160
vn -0.1755 0.5544 0.8135
vn -0.1741 0.5574 0.8118
vn -0.1752 0.5601 0.8097
vn -0.1699 0.5674 0.8057
vn -0.1686 0.5709 0.8035
vn -0.1679 0.5740 0.8014
vn -0.1626 0.5822 0.7966
vn -0.1616 0.5858 0.7942
vn -0.1530 0.5971 0.7875
vn -0.1567 0.5913 0.7911
vn -0.1535 0.5999 0.7852
vn -0.1450 0.6104 0.7787
vn -0.1480 0.6065 0.7812
vn -0.1455 0.6124 0.7771
vn -0.1372 0.6220 0.7709
vn -0.1393 0.6191 0.7729
vn -0.1376 0.6234 0.7697
vn -0.1291 0.6328 0.7635
vn -0.1304 0.6306 0.7651
vn -0.1295 0.6338 0.7626
vn -0.1638 0.5797 0.7982
vn -0.1605 0.5831 0.7964
vn -0.1593 0.5852 0.7950
vn -0.1604 0.5876 0.7931
vn -0.1565 0.5923 0.7904
vn -0.1555 0.5948 0.7887
vn -0.1554 0.5973 0.7869
vn -0.1515 0.6027 0.7834
vn -0.1506 0.6052 0.7817
vn -0.1491 0.6077 0.7801
vn -0.1457 0.6130 0.7765
vn -0.1451 0.6152 0.7749
vn -0.1389 0.6223 0.7703
vn -0.1414 0.6188 0.7727
vn -0.1392 0.6241 0.7688
vn -0.1327 0.6311 0.7642
vn -0.1347 0.6285 0.7660
vn -0.1330 0.6324 0.7632
vn -0.1256 0.6400 0.7580
vn -0.1268 0.6379 0.7596
vn -0.1259 0.6409 0.7572
vn -0.1494 0.6069 0.7806
vn -0.1471 0.6090 0.7794
vn -0.1463 0.6104 0.7785
vn -0.1473 0.6123 0.7768
vn -0.1447 0.6151 0.7750
vn -0.1439 0.6167 0.7739
vn -0.1442 0.6186 0.7724
vn -0.1415 0.6220 0.7701
vn -0.1408 0.6237 0.7689
vn -0.1403 0.6254 0.7676
vn -0.1377 0.6290 0.7651
vn -0.1372 0.6305 0.7640
vn -0.1357 0.6319 0.7630
vn -0.1335 0.6355 0.7605
vn -0.1331 0.6368 0.7595
vn -0.1282 0.6414 0.7564
vn -0.1300 0.6392 0.7579
vn -0.1284 0.6426 0.7554
vn -0.1223 0.6479 0.7519
vn -0.1236 0.6463 0.7530
vn -0.1226 0.6487 0.7511
vn -0.0950 0.6662 0.7397
vn -0.0945 0.6720 0.7345
vn -0.0941 0.6775 0.7294
vn -0.0938 0.6828 0.7245
vn -0.0937 0.6877 0.7199
vn -0.0937 0.6921 0.7157
vn -0.0939 0.6959 0.7120
vn -0.0934 0.6960 0.7120
vn -0.0978 0.6638 0.7415
vn -0.0975 0.6636 0.7417
vn -0.0971 0.6694 0.7365
vn -0.0964 0.6749 0.7316
vn -0.0959 0.6801 0.7268
vn -0.0955 0.6851 0.7222
vn -0.0953 0.6896 0.7179
vn -0.0953 0.6935 0.7141
vn -0.1020 0.6601 0.7442
vn -0.1016 0.6598 0.7446
vn -0.1009 0.6655 0.7396
vn -0.1006 0.6652 0.7399
vn -0.0999 0.6708 0.7349
vn -0.0995 0.6711 0.7347
vn -0.0995 0.6706 0.7351
vn -0.0990 0.6761 0.7302
vn -0.0986 0.6759 0.7304
vn -0.0982 0.6812 0.7255
vn -0.0978 0.6811 0.7257
vn -0.0977 0.6859 0.7211
vn -0.0976 0.6900 0.7172
vn -0.1071 0.6547 0.7482
vn -0.1071 0.6552 0.7479
vn -0.1069 0.6544 0.7485
vn -0.1060 0.6601 0.7437
vn -0.1056 0.6603 0.7436
vn -0.1055 0.6596 0.7442
vn -0.1045 0.6652 0.7393
vn -0.1040 0.6648 0.7398
vn -0.1028 0.6703 0.7349
vn -0.1030 0.6707 0.7345
vn -0.1026 0.6702 0.7350
vn -0.1020 0.6757 0.7300
vn -0.1014 0.6755 0.7303
vn -0.1011 0.6807 0.7255
vn -0.1008 0.6807 0.7256
vn -0.1007 0.6851 0.7215
vn -0.1138 0.6481 0.7530
vn -0.1135 0.6487 0.7525
vn -0.1135 0.6476 0.7535
vn -0.1119 0.6529 0.7491
vn -0.1117 0.6535 0.7486
vn -0.1116 0.6524 0.7496
vn -0.1099 0.6579 0.7450
vn -0.1097 0.6586 0.7444
vn -0.1096 0.6575 0.7454
vn -0.1081 0.6634 0.7404
vn -0.1080 0.6639 0.7400
vn -0.1077 0.6630 0.7409
vn -0.1067 0.6691 0.7355
vn -0.1065 0.6693 0.7354
vn -0.1060 0.6686 0.7361
vn -0.1054 0.6744 0.7308
vn -0.1048 0.6742 0.7311
vn -0.1045 0.6791 0.7265
vn -0.1042 0.6791 0.7266
vn -0.1216 0.6397 0.7589
vn -0.1212 0.6407 0.7582
vn -0.1212 0.6390 0.7596
vn -0.1192 0.6442 0.7555
vn -0.1186 0.6454 0.7546
vn -0.1188 0.6436 0.7561
vn -0.1168 0.6494 0.7515
vn -0.1163 0.6504 0.7507
vn -0.1164 0.6487 0.7521
vn -0.1143 0.6549 0.7470
vn -0.1139 0.6558 0.7463
vn -0.1139 0.6543 0.7476
vn -0.1120 0.6607 0.7423
vn -0.1117 0.6615 0.7416
vn -0.1116 0.6602 0.7427
vn -0.1104 0.6668 0.7370
vn -0.1101 0.6671 0.7368
vn -0.1096 0.6662 0.7376
vn -0.1090 0.6722 0.7323
vn -0.1090 0.6725 0.7321
vn -0.1083 0.6721 0.7325
vn -0.0967 0.7046 0.7030
vn -0.0988 0.7005 0.7067
vn -0.1019 0.6945 0.7122
vn -0.1023 0.6944 0.7123
vn -0.1023 0.6942 0.7124
vn -0.1061 0.6867 0.7191
vn -0.1063 0.6864 0.7194
vn -0.1067 0.6861 0.7196
vn -0.1114 0.6767 0.7278
vn -0.1116 0.6763 0.7281
vn -0.1122 0.6759 0.7284
vn -0.1177 0.6647 0.7378
vn -0.1186 0.6640 0.7383
vn -0.1189 0.6635 0.7387
vn -0.1251 0.6504 0.7492
vn -0.1262 0.6496 0.7497
vn -0.1266 0.6490 0.7502
vn -0.0966 0.7047 0.7029
vn -0.0986 0.7010 0.7064
vn -0.1016 0.6954 0.7114
vn -0.1020 0.6951 0.7116
vn -0.1057 0.6879 0.7181
vn -0.1063 0.6875 0.7184
vn -0.1106 0.6788 0.7259
vn -0.1113 0.6784 0.7263
vn -0.1117 0.6779 0.7266
vn -0.1167 0.6676 0.7353
vn -0.1177 0.6669 0.7358
vn -0.1182 0.6662 0.7363
vn -0.1238 0.6543 0.7461
vn -0.1251 0.6532 0.7468
vn -0.1256 0.6524 0.7474
vn -0.0963 0.7045 0.7031
vn -0.0982 0.7011 0.7063
vn -0.1009 0.6963 0.7107
vn -0.1010 0.6960 0.7109
vn -0.1014 0.6958 0.7110
vn -0.1047 0.6895 0.7167
vn -0.1052 0.6891 0.7170
vn -0.1054 0.6889 0.7172
vn -0.1095 0.6811 0.7240
vn -0.1102 0.6805 0.7244
vn -0.1107 0.6800 0.7248
vn -0.1153 0.6708 0.7327
vn -0.1164 0.6698 0.7333
vn -0.1169 0.6692 0.7339
vn -0.1220 0.6585 0.7426
vn -0.1236 0.6571 0.7436
vn -0.1241 0.6562 0.7444
vn -0.0959 0.7039 0.7038
vn -0.0976 0.7009 0.7065
vn -0.1002 0.6964 0.7106
vn -0.1006 0.6962 0.7108
vn -0.1037 0.6905 0.7158
vn -0.1039 0.6902 0.7161
vn -0.1045 0.6898 0.7164
vn -0.1081 0.6829 0.7224
vn -0.1090 0.6823 0.7229
vn -0.1094 0.6819 0.7233
vn -0.1136 0.6736 0.7303
vn -0.1148 0.6727 0.7310
vn -0.1152 0.6720 0.7315
vn -0.1199 0.6624 0.7395
vn -0.1215 0.6609 0.7405
vn -0.1220 0.6600 0.7413
vn -0.0953 0.7029 0.7049
vn -0.0969 0.7002 0.7073
vn -0.0993 0.6962 0.7110
vn -0.1026 0.6909 0.7157
vn -0.1028 0.6906 0.7159
vn -0.1032 0.6904 0.7160
vn -0.1067 0.6841 0.7215
vn -0.1074 0.6837 0.7218
vn -0.1078 0.6833 0.7222
vn -0.1117 0.6760 0.7284
vn -0.1127 0.6752 0.7290
vn -0.1132 0.6745 0.7295
vn -0.1176 0.6661 0.7366
vn -0.1193 0.6645 0.7377
vn -0.1197 0.6636 0.7384
vn -0.0948 0.7013 0.7066
vn -0.0962 0.6988 0.7088
vn -0.0985 0.6952 0.7121
vn -0.1017 0.6901 0.7165
vn -0.1055 0.6840 0.7218
vn -0.1060 0.6839 0.7219
vn -0.1098 0.6773 0.7275
vn -0.1107 0.6768 0.7278
vn -0.1112 0.6763 0.7282
vn -0.1154 0.6683 0.7349
vn -0.1165 0.6674 0.7356
vn -0.1170 0.6666 0.7362
vn -0.1304 0.6298 0.7657
vn -0.1297 0.6313 0.7646
vn -0.1301 0.6290 0.7664
vn -0.1276 0.6343 0.7625
vn -0.1267 0.6358 0.7614
vn -0.1272 0.6335 0.7632
vn -0.1246 0.6393 0.7588
vn -0.1237 0.6410 0.7575
vn -0.1243 0.6385 0.7595
vn -0.1216 0.6452 0.7543
vn -0.1208 0.6467 0.7531
vn -0.1213 0.6444 0.7550
vn -0.1187 0.6513 0.7495
vn -0.1179 0.6527 0.7484
vn -0.1183 0.6506 0.7501
vn -0.1161 0.6578 0.7442
vn -0.1152 0.6589 0.7434
vn -0.1157 0.6572 0.7448
vn -0.0943 0.6989 0.7090
vn -0.0957 0.6966 0.7111
vn -0.0978 0.6931 0.7141
vn -0.1009 0.6883 0.7183
vn -0.1046 0.6826 0.7232
vn -0.1084 0.6765 0.7284
vn -0.1087 0.6763 0.7285
vn -0.1091 0.6762 0.7286
vn -0.1375 0.6297 0.7646
vn -0.1362 0.6308 0.7639
vn -0.1355 0.6317 0.7632
vn -0.1364 0.6333 0.7618
vn -0.1347 0.6350 0.7607
vn -0.1341 0.6361 0.7599
vn -0.1345 0.6376 0.7585
vn -0.1326 0.6397 0.7571
vn -0.1321 0.6408 0.7563
vn -0.1320 0.6421 0.7552
vn -0.1300 0.6446 0.7534
vn -0.1295 0.6457 0.7525
vn -0.1288 0.6468 0.7517
vn -0.1269 0.6494 0.7498
vn -0.1265 0.6505 0.7489
vn -0.1251 0.6514 0.7484
vn -0.1235 0.6538 0.7466
vn -0.1232 0.6546 0.7459
vn -0.1192 0.6572 0.7442
vn -0.1200 0.6566 0.7446
vn -0.1193 0.6577 0.7438
vn -0.1145 0.6645 0.7385
vn -0.1140 0.6651 0.7380
vn -0.1137 0.6639 0.7391
vn -0.1131 0.6690 0.7346
vn -0.1139 0.6686 0.7349
vn -0.1145 0.6680 0.7353
vn -0.3406 0.2430 0.9083
vn -0.3130 0.3030 0.9001
vn -0.3065 0.3289 0.8933
vn -0.2611 0.4116 0.8732
vn -0.2764 0.3864 0.8799
vn -0.2642 0.4265 0.8650
vn -0.2280 0.4865 0.8434
vn -0.2338 0.4762 0.8477
vn -0.2298 0.4913 0.8401
vn -0.2050 0.5258 0.8255
vn -0.2086 0.5193 0.8287
vn -0.2062 0.5289 0.8232
vn -0.1864 0.5546 0.8109
vn -0.1889 0.5499 0.8136
vn -0.1873 0.5569 0.8092
vn -0.1699 0.5779 0.7982
vn -0.1718 0.5743 0.8004
vn -0.1707 0.5796 0.7968
vn -0.1554 0.5970 0.7871
vn -0.1567 0.5944 0.7888
vn -0.1560 0.5982 0.7860
vn -0.1429 0.6121 0.7777
vn -0.1438 0.6103 0.7790
vn -0.1434 0.6130 0.7769
vn -0.2714 0.3891 0.8803
vn -0.2587 0.4052 0.8769
vn -0.2531 0.4153 0.8738
vn -0.2287 0.4581 0.8590
vn -0.2216 0.4652 0.8570
vn -0.2188 0.4703 0.8549
vn -0.2017 0.5059 0.8387
vn -0.1975 0.5098 0.8373
vn -0.1957 0.5128 0.8359
vn -0.1820 0.5424 0.8202
vn -0.1790 0.5450 0.8191
vn -0.1777 0.5470 0.8180
vn -0.1651 0.5745 0.8017
vn -0.1628 0.5763 0.8009
vn -0.1619 0.5777 0.8000
vn -0.1500 0.6032 0.7833
vn -0.1486 0.6043 0.7828
vn -0.1479 0.6053 0.7822
vn -0.1378 0.6267 0.7670
vn -0.1368 0.6275 0.7665
vn -0.1363 0.6282 0.7660
vn -0.0942 0.6613 0.7441
vn -0.0937 0.6674 0.7388
vn -0.0933 0.6733 0.7335
vn -0.0930 0.6790 0.7283
vn -0.0928 0.6842 0.7233
vn -0.0928 0.6891 0.7187
vn -0.0929 0.6934 0.7145
vn -0.0932 0.6971 0.7109
vn -0.0957 0.6603 0.7449
vn -0.0986 0.6582 0.7463
vn -0.1030 0.6549 0.7487
vn -0.1028 0.6546 0.7490
vn -0.1086 0.6499 0.7522
vn -0.1084 0.6504 0.7518
vn -0.1083 0.6496 0.7525
vn -0.1156 0.6436 0.7566
vn -0.1155 0.6442 0.7561
vn -0.1154 0.6432 0.7569
vn -0.1239 0.6356 0.7620
vn -0.1234 0.6366 0.7613
vn -0.1235 0.6350 0.7626
vn -0.1332 0.6258 0.7686
vn -0.1325 0.6271 0.7675
vn -0.1328 0.6250 0.7693
vn -0.0954 0.7064 0.7014
vn -0.0965 0.7043 0.7033
vn -0.0987 0.7000 0.7073
vn -0.1020 0.6936 0.7131
vn -0.1064 0.6851 0.7207
vn -0.1068 0.6848 0.7209
vn -0.1116 0.6748 0.7295
vn -0.1119 0.6744 0.7298
vn -0.1125 0.6740 0.7301
vn -0.1183 0.6619 0.7402
vn -0.1185 0.6616 0.7404
vn -0.1192 0.6611 0.7407
vn -0.1259 0.6471 0.7520
vn -0.1266 0.6466 0.7523
vn -0.1270 0.6461 0.7526
vn -0.0956 0.7066 0.7011
vn -0.0956 0.7066 0.7012
vn -0.0954 0.7062 0.7015
vn -0.0951 0.7054 0.7024
vn -0.0946 0.7042 0.7036
vn -0.0941 0.7025 0.7055
vn -0.0936 0.7001 0.7079
vn -0.6204 -0.0644 0.7816
vn -0.6202 -0.0650 0.7818
vn -0.6152 -0.0658 0.7856
vn -0.6151 -0.0663 0.7857
vn -0.6073 -0.0673 0.7917
vn -0.6075 -0.0671 0.7915
vn -0.6073 -0.0676 0.7916
vn -0.5971 -0.0677 0.7993
vn -0.5841 -0.0671 0.8089
vn -0.5844 -0.0674 0.8087
vn -0.5844 -0.0665 0.8088
vn -0.5689 -0.0640 0.8199
vn -0.5690 -0.0648 0.8198
vn -0.5692 -0.0631 0.8198
vn -0.5513 -0.0580 0.8323
vn -0.5517 -0.0597 0.8319
vn -0.5518 -0.0566 0.8321
vn -0.6159 0.0005 0.7878
vn -0.6156 -0.0005 0.7881
vn -0.6109 -0.0019 0.7917
vn -0.6106 -0.0029 0.7920
vn -0.6030 -0.0045 0.7977
vn -0.6033 -0.0038 0.7975
vn -0.6029 -0.0053 0.7978
vn -0.5928 -0.0061 0.8053
vn -0.5928 -0.0056 0.8053
vn -0.5926 -0.0066 0.8055
vn -0.5795 -0.0065 0.8149
vn -0.5635 -0.0040 0.8261
vn -0.5638 -0.0047 0.8259
vn -0.5637 -0.0034 0.8260
vn -0.5448 0.0030 0.8386
vn -0.5452 0.0014 0.8383
vn -0.5452 0.0041 0.8383
vn -0.6075 0.0639 0.7918
vn -0.6078 0.0647 0.7914
vn -0.6074 0.0628 0.7919
vn -0.6029 0.0607 0.7955
vn -0.6032 0.0615 0.7952
vn -0.6027 0.0597 0.7957
vn -0.5956 0.0574 0.8013
vn -0.5958 0.0578 0.8010
vn -0.5955 0.0565 0.8014
vn -0.5853 0.0544 0.8090
vn -0.5857 0.0552 0.8087
vn -0.5853 0.0537 0.8090
vn -0.5723 0.0535 0.8183
vn -0.5724 0.0539 0.8182
vn -0.5722 0.0529 0.8184
vn -0.5559 0.0556 0.8294
vn -0.5561 0.0551 0.8293
vn -0.5559 0.0558 0.8294
vn -0.5361 0.0629 0.8418
vn -0.5364 0.0618 0.8417
vn -0.5365 0.0641 0.8415
vn -0.5956 0.1263 0.7933
vn -0.5959 0.1266 0.7930
vn -0.5955 0.1253 0.7935
vn -0.5915 0.1227 0.7970
vn -0.5917 0.1235 0.7966
vn -0.5914 0.1215 0.7972
vn -0.5847 0.1187 0.8025
vn -0.5849 0.1198 0.8022
vn -0.5846 0.1176 0.8028
vn -0.5751 0.1155 0.8099
vn -0.5749 0.1143 0.8102
vn -0.5622 0.1134 0.8192
vn -0.5620 0.1128 0.8194
vn -0.5457 0.1147 0.8301
vn -0.5459 0.1145 0.8300
vn -0.5254 0.1222 0.8420
vn -0.5258 0.1214 0.8419
vn -0.5258 0.1234 0.8416
vn -0.5801 0.1875 0.7927
vn -0.5800 0.1879 0.7926
vn -0.5798 0.1861 0.7932
vn -0.5763 0.1838 0.7963
vn -0.5761 0.1824 0.7968
vn -0.5697 0.1791 0.8021
vn -0.5700 0.1800 0.8017
vn -0.5698 0.1782 0.8022
vn -0.5606 0.1751 0.8093
vn -0.5608 0.1754 0.8092
vn -0.5606 0.1742 0.8095
vn -0.5488 0.1724 0.8180
vn -0.5488 0.1729 0.8179
vn -0.5486 0.1715 0.8183
vn -0.5335 0.1720 0.8282
vn -0.5137 0.1776 0.8394
vn -0.5139 0.1769 0.8394
vn -0.5139 0.1784 0.8391
vn -0.5594 0.2463 0.7914
vn -0.5597 0.2457 0.7914
vn -0.5603 0.2452 0.7912
vn -0.5559 0.2425 0.7951
vn -0.5567 0.2418 0.7947
vn -0.5507 0.2382 0.8000
vn -0.5508 0.2391 0.7997
vn -0.5508 0.2375 0.8002
vn -0.5421 0.2337 0.8072
vn -0.5422 0.2344 0.8069
vn -0.5422 0.2329 0.8073
vn -0.5316 0.2297 0.8153
vn -0.5317 0.2299 0.8151
vn -0.5316 0.2289 0.8155
vn -0.5186 0.2268 0.8244
vn -0.5188 0.2279 0.8240
vn -0.5187 0.2261 0.8245
vn -0.5022 0.2278 0.8342
vn -0.5021 0.2275 0.8343
vn -0.4012 0.1564 0.9025
vn -0.3994 0.1627 0.9022
vn -0.3959 0.1501 0.9060
vn -0.3770 0.2430 0.8938
vn -0.3769 0.2443 0.8934
vn -0.3697 0.2394 0.8978
vn -0.3566 0.3068 0.8825
vn -0.3556 0.3076 0.8826
vn -0.3499 0.3065 0.8852
vn -0.3412 0.3573 0.8694
vn -0.3399 0.3583 0.8695
vn -0.3356 0.3581 0.8713
vn -0.3296 0.4013 0.8546
vn -0.3285 0.4023 0.8545
vn -0.3252 0.4024 0.8558
vn -0.3212 0.4401 0.8385
vn -0.3202 0.4411 0.8384
vn -0.3178 0.4413 0.8392
vn -0.3155 0.4741 0.8220
vn -0.3148 0.4747 0.8219
vn -0.3131 0.4749 0.8225
vn -0.4325 0.0952 0.8966
vn -0.4295 0.1031 0.8972
vn -0.4294 0.0889 0.8987
vn -0.4094 0.1846 0.8935
vn -0.4089 0.1885 0.8929
vn -0.4048 0.1798 0.8965
vn -0.3893 0.2576 0.8844
vn -0.3892 0.2585 0.8842
vn -0.3837 0.2546 0.8877
vn -0.3721 0.3150 0.8731
vn -0.3717 0.3154 0.8731
vn -0.3667 0.3140 0.8758
vn -0.3583 0.3646 0.8595
vn -0.3574 0.3653 0.8595
vn -0.3537 0.3649 0.8612
vn -0.3482 0.4079 0.8440
vn -0.3471 0.4088 0.8441
vn -0.3445 0.4088 0.8451
vn -0.3414 0.4449 0.8280
vn -0.3405 0.4457 0.8279
vn -0.3387 0.4458 0.8286
vn -0.4559 0.0494 0.8887
vn -0.4534 0.0563 0.8895
vn -0.4539 0.0446 0.8899
vn -0.4367 0.1356 0.8894
vn -0.4355 0.1404 0.8892
vn -0.4337 0.1310 0.8915
vn -0.4177 0.2106 0.8838
vn -0.4176 0.2132 0.8833
vn -0.4137 0.2069 0.8866
vn -0.4007 0.2734 0.8745
vn -0.4006 0.2741 0.8743
vn -0.3962 0.2710 0.8772
vn -0.3864 0.3276 0.8622
vn -0.3861 0.3278 0.8622
vn -0.3822 0.3268 0.8644
vn -0.3755 0.3743 0.8479
vn -0.3748 0.3748 0.8480
vn -0.3720 0.3746 0.8493
vn -0.3683 0.4137 0.8326
vn -0.3674 0.4144 0.8326
vn -0.3655 0.4145 0.8334
vn -0.4751 0.0168 0.8798
vn -0.4731 0.0227 0.8807
vn -0.4735 0.0128 0.8807
vn -0.4592 0.0963 0.8831
vn -0.4579 0.1012 0.8832
vn -0.4571 0.0924 0.8846
vn -0.4428 0.1691 0.8805
vn -0.4423 0.1725 0.8801
vn -0.4401 0.1656 0.8826
vn -0.4273 0.2338 0.8733
vn -0.4273 0.2354 0.8729
vn -0.4240 0.2311 0.8757
vn -0.4139 0.2907 0.8627
vn -0.4138 0.2912 0.8625
vn -0.4104 0.2891 0.8648
vn -0.4034 0.3395 0.8497
vn -0.4030 0.3399 0.8497
vn -0.4001 0.3393 0.8514
vn -0.3961 0.3804 0.8357
vn -0.3955 0.3810 0.8357
vn -0.3933 0.3810 0.8367
vn -0.4939 -0.0090 0.8695
vn -0.4925 -0.0042 0.8703
vn -0.4926 -0.0122 0.8702
vn -0.4812 0.0642 0.8743
vn -0.4800 0.0684 0.8746
vn -0.4797 0.0609 0.8753
vn -0.4673 0.1334 0.8740
vn -0.4666 0.1368 0.8739
vn -0.4654 0.1304 0.8754
vn -0.4533 0.1978 0.8691
vn -0.4531 0.1999 0.8687
vn -0.4512 0.1952 0.8708
vn -0.4407 0.2557 0.8605
vn -0.4407 0.2565 0.8602
vn -0.4381 0.2537 0.8624
vn -0.4299 0.3061 0.8494
vn -0.4299 0.3065 0.8492
vn -0.4271 0.3050 0.8512
vn -0.4224 0.3477 0.8370
vn -0.4221 0.3482 0.8370
vn -0.4198 0.3481 0.8382
vn -0.5133 -0.0292 0.8577
vn -0.5125 -0.0255 0.8583
vn -0.5124 -0.0317 0.8582
vn -0.5032 0.0384 0.8633
vn -0.5023 0.0419 0.8637
vn -0.5022 0.0359 0.8640
vn -0.4915 0.1039 0.8646
vn -0.4908 0.1069 0.8647
vn -0.4904 0.1015 0.8656
vn -0.4789 0.1665 0.8619
vn -0.4785 0.1688 0.8617
vn -0.4775 0.1643 0.8631
vn -0.4666 0.2236 0.8557
vn -0.4664 0.2252 0.8554
vn -0.4649 0.2215 0.8572
vn -0.4553 0.2741 0.8471
vn -0.4554 0.2750 0.8467
vn -0.4530 0.2725 0.8488
vn -0.4468 0.3169 0.8366
vn -0.4465 0.3172 0.8367
vn -0.4441 0.3168 0.8381
vn -0.3161 0.5884 0.7442
vn -0.3164 0.5884 0.7441
vn -0.3479 0.5601 0.7519
vn -0.3484 0.5600 0.7517
vn -0.3806 0.5280 0.7592
vn -0.3812 0.5279 0.7589
vn -0.4139 0.4918 0.7661
vn -0.4141 0.4918 0.7659
vn -0.4147 0.4915 0.7658
vn -0.4470 0.4510 0.7725
vn -0.4476 0.4508 0.7723
vn -0.4792 0.4056 0.7784
vn -0.4796 0.4054 0.7782
vn -0.5096 0.3557 0.7835
vn -0.3145 0.5830 0.7492
vn -0.3148 0.5829 0.7490
vn -0.3454 0.5554 0.7565
vn -0.3459 0.5553 0.7563
vn -0.3773 0.5242 0.7635
vn -0.3778 0.5241 0.7633
vn -0.4097 0.4889 0.7701
vn -0.4101 0.4887 0.7701
vn -0.4110 0.4884 0.7698
vn -0.4431 0.4484 0.7763
vn -0.4439 0.4481 0.7760
vn -0.4755 0.4031 0.7819
vn -0.5061 0.3530 0.7870
vn -0.3128 0.5744 0.7564
vn -0.3425 0.5476 0.7634
vn -0.3428 0.5478 0.7632
vn -0.3733 0.5174 0.7700
vn -0.3740 0.5172 0.7698
vn -0.4054 0.4828 0.7763
vn -0.4062 0.4825 0.7760
vn -0.4377 0.4434 0.7821
vn -0.4380 0.4432 0.7821
vn -0.4387 0.4429 0.7819
vn -0.4702 0.3984 0.7875
vn -0.5006 0.3485 0.7924
vn -0.3113 0.5625 0.7659
vn -0.3395 0.5364 0.7727
vn -0.3691 0.5071 0.7789
vn -0.3694 0.5070 0.7788
vn -0.4003 0.4733 0.7847
vn -0.4320 0.4348 0.7901
vn -0.4323 0.4347 0.7900
vn -0.4636 0.3910 0.7951
vn -0.4638 0.3909 0.7950
vn -0.4933 0.3421 0.7997
vn -0.3105 0.5465 0.7778
vn -0.3104 0.5469 0.7776
vn -0.3097 0.5469 0.7778
vn -0.3372 0.5212 0.7840
vn -0.3656 0.4924 0.7899
vn -0.3956 0.4595 0.7952
vn -0.4260 0.4227 0.7999
vn -0.4562 0.3813 0.8040
vn -0.4565 0.3812 0.8039
vn -0.4853 0.3347 0.8078
vn -0.3105 0.5273 0.7910
vn -0.3094 0.5274 0.7913
vn -0.3364 0.5009 0.7974
vn -0.3363 0.5014 0.7972
vn -0.3354 0.5015 0.7975
vn -0.3637 0.4723 0.8029
vn -0.3633 0.4726 0.8029
vn -0.3628 0.4727 0.8031
vn -0.3925 0.4402 0.8076
vn -0.3919 0.4403 0.8078
vn -0.4209 0.4053 0.8115
vn -0.4206 0.4057 0.8115
vn -0.4487 0.3686 0.8141
vn -0.4762 0.3268 0.8163
vn -0.4766 0.3266 0.8162
vn -0.5331 -0.0444 0.8449
vn -0.5326 -0.0416 0.8454
vn -0.5324 -0.0463 0.8452
vn -0.5249 0.0189 0.8509
vn -0.5243 0.0215 0.8512
vn -0.5242 0.0171 0.8514
vn -0.5150 0.0810 0.8534
vn -0.5144 0.0833 0.8535
vn -0.5143 0.0793 0.8540
vn -0.5035 0.1416 0.8523
vn -0.5029 0.1436 0.8523
vn -0.5027 0.1399 0.8531
vn -0.4914 0.1968 0.8484
vn -0.4910 0.1985 0.8482
vn -0.4906 0.1952 0.8493
vn -0.4797 0.2455 0.8424
vn -0.4792 0.2474 0.8421
vn -0.4784 0.2437 0.8436
vn -0.3121 0.5030 0.8060
vn -0.3116 0.5033 0.8060
vn -0.3103 0.5035 0.8064
vn -0.3375 0.4763 0.8119
vn -0.3370 0.4764 0.8121
vn -0.3358 0.4765 0.8125
vn -0.3644 0.4463 0.8174
vn -0.3639 0.4467 0.8173
vn -0.3626 0.4469 0.8178
vn -0.3924 0.4137 0.8215
vn -0.3918 0.4142 0.8215
vn -0.3906 0.4144 0.8220
vn -0.4192 0.3807 0.8242
vn -0.4188 0.3812 0.8242
vn -0.4178 0.3814 0.8246
vn -0.4432 0.3496 0.8255
vn -0.5363 0.3023 0.7880
vn -0.5365 0.3022 0.7879
vn -0.5368 0.3020 0.7878
vn -0.5328 0.2993 0.7915
vn -0.5331 0.2991 0.7914
vn -0.5332 0.2990 0.7914
vn -0.5271 0.2954 0.7968
vn -0.5271 0.2951 0.7969
vn -0.5276 0.2947 0.7967
vn -0.5192 0.2899 0.8040
vn -0.5194 0.2897 0.8039
vn -0.5099 0.2850 0.8116
vn -0.5099 0.2845 0.8118
vn -0.5104 0.2841 0.8117
vn -0.5003 0.2795 0.8195
vn -0.5005 0.2797 0.8193
vn -0.5004 0.2787 0.8197
vn -0.4883 0.2760 0.8279
vn -0.4884 0.2782 0.8271
vn -0.4885 0.2742 0.8284
vn -0.4704 0.2890 0.8338
vn -0.4705 0.2903 0.8333
vn -0.4679 0.2873 0.8358
vn -0.4656 0.3171 0.8262
vn -0.4668 0.3168 0.8257
vn -0.4679 0.3158 0.8254
vn -0.6238 -0.1298 0.7707
vn -0.6213 -0.1303 0.7727
vn -0.6162 -0.1308 0.7767
vn -0.6086 -0.1310 0.7826
vn -0.5987 -0.1305 0.7903
vn -0.5989 -0.1299 0.7902
vn -0.5864 -0.1291 0.7997
vn -0.5865 -0.1294 0.7995
vn -0.5869 -0.1279 0.7995
vn -0.5723 -0.1255 0.8104
vn -0.5724 -0.1270 0.8101
vn -0.5727 -0.1244 0.8103
vn -0.5559 -0.1206 0.8224
vn -0.5561 -0.1227 0.8220
vn -0.5565 -0.1191 0.8223
vn -0.6230 -0.0630 0.7797
vn -0.6228 -0.0634 0.7798
vn -0.6183 0.0027 0.7859
vn -0.6180 0.0018 0.7862
vn -0.6095 0.0666 0.7900
vn -0.6099 0.0674 0.7896
vn -0.6094 0.0657 0.7901
vn -0.5974 0.1293 0.7914
vn -0.5976 0.1300 0.7912
vn -0.5973 0.1282 0.7917
vn -0.5804 0.1902 0.7918
vn -0.5805 0.1899 0.7918
vn -0.5813 0.1891 0.7914
vn -0.5608 0.2487 0.7897
vn -0.5611 0.2482 0.7897
vn -0.5616 0.2478 0.7895
vn -0.5378 0.3042 0.7863
vn -0.5381 0.3039 0.7862
vn -0.3963 0.1458 0.9065
vn -0.3876 0.1583 0.9081
vn -0.3884 0.1338 0.9117
vn -0.3560 0.2331 0.9050
vn -0.3544 0.2362 0.9048
vn -0.3464 0.2331 0.9087
vn -0.3350 0.3060 0.8911
vn -0.3331 0.3079 0.8912
vn -0.3266 0.3076 0.8937
vn -0.3192 0.3580 0.8775
vn -0.3175 0.3597 0.8774
vn -0.3131 0.3599 0.8789
vn -0.3084 0.3999 0.8631
vn -0.3069 0.4014 0.8629
vn -0.3035 0.4017 0.8640
vn -0.3003 0.4372 0.8478
vn -0.2989 0.4385 0.8476
vn -0.2964 0.4388 0.8483
vn -0.2943 0.4711 0.8315
vn -0.2933 0.4721 0.8313
vn -0.2913 0.4723 0.8319
vn -0.2902 0.5015 0.8150
vn -0.2896 0.5021 0.8149
vn -0.2879 0.5023 0.8153
vn -0.4309 0.0415 0.9015
vn -0.4214 0.0565 0.9051
vn -0.4288 0.0335 0.9028
vn -0.4564 -0.0113 0.8897
vn -0.4517 -0.0000 0.8922
vn -0.4544 -0.0178 0.8906
vn -0.4738 -0.0442 0.8795
vn -0.4711 -0.0361 0.8813
vn -0.4724 -0.0491 0.8800
vn -0.4889 -0.0673 0.8697
vn -0.4872 -0.0609 0.8712
vn -0.4877 -0.0713 0.8701
vn -0.5046 -0.0853 0.8591
vn -0.5035 -0.0802 0.8603
vn -0.5035 -0.0885 0.8594
vn -0.5215 -0.0992 0.8475
vn -0.5208 -0.0955 0.8483
vn -0.5206 -0.1018 0.8477
vn -0.5393 -0.1098 0.8349
vn -0.5389 -0.1070 0.8355
vn -0.5386 -0.1118 0.8351
vn -0.2857 0.6162 0.7339
vn -0.3171 0.5908 0.7419
vn -0.3174 0.5908 0.7417
vn -0.3497 0.5620 0.7496
vn -0.3502 0.5619 0.7494
vn -0.3825 0.5295 0.7572
vn -0.3831 0.5295 0.7569
vn -0.3834 0.5292 0.7569
vn -0.4163 0.4927 0.7642
vn -0.4169 0.4925 0.7640
vn -0.4494 0.4517 0.7707
vn -0.4501 0.4514 0.7705
vn -0.4813 0.4064 0.7766
vn -0.5113 0.3570 0.7818
vn -0.2853 0.6134 0.7365
vn -0.2848 0.6074 0.7416
vn -0.2844 0.5984 0.7490
vn -0.2842 0.5861 0.7588
vn -0.2838 0.5861 0.7589
vn -0.2847 0.5701 0.7707
vn -0.2846 0.5704 0.7705
vn -0.2837 0.5704 0.7708
vn -0.2857 0.5508 0.7842
vn -0.2855 0.5512 0.7840
vn -0.2844 0.5513 0.7844
vn -0.2874 0.5282 0.7990
vn -0.2870 0.5285 0.7990
vn -0.2857 0.5286 0.7993
vn -0.2415 0.4096 0.8797
vn -0.2444 0.4061 0.8805
vn -0.2488 0.4042 0.8802
vn -0.2175 0.4635 0.8590
vn -0.2187 0.4617 0.8596
vn -0.2209 0.4606 0.8597
vn -0.1973 0.5063 0.8395
vn -0.1977 0.5056 0.8398
vn -0.1985 0.5051 0.8399
vn -0.1793 0.5417 0.8212
vn -0.1798 0.5412 0.8215
vn -0.1801 0.5410 0.8215
vn -0.1630 0.5736 0.8027
vn -0.1629 0.5734 0.8029
vn -0.1635 0.5731 0.8031
vn -0.1485 0.6016 0.7849
vn -0.1365 0.6249 0.7687
vn -0.2411 0.4332 0.8684
vn -0.2434 0.4306 0.8691
vn -0.2469 0.4294 0.8687
vn -0.2164 0.4773 0.8517
vn -0.2179 0.4752 0.8524
vn -0.2206 0.4741 0.8524
vn -0.1964 0.5143 0.8348
vn -0.1973 0.5130 0.8354
vn -0.1990 0.5122 0.8355
vn -0.1785 0.5474 0.8176
vn -0.1793 0.5463 0.8182
vn -0.1804 0.5457 0.8183
vn -0.1625 0.5775 0.8001
vn -0.1629 0.5767 0.8005
vn -0.1638 0.5762 0.8007
vn -0.1484 0.6038 0.7832
vn -0.1483 0.6035 0.7834
vn -0.1491 0.6031 0.7836
vn -0.1366 0.6262 0.7676
vn -0.1364 0.6259 0.7679
vn -0.1368 0.6257 0.7680
vn -0.2409 0.4571 0.8562
vn -0.2425 0.4552 0.8567
vn -0.2452 0.4545 0.8563
vn -0.2166 0.4935 0.8423
vn -0.2180 0.4919 0.8429
vn -0.2204 0.4911 0.8428
vn -0.1964 0.5259 0.8276
vn -0.1974 0.5245 0.8282
vn -0.1996 0.5237 0.8282
vn -0.1785 0.5559 0.8118
vn -0.1794 0.5548 0.8124
vn -0.1809 0.5541 0.8126
vn -0.1627 0.5835 0.7957
vn -0.1632 0.5825 0.7963
vn -0.1644 0.5819 0.7965
vn -0.1488 0.6074 0.7803
vn -0.1490 0.6070 0.7806
vn -0.1499 0.6066 0.7808
vn -0.1370 0.6286 0.7656
vn -0.1369 0.6282 0.7659
vn -0.1376 0.6279 0.7661
vn -0.2405 0.4809 0.8431
vn -0.2419 0.4796 0.8435
vn -0.2441 0.4790 0.8432
vn -0.2177 0.5121 0.8309
vn -0.2188 0.5108 0.8314
vn -0.2208 0.5102 0.8312
vn -0.1977 0.5403 0.8179
vn -0.1987 0.5391 0.8185
vn -0.2005 0.5385 0.8184
vn -0.1799 0.5664 0.8043
vn -0.1807 0.5655 0.8047
vn -0.1821 0.5650 0.8047
vn -0.1640 0.5900 0.7906
vn -0.1644 0.5899 0.7906
vn -0.1656 0.5894 0.7907
vn -0.1500 0.6120 0.7765
vn -0.1511 0.6115 0.7767
vn -0.1380 0.6321 0.7625
vn -0.1382 0.6316 0.7629
vn -0.1390 0.6312 0.7631
vn -0.2401 0.5048 0.8292
vn -0.2413 0.5038 0.8294
vn -0.2431 0.5035 0.8291
vn -0.2186 0.5315 0.8183
vn -0.2196 0.5305 0.8187
vn -0.2212 0.5301 0.8186
vn -0.1994 0.5557 0.8072
vn -0.2002 0.5548 0.8075
vn -0.2016 0.5545 0.8074
vn -0.1818 0.5781 0.7955
vn -0.1823 0.5775 0.7958
vn -0.1836 0.5771 0.7958
vn -0.1661 0.5984 0.7838
vn -0.1674 0.5980 0.7838
vn -0.1520 0.6177 0.7716
vn -0.1523 0.6176 0.7716
vn -0.1530 0.6173 0.7717
vn -0.1397 0.6363 0.7587
vn -0.1400 0.6358 0.7591
vn -0.1407 0.6355 0.7592
vn -0.2397 0.5284 0.8144
vn -0.2405 0.5277 0.8147
vn -0.2420 0.5275 0.8144
vn -0.2193 0.5511 0.8051
vn -0.2201 0.5506 0.8052
vn -0.2213 0.5504 0.8051
vn -0.2007 0.5720 0.7953
vn -0.2013 0.5714 0.7956
vn -0.2024 0.5712 0.7955
vn -0.1836 0.5912 0.7854
vn -0.1842 0.5907 0.7856
vn -0.1852 0.5905 0.7855
vn -0.1685 0.6083 0.7756
vn -0.1689 0.6082 0.7756
vn -0.1696 0.6080 0.7756
vn -0.1548 0.6245 0.7656
vn -0.1554 0.6243 0.7656
vn -0.1422 0.6404 0.7547
vn -0.1428 0.6402 0.7548
vn -0.0963 0.7039 0.7037
vn -0.0970 0.7044 0.7032
vn -0.0985 0.7051 0.7023
vn -0.1010 0.7058 0.7011
vn -0.1047 0.7066 0.6998
vn -0.1099 0.7069 0.6988
vn -0.1167 0.7065 0.6980
vn -0.1167 0.7061 0.6984
vn -0.0985 0.6995 0.7079
vn -0.0992 0.7000 0.7072
vn -0.1006 0.7008 0.7062
vn -0.1030 0.7019 0.7048
vn -0.1064 0.7028 0.7034
vn -0.1115 0.7034 0.7020
vn -0.1184 0.7031 0.7012
vn -0.1019 0.6928 0.7139
vn -0.1025 0.6933 0.7133
vn -0.1022 0.6935 0.7132
vn -0.1037 0.6944 0.7121
vn -0.1059 0.6957 0.7105
vn -0.1090 0.6969 0.7088
vn -0.1090 0.6972 0.7086
vn -0.1140 0.6978 0.7072
vn -0.1209 0.6978 0.7061
vn -0.1063 0.6838 0.7219
vn -0.1061 0.6840 0.7218
vn -0.1068 0.6844 0.7212
vn -0.1078 0.6854 0.7201
vn -0.1077 0.6858 0.7198
vn -0.1075 0.6859 0.7197
vn -0.1099 0.6872 0.7181
vn -0.1127 0.6890 0.7160
vn -0.1126 0.6888 0.7162
vn -0.1126 0.6892 0.7157
vn -0.1173 0.6901 0.7142
vn -0.1242 0.6903 0.7128
vn -0.1120 0.6726 0.7315
vn -0.1124 0.6732 0.7309
vn -0.1121 0.6733 0.7308
vn -0.1133 0.6746 0.7295
vn -0.1130 0.6748 0.7293
vn -0.1151 0.6765 0.7274
vn -0.1146 0.6769 0.7271
vn -0.1178 0.6786 0.7250
vn -0.1172 0.6791 0.7246
vn -0.1214 0.6804 0.7227
vn -0.1215 0.6809 0.7223
vn -0.1279 0.6814 0.7207
vn -0.1188 0.6591 0.7426
vn -0.1190 0.6594 0.7423
vn -0.1188 0.6599 0.7419
vn -0.1187 0.6599 0.7419
vn -0.1201 0.6612 0.7406
vn -0.1197 0.6614 0.7404
vn -0.1195 0.6615 0.7403
vn -0.1215 0.6632 0.7385
vn -0.1213 0.6637 0.7381
vn -0.1209 0.6640 0.7379
vn -0.1239 0.6659 0.7357
vn -0.1239 0.6662 0.7354
vn -0.1231 0.6668 0.7350
vn -0.1266 0.6690 0.7324
vn -0.1265 0.6683 0.7330
vn -0.1264 0.6696 0.7319
vn -0.1320 0.6711 0.7295
vn -0.1319 0.6706 0.7300
vn -0.1319 0.6714 0.7293
vn -0.2288 0.6531 0.7219
vn -0.2291 0.6533 0.7216
vn -0.2298 0.6469 0.7271
vn -0.2302 0.6471 0.7268
vn -0.2312 0.6378 0.7347
vn -0.2319 0.6380 0.7343
vn -0.2329 0.6257 0.7445
vn -0.2338 0.6258 0.7441
vn -0.2348 0.6107 0.7562
vn -0.2360 0.6108 0.7558
vn -0.2367 0.5930 0.7696
vn -0.2380 0.5931 0.7692
vn -0.2383 0.5729 0.7842
vn -0.2398 0.5729 0.7838
vn -0.2047 0.6678 0.7156
vn -0.2051 0.6680 0.7153
vn -0.2064 0.6619 0.7206
vn -0.2069 0.6622 0.7202
vn -0.2085 0.6532 0.7279
vn -0.2092 0.6534 0.7275
vn -0.2111 0.6416 0.7374
vn -0.2121 0.6418 0.7369
vn -0.2139 0.6272 0.7489
vn -0.2150 0.6274 0.7484
vn -0.2166 0.6103 0.7620
vn -0.2180 0.6104 0.7615
vn -0.2185 0.5915 0.7761
vn -0.2186 0.5913 0.7763
vn -0.2202 0.5912 0.7759
vn -0.1836 0.6796 0.7102
vn -0.1839 0.6799 0.7099
vn -0.1856 0.6742 0.7149
vn -0.1862 0.6746 0.7143
vn -0.1883 0.6661 0.7217
vn -0.1890 0.6665 0.7211
vn -0.1915 0.6553 0.7307
vn -0.1924 0.6557 0.7301
vn -0.1949 0.6418 0.7417
vn -0.1961 0.6421 0.7411
vn -0.1981 0.6258 0.7544
vn -0.1994 0.6260 0.7539
vn -0.2004 0.6079 0.7683
vn -0.2009 0.6080 0.7681
vn -0.2018 0.6080 0.7679
vn -0.1653 0.6889 0.7058
vn -0.1655 0.6892 0.7054
vn -0.1677 0.6843 0.7097
vn -0.1674 0.6840 0.7100
vn -0.1679 0.6845 0.7094
vn -0.1703 0.6767 0.7163
vn -0.1708 0.6772 0.7157
vn -0.1737 0.6668 0.7247
vn -0.1738 0.6666 0.7249
vn -0.1746 0.6673 0.7240
vn -0.1774 0.6544 0.7350
vn -0.1786 0.6549 0.7343
vn -0.1810 0.6397 0.7470
vn -0.1823 0.6400 0.7464
vn -0.1836 0.6231 0.7603
vn -0.1850 0.6232 0.7599
vn -0.1495 0.6959 0.7024
vn -0.1499 0.6957 0.7025
vn -0.1498 0.6963 0.7020
vn -0.1516 0.6916 0.7062
vn -0.1520 0.6921 0.7056
vn -0.1545 0.6851 0.7119
vn -0.1550 0.6856 0.7113
vn -0.1580 0.6761 0.7196
vn -0.1586 0.6767 0.7190
vn -0.1619 0.6649 0.7291
vn -0.1620 0.6647 0.7293
vn -0.1628 0.6655 0.7284
vn -0.1658 0.6516 0.7403
vn -0.1669 0.6520 0.7396
vn -0.1688 0.6363 0.7528
vn -0.1702 0.6365 0.7523
vn -0.1364 0.7012 0.6998
vn -0.1366 0.7007 0.7002
vn -0.1365 0.7013 0.6997
vn -0.1384 0.6975 0.7031
vn -0.1386 0.6970 0.7036
vn -0.1385 0.6976 0.7030
vn -0.1411 0.6914 0.7085
vn -0.1410 0.6912 0.7087
vn -0.1413 0.6918 0.7082
vn -0.1444 0.6832 0.7158
vn -0.1448 0.6829 0.7160
vn -0.1447 0.6836 0.7154
vn -0.1486 0.6735 0.7241
vn -0.1483 0.6732 0.7244
vn -0.1489 0.6738 0.7237
vn -0.1523 0.6613 0.7345
vn -0.1533 0.6620 0.7337
vn -0.1561 0.6475 0.7459
vn -0.1573 0.6478 0.7454
vn -0.1268 0.6434 0.7550
vn -0.1273 0.6439 0.7545
vn -0.1269 0.6441 0.7543
vn -0.1282 0.6455 0.7529
vn -0.1277 0.6459 0.7527
vn -0.1297 0.6479 0.7506
vn -0.1298 0.6482 0.7503
vn -0.1289 0.6487 0.7500
vn -0.1316 0.6512 0.7474
vn -0.1314 0.6517 0.7470
vn -0.1307 0.6521 0.7468
vn -0.1343 0.6545 0.7440
vn -0.1338 0.6554 0.7433
vn -0.1332 0.6558 0.7431
vn -0.1255 0.7044 0.6986
vn -0.1254 0.7042 0.6989
vn -0.1255 0.7046 0.6984
vn -0.1272 0.7007 0.7020
vn -0.1273 0.7010 0.7018
vn -0.1298 0.6953 0.7069
vn -0.1299 0.6956 0.7066
vn -0.1331 0.6878 0.7136
vn -0.1335 0.6875 0.7138
vn -0.1333 0.6882 0.7132
vn -0.1368 0.6788 0.7215
vn -0.1372 0.6785 0.7216
vn -0.1370 0.6791 0.7211
vn -0.1409 0.6686 0.7302
vn -0.1411 0.6684 0.7303
vn -0.1413 0.6692 0.7295
vn -0.2392 0.5514 0.7992
vn -0.2400 0.5508 0.7994
vn -0.2411 0.5507 0.7991
vn -0.2195 0.5713 0.7908
vn -0.2199 0.5709 0.7910
vn -0.2212 0.5708 0.7907
vn -0.2012 0.5894 0.7823
vn -0.2018 0.5891 0.7824
vn -0.2028 0.5890 0.7822
vn -0.1844 0.6063 0.7735
vn -0.1850 0.6059 0.7737
vn -0.1859 0.6059 0.7735
vn -0.1698 0.6209 0.7653
vn -0.1709 0.6208 0.7651
vn -0.1575 0.6337 0.7574
vn -0.1578 0.6336 0.7574
vn -0.1464 0.6458 0.7494
vn -0.1460 0.6458 0.7494
vn -0.1370 0.6583 0.7402
vn -0.1371 0.6573 0.7410
vn -0.1369 0.6593 0.7393
vn -0.1446 0.6563 0.7405
vn -0.1447 0.6558 0.7410
vn -0.1456 0.6571 0.7396
vn -0.2831 0.2956 0.9124
vn -0.2919 0.2881 0.9120
vn -0.3048 0.2824 0.9096
vn -0.2487 0.3936 0.8850
vn -0.2494 0.3929 0.8851
vn -0.2506 0.3922 0.8851
vn -0.2226 0.4559 0.8617
vn -0.2215 0.4567 0.8616
vn -0.2208 0.4574 0.8614
vn -0.1994 0.5032 0.8409
vn -0.1982 0.5039 0.8407
vn -0.1976 0.5046 0.8404
vn -0.1806 0.5400 0.8221
vn -0.1799 0.5405 0.8219
vn -0.1791 0.5412 0.8216
vn -0.1641 0.5724 0.8034
vn -0.1635 0.5729 0.8032
vn -0.1494 0.6012 0.7850
vn -0.1486 0.6017 0.7848
vn -0.1484 0.6021 0.7845
vn -0.1371 0.6251 0.7684
vn -0.1364 0.6255 0.7682
vn -0.1364 0.6257 0.7681
vn -0.2762 0.3349 0.9009
vn -0.2828 0.3271 0.9017
vn -0.2909 0.3239 0.9003
vn -0.2744 0.3787 0.8839
vn -0.2769 0.3763 0.8841
vn -0.2814 0.3753 0.8832
vn -0.2707 0.4138 0.8692
vn -0.2726 0.4120 0.8694
vn -0.2760 0.4113 0.8687
vn -0.2674 0.4452 0.8546
vn -0.2689 0.4438 0.8549
vn -0.2716 0.4432 0.8543
vn -0.2646 0.4748 0.8394
vn -0.2659 0.4736 0.8396
vn -0.2681 0.4732 0.8392
vn -0.2627 0.5028 0.8236
vn -0.2636 0.5019 0.8238
vn -0.2653 0.5017 0.8234
vn -0.2612 0.5287 0.8076
vn -0.2618 0.5282 0.8077
vn -0.2632 0.5281 0.8074
vn -0.0950 0.7061 0.7017
vn -0.0951 0.7061 0.7017
vn -0.0959 0.7065 0.7012
vn -0.0975 0.7071 0.7003
vn -0.1000 0.7078 0.6993
vn -0.1038 0.7084 0.6981
vn -0.1090 0.7086 0.6972
vn -0.1157 0.7078 0.6969
vn -0.1154 0.7082 0.6965
vn -0.1157 0.7081 0.6966
vn -0.0962 0.7039 0.7038
vn -0.0984 0.6995 0.7079
vn -0.1018 0.6929 0.7139
vn -0.1063 0.6840 0.7217
vn -0.1119 0.6730 0.7312
vn -0.1186 0.6597 0.7421
vn -0.1189 0.6596 0.7421
vn -0.1264 0.6443 0.7542
vn -0.1270 0.6440 0.7544
vn -0.2555 0.6382 0.7262
vn -0.2557 0.6351 0.7289
vn -0.2560 0.6351 0.7287
vn -0.2560 0.6289 0.7341
vn -0.2564 0.6290 0.7339
vn -0.2564 0.6196 0.7418
vn -0.2568 0.6197 0.7416
vn -0.2570 0.6073 0.7518
vn -0.2576 0.6073 0.7516
vn -0.2578 0.5919 0.7636
vn -0.2587 0.5919 0.7633
vn -0.2588 0.5735 0.7772
vn -0.2601 0.5735 0.7769
vn -0.2599 0.5526 0.7919
vn -0.2605 0.5522 0.7920
vn -0.2617 0.5521 0.7917
vn -0.2280 0.6563 0.7192
vn -0.2036 0.6709 0.7130
vn -0.2039 0.6711 0.7127
vn -0.1823 0.6825 0.7078
vn -0.1826 0.6828 0.7074
vn -0.1638 0.6915 0.7036
vn -0.1641 0.6917 0.7033
vn -0.1482 0.6981 0.7005
vn -0.1485 0.6980 0.7006
vn -0.1484 0.6984 0.7002
vn -0.1351 0.7028 0.6984
vn -0.1352 0.7032 0.6980
vn -0.1243 0.7059 0.6974
vn -0.1244 0.7061 0.6971
vn -0.5700 -0.1795 0.8018
vn -0.5715 -0.1799 0.8007
vn -0.5771 -0.1809 0.7964
vn -0.5756 -0.1788 0.7980
vn -0.5784 -0.1814 0.7953
vn -0.5868 -0.1773 0.7901
vn -0.5871 -0.1773 0.7898
vn -0.5983 -0.1697 0.7831
vn -0.6112 -0.1584 0.7755
vn -0.6118 -0.1591 0.7748
vn -0.6257 -0.1438 0.7667
vn -0.6255 -0.1424 0.7672
vn -0.6411 -0.1254 0.7572
vn -0.6428 -0.1277 0.7554
vn -0.6405 -0.1229 0.7580
vn -0.5742 -0.1613 0.8026
vn -0.5711 -0.1600 0.8051
vn -0.5794 -0.1628 0.7987
vn -0.5774 -0.1613 0.8004
vn -0.5801 -0.1629 0.7981
vn -0.5873 -0.1595 0.7935
vn -0.5859 -0.1585 0.7947
vn -0.5969 -0.1520 0.7878
vn -0.5964 -0.1517 0.7882
vn -0.6081 -0.1407 0.7813
vn -0.6085 -0.1411 0.7809
vn -0.6078 -0.1405 0.7816
vn -0.6203 -0.1253 0.7743
vn -0.6216 -0.1267 0.7730
vn -0.6200 -0.1239 0.7747
vn -0.6337 -0.1061 0.7662
vn -0.6332 -0.1036 0.7670
vn -0.5762 -0.1479 0.8038
vn -0.5738 -0.1475 0.8056
vn -0.5809 -0.1482 0.8004
vn -0.5788 -0.1475 0.8020
vn -0.5872 -0.1448 0.7964
vn -0.5858 -0.1442 0.7975
vn -0.5950 -0.1374 0.7919
vn -0.6040 -0.1258 0.7870
vn -0.6048 -0.1263 0.7863
vn -0.6146 -0.1103 0.7811
vn -0.6161 -0.1117 0.7797
vn -0.6142 -0.1090 0.7816
vn -0.6262 -0.0907 0.7743
vn -0.6285 -0.0933 0.7722
vn -0.6256 -0.0880 0.7752
vn -0.5775 -0.1383 0.8046
vn -0.5756 -0.1382 0.8060
vn -0.5814 -0.1376 0.8019
vn -0.5865 -0.1337 0.7988
vn -0.5928 -0.1261 0.7954
vn -0.6000 -0.1144 0.7918
vn -0.6010 -0.1150 0.7909
vn -0.6088 -0.0988 0.7872
vn -0.6105 -0.1003 0.7856
vn -0.6082 -0.0977 0.7877
vn -0.6186 -0.0790 0.7817
vn -0.6211 -0.0818 0.7794
vn -0.6178 -0.0765 0.7826
vn -0.5782 -0.1305 0.8054
vn -0.5767 -0.1306 0.8064
vn -0.5781 -0.1303 0.8055
vn -0.5814 -0.1292 0.8033
vn -0.5855 -0.1251 0.8010
vn -0.5846 -0.1250 0.8016
vn -0.5904 -0.1175 0.7985
vn -0.5965 -0.1064 0.7955
vn -0.5961 -0.1059 0.7959
vn -0.6033 -0.0912 0.7922
vn -0.6028 -0.0903 0.7928
vn -0.6117 -0.0721 0.7878
vn -0.6108 -0.0698 0.7887
vn -0.5786 -0.1240 0.8061
vn -0.5772 -0.1244 0.8070
vn -0.5784 -0.1242 0.8063
vn -0.5810 -0.1226 0.8046
vn -0.5807 -0.1222 0.8049
vn -0.5844 -0.1185 0.8028
vn -0.5838 -0.1185 0.8032
vn -0.5885 -0.1115 0.8008
vn -0.5932 -0.1013 0.7986
vn -0.5940 -0.1015 0.7981
vn -0.5990 -0.0874 0.7960
vn -0.5986 -0.0868 0.7964
vn -0.6063 -0.0697 0.7921
vn -0.6086 -0.0717 0.7902
vn -0.6054 -0.0683 0.7930
vn -0.7424 0.1140 0.6602
vn -0.7481 0.1749 0.6402
vn -0.7493 0.1423 0.6467
vn -0.7071 0.1320 0.6947
vn -0.7142 0.1487 0.6839
vn -0.6811 0.1312 0.7203
vn -0.6907 0.1611 0.7049
vn -0.6869 0.1401 0.7131
vn -0.6621 0.1128 0.7409
vn -0.6666 0.1178 0.7360
vn -0.6466 0.0897 0.7575
vn -0.6500 0.0925 0.7543
vn -0.6337 0.0651 0.7708
vn -0.6362 0.0667 0.7687
vn -0.6224 0.0387 0.7818
vn -0.6293 0.0471 0.7757
vn -0.6243 0.0397 0.7802
vn -0.7396 0.0505 0.6712
vn -0.7457 0.0981 0.6590
vn -0.7453 0.0726 0.6627
vn -0.7098 0.0706 0.7008
vn -0.7162 0.0876 0.6924
vn -0.6840 0.0780 0.7253
vn -0.6900 0.0893 0.7183
vn -0.6638 0.0697 0.7446
vn -0.6689 0.0767 0.7394
vn -0.6475 0.0555 0.7601
vn -0.6563 0.0731 0.7510
vn -0.6514 0.0598 0.7564
vn -0.6339 0.0382 0.7725
vn -0.6369 0.0406 0.7699
vn -0.6222 0.0168 0.7827
vn -0.6292 0.0261 0.7768
vn -0.6245 0.0183 0.7808
vn -0.7279 0.0042 0.6856
vn -0.7324 0.0198 0.6806
vn -0.7043 0.0219 0.7096
vn -0.7096 0.0367 0.7037
vn -0.6813 0.0312 0.7313
vn -0.6897 0.0622 0.7215
vn -0.6869 0.0431 0.7255
vn -0.6622 0.0305 0.7487
vn -0.6671 0.0387 0.7439
vn -0.6464 0.0239 0.7626
vn -0.6546 0.0420 0.7548
vn -0.6505 0.0291 0.7590
vn -0.6332 0.0125 0.7739
vn -0.6364 0.0156 0.7712
vn -0.6215 -0.0046 0.7834
vn -0.6241 -0.0027 0.7814
vn -0.7105 0.0011 0.7037
vn -0.7083 0.0123 0.7058
vn -0.6924 -0.0183 0.7213
vn -0.6968 -0.0060 0.7173
vn -0.6736 -0.0070 0.7391
vn -0.6782 0.0038 0.7349
vn -0.6572 -0.0021 0.7537
vn -0.6642 0.0199 0.7473
vn -0.6615 0.0060 0.7500
vn -0.6433 -0.0033 0.7656
vn -0.6502 0.0139 0.7596
vn -0.6471 0.0023 0.7624
vn -0.6312 -0.0107 0.7755
vn -0.6345 -0.0070 0.7729
vn -0.6201 -0.0247 0.7842
vn -0.6268 -0.0146 0.7791
vn -0.6229 -0.0224 0.7820
vn -0.6929 -0.0410 0.7199
vn -0.6914 -0.0329 0.7217
vn -0.6778 -0.0204 0.7350
vn -0.6830 -0.0288 0.7298
vn -0.6760 -0.0114 0.7368
vn -0.6630 -0.0072 0.7486
vn -0.6686 -0.0162 0.7435
vn -0.6612 0.0017 0.7502
vn -0.6498 -0.0293 0.7596
vn -0.6531 -0.0219 0.7569
vn -0.6380 -0.0266 0.7696
vn -0.6412 -0.0209 0.7671
vn -0.6276 -0.0307 0.7779
vn -0.6306 -0.0267 0.7756
vn -0.6176 -0.0425 0.7854
vn -0.6237 -0.0327 0.7810
vn -0.6204 -0.0399 0.7833
vn -0.6746 -0.0757 0.7343
vn -0.6736 -0.0702 0.7358
vn -0.6630 -0.0553 0.7466
vn -0.6618 -0.0491 0.7480
vn -0.6514 -0.0402 0.7577
vn -0.6501 -0.0340 0.7591
vn -0.6405 -0.0305 0.7673
vn -0.6446 -0.0367 0.7637
vn -0.6394 -0.0246 0.7685
vn -0.6311 -0.0269 0.7752
vn -0.6301 -0.0215 0.7762
vn -0.6220 -0.0484 0.7816
vn -0.6245 -0.0442 0.7798
vn -0.6141 -0.0564 0.7872
vn -0.6190 -0.0474 0.7839
vn -0.6164 -0.0541 0.7856
vn -0.5729 -0.0964 0.8140
vn -0.5734 -0.0960 0.8137
vn -0.5736 -0.0996 0.8130
vn -0.5741 -0.0992 0.8127
vn -0.5744 -0.1024 0.8121
vn -0.5748 -0.1022 0.8119
vn -0.5751 -0.1053 0.8113
vn -0.5755 -0.1051 0.8110
vn -0.5757 -0.1084 0.8104
vn -0.5762 -0.1081 0.8101
vn -0.5762 -0.1118 0.8097
vn -0.5769 -0.1114 0.8092
vn -0.5762 -0.1157 0.8091
vn -0.5771 -0.1152 0.8085
vn -0.5764 -0.1155 0.8090
vn -0.5748 -0.0856 0.8138
vn -0.5765 -0.0844 0.8128
vn -0.5755 -0.0854 0.8133
vn -0.5757 -0.0907 0.8126
vn -0.5769 -0.0900 0.8119
vn -0.5761 -0.0908 0.8123
vn -0.5762 -0.0959 0.8116
vn -0.5775 -0.0949 0.8108
vn -0.5764 -0.0956 0.8115
vn -0.5772 -0.1002 0.8105
vn -0.5781 -0.0997 0.8099
vn -0.5778 -0.1047 0.8095
vn -0.5787 -0.1042 0.8089
vn -0.5783 -0.1091 0.8085
vn -0.5791 -0.1086 0.8080
vn -0.5782 -0.1136 0.8079
vn -0.5786 -0.1133 0.8077
vn -0.5790 -0.0716 0.8122
vn -0.5796 -0.0714 0.8117
vn -0.5793 -0.0792 0.8112
vn -0.5815 -0.0776 0.8099
vn -0.5795 -0.0790 0.8111
vn -0.5800 -0.0862 0.8100
vn -0.5818 -0.0850 0.8089
vn -0.5804 -0.0863 0.8098
vn -0.5803 -0.0931 0.8091
vn -0.5821 -0.0919 0.8079
vn -0.5805 -0.0929 0.8089
vn -0.5807 -0.0993 0.8080
vn -0.5810 -0.0991 0.8079
vn -0.5813 -0.1046 0.8069
vn -0.5826 -0.1040 0.8061
vn -0.5815 -0.1096 0.8062
vn -0.5827 -0.1091 0.8053
vn -0.5817 -0.1094 0.8060
vn -0.5847 -0.0551 0.8093
vn -0.5857 -0.0548 0.8087
vn -0.5847 -0.0653 0.8086
vn -0.5856 -0.0650 0.8080
vn -0.5852 -0.0746 0.8074
vn -0.5856 -0.0747 0.8072
vn -0.5851 -0.0838 0.8066
vn -0.5858 -0.0836 0.8061
vn -0.5856 -0.0916 0.8054
vn -0.5877 -0.0903 0.8040
vn -0.5853 -0.0987 0.8048
vn -0.5874 -0.0976 0.8034
vn -0.5856 -0.0984 0.8046
vn -0.5856 -0.1037 0.8039
vn -0.5859 -0.1036 0.8038
vn -0.5922 -0.0360 0.8050
vn -0.5934 -0.0355 0.8041
vn -0.5919 -0.0489 0.8045
vn -0.5963 -0.0450 0.8015
vn -0.5931 -0.0484 0.8037
vn -0.5917 -0.0613 0.8039
vn -0.5929 -0.0608 0.8030
vn -0.5915 -0.0728 0.8030
vn -0.5955 -0.0696 0.8004
vn -0.5926 -0.0725 0.8023
vn -0.5912 -0.0829 0.8022
vn -0.5921 -0.0828 0.8016
vn -0.5908 -0.0910 0.8017
vn -0.5912 -0.0907 0.8014
vn -0.5911 -0.0959 0.8009
vn -0.5925 -0.0955 0.7999
vn -0.6014 -0.0138 0.7988
vn -0.6027 -0.0134 0.7979
vn -0.6009 -0.0297 0.7988
vn -0.6023 -0.0291 0.7977
vn -0.6002 -0.0452 0.7986
vn -0.6019 -0.0444 0.7974
vn -0.5995 -0.0597 0.7981
vn -0.6012 -0.0590 0.7970
vn -0.5986 -0.0722 0.7978
vn -0.6000 -0.0716 0.7968
vn -0.5974 -0.0818 0.7977
vn -0.5986 -0.0815 0.7969
vn -0.5970 -0.0870 0.7975
vn -0.6570 -0.1034 0.7467
vn -0.6564 -0.0997 0.7478
vn -0.6481 -0.0833 0.7570
vn -0.6507 -0.0871 0.7543
vn -0.6473 -0.0793 0.7581
vn -0.6388 -0.0676 0.7664
vn -0.6379 -0.0634 0.7675
vn -0.6298 -0.0561 0.7748
vn -0.6329 -0.0603 0.7719
vn -0.6288 -0.0519 0.7758
vn -0.6215 -0.0498 0.7818
vn -0.6247 -0.0540 0.7790
vn -0.6206 -0.0459 0.7828
vn -0.6150 -0.0495 0.7869
vn -0.6146 -0.0458 0.7875
vn -0.6115 0.0111 0.7912
vn -0.6178 0.0178 0.7862
vn -0.6131 0.0119 0.7900
vn -0.6110 -0.0076 0.7916
vn -0.6175 -0.0004 0.7866
vn -0.6129 -0.0065 0.7901
vn -0.6104 -0.0259 0.7917
vn -0.6125 -0.0247 0.7901
vn -0.6093 -0.0434 0.7917
vn -0.6115 -0.0421 0.7901
vn -0.6075 -0.0587 0.7921
vn -0.6097 -0.0575 0.7906
vn -0.6057 -0.0693 0.7927
vn -0.6102 -0.0649 0.7896
vn -0.6071 -0.0687 0.7916
vn -0.5782 -0.1191 0.8071
vn -0.5773 -0.1194 0.8077
vn -0.5806 -0.1172 0.8057
vn -0.5837 -0.1134 0.8040
vn -0.5877 -0.1071 0.8019
vn -0.5873 -0.1072 0.8022
vn -0.5924 -0.0985 0.7996
vn -0.5969 -0.0869 0.7976
vn -0.5978 -0.0870 0.7970
vn -0.6022 -0.0711 0.7952
vn -0.6047 -0.0723 0.7932
vn -0.6015 -0.0709 0.7958
vn -0.6113 -0.0561 0.7894
vn -0.6115 -0.0539 0.7894
vn -0.6035 -0.0754 0.7937
vn -0.6066 -0.0733 0.7916
vn -0.6043 -0.0754 0.7932
vn -0.5574 -0.1967 0.8066
vn -0.5616 -0.1984 0.8033
vn -0.5651 -0.2023 0.7998
vn -0.5672 -0.2038 0.7980
vn -0.5751 -0.2020 0.7928
vn -0.5742 -0.2005 0.7938
vn -0.5758 -0.2025 0.7921
vn -0.5865 -0.1978 0.7855
vn -0.5870 -0.1983 0.7849
vn -0.6145 -0.1800 0.7681
vn -0.6150 -0.1806 0.7676
vn -0.6144 -0.1795 0.7683
vn -0.6307 -0.1661 0.7580
vn -0.6305 -0.1647 0.7585
vn -0.6477 -0.1489 0.7472
vn -0.6474 -0.1466 0.7479
vn -0.5656 -0.1723 0.8065
vn -0.5670 -0.1720 0.8055
vn -0.5706 -0.1558 0.8063
vn -0.5672 -0.1550 0.8088
vn -0.5731 -0.1447 0.8066
vn -0.5749 -0.1364 0.8068
vn -0.5747 -0.1360 0.8070
vn -0.5763 -0.1293 0.8069
vn -0.5758 -0.1292 0.8074
vn -0.5766 -0.1238 0.8076
vn -0.5754 -0.1241 0.8084
vn -0.5767 -0.1191 0.8082
vn -0.7823 0.1550 0.6033
vn -0.7794 0.2706 0.5650
vn -0.7887 0.2176 0.5749
vn -0.7275 0.2043 0.6550
vn -0.7357 0.2320 0.6363
vn -0.6936 0.2076 0.6898
vn -0.7006 0.2194 0.6790
vn -0.6727 0.1875 0.7158
vn -0.6776 0.1930 0.7096
vn -0.6572 0.1569 0.7372
vn -0.6607 0.1597 0.7334
vn -0.6440 0.1242 0.7549
vn -0.6465 0.1257 0.7525
vn -0.6326 0.0920 0.7690
vn -0.6343 0.0928 0.7675
vn -0.6222 0.0603 0.7806
vn -0.6235 0.0608 0.7795
vn -0.7838 0.0770 0.6162
vn -0.7882 0.1134 0.6048
vn -0.7651 0.0779 0.6391
vn -0.7729 0.0650 0.6312
vn -0.7616 0.0952 0.6410
vn -0.7483 0.0177 0.6632
vn -0.7538 0.0086 0.6571
vn -0.7461 0.0292 0.6652
vn -0.7283 -0.0295 0.6846
vn -0.7326 -0.0365 0.6797
vn -0.7269 -0.0210 0.6865
vn -0.7069 -0.0690 0.7039
vn -0.7103 -0.0743 0.7000
vn -0.7059 -0.0626 0.7056
vn -0.6854 -0.1018 0.7210
vn -0.6847 -0.0972 0.7223
vn -0.6655 -0.1281 0.7354
vn -0.6674 -0.1309 0.7331
vn -0.6649 -0.1249 0.7364
vn -0.5718 -0.1018 0.8141
vn -0.5723 -0.1033 0.8135
vn -0.5729 -0.1046 0.8129
vn -0.5735 -0.1061 0.8123
vn -0.5741 -0.1078 0.8116
vn -0.5746 -0.1100 0.8110
vn -0.5749 -0.1099 0.8108
vn -0.5750 -0.1127 0.8104
vn -0.5754 -0.1125 0.8101
vn -0.5751 -0.1160 0.8099
vn -0.5757 -0.1157 0.8094
vn -0.5724 -0.0925 0.8148
vn -0.5732 -0.0919 0.8143
vn -0.5747 -0.0794 0.8145
vn -0.5753 -0.0793 0.8141
vn -0.5794 -0.0631 0.8126
vn -0.5816 -0.0615 0.8111
vn -0.5797 -0.0632 0.8124
vn -0.5852 -0.0447 0.8097
vn -0.5887 -0.0418 0.8072
vn -0.5861 -0.0444 0.8090
vn -0.5930 -0.0229 0.8049
vn -0.5973 -0.0193 0.8018
vn -0.5939 -0.0227 0.8042
vn -0.6019 0.0016 0.7986
vn -0.6072 0.0064 0.7945
vn -0.6030 0.0021 0.7977
vn -0.6119 0.0296 0.7904
vn -0.6178 0.0354 0.7855
vn -0.6130 0.0300 0.7895
vn -0.5623 -0.2384 0.7919
vn -0.5616 -0.2392 0.7921
vn -0.5620 -0.2384 0.7920
vn -0.5631 -0.2441 0.7896
vn -0.5653 -0.2441 0.7880
vn -0.5639 -0.2453 0.7886
vn -0.5695 -0.2385 0.7866
vn -0.5677 -0.2400 0.7875
vn -0.5761 -0.2280 0.7849
vn -0.5852 -0.2128 0.7824
vn -0.5822 -0.2149 0.7842
vn -0.5970 -0.1931 0.7786
vn -0.5741 -0.2371 0.7837
vn -0.5751 -0.2437 0.7810
vn -0.5742 -0.2448 0.7813
vn -0.5771 -0.2439 0.7794
vn -0.5759 -0.2452 0.7799
vn -0.5808 -0.2380 0.7785
vn -0.5868 -0.2266 0.7774
vn -0.5845 -0.2285 0.7785
vn -0.5954 -0.2103 0.7755
vn -0.6069 -0.1892 0.7720
vn -0.5877 -0.2336 0.7746
vn -0.5871 -0.2350 0.7747
vn -0.5876 -0.2339 0.7746
vn -0.5889 -0.2416 0.7713
vn -0.5909 -0.2425 0.7694
vn -0.5897 -0.2442 0.7699
vn -0.5905 -0.2427 0.7697
vn -0.5943 -0.2368 0.7686
vn -0.5997 -0.2252 0.7679
vn -0.6079 -0.2079 0.7663
vn -0.6049 -0.2107 0.7680
vn -0.6077 -0.2082 0.7664
vn -0.6190 -0.1859 0.7631
vn -0.6185 -0.1860 0.7634
vn -0.6032 -0.2308 0.7635
vn -0.6026 -0.2298 0.7642
vn -0.6049 -0.2372 0.7601
vn -0.6039 -0.2390 0.7604
vn -0.6047 -0.2374 0.7603
vn -0.6073 -0.2388 0.7577
vn -0.6058 -0.2413 0.7582
vn -0.6067 -0.2394 0.7580
vn -0.6103 -0.2343 0.7567
vn -0.6087 -0.2365 0.7574
vn -0.6100 -0.2344 0.7569
vn -0.6151 -0.2232 0.7562
vn -0.6225 -0.2059 0.7550
vn -0.6196 -0.2089 0.7566
vn -0.6218 -0.2062 0.7555
vn -0.6330 -0.1833 0.7521
vn -0.6324 -0.1836 0.7526
vn -0.6206 -0.2229 0.7518
vn -0.6208 -0.2238 0.7514
vn -0.6227 -0.2338 0.7467
vn -0.6228 -0.2346 0.7464
vn -0.6256 -0.2328 0.7446
vn -0.6240 -0.2358 0.7450
vn -0.6249 -0.2338 0.7449
vn -0.6284 -0.2293 0.7433
vn -0.6267 -0.2323 0.7439
vn -0.6277 -0.2301 0.7436
vn -0.6321 -0.2201 0.7430
vn -0.6316 -0.2203 0.7433
vn -0.6378 -0.2041 0.7427
vn -0.6355 -0.2067 0.7439
vn -0.6374 -0.2042 0.7430
vn -0.6469 -0.1816 0.7406
vn -0.6438 -0.1845 0.7426
vn -0.6464 -0.1816 0.7410
vn -0.6400 -0.2125 0.7384
vn -0.6400 -0.2135 0.7381
vn -0.6424 -0.2243 0.7328
vn -0.6415 -0.2228 0.7341
vn -0.6425 -0.2253 0.7324
vn -0.6447 -0.2290 0.7293
vn -0.6448 -0.2301 0.7289
vn -0.6472 -0.2269 0.7277
vn -0.6474 -0.2280 0.7273
vn -0.6509 -0.2144 0.7282
vn -0.6492 -0.2175 0.7288
vn -0.6502 -0.2153 0.7286
vn -0.6546 -0.2011 0.7287
vn -0.6539 -0.2018 0.7291
vn -0.6603 -0.1813 0.7288
vn -0.6599 -0.1813 0.7292
vn -0.7623 0.1188 0.6362
vn -0.7600 0.1184 0.6391
vn -0.7728 0.1272 0.6217
vn -0.7712 0.1271 0.6237
vn -0.7811 0.1310 0.6105
vn -0.7761 0.1290 0.6173
vn -0.7801 0.1311 0.6118
vn -0.7895 0.1305 0.5997
vn -0.7888 0.1306 0.6006
vn -0.7987 0.1248 0.5886
vn -0.7985 0.1247 0.5889
vn -0.8090 0.1138 0.5766
vn -0.8086 0.1138 0.5772
vn -0.8197 0.0977 0.5643
vn -0.8181 0.0974 0.5667
vn -0.8192 0.0979 0.5650
vn -0.7315 0.0482 0.6801
vn -0.7218 0.0414 0.6909
vn -0.7294 0.0475 0.6825
vn -0.7437 0.0588 0.6659
vn -0.7420 0.0585 0.6679
vn -0.7551 0.0655 0.6523
vn -0.7537 0.0654 0.6540
vn -0.7656 0.0685 0.6397
vn -0.7601 0.0661 0.6464
vn -0.7645 0.0684 0.6409
vn -0.7765 0.0659 0.6267
vn -0.7757 0.0659 0.6277
vn -0.7876 0.0571 0.6135
vn -0.7874 0.0569 0.6139
vn -0.7988 0.0425 0.6002
vn -0.7982 0.0426 0.6008
vn -0.7015 -0.0109 0.7126
vn -0.6928 -0.0169 0.7210
vn -0.7001 -0.0113 0.7140
vn -0.7142 0.0002 0.6999
vn -0.7128 -0.0001 0.7013
vn -0.7271 0.0085 0.6865
vn -0.7256 0.0083 0.6880
vn -0.7393 0.0130 0.6733
vn -0.7328 0.0099 0.6803
vn -0.7380 0.0129 0.6747
vn -0.7516 0.0121 0.6595
vn -0.7508 0.0121 0.6605
vn -0.7638 0.0050 0.6454
vn -0.7632 0.0052 0.6462
vn -0.7752 -0.0086 0.6316
vn -0.7751 -0.0084 0.6318
vn -0.6749 -0.0586 0.7356
vn -0.6739 -0.0588 0.7365
vn -0.6867 -0.0487 0.7253
vn -0.6858 -0.0488 0.7261
vn -0.6993 -0.0411 0.7136
vn -0.6923 -0.0450 0.7202
vn -0.6983 -0.0412 0.7146
vn -0.7124 -0.0369 0.7008
vn -0.7114 -0.0370 0.7018
vn -0.7257 -0.0371 0.6870
vn -0.7204 -0.0395 0.6924
vn -0.7248 -0.0371 0.6880
vn -0.7389 -0.0427 0.6724
vn -0.7382 -0.0427 0.6732
vn -0.7509 -0.0550 0.6582
vn -0.7506 -0.0551 0.6584
vn -0.6509 -0.1006 0.7525
vn -0.6502 -0.1008 0.7530
vn -0.6618 -0.0923 0.7440
vn -0.6553 -0.0962 0.7492
vn -0.6612 -0.0925 0.7445
vn -0.6737 -0.0862 0.7340
vn -0.6678 -0.0895 0.7390
vn -0.6733 -0.0860 0.7343
vn -0.6872 -0.0822 0.7218
vn -0.6815 -0.0853 0.7269
vn -0.6865 -0.0822 0.7225
vn -0.7007 -0.0816 0.7088
vn -0.7004 -0.0814 0.7090
vn -0.7148 -0.0848 0.6942
vn -0.7142 -0.0847 0.6948
vn -0.7268 -0.0952 0.6802
vn -0.7242 -0.0957 0.6830
vn -0.6297 -0.1376 0.7646
vn -0.6291 -0.1377 0.7650
vn -0.6397 -0.1310 0.7574
vn -0.6344 -0.1344 0.7613
vn -0.6516 -0.1257 0.7481
vn -0.6649 -0.1223 0.7369
vn -0.6599 -0.1253 0.7408
vn -0.6645 -0.1222 0.7372
vn -0.6789 -0.1203 0.7243
vn -0.6782 -0.1204 0.7249
vn -0.6927 -0.1210 0.7110
vn -0.6880 -0.1233 0.7152
vn -0.6922 -0.1210 0.7115
vn -0.7061 -0.1270 0.6966
vn -0.7022 -0.1282 0.7004
vn -0.7055 -0.1269 0.6972
vn -0.8325 0.0522 0.5515
vn -0.8334 0.0509 0.5503
vn -0.8087 -0.0079 0.5882
vn -0.8061 -0.0051 0.5918
vn -0.8095 -0.0102 0.5870
vn -0.7830 -0.0568 0.6194
vn -0.7838 -0.0598 0.6181
vn -0.7570 -0.0971 0.6461
vn -0.7577 -0.1000 0.6450
vn -0.7306 -0.1310 0.6701
vn -0.7288 -0.1285 0.6726
vn -0.7311 -0.1334 0.6691
vn -0.7047 -0.1589 0.6915
vn -0.7051 -0.1612 0.6905
vn -0.6810 -0.1814 0.7095
vn -0.6813 -0.1833 0.7087
vn -0.8396 0.0429 0.5415
vn -0.8372 0.0439 0.5451
vn -0.8152 -0.0189 0.5788
vn -0.8158 -0.0198 0.5780
vn -0.7893 -0.0695 0.6101
vn -0.7899 -0.0709 0.6092
vn -0.7626 -0.1109 0.6373
vn -0.7611 -0.1091 0.6394
vn -0.7631 -0.1123 0.6365
vn -0.7355 -0.1450 0.6618
vn -0.7359 -0.1465 0.6611
vn -0.7091 -0.1729 0.6835
vn -0.7095 -0.1745 0.6828
vn -0.6848 -0.1948 0.7023
vn -0.6837 -0.1931 0.7038
vn -0.6850 -0.1965 0.7015
vn -0.8427 0.0401 0.5370
vn -0.8414 0.0404 0.5389
vn -0.8193 -0.0213 0.5729
vn -0.8175 -0.0205 0.5755
vn -0.7935 -0.0733 0.6041
vn -0.7937 -0.0739 0.6038
vn -0.7665 -0.1162 0.6317
vn -0.7651 -0.1150 0.6336
vn -0.7667 -0.1169 0.6312
vn -0.7390 -0.1513 0.6565
vn -0.7393 -0.1520 0.6560
vn -0.7124 -0.1795 0.6784
vn -0.7113 -0.1781 0.6799
vn -0.7127 -0.1805 0.6779
vn -0.6878 -0.2012 0.6974
vn -0.6880 -0.2024 0.6969
vn -0.8431 0.0428 0.5361
vn -0.8425 0.0429 0.5371
vn -0.8205 -0.0169 0.5714
vn -0.8193 -0.0165 0.5731
vn -0.7955 -0.0692 0.6020
vn -0.7940 -0.0685 0.6040
vn -0.7685 -0.1135 0.6297
vn -0.7673 -0.1128 0.6313
vn -0.7688 -0.1136 0.6294
vn -0.7413 -0.1502 0.6542
vn -0.7402 -0.1493 0.6556
vn -0.7415 -0.1507 0.6538
vn -0.7147 -0.1791 0.6761
vn -0.7150 -0.1793 0.6757
vn -0.6901 -0.2006 0.6954
vn -0.6904 -0.2014 0.6949
vn -0.8410 0.0503 0.5387
vn -0.8191 -0.0074 0.5735
vn -0.8185 -0.0073 0.5744
vn -0.7949 -0.0592 0.6039
vn -0.7939 -0.0589 0.6051
vn -0.7688 -0.1047 0.6308
vn -0.7678 -0.1043 0.6321
vn -0.7424 -0.1430 0.6545
vn -0.7162 -0.1735 0.6760
vn -0.7152 -0.1727 0.6772
vn -0.7164 -0.1740 0.6756
vn -0.6919 -0.1956 0.6950
vn -0.6921 -0.1959 0.6947
vn -0.8360 0.0623 0.5452
vn -0.8147 0.0064 0.5799
vn -0.7910 -0.0447 0.6101
vn -0.7658 -0.0905 0.6367
vn -0.7654 -0.0904 0.6371
vn -0.7408 -0.1298 0.6590
vn -0.7167 -0.1626 0.6782
vn -0.7155 -0.1619 0.6796
vn -0.6929 -0.1866 0.6965
vn -0.6921 -0.1857 0.6975
vn -0.6932 -0.1868 0.6962
vn -0.6116 -0.1686 0.7730
vn -0.6215 -0.1633 0.7662
vn -0.6169 -0.1663 0.7692
vn -0.6332 -0.1591 0.7574
vn -0.6467 -0.1562 0.7466
vn -0.6463 -0.1561 0.7469
vn -0.6603 -0.1542 0.7350
vn -0.6599 -0.1541 0.7354
vn -0.6737 -0.1532 0.7230
vn -0.6732 -0.1533 0.7234
vn -0.8278 0.0785 0.5555
vn -0.8286 0.0785 0.5542
vn -0.8066 0.0234 0.5907
vn -0.8075 0.0235 0.5895
vn -0.7831 -0.0271 0.6213
vn -0.7840 -0.0270 0.6201
vn -0.7582 -0.0730 0.6479
vn -0.7592 -0.0730 0.6467
vn -0.7342 -0.1123 0.6696
vn -0.7349 -0.1123 0.6688
vn -0.7137 -0.1454 0.6852
vn -0.7129 -0.1453 0.6860
vn -0.6599 -0.1985 0.7246
vn -0.6602 -0.2001 0.7240
vn -0.6631 -0.2114 0.7181
vn -0.6633 -0.2127 0.7175
vn -0.6657 -0.2170 0.7140
vn -0.6648 -0.2155 0.7153
vn -0.6659 -0.2184 0.7134
vn -0.6682 -0.2160 0.7120
vn -0.6684 -0.2169 0.7115
vn -0.6704 -0.2101 0.7116
vn -0.6696 -0.2086 0.7128
vn -0.6706 -0.2110 0.7112
vn -0.6723 -0.1996 0.7129
vn -0.6717 -0.1985 0.7138
vn -0.6724 -0.2002 0.7126
vn -0.6736 -0.1827 0.7161
vn -0.6738 -0.1830 0.7159
vn -0.6872 -0.1558 0.7096
vn -0.6869 -0.1556 0.7099
vn -0.6945 -0.1733 0.6984
vn -0.6920 -0.1719 0.7011
vn -0.6949 -0.1734 0.6979
vn -0.5503 -0.2233 0.8045
vn -0.5500 -0.2236 0.8046
vn -0.5514 -0.2377 0.7997
vn -0.5500 -0.2388 0.8003
vn -0.5525 -0.2433 0.7973
vn -0.5509 -0.2445 0.7980
vn -0.5552 -0.2438 0.7952
vn -0.5549 -0.2438 0.7954
vn -0.5601 -0.2391 0.7932
vn -0.5579 -0.2406 0.7943
vn -0.5673 -0.2298 0.7908
vn -0.5769 -0.2159 0.7878
vn -0.5736 -0.2179 0.7896
vn -0.5889 -0.1976 0.7837
vn -0.5850 -0.2000 0.7859
vn -0.5886 -0.1976 0.7839
vn -0.5619 -0.2254 0.7959
vn -0.5734 -0.2228 0.7884
vn -0.5867 -0.2193 0.7796
vn -0.6014 -0.2134 0.7699
vn -0.6015 -0.2141 0.7696
vn -0.6184 -0.2050 0.7587
vn -0.6179 -0.2042 0.7593
vn -0.6185 -0.2057 0.7584
vn -0.6367 -0.1933 0.7465
vn -0.6370 -0.1945 0.7460
vn -0.6559 -0.1786 0.7334
vn -0.6562 -0.1805 0.7327
vn -0.7866 0.1950 0.5858
vn -0.7830 0.1939 0.5911
vn -0.7900 0.2077 0.5769
vn -0.7880 0.2074 0.5797
vn -0.7963 0.2076 0.5681
vn -0.7957 0.2078 0.5689
vn -0.8021 0.2054 0.5608
vn -0.8019 0.2056 0.5610
vn -0.8089 0.1997 0.5530
vn -0.8087 0.1999 0.5532
vn -0.8172 0.1899 0.5442
vn -0.8170 0.1901 0.5444
vn -0.8270 0.1758 0.5341
vn -0.8256 0.1756 0.5362
vn -0.8268 0.1758 0.5343
vn -0.8374 0.1580 0.5233
vn -0.7494 0.1045 0.6539
vn -0.7377 0.0955 0.6683
vn -0.7471 0.1040 0.6565
vn -0.7188 0.0329 0.6945
vn -0.7078 0.0233 0.7060
vn -0.7163 0.0316 0.6971
vn -0.6897 -0.0246 0.7237
vn -0.6881 -0.0253 0.7252
vn -0.6644 -0.0705 0.7440
vn -0.6633 -0.0709 0.7450
vn -0.6414 -0.1105 0.7592
vn -0.6348 -0.1151 0.7640
vn -0.6408 -0.1107 0.7597
vn -0.6207 -0.1457 0.7704
vn -0.6154 -0.1492 0.7740
vn -0.6033 -0.1747 0.7782
vn -0.8367 0.1702 0.5205
vn -0.8385 0.1682 0.5183
vn -0.8200 0.0760 0.5673
vn -0.8220 0.0695 0.5653
vn -0.7980 0.0159 0.6025
vn -0.7995 0.0089 0.6006
vn -0.7735 -0.0333 0.6329
vn -0.7701 -0.0281 0.6374
vn -0.7747 -0.0394 0.6311
vn -0.7488 -0.0741 0.6586
vn -0.7497 -0.0792 0.6570
vn -0.7235 -0.1085 0.6817
vn -0.7211 -0.1049 0.6848
vn -0.7242 -0.1127 0.6803
vn -0.6987 -0.1373 0.7021
vn -0.6992 -0.1406 0.7009
vn -0.6759 -0.1604 0.7193
vn -0.6763 -0.1631 0.7184
vn -0.8527 0.1317 0.5055
vn -0.8526 0.1319 0.5056
vn -0.8593 0.1183 0.4977
vn -0.8585 0.1183 0.4990
vn -0.8623 0.1103 0.4942
vn -0.8621 0.1103 0.4945
vn -0.8622 0.1092 0.4946
vn -0.8596 0.1136 0.4982
vn -0.8601 0.1136 0.4973
vn -0.8543 0.1233 0.5049
vn -0.8462 0.1385 0.5146
vn -0.8470 0.1386 0.5132
vn -0.8463 0.1383 0.5144
vn -0.4816 -0.2470 0.8409
vn -0.4818 -0.2472 0.8407
vn -0.4866 -0.2436 0.8390
vn -0.4869 -0.2439 0.8387
vn -0.4939 -0.2382 0.8362
vn -0.4944 -0.2385 0.8359
vn -0.5036 -0.2307 0.8326
vn -0.5044 -0.2315 0.8319
vn -0.5156 -0.2210 0.8279
vn -0.5167 -0.2222 0.8268
vn -0.5299 -0.2094 0.8218
vn -0.5298 -0.2087 0.8221
vn -0.5462 -0.1957 0.8145
vn -0.5461 -0.1942 0.8149
vn -0.4816 -0.2507 0.8398
vn -0.4861 -0.2473 0.8382
vn -0.4929 -0.2419 0.8358
vn -0.4934 -0.2422 0.8354
vn -0.5019 -0.2343 0.8326
vn -0.5019 -0.2340 0.8327
vn -0.5134 -0.2248 0.8282
vn -0.5131 -0.2241 0.8285
vn -0.5267 -0.2130 0.8230
vn -0.5280 -0.2145 0.8217
vn -0.5265 -0.2121 0.8233
vn -0.5422 -0.1995 0.8162
vn -0.5420 -0.1980 0.8167
vn -0.4859 -0.2507 0.8373
vn -0.4921 -0.2455 0.8352
vn -0.4926 -0.2457 0.8349
vn -0.5003 -0.2381 0.8325
vn -0.5012 -0.2388 0.8317
vn -0.5109 -0.2288 0.8286
vn -0.5119 -0.2297 0.8278
vn -0.5106 -0.2286 0.8289
vn -0.5233 -0.2173 0.8240
vn -0.5230 -0.2164 0.8244
vn -0.5378 -0.2039 0.8181
vn -0.5394 -0.2062 0.8164
vn -0.5376 -0.2029 0.8184
vn -0.4825 -0.2566 0.8375
vn -0.4861 -0.2538 0.8362
vn -0.4916 -0.2490 0.8345
vn -0.4919 -0.2492 0.8342
vn -0.4990 -0.2422 0.8321
vn -0.4998 -0.2426 0.8315
vn -0.5083 -0.2331 0.8290
vn -0.5200 -0.2223 0.8247
vn -0.5196 -0.2216 0.8252
vn -0.5335 -0.2097 0.8194
vn -0.5331 -0.2086 0.8199
vn -0.4835 -0.2586 0.8363
vn -0.4868 -0.2563 0.8351
vn -0.4917 -0.2522 0.8334
vn -0.4984 -0.2461 0.8313
vn -0.4991 -0.2463 0.8308
vn -0.5066 -0.2379 0.8287
vn -0.5166 -0.2275 0.8255
vn -0.5291 -0.2157 0.8207
vn -0.5289 -0.2149 0.8210
vn -0.4850 -0.2600 0.8350
vn -0.4881 -0.2583 0.8337
vn -0.4928 -0.2549 0.8320
vn -0.4989 -0.2497 0.8299
vn -0.5061 -0.2427 0.8276
vn -0.5069 -0.2429 0.8271
vn -0.5145 -0.2335 0.8251
vn -0.5161 -0.2342 0.8239
vn -0.5255 -0.2223 0.8212
vn -0.5252 -0.2216 0.8216
vn -0.6891 -0.0331 0.7239
vn -0.6984 -0.0209 0.7154
vn -0.6658 -0.0577 0.7439
vn -0.6807 -0.0357 0.7317
vn -0.6718 -0.0525 0.7388
vn -0.6462 -0.0860 0.7583
vn -0.6575 -0.0730 0.7499
vn -0.6497 -0.0838 0.7556
vn -0.6274 -0.1167 0.7699
vn -0.6295 -0.1157 0.7683
vn -0.6099 -0.1456 0.7790
vn -0.6175 -0.1394 0.7741
vn -0.6112 -0.1452 0.7781
vn -0.5941 -0.1715 0.7859
vn -0.6000 -0.1672 0.7823
vn -0.5949 -0.1713 0.7854
vn -0.5801 -0.1938 0.7911
vn -0.6767 -0.0314 0.7355
vn -0.6765 -0.0183 0.7362
vn -0.6505 -0.0922 0.7539
vn -0.6632 -0.0703 0.7452
vn -0.6564 -0.0855 0.7496
vn -0.6329 -0.1115 0.7662
vn -0.6369 -0.1081 0.7633
vn -0.6159 -0.1356 0.7761
vn -0.6253 -0.1254 0.7702
vn -0.6186 -0.1340 0.7742
vn -0.6001 -0.1593 0.7839
vn -0.6078 -0.1523 0.7794
vn -0.6018 -0.1585 0.7828
vn -0.5862 -0.1806 0.7898
vn -0.5918 -0.1763 0.7865
vn -0.5728 -0.2004 0.7948
vn -0.6541 -0.0758 0.7526
vn -0.6541 -0.0670 0.7535
vn -0.6398 -0.0908 0.7632
vn -0.6396 -0.0829 0.7642
vn -0.6182 -0.1354 0.7743
vn -0.6223 -0.1313 0.7717
vn -0.6034 -0.1537 0.7825
vn -0.6122 -0.1430 0.7776
vn -0.6063 -0.1515 0.7806
vn -0.5898 -0.1722 0.7890
vn -0.5971 -0.1650 0.7851
vn -0.5917 -0.1711 0.7878
vn -0.5773 -0.1899 0.7941
vn -0.5784 -0.1895 0.7935
vn -0.5651 -0.2069 0.7986
vn -0.5697 -0.2039 0.7962
vn -0.6306 -0.1091 0.7684
vn -0.6307 -0.1026 0.7692
vn -0.6192 -0.1201 0.7760
vn -0.6223 -0.1277 0.7723
vn -0.6192 -0.1139 0.7769
vn -0.6069 -0.1343 0.7833
vn -0.6101 -0.1421 0.7795
vn -0.6068 -0.1292 0.7843
vn -0.5948 -0.1523 0.7893
vn -0.5947 -0.1487 0.7901
vn -0.5790 -0.1833 0.7944
vn -0.5809 -0.1821 0.7933
vn -0.5686 -0.1977 0.7985
vn -0.5693 -0.1976 0.7981
vn -0.5568 -0.2133 0.8028
vn -0.5576 -0.2131 0.8023
vn -0.6072 -0.1370 0.7826
vn -0.6072 -0.1323 0.7834
vn -0.5984 -0.1454 0.7879
vn -0.6008 -0.1507 0.7851
vn -0.5983 -0.1407 0.7888
vn -0.5891 -0.1558 0.7929
vn -0.5890 -0.1518 0.7938
vn -0.5799 -0.1684 0.7971
vn -0.5820 -0.1736 0.7944
vn -0.5798 -0.1655 0.7978
vn -0.5710 -0.1821 0.8005
vn -0.5710 -0.1801 0.8009
vn -0.5621 -0.1966 0.8033
vn -0.5635 -0.2008 0.8014
vn -0.5621 -0.1950 0.8037
vn -0.5488 -0.2187 0.8068
vn -0.5494 -0.2188 0.8064
vn -0.5848 -0.1606 0.7951
vn -0.5865 -0.1639 0.7932
vn -0.5848 -0.1574 0.7958
vn -0.5783 -0.1667 0.7986
vn -0.5782 -0.1636 0.7993
vn -0.5715 -0.1740 0.8020
vn -0.5713 -0.1712 0.8027
vn -0.5646 -0.1828 0.8049
vn -0.5664 -0.1866 0.8027
vn -0.5645 -0.1805 0.8055
vn -0.5580 -0.1928 0.8071
vn -0.5579 -0.1910 0.8076
vn -0.5513 -0.2028 0.8093
vn -0.5437 -0.2172 0.8107
vn -0.5437 -0.2166 0.8109
vn -0.5236 -0.2484 0.8149
vn -0.5230 -0.2423 0.8172
vn -0.5237 -0.2488 0.8147
vn -0.5131 -0.2525 0.8204
vn -0.5128 -0.2535 0.8202
vn -0.5052 -0.2555 0.8243
vn -0.5048 -0.2567 0.8242
vn -0.4994 -0.2585 0.8269
vn -0.4989 -0.2595 0.8269
vn -0.4924 -0.2590 0.8309
vn -0.4933 -0.2589 0.8304
vn -0.4897 -0.2602 0.8322
vn -0.4915 -0.2598 0.8312
vn -0.4872 -0.2608 0.8334
vn -0.5293 -0.2511 0.8104
vn -0.5286 -0.2462 0.8124
vn -0.5192 -0.2538 0.8161
vn -0.5193 -0.2542 0.8159
vn -0.5109 -0.2566 0.8204
vn -0.5112 -0.2525 0.8215
vn -0.5109 -0.2571 0.8203
vn -0.5044 -0.2590 0.8237
vn -0.5048 -0.2557 0.8245
vn -0.5039 -0.2599 0.8237
vn -0.4966 -0.2587 0.8285
vn -0.4973 -0.2587 0.8281
vn -0.4933 -0.2596 0.8302
vn -0.4905 -0.2598 0.8318
vn -0.4909 -0.2600 0.8315
vn -0.5308 -0.2483 0.8103
vn -0.5259 -0.2534 0.8119
vn -0.5177 -0.2558 0.8165
vn -0.5177 -0.2561 0.8163
vn -0.5071 -0.2556 0.8231
vn -0.5079 -0.2554 0.8227
vn -0.5021 -0.2571 0.8257
vn -0.5029 -0.2571 0.8252
vn -0.4978 -0.2579 0.8280
vn -0.4986 -0.2578 0.8276
vn -0.4953 -0.2576 0.8297
vn -0.4967 -0.2574 0.8289
vn -0.4955 -0.2577 0.8295
vn -0.5409 -0.2436 0.8051
vn -0.5291 -0.2476 0.8116
vn -0.5329 -0.2459 0.8096
vn -0.5293 -0.2475 0.8115
vn -0.5213 -0.2502 0.8159
vn -0.5253 -0.2486 0.8138
vn -0.5151 -0.2522 0.8192
vn -0.5184 -0.2511 0.8174
vn -0.5154 -0.2523 0.8190
vn -0.5091 -0.2539 0.8224
vn -0.5122 -0.2529 0.8208
vn -0.5098 -0.2538 0.8220
vn -0.5045 -0.2544 0.8251
vn -0.5051 -0.2544 0.8247
vn -0.5015 -0.2538 0.8271
vn -0.5029 -0.2537 0.8263
vn -0.5459 -0.2383 0.8033
vn -0.5381 -0.2413 0.8076
vn -0.5307 -0.2443 0.8116
vn -0.5237 -0.2468 0.8153
vn -0.5172 -0.2489 0.8188
vn -0.5206 -0.2478 0.8171
vn -0.5175 -0.2488 0.8187
vn -0.5121 -0.2497 0.8219
vn -0.5127 -0.2498 0.8214
vn -0.5087 -0.2489 0.8242
vn -0.5100 -0.2488 0.8234
vn -0.5557 -0.2275 0.7997
vn -0.5484 -0.2315 0.8036
vn -0.5407 -0.2355 0.8076
vn -0.5413 -0.2355 0.8072
vn -0.5336 -0.2389 0.8113
vn -0.5375 -0.2371 0.8093
vn -0.5265 -0.2420 0.8150
vn -0.5271 -0.2418 0.8147
vn -0.5202 -0.2438 0.8185
vn -0.5211 -0.2437 0.8179
vn -0.5164 -0.2432 0.8211
vn -0.5644 -0.1799 0.8057
vn -0.5643 -0.1778 0.8062
vn -0.5595 -0.1843 0.8081
vn -0.5610 -0.1869 0.8064
vn -0.5593 -0.1823 0.8087
vn -0.5544 -0.1898 0.8103
vn -0.5541 -0.1879 0.8110
vn -0.5490 -0.1963 0.8125
vn -0.5507 -0.1991 0.8106
vn -0.5487 -0.1947 0.8130
vn -0.5436 -0.2036 0.8143
vn -0.5434 -0.2023 0.8147
vn -0.5391 -0.2121 0.8151
vn -0.5390 -0.2110 0.8154
vn -0.5671 -0.2127 0.7957
vn -0.5674 -0.2127 0.7955
vn -0.5600 -0.2178 0.7993
vn -0.5641 -0.2155 0.7971
vn -0.5526 -0.2229 0.8031
vn -0.5447 -0.2278 0.8071
vn -0.5452 -0.2277 0.8068
vn -0.5371 -0.2321 0.8109
vn -0.5377 -0.2319 0.8106
vn -0.5307 -0.2348 0.8143
vn -0.5341 -0.2333 0.8126
vn -0.4872 -0.2606 0.8335
vn -0.4863 -0.2607 0.8340
vn -0.4903 -0.2594 0.8321
vn -0.4895 -0.2594 0.8326
vn -0.4949 -0.2567 0.8302
vn -0.4941 -0.2567 0.8306
vn -0.5009 -0.2523 0.8279
vn -0.5004 -0.2523 0.8282
vn -0.5077 -0.2467 0.8254
vn -0.5147 -0.2393 0.8233
vn -0.5154 -0.2395 0.8228
vn -0.5258 -0.2281 0.8194
vn -0.5248 -0.2306 0.8194
vn -0.5350 -0.2223 0.8151
vn -0.5356 -0.2237 0.8143
vn -0.5353 -0.2220 0.8150
vn -0.5250 -0.2357 0.8178
vn -0.4818 -0.2427 0.8420
vn -0.4871 -0.2395 0.8399
vn -0.4949 -0.2344 0.8367
vn -0.4952 -0.2347 0.8365
vn -0.5055 -0.2276 0.8323
vn -0.5059 -0.2281 0.8319
vn -0.5052 -0.2273 0.8325
vn -0.5179 -0.2179 0.8272
vn -0.5188 -0.2190 0.8264
vn -0.5180 -0.2176 0.8273
vn -0.5330 -0.2066 0.8205
vn -0.5328 -0.2058 0.8208
vn -0.5498 -0.1927 0.8127
vn -0.5498 -0.1913 0.8131
vn -0.4791 -0.2486 0.8418
vn -0.4798 -0.2553 0.8394
vn -0.4806 -0.2577 0.8382
vn -0.4818 -0.2594 0.8370
vn -0.4815 -0.2593 0.8372
vn -0.4834 -0.2604 0.8358
vn -0.4828 -0.2604 0.8361
vn -0.4858 -0.2605 0.8344
vn -0.4844 -0.2607 0.8351
vn -0.4850 -0.2604 0.8348
vn -0.7396 0.0536 0.6709
vn -0.7627 0.1290 0.6337
vn -0.7567 0.0798 0.6489
vn -0.7062 0.0271 0.7075
vn -0.7275 0.0590 0.6835
vn -0.7144 0.0314 0.6990
vn -0.6809 -0.0187 0.7321
vn -0.6852 -0.0162 0.7282
vn -0.6587 -0.0611 0.7499
vn -0.6612 -0.0600 0.7478
vn -0.6381 -0.0986 0.7636
vn -0.6397 -0.0981 0.7624
vn -0.6191 -0.1323 0.7741
vn -0.6199 -0.1321 0.7735
vn -0.6022 -0.1619 0.7818
vn -0.5872 -0.1871 0.7875
vn -0.7220 0.0605 0.6893
vn -0.7223 0.0837 0.6865
vn -0.6940 -0.0171 0.7198
vn -0.6983 -0.0264 0.7153
vn -0.6941 -0.0057 0.7199
vn -0.6662 -0.0643 0.7430
vn -0.6664 -0.0568 0.7434
vn -0.6402 -0.1002 0.7616
vn -0.6404 -0.0947 0.7622
vn -0.6149 -0.1303 0.7778
vn -0.6150 -0.1261 0.7784
vn -0.5906 -0.1556 0.7918
vn -0.5921 -0.1583 0.7902
vn -0.5907 -0.1527 0.7923
vn -0.5687 -0.1762 0.8035
vn -0.5687 -0.1743 0.8039
vn -0.5320 -0.2375 0.8127
vn -0.5320 -0.2366 0.8130
vn -0.5166 -0.2441 0.8207
vn -0.5163 -0.2364 0.8231
vn -0.5167 -0.2449 0.8204
vn -0.5070 -0.2492 0.8251
vn -0.5066 -0.2506 0.8249
vn -0.5006 -0.2535 0.8277
vn -0.5012 -0.2502 0.8284
vn -0.5000 -0.2547 0.8277
vn -0.4958 -0.2569 0.8296
vn -0.4953 -0.2579 0.8296
vn -0.4919 -0.2592 0.8312
vn -0.4912 -0.2603 0.8313
vn -0.4872 -0.2597 0.8338
vn -0.4875 -0.2596 0.8336
vn -0.4853 -0.2606 0.8346
vn -0.5372 -0.2443 0.8073
vn -0.5364 -0.2460 0.8073
vn -0.5395 -0.2444 0.8058
vn -0.5409 -0.2468 0.8040
vn -0.5465 -0.2432 0.8014
vn -0.5491 -0.2418 0.8000
vn -0.5537 -0.2355 0.7987
vn -0.5741 -0.2075 0.7921
vn -0.8068 0.3919 0.4423
vn -0.8052 0.3941 0.4431
vn -0.8067 0.4429 0.3911
vn -0.8095 0.4398 0.3888
vn -0.8046 0.4468 0.3911
vn -0.8054 0.4785 0.3498
vn -0.8078 0.4757 0.3481
vn -0.8032 0.4827 0.3492
vn -0.8038 0.5038 0.3162
vn -0.8016 0.5077 0.3155
vn -0.8029 0.5226 0.2868
vn -0.8009 0.5260 0.2861
vn -0.8027 0.5364 0.2606
vn -0.8010 0.5393 0.2600
vn -0.8031 0.5462 0.2381
vn -0.8042 0.5448 0.2376
vn -0.8016 0.5486 0.2376
vn -0.8134 0.3709 0.4481
vn -0.8125 0.3719 0.4489
vn -0.8129 0.4249 0.3984
vn -0.8115 0.4271 0.3989
vn -0.8107 0.4643 0.3567
vn -0.8089 0.4673 0.3568
vn -0.8084 0.4927 0.3221
vn -0.8102 0.4906 0.3207
vn -0.8067 0.4957 0.3218
vn -0.8071 0.5134 0.2915
vn -0.8086 0.5116 0.2905
vn -0.8055 0.5162 0.2911
vn -0.8067 0.5285 0.2646
vn -0.8080 0.5269 0.2638
vn -0.8052 0.5310 0.2641
vn -0.8070 0.5388 0.2416
vn -0.8058 0.5409 0.2411
vn -0.8199 0.3527 0.4509
vn -0.8217 0.3518 0.4484
vn -0.8200 0.4062 0.4033
vn -0.8190 0.4075 0.4040
vn -0.8175 0.4476 0.3624
vn -0.8194 0.4457 0.3604
vn -0.8162 0.4495 0.3629
vn -0.8149 0.4784 0.3271
vn -0.8166 0.4766 0.3256
vn -0.8136 0.4805 0.3272
vn -0.8133 0.5010 0.2958
vn -0.8120 0.5032 0.2957
vn -0.8127 0.5172 0.2685
vn -0.8115 0.5192 0.2682
vn -0.8131 0.5280 0.2450
vn -0.8142 0.5266 0.2443
vn -0.8121 0.5298 0.2447
vn -0.8272 0.3355 0.4507
vn -0.8283 0.3351 0.4490
vn -0.8278 0.3872 0.4061
vn -0.8273 0.3877 0.4065
vn -0.8258 0.4288 0.3664
vn -0.8274 0.4273 0.3643
vn -0.8250 0.4299 0.3668
vn -0.8234 0.4610 0.3309
vn -0.8225 0.4624 0.3313
vn -0.8215 0.4853 0.2994
vn -0.8205 0.4870 0.2995
vn -0.8207 0.5026 0.2718
vn -0.8197 0.5043 0.2717
vn -0.8212 0.5138 0.2483
vn -0.8202 0.5155 0.2481
vn -0.8360 0.3170 0.4479
vn -0.8365 0.3169 0.4470
vn -0.8372 0.3666 0.4059
vn -0.8382 0.3660 0.4042
vn -0.8359 0.4077 0.3676
vn -0.8355 0.4083 0.3679
vn -0.8334 0.4411 0.3328
vn -0.8346 0.4401 0.3313
vn -0.8330 0.4417 0.3332
vn -0.8310 0.4673 0.3019
vn -0.8321 0.4662 0.3006
vn -0.8302 0.4684 0.3021
vn -0.8293 0.4866 0.2746
vn -0.8285 0.4879 0.2747
vn -0.8295 0.4988 0.2513
vn -0.8304 0.4976 0.2506
vn -0.8288 0.5000 0.2513
vn -0.8464 0.2969 0.4422
vn -0.8483 0.3446 0.4020
vn -0.8488 0.3444 0.4012
vn -0.8474 0.3851 0.3654
vn -0.8481 0.3848 0.3643
vn -0.8450 0.4193 0.3320
vn -0.8457 0.4188 0.3307
vn -0.8420 0.4469 0.3023
vn -0.8427 0.4462 0.3012
vn -0.8415 0.4476 0.3026
vn -0.8389 0.4687 0.2765
vn -0.8399 0.4677 0.2754
vn -0.8382 0.4698 0.2770
vn -0.8378 0.4834 0.2539
vn -0.8387 0.4822 0.2530
vn -0.8371 0.4845 0.2540
vn -0.8151 0.5590 0.1524
vn -0.8232 0.5465 0.1542
vn -0.8321 0.5320 0.1569
vn -0.8415 0.5157 0.1610
vn -0.8414 0.5160 0.1606
vn -0.8509 0.4981 0.1668
vn -0.8599 0.4795 0.1749
vn -0.8598 0.4803 0.1732
vn -0.8681 0.4604 0.1854
vn -0.8216 0.5474 0.1593
vn -0.8304 0.5330 0.1620
vn -0.8303 0.5333 0.1617
vn -0.8400 0.5166 0.1660
vn -0.8398 0.5170 0.1655
vn -0.8400 0.5167 0.1655
vn -0.8498 0.4983 0.1718
vn -0.8496 0.4990 0.1707
vn -0.8593 0.4787 0.1802
vn -0.8593 0.4789 0.1800
vn -0.8679 0.4584 0.1912
vn -0.8680 0.4586 0.1905
vn -0.8121 0.5596 0.1653
vn -0.8193 0.5484 0.1670
vn -0.8281 0.5343 0.1698
vn -0.8278 0.5349 0.1693
vn -0.8279 0.5347 0.1693
vn -0.8375 0.5182 0.1735
vn -0.8373 0.5187 0.1729
vn -0.8375 0.5183 0.1732
vn -0.8475 0.4996 0.1792
vn -0.8473 0.5003 0.1782
vn -0.8575 0.4791 0.1877
vn -0.8575 0.4793 0.1869
vn -0.8664 0.4583 0.1983
vn -0.8664 0.4594 0.1958
vn -0.8104 0.5589 0.1757
vn -0.8099 0.5597 0.1753
vn -0.8101 0.5595 0.1753
vn -0.8167 0.5491 0.1774
vn -0.8165 0.5495 0.1770
vn -0.8248 0.5360 0.1799
vn -0.8246 0.5366 0.1794
vn -0.8342 0.5199 0.1838
vn -0.8342 0.5201 0.1833
vn -0.8442 0.5014 0.1893
vn -0.8439 0.5023 0.1882
vn -0.8443 0.5015 0.1888
vn -0.8544 0.4807 0.1974
vn -0.8541 0.4821 0.1954
vn -0.8544 0.4809 0.1969
vn -0.8636 0.4592 0.2081
vn -0.8638 0.4593 0.2073
vn -0.8086 0.5574 0.1883
vn -0.8078 0.5588 0.1876
vn -0.8082 0.5582 0.1878
vn -0.8143 0.5484 0.1904
vn -0.8136 0.5496 0.1897
vn -0.8140 0.5490 0.1900
vn -0.8215 0.5365 0.1929
vn -0.8211 0.5374 0.1922
vn -0.8215 0.5367 0.1926
vn -0.8306 0.5210 0.1966
vn -0.8301 0.5221 0.1956
vn -0.8306 0.5213 0.1961
vn -0.8405 0.5029 0.2016
vn -0.8400 0.5043 0.2003
vn -0.8404 0.5034 0.2009
vn -0.8505 0.4830 0.2082
vn -0.8502 0.4842 0.2068
vn -0.8602 0.4609 0.2184
vn -0.8602 0.4612 0.2175
vn -0.8072 0.5541 0.2033
vn -0.8060 0.5563 0.2022
vn -0.8066 0.5553 0.2025
vn -0.8121 0.5461 0.2057
vn -0.8115 0.5472 0.2048
vn -0.8190 0.5346 0.2085
vn -0.8180 0.5366 0.2074
vn -0.8185 0.5357 0.2077
vn -0.8273 0.5202 0.2120
vn -0.8266 0.5218 0.2109
vn -0.8271 0.5208 0.2114
vn -0.8364 0.5037 0.2160
vn -0.8358 0.5052 0.2149
vn -0.8363 0.5042 0.2155
vn -0.8459 0.4855 0.2208
vn -0.8456 0.4865 0.2197
vn -0.8459 0.4856 0.2205
vn -0.8557 0.4646 0.2279
vn -0.8556 0.4655 0.2266
vn -0.8747 0.2855 0.3917
vn -0.8763 0.2856 0.3880
vn -0.8805 0.2618 0.3952
vn -0.8845 0.2641 0.3846
vn -0.8814 0.2617 0.3932
vn -0.8841 0.2456 0.3977
vn -0.8845 0.2454 0.3968
vn -0.8842 0.2373 0.4023
vn -0.8861 0.2378 0.3978
vn -0.8843 0.2371 0.4021
vn -0.8815 0.2360 0.4090
vn -0.8760 0.2419 0.4173
vn -0.8772 0.2421 0.4145
vn -0.8761 0.2420 0.4170
vn -0.8678 0.2557 0.4260
vn -0.8686 0.2557 0.4245
vn -0.8827 0.3254 0.3391
vn -0.8835 0.3254 0.3370
vn -0.8861 0.3072 0.3471
vn -0.8867 0.3071 0.3455
vn -0.8879 0.2935 0.3542
vn -0.8884 0.2933 0.3530
vn -0.8878 0.2849 0.3615
vn -0.8879 0.2850 0.3610
vn -0.8850 0.2828 0.3698
vn -0.8869 0.2833 0.3649
vn -0.8854 0.2826 0.3690
vn -0.8796 0.2884 0.3782
vn -0.8711 0.3020 0.3872
vn -0.8719 0.3019 0.3855
vn -0.8867 0.3552 0.2958
vn -0.8869 0.3550 0.2956
vn -0.8886 0.3421 0.3054
vn -0.8895 0.3311 0.3151
vn -0.8918 0.3326 0.3067
vn -0.8897 0.3309 0.3144
vn -0.8890 0.3239 0.3238
vn -0.8910 0.3248 0.3174
vn -0.8860 0.3225 0.3332
vn -0.8876 0.3229 0.3284
vn -0.8862 0.3223 0.3330
vn -0.8802 0.3282 0.3428
vn -0.8814 0.3283 0.3395
vn -0.8714 0.3418 0.3519
vn -0.8871 0.3788 0.2636
vn -0.8888 0.3805 0.2556
vn -0.8886 0.3691 0.2723
vn -0.8890 0.3612 0.2815
vn -0.8878 0.3566 0.2908
vn -0.8893 0.3575 0.2851
vn -0.8845 0.3568 0.3007
vn -0.8784 0.3631 0.3106
vn -0.8694 0.3766 0.3197
vn -0.8701 0.3764 0.3182
vn -0.8851 0.4003 0.2374
vn -0.8861 0.4017 0.2312
vn -0.8862 0.3933 0.2449
vn -0.8873 0.3947 0.2388
vn -0.8860 0.3880 0.2538
vn -0.8871 0.3894 0.2478
vn -0.8861 0.3881 0.2535
vn -0.8843 0.3859 0.2628
vn -0.8808 0.3871 0.2728
vn -0.8818 0.3877 0.2687
vn -0.8749 0.3930 0.2831
vn -0.8758 0.3931 0.2799
vn -0.8662 0.4055 0.2922
vn -0.8668 0.4053 0.2906
vn -0.8810 0.4210 0.2159
vn -0.8816 0.4163 0.2224
vn -0.8810 0.4133 0.2304
vn -0.8787 0.4128 0.2397
vn -0.8752 0.4144 0.2495
vn -0.8758 0.4152 0.2459
vn -0.8701 0.4188 0.2600
vn -0.8708 0.4192 0.2567
vn -0.8624 0.4282 0.2700
vn -0.8632 0.4281 0.2675
vn -0.8623 0.4283 0.2703
vn -0.8038 0.5530 0.2193
vn -0.8047 0.5519 0.2188
vn -0.8027 0.5547 0.2189
vn -0.8082 0.5454 0.2221
vn -0.8091 0.5443 0.2216
vn -0.8072 0.5470 0.2218
vn -0.8171 0.5303 0.2262
vn -0.8163 0.5319 0.2252
vn -0.8251 0.5162 0.2297
vn -0.8245 0.5177 0.2285
vn -0.8334 0.5012 0.2330
vn -0.8323 0.5036 0.2316
vn -0.8330 0.5022 0.2323
vn -0.8415 0.4861 0.2358
vn -0.8413 0.4866 0.2353
vn -0.8752 0.4411 0.1988
vn -0.8754 0.4421 0.1954
vn -0.8754 0.4381 0.2046
vn -0.8742 0.4367 0.2122
vn -0.8745 0.4378 0.2088
vn -0.8716 0.4373 0.2215
vn -0.8718 0.4384 0.2184
vn -0.8719 0.4370 0.2210
vn -0.8681 0.4392 0.2312
vn -0.8683 0.4390 0.2308
vn -0.8638 0.4425 0.2409
vn -0.8642 0.4432 0.2384
vn -0.8578 0.2758 0.4337
vn -0.8575 0.2759 0.4343
vn -0.8605 0.3223 0.3945
vn -0.8604 0.3223 0.3948
vn -0.8602 0.3622 0.3589
vn -0.8601 0.3623 0.3592
vn -0.8580 0.3966 0.3264
vn -0.8547 0.4248 0.2985
vn -0.8502 0.4482 0.2761
vn -0.8500 0.4483 0.2765
vn -0.8462 0.4670 0.2566
vn -0.8480 0.4649 0.2545
vn -0.8453 0.4681 0.2575
vn -0.8500 0.4702 0.2376
vn -0.8502 0.4694 0.2384
vn -0.8500 0.4700 0.2379
vn -0.8576 0.4486 0.2515
vn -0.8583 0.4489 0.2486
vn -0.7986 0.3315 0.5024
vn -0.7971 0.3330 0.5038
vn -0.8005 0.4147 0.4326
vn -0.7977 0.4204 0.4324
vn -0.8025 0.4587 0.3816
vn -0.7989 0.4661 0.3802
vn -0.8022 0.4895 0.3419
vn -0.7990 0.4957 0.3405
vn -0.8013 0.5117 0.3099
vn -0.7984 0.5170 0.3087
vn -0.8007 0.5286 0.2818
vn -0.7983 0.5328 0.2807
vn -0.8007 0.5414 0.2566
vn -0.7987 0.5446 0.2558
vn -0.8009 0.5507 0.2349
vn -0.7994 0.5533 0.2343
vn -0.8026 0.3134 0.5075
vn -0.8044 0.3128 0.5052
vn -0.8024 0.3135 0.5079
vn -0.8094 0.2970 0.5066
vn -0.8102 0.2968 0.5054
vn -0.8154 0.2849 0.5040
vn -0.8219 0.2725 0.5002
vn -0.8300 0.2578 0.4945
vn -0.8299 0.2578 0.4948
vn -0.8398 0.2404 0.4868
vn -0.8393 0.2404 0.4876
vn -0.8507 0.2209 0.4771
vn -0.8501 0.2209 0.4782
vn -0.8085 0.5694 0.1487
vn -0.8158 0.5587 0.1498
vn -0.8240 0.5460 0.1516
vn -0.8328 0.5316 0.1543
vn -0.8419 0.5158 0.1584
vn -0.8419 0.5160 0.1580
vn -0.8510 0.4989 0.1641
vn -0.8508 0.4994 0.1631
vn -0.8595 0.4813 0.1719
vn -0.8595 0.4820 0.1703
vn -0.8673 0.4634 0.1820
vn -0.8673 0.4642 0.1796
vn -0.8081 0.5693 0.1513
vn -0.8073 0.5690 0.1565
vn -0.8063 0.5682 0.1641
vn -0.8061 0.5686 0.1639
vn -0.8055 0.5663 0.1743
vn -0.8053 0.5667 0.1742
vn -0.8047 0.5636 0.1866
vn -0.8038 0.5652 0.1858
vn -0.8043 0.5644 0.1861
vn -0.8022 0.5625 0.2003
vn -0.8028 0.5617 0.2000
vn -0.8012 0.5639 0.2001
vn -0.8013 0.5576 0.2166
vn -0.8023 0.5565 0.2161
vn -0.8001 0.5595 0.2162
vn -0.8358 0.2716 0.4772
vn -0.8439 0.2770 0.4595
vn -0.8635 0.2240 0.4519
vn -0.8654 0.2244 0.4480
vn -0.8724 0.1988 0.4465
vn -0.8731 0.1984 0.4454
vn -0.8764 0.1841 0.4451
vn -0.8765 0.1839 0.4449
vn -0.8763 0.1782 0.4475
vn -0.8776 0.1785 0.4450
vn -0.8734 0.1791 0.4530
vn -0.8737 0.1790 0.4523
vn -0.8682 0.1867 0.4597
vn -0.8600 0.2010 0.4690
vn -0.8664 0.3161 0.3866
vn -0.8688 0.3169 0.3804
vn -0.8795 0.3456 0.3273
vn -0.8835 0.3496 0.3119
vn -0.8801 0.3456 0.3255
vn -0.8843 0.3690 0.2862
vn -0.8849 0.3892 0.2558
vn -0.8831 0.4083 0.2312
vn -0.8793 0.4269 0.2110
vn -0.8739 0.4453 0.1948
vn -0.4826 -0.2306 0.8449
vn -0.4837 -0.2211 0.8469
vn -0.4834 -0.2208 0.8471
vn -0.4857 -0.2090 0.8488
vn -0.4889 -0.1939 0.8505
vn -0.4883 -0.1926 0.8512
vn -0.4936 -0.1754 0.8518
vn -0.4929 -0.1736 0.8526
vn -0.4934 -0.1768 0.8516
vn -0.5002 -0.1539 0.8521
vn -0.5000 -0.1565 0.8518
vn -0.5126 -0.1191 0.8503
vn -0.5100 -0.1221 0.8515
vn -0.4885 -0.2282 0.8422
vn -0.4895 -0.2187 0.8441
vn -0.4893 -0.2183 0.8443
vn -0.4914 -0.2061 0.8462
vn -0.4913 -0.2064 0.8462
vn -0.4946 -0.1902 0.8480
vn -0.4941 -0.1889 0.8487
vn -0.4992 -0.1701 0.8496
vn -0.4986 -0.1684 0.8503
vn -0.4991 -0.1715 0.8494
vn -0.5060 -0.1465 0.8500
vn -0.5056 -0.1493 0.8497
vn -0.5186 -0.1086 0.8481
vn -0.5159 -0.1119 0.8493
vn -0.4971 -0.2244 0.8382
vn -0.4982 -0.2150 0.8400
vn -0.4981 -0.2148 0.8401
vn -0.4999 -0.2021 0.8421
vn -0.4999 -0.2028 0.8420
vn -0.5030 -0.1854 0.8442
vn -0.5026 -0.1846 0.8446
vn -0.5029 -0.1862 0.8441
vn -0.5076 -0.1644 0.8457
vn -0.5071 -0.1628 0.8464
vn -0.5073 -0.1661 0.8456
vn -0.5143 -0.1389 0.8463
vn -0.5138 -0.1419 0.8461
vn -0.5270 -0.0985 0.8441
vn -0.5242 -0.1022 0.8455
vn -0.5083 -0.2185 0.8330
vn -0.5081 -0.2182 0.8332
vn -0.5085 -0.2188 0.8328
vn -0.5098 -0.2098 0.8343
vn -0.5095 -0.2093 0.8346
vn -0.5116 -0.1972 0.8363
vn -0.5146 -0.1803 0.8383
vn -0.5140 -0.1790 0.8389
vn -0.5144 -0.1805 0.8384
vn -0.5187 -0.1578 0.8402
vn -0.5185 -0.1595 0.8401
vn -0.5253 -0.1312 0.8408
vn -0.5247 -0.1340 0.8407
vn -0.5375 -0.0893 0.8386
vn -0.5334 -0.0968 0.8403
vn -0.5347 -0.0931 0.8399
vn -0.5225 -0.2111 0.8261
vn -0.5221 -0.2104 0.8265
vn -0.5223 -0.2115 0.8261
vn -0.5239 -0.2025 0.8273
vn -0.5236 -0.2018 0.8277
vn -0.5256 -0.1896 0.8293
vn -0.5254 -0.1890 0.8296
vn -0.5258 -0.1899 0.8291
vn -0.5285 -0.1724 0.8313
vn -0.5280 -0.1715 0.8317
vn -0.5284 -0.1730 0.8312
vn -0.5322 -0.1501 0.8332
vn -0.5319 -0.1515 0.8332
vn -0.5376 -0.1230 0.8342
vn -0.5371 -0.1212 0.8347
vn -0.5370 -0.1252 0.8342
vn -0.5484 -0.0814 0.8322
vn -0.5460 -0.0851 0.8335
vn -0.5386 -0.2005 0.8183
vn -0.5382 -0.1998 0.8188
vn -0.5386 -0.2013 0.8182
vn -0.5403 -0.1919 0.8193
vn -0.5400 -0.1913 0.8196
vn -0.5403 -0.1927 0.8191
vn -0.5423 -0.1793 0.8208
vn -0.5421 -0.1801 0.8208
vn -0.5448 -0.1617 0.8228
vn -0.5447 -0.1625 0.8227
vn -0.5477 -0.1401 0.8249
vn -0.5474 -0.1413 0.8248
vn -0.5515 -0.1143 0.8263
vn -0.5511 -0.1156 0.8264
vn -0.5570 -0.0839 0.8263
vn -0.5562 -0.0859 0.8266
vn -0.6672 0.2187 0.7121
vn -0.6560 0.1972 0.7285
vn -0.6601 0.2674 0.7020
vn -0.6532 0.2572 0.7122
vn -0.6542 0.3005 0.6940
vn -0.6485 0.2907 0.7036
vn -0.6500 0.2957 0.7001
vn -0.6531 0.3202 0.6862
vn -0.6488 0.3140 0.6932
vn -0.6501 0.3175 0.6903
vn -0.6564 0.3280 0.6794
vn -0.6531 0.3238 0.6846
vn -0.6542 0.3264 0.6823
vn -0.6638 0.3238 0.6742
vn -0.6623 0.3230 0.6760
vn -0.6751 0.3083 0.6702
vn -0.6742 0.3079 0.6713
vn -0.6390 0.1431 0.7558
vn -0.6235 0.1101 0.7740
vn -0.6268 0.1230 0.7694
vn -0.6396 0.1885 0.7453
vn -0.6308 0.1753 0.7559
vn -0.6398 0.2224 0.7357
vn -0.6336 0.2142 0.7434
vn -0.6416 0.2455 0.7267
vn -0.6353 0.2354 0.7355
vn -0.6370 0.2405 0.7323
vn -0.6463 0.2563 0.7188
vn -0.6431 0.2535 0.7226
vn -0.6542 0.2542 0.7123
vn -0.6510 0.2505 0.7166
vn -0.6521 0.2528 0.7147
vn -0.6651 0.2394 0.7073
vn -0.6640 0.2388 0.7086
vn -0.6092 0.0797 0.7890
vn -0.5953 0.0539 0.8017
vn -0.5988 0.0649 0.7982
vn -0.6149 0.1193 0.7795
vn -0.6060 0.1066 0.7883
vn -0.6198 0.1520 0.7699
vn -0.6125 0.1422 0.7775
vn -0.6246 0.1752 0.7610
vn -0.6192 0.1686 0.7669
vn -0.6313 0.1867 0.7527
vn -0.6274 0.1828 0.7569
vn -0.6402 0.1855 0.7455
vn -0.6376 0.1836 0.7482
vn -0.6509 0.1714 0.7396
vn -0.6495 0.1707 0.7410
vn -0.5835 0.0303 0.8115
vn -0.5750 0.0193 0.8180
vn -0.5906 0.0626 0.8045
vn -0.5826 0.0521 0.8111
vn -0.5976 0.0900 0.7968
vn -0.5881 0.0738 0.8054
vn -0.5906 0.0811 0.8029
vn -0.6047 0.1095 0.7889
vn -0.5992 0.1030 0.7940
vn -0.6130 0.1196 0.7809
vn -0.6072 0.1111 0.7868
vn -0.6089 0.1153 0.7848
vn -0.6228 0.1188 0.7733
vn -0.6185 0.1137 0.7775
vn -0.6200 0.1166 0.7759
vn -0.6333 0.1058 0.7666
vn -0.6306 0.1037 0.7691
vn -0.6320 0.1051 0.7678
vn -0.5608 -0.0135 0.8279
vn -0.5540 -0.0216 0.8322
vn -0.5680 0.0116 0.8230
vn -0.5614 0.0034 0.8276
vn -0.5758 0.0331 0.8169
vn -0.5675 0.0191 0.8232
vn -0.5698 0.0256 0.8214
vn -0.5844 0.0487 0.8100
vn -0.5794 0.0426 0.8140
vn -0.5940 0.0579 0.8024
vn -0.5882 0.0492 0.8072
vn -0.5899 0.0534 0.8057
vn -0.6045 0.0590 0.7944
vn -0.6014 0.0562 0.7970
vn -0.6148 0.0484 0.7872
vn -0.6131 0.0476 0.7886
vn -0.5412 -0.0536 0.8392
vn -0.5362 -0.0594 0.8420
vn -0.5480 -0.0348 0.8358
vn -0.5429 -0.0409 0.8388
vn -0.5563 -0.0183 0.8308
vn -0.5514 -0.0243 0.8339
vn -0.5657 -0.0058 0.8246
vn -0.5614 -0.0112 0.8275
vn -0.5759 0.0029 0.8175
vn -0.5719 -0.0016 0.8203
vn -0.5868 0.0072 0.8097
vn -0.5818 0.0003 0.8134
vn -0.5833 0.0038 0.8122
vn -0.5977 0.0026 0.8017
vn -0.5953 0.0011 0.8035
vn -0.7460 0.0841 0.6606
vn -0.7466 0.0833 0.6601
vn -0.7150 0.0136 0.6990
vn -0.7130 0.0158 0.7010
vn -0.7154 0.0117 0.6986
vn -0.6842 -0.0408 0.7282
vn -0.6845 -0.0432 0.7278
vn -0.6557 -0.0833 0.7504
vn -0.6558 -0.0856 0.7501
vn -0.6278 -0.1181 0.7694
vn -0.6267 -0.1163 0.7706
vn -0.6278 -0.1201 0.7691
vn -0.6013 -0.1467 0.7855
vn -0.6003 -0.1452 0.7865
vn -0.6012 -0.1484 0.7852
vn -0.5774 -0.1695 0.7987
vn -0.5766 -0.1681 0.7995
vn -0.5774 -0.1709 0.7984
vn -0.7421 0.1215 0.6592
vn -0.7402 0.1221 0.6612
vn -0.7153 0.0454 0.6973
vn -0.7156 0.0449 0.6971
vn -0.6868 -0.0158 0.7267
vn -0.6851 -0.0142 0.7283
vn -0.6871 -0.0171 0.7264
vn -0.6586 -0.0639 0.7498
vn -0.6588 -0.0654 0.7495
vn -0.6307 -0.1030 0.7692
vn -0.6298 -0.1018 0.7701
vn -0.6308 -0.1044 0.7689
vn -0.6040 -0.1347 0.7855
vn -0.6033 -0.1335 0.7863
vn -0.6040 -0.1362 0.7853
vn -0.5799 -0.1594 0.7989
vn -0.5798 -0.1608 0.7987
vn -0.7350 0.1566 0.6598
vn -0.7339 0.1566 0.6610
vn -0.7129 0.0793 0.6967
vn -0.7112 0.0799 0.6985
vn -0.6871 0.0137 0.7265
vn -0.6856 0.0146 0.7278
vn -0.6875 0.0135 0.7261
vn -0.6600 -0.0399 0.7502
vn -0.6603 -0.0408 0.7499
vn -0.6326 -0.0837 0.7699
vn -0.6327 -0.0846 0.7698
vn -0.6063 -0.1186 0.7864
vn -0.6055 -0.1175 0.7871
vn -0.6063 -0.1195 0.7862
vn -0.5822 -0.1451 0.8000
vn -0.5816 -0.1443 0.8005
vn -0.5822 -0.1462 0.7998
vn -0.7261 0.1894 0.6610
vn -0.7254 0.1893 0.6617
vn -0.7077 0.1141 0.6972
vn -0.6852 0.0465 0.7269
vn -0.6836 0.0470 0.7283
vn -0.6594 -0.0113 0.7517
vn -0.6585 -0.0107 0.7525
vn -0.6599 -0.0118 0.7513
vn -0.6333 -0.0595 0.7716
vn -0.6336 -0.0597 0.7713
vn -0.6077 -0.0978 0.7881
vn -0.6070 -0.0970 0.7888
vn -0.6079 -0.0981 0.7879
vn -0.5841 -0.1264 0.8018
vn -0.5836 -0.1256 0.8023
vn -0.5840 -0.1272 0.8017
vn -0.7151 0.2218 0.6629
vn -0.6997 0.1490 0.6987
vn -0.6990 0.1489 0.6994
vn -0.6800 0.0811 0.7287
vn -0.6570 0.0200 0.7537
vn -0.6561 0.0203 0.7544
vn -0.6323 -0.0320 0.7740
vn -0.6317 -0.0317 0.7746
vn -0.6327 -0.0322 0.7738
vn -0.6084 -0.0746 0.7901
vn -0.6075 -0.0738 0.7909
vn -0.5854 -0.1056 0.8038
vn -0.5849 -0.1049 0.8043
vn -0.5854 -0.1061 0.8038
vn -0.7020 0.2531 0.6657
vn -0.7023 0.2532 0.6653
vn -0.6889 0.1825 0.7015
vn -0.6716 0.1148 0.7320
vn -0.6509 0.0520 0.7574
vn -0.6291 -0.0026 0.7773
vn -0.6286 -0.0025 0.7777
vn -0.6077 -0.0487 0.7927
vn -0.6067 -0.0482 0.7935
vn -0.5861 -0.0837 0.8059
vn -0.5856 -0.0831 0.8064
vn -0.5862 -0.0844 0.8058
vn -0.5251 -0.0889 0.8464
vn -0.5215 -0.0930 0.8482
vn -0.5315 -0.0749 0.8437
vn -0.5278 -0.0795 0.8457
vn -0.5399 -0.0623 0.8394
vn -0.5344 -0.0717 0.8422
vn -0.5361 -0.0670 0.8415
vn -0.5499 -0.0519 0.8336
vn -0.5449 -0.0608 0.8363
vn -0.5463 -0.0565 0.8356
vn -0.5603 -0.0437 0.8271
vn -0.5557 -0.0518 0.8298
vn -0.5570 -0.0480 0.8291
vn -0.5706 -0.0385 0.8203
vn -0.5676 -0.0420 0.8222
vn -0.6871 0.2818 0.6696
vn -0.6880 0.2824 0.6685
vn -0.6876 0.2819 0.6691
vn -0.6758 0.2127 0.7057
vn -0.6766 0.2131 0.7049
vn -0.6601 0.1451 0.7370
vn -0.6408 0.0808 0.7635
vn -0.6420 0.0814 0.7624
vn -0.6413 0.0809 0.7630
vn -0.6213 0.0254 0.7832
vn -0.6221 0.0256 0.7825
vn -0.6037 -0.0211 0.7969
vn -0.6033 -0.0211 0.7972
vn -0.5569 -0.1869 0.8093
vn -0.5568 -0.1881 0.8091
vn -0.5592 -0.1782 0.8097
vn -0.5586 -0.1771 0.8103
vn -0.5592 -0.1788 0.8095
vn -0.5613 -0.1650 0.8110
vn -0.5612 -0.1657 0.8109
vn -0.5635 -0.1470 0.8129
vn -0.5630 -0.1461 0.8134
vn -0.5634 -0.1477 0.8129
vn -0.5655 -0.1262 0.8150
vn -0.5652 -0.1255 0.8153
vn -0.5656 -0.1269 0.8149
vn -0.5674 -0.1038 0.8168
vn -0.5693 -0.0771 0.8185
vn -0.5691 -0.0764 0.8187
vn -0.5819 -0.0376 0.8124
vn -0.5790 -0.0400 0.8143
vn -0.5871 -0.0602 0.8073
vn -0.5874 -0.0603 0.8070
vn -0.4792 -0.2389 0.8445
vn -0.4797 -0.2318 0.8463
vn -0.4807 -0.2226 0.8482
vn -0.4805 -0.2224 0.8483
vn -0.4825 -0.2108 0.8502
vn -0.4822 -0.2104 0.8504
vn -0.4827 -0.2111 0.8500
vn -0.4857 -0.1968 0.8517
vn -0.4852 -0.1958 0.8522
vn -0.4856 -0.1977 0.8515
vn -0.4904 -0.1803 0.8527
vn -0.4897 -0.1785 0.8535
vn -0.4903 -0.1815 0.8524
vn -0.4991 -0.1538 0.8528
vn -0.4960 -0.1585 0.8538
vn -0.4974 -0.1556 0.8534
vn -0.5086 -0.1298 0.8512
vn -0.5043 -0.1362 0.8527
vn -0.5062 -0.1323 0.8522
vn -0.4821 -0.2377 0.8432
vn -0.4879 -0.2350 0.8407
vn -0.4964 -0.2308 0.8368
vn -0.5076 -0.2248 0.8318
vn -0.5072 -0.2243 0.8322
vn -0.5209 -0.2164 0.8257
vn -0.5206 -0.2158 0.8261
vn -0.5211 -0.2170 0.8255
vn -0.5368 -0.2059 0.8182
vn -0.5362 -0.2049 0.8189
vn -0.5368 -0.2067 0.8180
vn -0.5545 -0.1925 0.8096
vn -0.5537 -0.1912 0.8104
vn -0.5545 -0.1940 0.8093
vn -0.7169 0.2592 0.6472
vn -0.6971 0.1769 0.6948
vn -0.6854 0.3131 0.6574
vn -0.6789 0.2984 0.6708
vn -0.6694 0.3564 0.6518
vn -0.6662 0.3537 0.6565
vn -0.6602 0.3845 0.6452
vn -0.6570 0.3807 0.6506
vn -0.6581 0.3833 0.6480
vn -0.6578 0.3981 0.6394
vn -0.6563 0.3973 0.6415
vn -0.6606 0.4009 0.6347
vn -0.6595 0.4003 0.6362
vn -0.6684 0.3940 0.6309
vn -0.6667 0.3925 0.6335
vn -0.6674 0.3936 0.6321
vn -0.6805 0.3776 0.6279
vn -0.6792 0.3766 0.6300
vn -0.6799 0.3774 0.6288
vn -0.6734 0.1550 0.7229
vn -0.6536 0.1116 0.7486
vn -0.6336 0.0860 0.7688
vn -0.6144 0.0463 0.7876
vn -0.6186 0.0616 0.7833
vn -0.6018 0.0359 0.7978
vn -0.5866 0.0089 0.8098
vn -0.5907 0.0206 0.8066
vn -0.5763 -0.0040 0.8173
vn -0.5677 -0.0146 0.8231
vn -0.5544 -0.0398 0.8313
vn -0.5479 -0.0473 0.8352
vn -0.5357 -0.0731 0.8412
vn -0.5310 -0.0782 0.8437
vn -0.5205 -0.1031 0.8476
vn -0.5172 -0.1067 0.8492
vn -0.7808 0.1517 0.6061
vn -0.7791 0.1530 0.6079
vn -0.7814 0.1508 0.6055
vn -0.7458 0.0482 0.6644
vn -0.7429 0.0524 0.6673
vn -0.7469 0.0437 0.6635
vn -0.7112 -0.0136 0.7028
vn -0.7116 -0.0190 0.7023
vn -0.6795 -0.0609 0.7311
vn -0.6774 -0.0572 0.7334
vn -0.6796 -0.0655 0.7307
vn -0.6511 -0.0981 0.7526
vn -0.6511 -0.1019 0.7521
vn -0.6238 -0.1291 0.7708
vn -0.6238 -0.1321 0.7704
vn -0.5978 -0.1551 0.7865
vn -0.5977 -0.1574 0.7861
vn -0.5744 -0.1760 0.7994
vn -0.5744 -0.1778 0.7990
vn -0.7741 0.1807 0.6067
vn -0.7627 0.2141 0.6103
vn -0.7624 0.2141 0.6107
vn -0.7512 0.2426 0.6139
vn -0.7390 0.2698 0.6174
vn -0.7253 0.2975 0.6208
vn -0.7100 0.3251 0.6247
vn -0.7108 0.3256 0.6234
vn -0.7102 0.3253 0.6243
vn -0.6940 0.3521 0.6280
vn -0.6949 0.3527 0.6266
vn -0.6945 0.3521 0.6275
vn -0.8020 0.4724 0.3655
vn -0.8101 0.4418 0.3855
vn -0.8047 0.4565 0.3795
vn -0.8003 0.4909 0.3441
vn -0.8014 0.4824 0.3536
vn -0.7927 0.5149 0.3263
vn -0.7952 0.5046 0.3361
vn -0.7932 0.5104 0.3323
vn -0.7811 0.5425 0.3092
vn -0.7829 0.5356 0.3167
vn -0.7814 0.5396 0.3135
vn -0.7674 0.5703 0.2931
vn -0.7675 0.5685 0.2961
vn -0.7527 0.5968 0.2780
vn -0.7527 0.5957 0.2802
vn -0.7380 0.6210 0.2641
vn -0.7380 0.6203 0.2655
vn -0.7975 0.4998 0.3380
vn -0.8064 0.4759 0.3511
vn -0.8018 0.4859 0.3479
vn -0.7967 0.5118 0.3216
vn -0.7994 0.5020 0.3300
vn -0.7918 0.5280 0.3069
vn -0.7934 0.5219 0.3133
vn -0.7823 0.5500 0.2925
vn -0.7832 0.5461 0.2973
vn -0.7703 0.5735 0.2787
vn -0.7708 0.5712 0.2821
vn -0.7571 0.5969 0.2657
vn -0.7582 0.5935 0.2699
vn -0.7572 0.5956 0.2681
vn -0.7434 0.6192 0.2530
vn -0.7441 0.6169 0.2563
vn -0.7434 0.6185 0.2546
vn -0.7965 0.5176 0.3126
vn -0.8038 0.5009 0.3209
vn -0.8005 0.5074 0.3191
vn -0.7946 0.5276 0.3004
vn -0.7980 0.5187 0.3069
vn -0.7904 0.5406 0.2881
vn -0.7929 0.5338 0.2940
vn -0.7827 0.5578 0.2762
vn -0.7863 0.5492 0.2828
vn -0.7842 0.5533 0.2808
vn -0.7725 0.5772 0.2648
vn -0.7734 0.5744 0.2682
vn -0.7607 0.5975 0.2536
vn -0.7611 0.5959 0.2560
vn -0.7481 0.6179 0.2420
vn -0.7482 0.6170 0.2438
vn -0.7962 0.5320 0.2880
vn -0.7998 0.5240 0.2928
vn -0.7940 0.5402 0.2788
vn -0.8001 0.5278 0.2851
vn -0.7974 0.5326 0.2838
vn -0.7901 0.5506 0.2693
vn -0.7929 0.5442 0.2741
vn -0.7836 0.5641 0.2603
vn -0.7855 0.5596 0.2642
vn -0.7748 0.5801 0.2512
vn -0.7760 0.5772 0.2543
vn -0.7642 0.5979 0.2418
vn -0.7648 0.5962 0.2442
vn -0.7524 0.6167 0.2313
vn -0.7526 0.6157 0.2333
vn -0.7963 0.5436 0.2652
vn -0.7993 0.5375 0.2687
vn -0.7941 0.5501 0.2584
vn -0.7971 0.5440 0.2621
vn -0.7904 0.5585 0.2515
vn -0.7950 0.5500 0.2559
vn -0.7931 0.5532 0.2550
vn -0.7848 0.5694 0.2448
vn -0.7884 0.5626 0.2487
vn -0.7868 0.5653 0.2478
vn -0.7772 0.5825 0.2380
vn -0.7785 0.5797 0.2405
vn -0.7675 0.5981 0.2306
vn -0.7693 0.5947 0.2335
vn -0.7683 0.5964 0.2326
vn -0.7563 0.6157 0.2212
vn -0.7566 0.6146 0.2231
vn -0.7968 0.5526 0.2444
vn -0.8008 0.5455 0.2475
vn -0.7992 0.5481 0.2469
vn -0.7946 0.5579 0.2396
vn -0.7969 0.5534 0.2422
vn -0.7909 0.5651 0.2347
vn -0.7947 0.5585 0.2378
vn -0.7932 0.5610 0.2371
vn -0.7857 0.5744 0.2296
vn -0.7890 0.5686 0.2325
vn -0.7876 0.5708 0.2319
vn -0.7791 0.5852 0.2247
vn -0.7805 0.5826 0.2267
vn -0.7708 0.5981 0.2194
vn -0.7725 0.5951 0.2216
vn -0.7716 0.5965 0.2210
vn -0.7604 0.6136 0.2127
vn -0.7614 0.6117 0.2148
vn -0.7607 0.6129 0.2140
vn -0.7113 0.6724 0.2048
vn -0.7121 0.6693 0.2121
vn -0.7111 0.6718 0.2076
vn -0.7161 0.6712 0.1914
vn -0.7159 0.6709 0.1937
vn -0.7201 0.6696 0.1817
vn -0.7203 0.6682 0.1863
vn -0.7199 0.6695 0.1832
vn -0.7243 0.6671 0.1742
vn -0.7242 0.6664 0.1775
vn -0.7240 0.6672 0.1750
vn -0.7292 0.6635 0.1675
vn -0.7291 0.6635 0.1680
vn -0.7352 0.6582 0.1620
vn -0.7349 0.6580 0.1640
vn -0.7350 0.6583 0.1625
vn -0.7419 0.6516 0.1580
vn -0.7416 0.6517 0.1591
vn -0.7038 0.6785 0.2107
vn -0.7045 0.6760 0.2158
vn -0.7037 0.6779 0.2129
vn -0.7111 0.6748 0.1973
vn -0.7116 0.6728 0.2024
vn -0.7110 0.6744 0.1993
vn -0.7171 0.6714 0.1868
vn -0.7168 0.6713 0.1882
vn -0.7223 0.6682 0.1784
vn -0.7221 0.6682 0.1793
vn -0.7281 0.6638 0.1713
vn -0.7281 0.6637 0.1716
vn -0.7347 0.6579 0.1654
vn -0.7343 0.6578 0.1676
vn -0.7347 0.6579 0.1658
vn -0.7419 0.6508 0.1612
vn -0.7006 0.6800 0.2164
vn -0.7006 0.6795 0.2178
vn -0.7089 0.6753 0.2037
vn -0.7093 0.6736 0.2078
vn -0.7087 0.6749 0.2053
vn -0.7157 0.6712 0.1929
vn -0.7155 0.6711 0.1941
vn -0.7217 0.6672 0.1842
vn -0.7217 0.6664 0.1874
vn -0.7216 0.6672 0.1848
vn -0.7281 0.6623 0.1766
vn -0.7279 0.6624 0.1772
vn -0.7353 0.6559 0.1707
vn -0.7430 0.6484 0.1660
vn -0.7015 0.6771 0.2224
vn -0.7015 0.6767 0.2237
vn -0.7094 0.6726 0.2106
vn -0.7099 0.6709 0.2143
vn -0.7093 0.6722 0.2122
vn -0.7164 0.6683 0.2003
vn -0.7162 0.6682 0.2014
vn -0.7229 0.6640 0.1912
vn -0.7229 0.6630 0.1943
vn -0.7227 0.6639 0.1920
vn -0.7298 0.6586 0.1837
vn -0.7295 0.6588 0.1841
vn -0.7372 0.6520 0.1772
vn -0.7369 0.6519 0.1790
vn -0.7452 0.6442 0.1723
vn -0.7448 0.6444 0.1734
vn -0.7060 0.6698 0.2302
vn -0.7059 0.6694 0.2313
vn -0.7132 0.6658 0.2190
vn -0.7131 0.6655 0.2206
vn -0.7199 0.6619 0.2089
vn -0.7202 0.6606 0.2122
vn -0.7197 0.6617 0.2100
vn -0.7264 0.6577 0.1997
vn -0.7265 0.6567 0.2026
vn -0.7263 0.6576 0.2002
vn -0.7330 0.6529 0.1911
vn -0.7328 0.6528 0.1918
vn -0.7401 0.6466 0.1846
vn -0.7480 0.6389 0.1795
vn -0.7476 0.6390 0.1807
vn -0.7482 0.6388 0.1792
vn -0.7138 0.6580 0.2398
vn -0.7137 0.6577 0.2410
vn -0.7203 0.6548 0.2289
vn -0.7203 0.6543 0.2304
vn -0.7263 0.6516 0.2187
vn -0.7268 0.6500 0.2221
vn -0.7263 0.6513 0.2200
vn -0.7323 0.6481 0.2092
vn -0.7321 0.6479 0.2104
vn -0.7380 0.6445 0.2000
vn -0.7382 0.6432 0.2033
vn -0.7378 0.6443 0.2013
vn -0.7442 0.6395 0.1928
vn -0.7514 0.6328 0.1870
vn -0.7511 0.6328 0.1884
vn -0.7958 0.5867 0.1498
vn -0.7962 0.5849 0.1545
vn -0.7970 0.5821 0.1614
vn -0.7965 0.5826 0.1617
vn -0.7976 0.5786 0.1707
vn -0.7971 0.5791 0.1710
vn -0.7981 0.5779 0.1708
vn -0.7985 0.5738 0.1820
vn -0.7993 0.5726 0.1822
vn -0.7997 0.5678 0.1953
vn -0.7989 0.5687 0.1957
vn -0.8007 0.5663 0.1955
vn -0.8007 0.5609 0.2104
vn -0.8020 0.5588 0.2110
vn -0.7888 0.5962 0.1494
vn -0.7898 0.5938 0.1538
vn -0.7896 0.5940 0.1540
vn -0.7899 0.5936 0.1540
vn -0.7909 0.5906 0.1605
vn -0.7906 0.5908 0.1607
vn -0.7913 0.5900 0.1606
vn -0.7927 0.5857 0.1692
vn -0.7929 0.5854 0.1689
vn -0.7945 0.5800 0.1800
vn -0.7953 0.5788 0.1803
vn -0.7964 0.5732 0.1928
vn -0.7974 0.5716 0.1932
vn -0.7980 0.5657 0.2075
vn -0.7970 0.5670 0.2080
vn -0.7994 0.5636 0.2081
vn -0.7813 0.6060 0.1494
vn -0.7825 0.6035 0.1534
vn -0.7842 0.5996 0.1596
vn -0.7839 0.5999 0.1599
vn -0.7845 0.5992 0.1597
vn -0.7866 0.5942 0.1678
vn -0.7862 0.5947 0.1681
vn -0.7868 0.5940 0.1676
vn -0.7892 0.5877 0.1780
vn -0.7886 0.5885 0.1785
vn -0.7898 0.5870 0.1781
vn -0.7918 0.5804 0.1904
vn -0.7910 0.5813 0.1909
vn -0.7928 0.5789 0.1908
vn -0.7940 0.5725 0.2045
vn -0.7929 0.5738 0.2050
vn -0.7953 0.5704 0.2052
vn -0.7732 0.6161 0.1499
vn -0.7745 0.6136 0.1536
vn -0.7767 0.6095 0.1591
vn -0.7793 0.6040 0.1669
vn -0.7790 0.6044 0.1672
vn -0.7795 0.6039 0.1667
vn -0.7823 0.5973 0.1765
vn -0.7830 0.5964 0.1767
vn -0.7857 0.5894 0.1880
vn -0.7849 0.5902 0.1885
vn -0.7865 0.5881 0.1884
vn -0.7883 0.5813 0.2015
vn -0.7874 0.5825 0.2019
vn -0.7896 0.5793 0.2020
vn -0.7649 0.6261 0.1511
vn -0.7661 0.6239 0.1545
vn -0.7681 0.6201 0.1596
vn -0.7711 0.6145 0.1666
vn -0.7748 0.6075 0.1752
vn -0.7742 0.6080 0.1757
vn -0.7784 0.5996 0.1860
vn -0.7778 0.6003 0.1864
vn -0.7791 0.5987 0.1861
vn -0.7817 0.5912 0.1985
vn -0.7829 0.5895 0.1990
vn -0.7566 0.6356 0.1532
vn -0.7568 0.6355 0.1529
vn -0.7574 0.6339 0.1563
vn -0.7592 0.6306 0.1612
vn -0.7620 0.6255 0.1677
vn -0.7657 0.6189 0.1753
vn -0.7699 0.6108 0.1846
vn -0.7694 0.6114 0.1851
vn -0.7705 0.6102 0.1846
vn -0.7743 0.6018 0.1958
vn -0.7734 0.6027 0.1963
vn -0.7753 0.6004 0.1961
vn -0.7246 0.6417 0.2511
vn -0.7251 0.6400 0.2540
vn -0.7246 0.6413 0.2522
vn -0.7306 0.6390 0.2405
vn -0.7305 0.6386 0.2418
vn -0.7359 0.6368 0.2300
vn -0.7366 0.6349 0.2333
vn -0.7360 0.6363 0.2313
vn -0.7410 0.6345 0.2198
vn -0.7410 0.6340 0.2213
vn -0.7457 0.6321 0.2105
vn -0.7463 0.6304 0.2137
vn -0.7457 0.6317 0.2118
vn -0.7503 0.6294 0.2021
vn -0.7506 0.6282 0.2050
vn -0.7501 0.6293 0.2032
vn -0.7487 0.6443 0.1563
vn -0.7490 0.6441 0.1554
vn -0.7490 0.6431 0.1594
vn -0.7494 0.6429 0.1586
vn -0.7504 0.6403 0.1641
vn -0.7507 0.6401 0.1633
vn -0.7528 0.6358 0.1704
vn -0.7531 0.6356 0.1699
vn -0.7560 0.6300 0.1775
vn -0.7562 0.6299 0.1772
vn -0.7604 0.6226 0.1848
vn -0.8015 0.5531 0.2274
vn -0.8033 0.5502 0.2282
vn -0.7992 0.5578 0.2239
vn -0.7980 0.5594 0.2245
vn -0.8010 0.5548 0.2249
vn -0.7955 0.5645 0.2202
vn -0.7942 0.5662 0.2208
vn -0.7972 0.5617 0.2212
vn -0.7858 0.5800 0.2147
vn -0.7875 0.5770 0.2164
vn -0.7796 0.5898 0.2109
vn -0.7823 0.5854 0.2129
vn -0.7811 0.5871 0.2124
vn -0.7727 0.6000 0.2074
vn -0.7738 0.5981 0.2087
vn -0.7651 0.6104 0.2048
vn -0.7653 0.6102 0.2050
vn -0.7652 0.6103 0.2051
vn -0.7562 0.6246 0.1953
vn -0.7559 0.6242 0.1975
vn -0.7659 0.6131 0.1935
vn -0.7648 0.6142 0.1944
vn -0.7668 0.6121 0.1930
vn -0.8046 0.4088 0.4307
vn -0.8035 0.3783 0.4597
vn -0.8111 0.4297 0.3968
vn -0.8120 0.4041 0.4212
vn -0.8089 0.4213 0.4102
vn -0.8030 0.4675 0.3696
vn -0.8023 0.4628 0.3770
vn -0.7910 0.5041 0.3467
vn -0.7918 0.4964 0.3559
vn -0.7907 0.5013 0.3515
vn -0.7777 0.5372 0.3266
vn -0.7784 0.5318 0.3334
vn -0.7775 0.5353 0.3301
vn -0.7629 0.5685 0.3080
vn -0.7635 0.5647 0.3133
vn -0.7628 0.5673 0.3104
vn -0.7471 0.5976 0.2910
vn -0.7477 0.5950 0.2949
vn -0.7470 0.5968 0.2928
vn -0.7316 0.6236 0.2755
vn -0.7321 0.6215 0.2788
vn -0.7315 0.6230 0.2771
vn -0.7960 0.4606 0.3928
vn -0.8024 0.4345 0.4092
vn -0.8115 0.4565 0.3648
vn -0.8062 0.4640 0.3670
vn -0.8172 0.4431 0.3684
vn -0.8082 0.4878 0.3299
vn -0.8125 0.4788 0.3325
vn -0.8060 0.5098 0.3007
vn -0.8096 0.5030 0.3027
vn -0.8044 0.5268 0.2746
vn -0.8073 0.5216 0.2761
vn -0.8033 0.5401 0.2511
vn -0.8055 0.5363 0.2522
vn -0.8026 0.5501 0.2306
vn -0.8015 0.5515 0.2312
vn -0.8043 0.5474 0.2314
vn -0.7278 0.6525 0.2108
vn -0.7279 0.6461 0.2297
vn -0.7265 0.6523 0.2162
vn -0.7231 0.6622 0.1964
vn -0.7225 0.6617 0.2004
vn -0.7225 0.6658 0.1862
vn -0.7222 0.6655 0.1887
vn -0.7241 0.6663 0.1779
vn -0.7243 0.6649 0.1825
vn -0.7239 0.6661 0.1795
vn -0.7271 0.6649 0.1709
vn -0.7269 0.6648 0.1721
vn -0.7314 0.6616 0.1654
vn -0.7312 0.6613 0.1675
vn -0.7366 0.6571 0.1600
vn -0.7366 0.6570 0.1603
vn -0.7428 0.6511 0.1559
vn -0.7428 0.6510 0.1562
vn -0.7028 0.6752 0.2238
vn -0.7025 0.6747 0.2262
vn -0.6931 0.6840 0.2275
vn -0.6933 0.6833 0.2291
vn -0.6901 0.6860 0.2303
vn -0.6903 0.6855 0.2317
vn -0.6920 0.6825 0.2352
vn -0.6921 0.6821 0.2359
vn -0.6975 0.6745 0.2420
vn -0.6975 0.6742 0.2428
vn -0.7061 0.6621 0.2510
vn -0.7066 0.6607 0.2534
vn -0.7062 0.6618 0.2519
vn -0.7177 0.6451 0.2622
vn -0.7181 0.6435 0.2649
vn -0.7177 0.6447 0.2634
vn -0.8022 0.5785 0.1480
vn -0.8021 0.5779 0.1505
vn -0.8020 0.5768 0.1553
vn -0.8016 0.5753 0.1627
vn -0.8015 0.5754 0.1628
vn -0.8021 0.5746 0.1628
vn -0.8019 0.5722 0.1719
vn -0.8020 0.5719 0.1721
vn -0.8017 0.5688 0.1838
vn -0.8011 0.5695 0.1841
vn -0.8023 0.5678 0.1840
vn -0.8018 0.5639 0.1975
vn -0.8011 0.5649 0.1979
vn -0.8028 0.5624 0.1979
vn -0.8022 0.5578 0.2131
vn -0.8012 0.5589 0.2136
vn -0.8035 0.5557 0.2136
vn -0.7955 0.5877 0.1475
vn -0.7884 0.5973 0.1473
vn -0.7807 0.6072 0.1474
vn -0.7727 0.6172 0.1481
vn -0.7647 0.6268 0.1494
vn -0.7649 0.6267 0.1491
vn -0.7567 0.6359 0.1516
vn -0.7569 0.6358 0.1511
vn -0.7492 0.6441 0.1546
vn -0.6688 0.5054 0.5452
vn -0.6680 0.5063 0.5454
vn -0.6602 0.5585 0.5022
vn -0.6614 0.5574 0.5018
vn -0.6591 0.5602 0.5017
vn -0.6530 0.5970 0.4661
vn -0.6541 0.5959 0.4659
vn -0.6518 0.5991 0.4650
vn -0.6472 0.6258 0.4353
vn -0.6461 0.6277 0.4341
vn -0.6430 0.6480 0.4082
vn -0.6421 0.6495 0.4071
vn -0.6405 0.6649 0.3843
vn -0.6410 0.6644 0.3843
vn -0.6397 0.6661 0.3834
vn -0.6393 0.6773 0.3641
vn -0.6397 0.6770 0.3640
vn -0.6388 0.6782 0.3634
vn -0.6548 0.5255 0.5432
vn -0.6558 0.5252 0.5422
vn -0.6458 0.5776 0.4994
vn -0.6467 0.5770 0.4988
vn -0.6454 0.5781 0.4993
vn -0.6384 0.6151 0.4627
vn -0.6391 0.6146 0.4624
vn -0.6377 0.6159 0.4625
vn -0.6327 0.6431 0.4314
vn -0.6334 0.6425 0.4312
vn -0.6322 0.6440 0.4309
vn -0.6290 0.6642 0.4039
vn -0.6284 0.6650 0.4035
vn -0.6269 0.6802 0.3799
vn -0.6264 0.6809 0.3795
vn -0.6263 0.6918 0.3595
vn -0.6267 0.6914 0.3595
vn -0.6259 0.6925 0.3588
vn -0.6485 0.5344 0.5420
vn -0.6489 0.5344 0.5417
vn -0.6396 0.5846 0.4992
vn -0.6404 0.5843 0.4985
vn -0.6322 0.6219 0.4621
vn -0.6326 0.6217 0.4618
vn -0.6317 0.6222 0.4624
vn -0.6263 0.6501 0.4302
vn -0.6267 0.6498 0.4301
vn -0.6258 0.6507 0.4301
vn -0.6222 0.6715 0.4024
vn -0.6227 0.6712 0.4023
vn -0.6218 0.6720 0.4023
vn -0.6200 0.6874 0.3782
vn -0.6197 0.6877 0.3783
vn -0.6194 0.6988 0.3577
vn -0.6195 0.6989 0.3574
vn -0.6484 0.5347 0.5419
vn -0.6403 0.5827 0.5005
vn -0.6406 0.5826 0.5002
vn -0.6325 0.6202 0.4641
vn -0.6332 0.6199 0.4635
vn -0.6261 0.6493 0.4318
vn -0.6267 0.6489 0.4314
vn -0.6218 0.6713 0.4033
vn -0.6221 0.6711 0.4032
vn -0.6215 0.6715 0.4035
vn -0.6194 0.6877 0.3788
vn -0.6196 0.6875 0.3787
vn -0.6190 0.6879 0.3789
vn -0.6188 0.6991 0.3582
vn -0.6193 0.6987 0.3581
vn -0.6535 0.5283 0.5421
vn -0.6532 0.5283 0.5425
vn -0.6463 0.5744 0.5023
vn -0.6388 0.6116 0.4667
vn -0.6392 0.6115 0.4663
vn -0.6320 0.6417 0.4345
vn -0.6263 0.6654 0.4061
vn -0.6268 0.6651 0.4058
vn -0.6231 0.6831 0.3811
vn -0.6234 0.6828 0.3809
vn -0.6227 0.6836 0.3808
vn -0.6220 0.6952 0.3602
vn -0.6226 0.6948 0.3600
vn -0.6634 0.5160 0.5419
vn -0.6629 0.5159 0.5426
vn -0.6572 0.5608 0.5036
vn -0.6570 0.5607 0.5040
vn -0.6502 0.5978 0.4688
vn -0.6431 0.6287 0.4372
vn -0.6365 0.6537 0.4095
vn -0.6368 0.6535 0.4092
vn -0.6308 0.6736 0.3850
vn -0.6316 0.6732 0.3846
vn -0.6308 0.6739 0.3848
vn -0.6288 0.6874 0.3634
vn -0.6285 0.6878 0.3633
vn -0.6724 0.6924 0.2617
vn -0.6733 0.6914 0.2620
vn -0.6730 0.6918 0.2617
vn -0.6670 0.6989 0.2584
vn -0.6665 0.6992 0.2586
vn -0.6707 0.6939 0.2619
vn -0.6706 0.6943 0.2614
vn -0.6781 0.6845 0.2678
vn -0.6779 0.6850 0.2669
vn -0.6781 0.6845 0.2675
vn -0.6887 0.6700 0.2772
vn -0.6883 0.6710 0.2756
vn -0.6886 0.6703 0.2765
vn -0.7016 0.6511 0.2895
vn -0.7016 0.6516 0.2884
vn -0.6622 0.6974 0.2740
vn -0.6634 0.6962 0.2743
vn -0.6631 0.6965 0.2741
vn -0.6560 0.7047 0.2703
vn -0.6562 0.7044 0.2706
vn -0.6554 0.7054 0.2700
vn -0.6597 0.7003 0.2727
vn -0.6678 0.6903 0.2784
vn -0.6679 0.6904 0.2781
vn -0.6789 0.6757 0.2873
vn -0.6787 0.6763 0.2863
vn -0.6925 0.6560 0.3001
vn -0.6922 0.6572 0.2982
vn -0.6925 0.6564 0.2993
vn -0.6561 0.6979 0.2873
vn -0.6557 0.6983 0.2871
vn -0.6573 0.6967 0.2873
vn -0.6471 0.7081 0.2826
vn -0.6472 0.7079 0.2828
vn -0.6456 0.7097 0.2819
vn -0.6495 0.7052 0.2842
vn -0.6576 0.6956 0.2894
vn -0.6574 0.6958 0.2891
vn -0.6691 0.6807 0.2983
vn -0.6687 0.6815 0.2973
vn -0.6689 0.6810 0.2981
vn -0.6829 0.6611 0.3110
vn -0.6825 0.6622 0.3092
vn -0.6828 0.6614 0.3102
vn -0.6498 0.6982 0.3005
vn -0.6493 0.6987 0.3004
vn -0.6504 0.6976 0.3005
vn -0.6373 0.7120 0.2948
vn -0.6402 0.7086 0.2967
vn -0.6401 0.7088 0.2964
vn -0.6402 0.7088 0.2962
vn -0.6476 0.6999 0.3013
vn -0.6474 0.7002 0.3010
vn -0.6588 0.6856 0.3097
vn -0.6587 0.6860 0.3092
vn -0.6726 0.6662 0.3222
vn -0.6725 0.6667 0.3213
vn -0.6445 0.6966 0.3150
vn -0.6449 0.6964 0.3149
vn -0.6451 0.6961 0.3150
vn -0.6341 0.7082 0.3103
vn -0.6299 0.7126 0.3087
vn -0.6302 0.7124 0.3087
vn -0.6322 0.7100 0.3103
vn -0.6321 0.7102 0.3100
vn -0.6384 0.7028 0.3140
vn -0.6488 0.6898 0.3211
vn -0.6485 0.6905 0.3204
vn -0.6486 0.6902 0.3209
vn -0.6625 0.6710 0.3330
vn -0.6621 0.6721 0.3316
vn -0.6624 0.6715 0.3322
vn -0.6413 0.6924 0.3306
vn -0.6297 0.7052 0.3258
vn -0.6246 0.7106 0.3240
vn -0.6250 0.7103 0.3239
vn -0.6251 0.7098 0.3247
vn -0.6254 0.7096 0.3247
vn -0.6300 0.7041 0.3276
vn -0.6300 0.7043 0.3273
vn -0.6392 0.6933 0.3328
vn -0.6521 0.6767 0.3418
vn -0.7899 0.3786 0.4823
vn -0.7918 0.3795 0.4786
vn -0.7743 0.3877 0.5002
vn -0.7773 0.3912 0.4927
vn -0.7759 0.3883 0.4971
vn -0.7595 0.4000 0.5130
vn -0.7607 0.4004 0.5109
vn -0.7445 0.4147 0.5232
vn -0.7464 0.4165 0.5191
vn -0.7455 0.4150 0.5215
vn -0.7285 0.4325 0.5313
vn -0.7300 0.4339 0.5281
vn -0.7293 0.4327 0.5300
vn -0.7113 0.4531 0.5373
vn -0.7120 0.4532 0.5364
vn -0.6937 0.4756 0.5409
vn -0.7841 0.4407 0.4370
vn -0.7854 0.4418 0.4336
vn -0.7702 0.4471 0.4549
vn -0.7714 0.4478 0.4521
vn -0.7556 0.4562 0.4701
vn -0.7575 0.4591 0.4641
vn -0.7567 0.4568 0.4677
vn -0.7406 0.4677 0.4824
vn -0.7417 0.4681 0.4804
vn -0.7245 0.4824 0.4924
vn -0.7253 0.4827 0.4908
vn -0.7072 0.5005 0.4994
vn -0.7085 0.5014 0.4966
vn -0.7078 0.5005 0.4985
vn -0.6891 0.5208 0.5038
vn -0.6901 0.5214 0.5018
vn -0.6896 0.5208 0.5032
vn -0.7740 0.4903 0.4008
vn -0.7748 0.4912 0.3980
vn -0.7618 0.4952 0.4176
vn -0.7631 0.4985 0.4114
vn -0.7627 0.4959 0.4151
vn -0.7485 0.5022 0.4330
vn -0.7500 0.5050 0.4272
vn -0.7495 0.5028 0.4307
vn -0.7342 0.5118 0.4461
vn -0.7350 0.5123 0.4442
vn -0.7183 0.5244 0.4571
vn -0.7198 0.5262 0.4529
vn -0.7191 0.5247 0.4555
vn -0.7013 0.5404 0.4649
vn -0.7025 0.5413 0.4619
vn -0.7018 0.5405 0.4641
vn -0.6832 0.5591 0.4696
vn -0.6837 0.5590 0.4691
vn -0.7620 0.5303 0.3717
vn -0.7625 0.5311 0.3694
vn -0.7512 0.5350 0.3867
vn -0.7518 0.5377 0.3815
vn -0.7518 0.5356 0.3847
vn -0.7390 0.5414 0.4010
vn -0.7397 0.5420 0.3989
vn -0.7253 0.5500 0.4139
vn -0.7263 0.5521 0.4093
vn -0.7261 0.5505 0.4121
vn -0.7103 0.5610 0.4251
vn -0.7110 0.5612 0.4236
vn -0.6940 0.5748 0.4336
vn -0.6944 0.5749 0.4327
vn -0.6764 0.5920 0.4382
vn -0.6772 0.5922 0.4367
vn -0.7478 0.5665 0.3463
vn -0.7481 0.5671 0.3445
vn -0.7379 0.5711 0.3597
vn -0.7382 0.5734 0.3555
vn -0.7383 0.5716 0.3580
vn -0.7268 0.5769 0.3728
vn -0.7273 0.5774 0.3711
vn -0.7143 0.5842 0.3854
vn -0.7149 0.5845 0.3838
vn -0.7007 0.5928 0.3969
vn -0.7013 0.5931 0.3954
vn -0.6858 0.6038 0.4063
vn -0.6863 0.6040 0.4052
vn -0.6692 0.6189 0.4112
vn -0.7320 0.5993 0.3240
vn -0.7322 0.5998 0.3226
vn -0.7229 0.6036 0.3363
vn -0.7229 0.6056 0.3328
vn -0.7232 0.6041 0.3347
vn -0.7127 0.6087 0.3486
vn -0.7131 0.6092 0.3471
vn -0.7015 0.6146 0.3607
vn -0.7017 0.6165 0.3571
vn -0.7019 0.6151 0.3591
vn -0.6897 0.6212 0.3721
vn -0.6902 0.6216 0.3706
vn -0.6771 0.6288 0.3824
vn -0.6776 0.6290 0.3811
vn -0.6624 0.6400 0.3894
vn -0.6628 0.6399 0.3888
vn -0.6394 0.6861 0.3469
vn -0.6398 0.6858 0.3469
vn -0.6393 0.6865 0.3464
vn -0.6273 0.6996 0.3422
vn -0.6269 0.6999 0.3422
vn -0.6213 0.7059 0.3402
vn -0.6216 0.7056 0.3401
vn -0.6211 0.7062 0.3399
vn -0.6208 0.7061 0.3407
vn -0.6213 0.7056 0.3407
vn -0.6244 0.7018 0.3430
vn -0.6248 0.7014 0.3429
vn -0.6316 0.6935 0.3467
vn -0.7162 0.6277 0.3050
vn -0.7163 0.6281 0.3039
vn -0.7074 0.6320 0.3165
vn -0.7076 0.6325 0.3151
vn -0.6978 0.6368 0.3280
vn -0.6979 0.6373 0.3268
vn -0.6874 0.6421 0.3394
vn -0.6875 0.6426 0.3381
vn -0.6769 0.6473 0.3505
vn -0.6767 0.6490 0.3477
vn -0.6770 0.6479 0.3492
vn -0.6666 0.6523 0.3607
vn -0.6669 0.6527 0.3594
vn -0.6777 0.4983 0.5407
vn -0.6771 0.4980 0.5418
vn -0.6725 0.5427 0.5032
vn -0.6662 0.5798 0.4691
vn -0.6591 0.6113 0.4380
vn -0.6521 0.6369 0.4111
vn -0.6447 0.6581 0.3890
vn -0.6383 0.6757 0.3688
vn -0.6374 0.6764 0.3690
vn -0.6432 0.6796 0.3527
vn -0.6425 0.6804 0.3524
vn -0.6444 0.6785 0.3528
vn -0.6547 0.6591 0.3700
vn -0.6553 0.6592 0.3689
vn -0.7102 0.3501 0.6107
vn -0.7089 0.3514 0.6116
vn -0.6961 0.4606 0.5507
vn -0.6934 0.4667 0.5491
vn -0.6865 0.5194 0.5088
vn -0.6843 0.5256 0.5055
vn -0.6779 0.5628 0.4729
vn -0.6759 0.5679 0.4697
vn -0.6708 0.5952 0.4424
vn -0.6691 0.5992 0.4396
vn -0.6654 0.6202 0.4154
vn -0.6641 0.6231 0.4132
vn -0.6618 0.6392 0.3917
vn -0.6608 0.6412 0.3901
vn -0.6597 0.6532 0.3716
vn -0.6602 0.6527 0.3716
vn -0.6591 0.6544 0.3706
vn -0.6793 0.4226 0.6000
vn -0.6798 0.4226 0.5994
vn -0.6647 0.4511 0.5955
vn -0.6643 0.4510 0.5961
vn -0.6567 0.4678 0.5915
vn -0.6559 0.4674 0.5928
vn -0.6566 0.4676 0.5918
vn -0.6552 0.4735 0.5886
vn -0.6547 0.4734 0.5893
vn -0.6589 0.4707 0.5868
vn -0.6581 0.4703 0.5880
vn -0.6677 0.4609 0.5846
vn -0.6668 0.4603 0.5861
vn -0.6673 0.4608 0.5851
vn -0.6810 0.4438 0.5825
vn -0.6801 0.4432 0.5840
vn -0.6809 0.4436 0.5828
vn -0.7051 0.6612 0.2561
vn -0.7066 0.6596 0.2563
vn -0.6868 0.6830 0.2487
vn -0.6803 0.6903 0.2464
vn -0.6801 0.6907 0.2457
vn -0.6803 0.6904 0.2460
vn -0.6790 0.6913 0.2473
vn -0.6785 0.6922 0.2461
vn -0.6788 0.6917 0.2466
vn -0.6819 0.6870 0.2510
vn -0.6815 0.6880 0.2495
vn -0.6818 0.6874 0.2502
vn -0.6884 0.6782 0.2574
vn -0.6880 0.6791 0.2558
vn -0.6884 0.6784 0.2567
vn -0.6979 0.6649 0.2663
vn -0.6976 0.6658 0.2647
vn -0.6980 0.6649 0.2657
vn -0.7103 0.6464 0.2787
vn -0.7103 0.6468 0.2776
vn -0.6855 0.6762 0.2698
vn -0.6885 0.6734 0.2693
vn -0.6812 0.6751 0.2831
vn -0.6850 0.6713 0.2833
vn -0.6734 0.6776 0.2957
vn -0.6726 0.6785 0.2953
vn -0.6763 0.6746 0.2959
vn -0.6674 0.6776 0.3088
vn -0.6669 0.6783 0.3085
vn -0.6694 0.6756 0.3089
vn -0.6630 0.6753 0.3231
vn -0.6627 0.6757 0.3230
vn -0.6641 0.6742 0.3231
vn -0.6606 0.6700 0.3386
vn -0.6595 0.6628 0.3547
vn -0.6589 0.6635 0.3543
vn -0.7984 0.2907 0.5273
vn -0.8018 0.2918 0.5214
vn -0.7891 0.2918 0.5405
vn -0.7924 0.2954 0.5337
vn -0.7909 0.2926 0.5375
vn -0.7728 0.3112 0.5531
vn -0.7754 0.3129 0.5484
vn -0.7740 0.3112 0.5515
vn -0.7590 0.3294 0.5617
vn -0.7598 0.3294 0.5605
vn -0.7447 0.3491 0.5688
vn -0.7454 0.3492 0.5679
vn -0.7294 0.3711 0.5747
vn -0.7306 0.3720 0.5726
vn -0.7298 0.3713 0.5740
vn -0.7129 0.3951 0.5794
vn -0.7133 0.3952 0.5788
vn -0.6957 0.4195 0.5831
vn -0.6968 0.4202 0.5813
vn -0.6964 0.4195 0.5823
vn -0.8035 0.3767 0.4609
vn -0.8056 0.3776 0.4564
vn -0.7960 0.4385 0.4172
vn -0.7973 0.4407 0.4125
vn -0.7845 0.4878 0.3830
vn -0.7849 0.4930 0.3754
vn -0.7851 0.4894 0.3796
vn -0.7715 0.5273 0.3561
vn -0.7719 0.5285 0.3534
vn -0.7566 0.5630 0.3325
vn -0.7564 0.5659 0.3279
vn -0.7569 0.5638 0.3304
vn -0.7405 0.5954 0.3117
vn -0.7407 0.5961 0.3100
vn -0.7246 0.6235 0.2935
vn -0.7243 0.6252 0.2906
vn -0.7248 0.6240 0.2922
vn -0.7608 0.3785 0.5272
vn -0.7823 0.2982 0.5469
vn -0.7945 0.3220 0.5149
vn -0.8093 0.2556 0.5289
vn -0.8170 0.2872 0.5000
vn -0.8262 0.2389 0.5102
vn -0.8288 0.2794 0.4848
vn -0.8353 0.2430 0.4932
vn -0.8361 0.2805 0.4715
vn -0.8408 0.2535 0.4783
vn -0.8405 0.2861 0.4601
vn -0.8457 0.2610 0.4656
vn -0.8439 0.2664 0.4657
vn -0.8422 0.2972 0.4499
vn -0.8460 0.2787 0.4545
vn -0.8447 0.2828 0.4544
vn -0.7734 0.3678 0.5163
vn -0.7736 0.3337 0.5387
vn -0.7748 0.3975 0.4916
vn -0.7960 0.3299 0.5076
vn -0.7903 0.3446 0.5067
vn -0.7986 0.3584 0.4835
vn -0.8107 0.3125 0.4951
vn -0.8134 0.3392 0.4725
vn -0.8224 0.3026 0.4817
vn -0.8236 0.3286 0.4623
vn -0.8301 0.3009 0.4694
vn -0.8303 0.3246 0.4531
vn -0.8349 0.3041 0.4587
vn -0.8335 0.3288 0.4441
vn -0.8368 0.3137 0.4488
vn -0.7540 0.4422 0.4857
vn -0.7561 0.4222 0.5000
vn -0.7828 0.3917 0.4834
vn -0.7839 0.3664 0.5012
vn -0.7825 0.4146 0.4645
vn -0.7996 0.3649 0.4770
vn -0.7951 0.3755 0.4763
vn -0.7994 0.3884 0.4583
vn -0.8129 0.3469 0.4678
vn -0.8094 0.3553 0.4676
vn -0.8119 0.3697 0.4519
vn -0.8193 0.3436 0.4590
vn -0.8203 0.3589 0.4453
vn -0.8277 0.3341 0.4508
vn -0.8257 0.3389 0.4509
vn -0.8246 0.3583 0.4379
vn -0.8301 0.3394 0.4425
vn -0.8285 0.3431 0.4425
vn -0.7398 0.4932 0.4577
vn -0.7372 0.4971 0.4576
vn -0.7422 0.4802 0.4674
vn -0.7674 0.4478 0.4588
vn -0.7694 0.4306 0.4718
vn -0.7890 0.4106 0.4570
vn -0.7904 0.3918 0.4709
vn -0.7890 0.4248 0.4439
vn -0.8012 0.3912 0.4528
vn -0.7980 0.3984 0.4521
vn -0.8025 0.4016 0.4412
vn -0.8098 0.3792 0.4477
vn -0.8116 0.3874 0.4373
vn -0.8192 0.3648 0.4425
vn -0.8173 0.3691 0.4425
vn -0.8161 0.3845 0.4314
vn -0.8205 0.3700 0.4358
vn -0.7287 0.5311 0.4323
vn -0.7269 0.5337 0.4322
vn -0.7309 0.5228 0.4388
vn -0.7549 0.4896 0.4364
vn -0.7570 0.4787 0.4448
vn -0.7768 0.4526 0.4379
vn -0.7746 0.4562 0.4381
vn -0.7784 0.4404 0.4473
vn -0.7938 0.4221 0.4379
vn -0.7918 0.4258 0.4380
vn -0.7949 0.4102 0.4471
vn -0.8063 0.3990 0.4367
vn -0.8069 0.3878 0.4456
vn -0.8051 0.4094 0.4292
vn -0.8122 0.3899 0.4339
vn -0.8105 0.3937 0.4337
vn -0.8092 0.4060 0.4246
vn -0.8136 0.3927 0.4287
vn -0.7206 0.5591 0.4101
vn -0.7194 0.5606 0.4100
vn -0.7221 0.5544 0.4138
vn -0.7457 0.5201 0.4164
vn -0.7473 0.5141 0.4211
vn -0.7675 0.4835 0.4209
vn -0.7662 0.4855 0.4209
vn -0.7690 0.4765 0.4262
vn -0.7858 0.4505 0.4238
vn -0.7846 0.4525 0.4238
vn -0.7869 0.4432 0.4293
vn -0.7996 0.4241 0.4251
vn -0.8003 0.4167 0.4311
vn -0.8084 0.4075 0.4248
vn -0.8072 0.4100 0.4247
vn -0.8088 0.3999 0.4312
vn -0.8053 0.4202 0.4182
vn -0.8103 0.4070 0.4216
vn -0.8089 0.4098 0.4215
vn -0.8308 0.3783 0.4082
vn -0.8309 0.3778 0.4085
vn -0.8308 0.3781 0.4085
vn -0.8298 0.3819 0.4070
vn -0.8300 0.3808 0.4076
vn -0.8299 0.3813 0.4074
vn -0.8285 0.3864 0.4052
vn -0.8289 0.3849 0.4060
vn -0.8273 0.3917 0.4026
vn -0.8279 0.3891 0.4040
vn -0.8276 0.3899 0.4038
vn -0.8257 0.3986 0.3991
vn -0.8261 0.3963 0.4008
vn -0.8240 0.4067 0.3945
vn -0.8242 0.4043 0.3966
vn -0.8222 0.4155 0.3890
vn -0.8225 0.4119 0.3923
vn -0.8222 0.4135 0.3913
vn -0.8326 0.3715 0.4107
vn -0.8331 0.3695 0.4115
vn -0.8330 0.3701 0.4114
vn -0.8304 0.3784 0.4089
vn -0.8308 0.3767 0.4098
vn -0.8281 0.3859 0.4067
vn -0.8285 0.3838 0.4078
vn -0.8257 0.3940 0.4038
vn -0.8264 0.3909 0.4054
vn -0.8261 0.3918 0.4051
vn -0.8230 0.4034 0.3999
vn -0.8234 0.4010 0.4016
vn -0.8203 0.4135 0.3951
vn -0.8204 0.4112 0.3972
vn -0.8178 0.4237 0.3895
vn -0.8176 0.4221 0.3917
vn -0.8348 0.3626 0.4143
vn -0.8357 0.3591 0.4156
vn -0.8354 0.3600 0.4154
vn -0.8314 0.3730 0.4118
vn -0.8320 0.3704 0.4131
vn -0.8279 0.3839 0.4089
vn -0.8288 0.3801 0.4106
vn -0.8284 0.3812 0.4104
vn -0.8242 0.3954 0.4055
vn -0.8251 0.3914 0.4075
vn -0.8246 0.3926 0.4072
vn -0.8204 0.4075 0.4012
vn -0.8212 0.4033 0.4038
vn -0.8207 0.4048 0.4032
vn -0.8167 0.4195 0.3962
vn -0.8171 0.4158 0.3993
vn -0.8168 0.4174 0.3983
vn -0.8136 0.4306 0.3907
vn -0.8134 0.4279 0.3940
vn -0.8133 0.4295 0.3926
vn -0.8369 0.3523 0.4188
vn -0.8377 0.3483 0.4206
vn -0.8323 0.3667 0.4156
vn -0.8332 0.3627 0.4174
vn -0.8275 0.3814 0.4121
vn -0.8289 0.3759 0.4143
vn -0.8283 0.3774 0.4141
vn -0.8225 0.3962 0.4080
vn -0.8233 0.3923 0.4102
vn -0.8176 0.4109 0.4032
vn -0.8181 0.4075 0.4057
vn -0.8132 0.4248 0.3979
vn -0.8137 0.4206 0.4013
vn -0.8133 0.4223 0.4003
vn -0.8098 0.4361 0.3925
vn -0.8094 0.4352 0.3944
vn -0.8387 0.3409 0.4246
vn -0.8405 0.3331 0.4273
vn -0.8399 0.3350 0.4271
vn -0.8330 0.3595 0.4206
vn -0.8342 0.3536 0.4231
vn -0.8269 0.3780 0.4163
vn -0.8282 0.3722 0.4190
vn -0.8207 0.3964 0.4115
vn -0.8227 0.3889 0.4147
vn -0.8219 0.3909 0.4143
vn -0.8148 0.4136 0.4062
vn -0.8157 0.4089 0.4092
vn -0.8100 0.4282 0.4007
vn -0.8108 0.4233 0.4043
vn -0.8102 0.4252 0.4034
vn -0.8069 0.4386 0.3957
vn -0.8065 0.4364 0.3989
vn -0.8066 0.4378 0.3973
vn -0.8403 0.3279 0.4317
vn -0.8418 0.3197 0.4348
vn -0.8334 0.3509 0.4270
vn -0.8362 0.3399 0.4305
vn -0.8352 0.3425 0.4303
vn -0.8261 0.3736 0.4220
vn -0.8281 0.3651 0.4254
vn -0.8187 0.3953 0.4165
vn -0.8217 0.3849 0.4203
vn -0.8207 0.3874 0.4200
vn -0.8122 0.4143 0.4108
vn -0.8138 0.4076 0.4142
vn -0.8072 0.4295 0.4049
vn -0.8081 0.4249 0.4080
vn -0.8047 0.4386 0.4000
vn -0.8049 0.4354 0.4033
vn -0.8046 0.4370 0.4021
vn -0.7534 0.5810 0.3081
vn -0.7421 0.5940 0.3106
vn -0.7351 0.6014 0.3130
vn -0.7259 0.6120 0.3139
vn -0.7237 0.6105 0.3218
vn -0.7172 0.6180 0.3220
vn -0.7168 0.6127 0.3329
vn -0.7120 0.6183 0.3329
vn -0.7128 0.6102 0.3458
vn -0.7098 0.6138 0.3457
vn -0.7114 0.6035 0.3601
vn -0.7116 0.6031 0.3603
vn -0.7102 0.6050 0.3600
vn -0.7124 0.5930 0.3753
vn -0.7126 0.5925 0.3757
vn -0.7755 0.5383 0.3300
vn -0.7793 0.5328 0.3298
vn -0.7692 0.5444 0.3347
vn -0.7589 0.5606 0.3314
vn -0.7521 0.5680 0.3343
vn -0.7474 0.5727 0.3369
vn -0.7412 0.5797 0.3384
vn -0.7400 0.5768 0.3460
vn -0.7350 0.5828 0.3466
vn -0.7358 0.5752 0.3573
vn -0.7325 0.5794 0.3573
vn -0.7347 0.5686 0.3701
vn -0.7350 0.5681 0.3703
vn -0.7333 0.5704 0.3700
vn -0.7361 0.5574 0.3841
vn -0.7359 0.5576 0.3841
vn -0.7363 0.5567 0.3846
vn -0.7911 0.5024 0.3489
vn -0.7889 0.5034 0.3523
vn -0.7776 0.5234 0.3485
vn -0.7737 0.5267 0.3521
vn -0.7670 0.5366 0.3518
vn -0.7694 0.5331 0.3519
vn -0.7624 0.5414 0.3545
vn -0.7601 0.5419 0.3586
vn -0.7558 0.5469 0.3601
vn -0.7564 0.5409 0.3679
vn -0.7533 0.5449 0.3684
vn -0.7556 0.5342 0.3790
vn -0.7559 0.5337 0.3793
vn -0.7543 0.5361 0.3790
vn -0.7575 0.5223 0.3917
vn -0.7573 0.5226 0.3917
vn -0.7577 0.5217 0.3921
vn -0.8012 0.4751 0.3637
vn -0.8013 0.4745 0.3644
vn -0.7901 0.4939 0.3630
vn -0.7888 0.4942 0.3654
vn -0.7816 0.5059 0.3649
vn -0.7791 0.5078 0.3676
vn -0.7763 0.5106 0.3698
vn -0.7734 0.5135 0.3717
vn -0.7737 0.5090 0.3771
vn -0.7715 0.5119 0.3780
vn -0.7738 0.5018 0.3866
vn -0.7740 0.5013 0.3868
vn -0.7727 0.5033 0.3867
vn -0.7760 0.4893 0.3979
vn -0.7759 0.4896 0.3979
vn -0.7763 0.4885 0.3984
vn -0.8092 0.4522 0.3751
vn -0.8097 0.4517 0.3746
vn -0.8002 0.4681 0.3750
vn -0.8003 0.4677 0.3753
vn -0.7932 0.4790 0.3760
vn -0.7953 0.4771 0.3740
vn -0.7926 0.4789 0.3774
vn -0.7890 0.4836 0.3790
vn -0.7876 0.4845 0.3808
vn -0.7874 0.4818 0.3845
vn -0.7883 0.4804 0.3845
vn -0.7859 0.4834 0.3857
vn -0.7880 0.4743 0.3925
vn -0.7884 0.4737 0.3925
vn -0.7872 0.4754 0.3927
vn -0.7905 0.4617 0.4024
vn -0.7905 0.4618 0.4024
vn -0.7909 0.4609 0.4026
vn -0.8154 0.4334 0.3838
vn -0.8164 0.4353 0.3794
vn -0.8162 0.4334 0.3820
vn -0.8083 0.4464 0.3840
vn -0.8097 0.4471 0.3802
vn -0.8088 0.4461 0.3832
vn -0.8024 0.4562 0.3847
vn -0.8027 0.4555 0.3848
vn -0.7984 0.4614 0.3868
vn -0.7984 0.4610 0.3873
vn -0.7970 0.4607 0.3905
vn -0.7980 0.4595 0.3898
vn -0.7963 0.4610 0.3916
vn -0.7980 0.4538 0.3966
vn -0.7984 0.4531 0.3966
vn -0.7972 0.4546 0.3972
vn -0.8003 0.4420 0.4053
vn -0.8415 0.3131 0.4402
vn -0.8446 0.2988 0.4442
vn -0.8435 0.3021 0.4441
vn -0.8337 0.3402 0.4350
vn -0.8374 0.3256 0.4391
vn -0.8362 0.3288 0.4390
vn -0.8254 0.3666 0.4294
vn -0.8283 0.3551 0.4334
vn -0.8172 0.3911 0.4234
vn -0.8203 0.3800 0.4274
vn -0.8101 0.4119 0.4172
vn -0.8131 0.4019 0.4210
vn -0.8058 0.4262 0.4112
vn -0.8087 0.4170 0.4148
vn -0.8077 0.4192 0.4145
vn -0.8198 0.4190 0.3904
vn -0.8201 0.4220 0.3864
vn -0.8203 0.4201 0.3880
vn -0.8140 0.4299 0.3907
vn -0.8146 0.4302 0.3891
vn -0.8088 0.4387 0.3916
vn -0.8093 0.4386 0.3907
vn -0.8049 0.4446 0.3931
vn -0.8051 0.4443 0.3929
vn -0.8026 0.4459 0.3962
vn -0.8028 0.4455 0.3962
vn -0.8027 0.4421 0.4002
vn -0.8027 0.4418 0.4007
vn -0.7153 0.5790 0.3912
vn -0.7161 0.5768 0.3931
vn -0.7396 0.5419 0.3991
vn -0.7405 0.5391 0.4013
vn -0.7613 0.5060 0.4055
vn -0.7622 0.5027 0.4079
vn -0.7800 0.4723 0.4105
vn -0.7794 0.4733 0.4104
vn -0.7809 0.4687 0.4130
vn -0.7944 0.4447 0.4137
vn -0.7952 0.4408 0.4164
vn -0.8040 0.4261 0.4148
vn -0.8034 0.4273 0.4148
vn -0.8045 0.4217 0.4182
vn -0.8084 0.4178 0.4146
vn -0.8085 0.4149 0.4174
vn -0.8044 0.4335 0.4062
vn -0.8049 0.4302 0.4086
vn -0.8056 0.4309 0.4066
vn -0.7148 0.3779 0.5884
vn -0.7753 0.1626 0.6103
vn -0.7641 0.2050 0.6116
vn -0.7855 0.2633 0.5600
vn -0.8110 0.1298 0.5705
vn -0.8045 0.1564 0.5730
vn -0.8186 0.2144 0.5329
vn -0.8309 0.1301 0.5410
vn -0.8268 0.1472 0.5429
vn -0.8347 0.2039 0.5115
vn -0.8423 0.1466 0.5187
vn -0.8395 0.1587 0.5198
vn -0.8430 0.2134 0.4937
vn -0.8465 0.1802 0.5010
vn -0.8478 0.2285 0.4787
vn -0.8504 0.2039 0.4850
vn -0.8500 0.2454 0.4661
vn -0.8521 0.2276 0.4713
vn -0.8502 0.2648 0.4550
vn -0.8530 0.2475 0.4595
vn -0.8518 0.2517 0.4594
vn -0.7578 0.3351 0.5599
vn -0.7558 0.2884 0.5879
vn -0.7333 0.4411 0.5173
vn -0.7353 0.4217 0.5305
vn -0.7186 0.5013 0.4820
vn -0.7209 0.4895 0.4906
vn -0.7074 0.5436 0.4517
vn -0.7096 0.5355 0.4579
vn -0.6987 0.5755 0.4250
vn -0.7005 0.5701 0.4293
vn -0.6924 0.5994 0.4015
vn -0.6937 0.5961 0.4042
vn -0.6883 0.6169 0.3818
vn -0.6890 0.6151 0.3832
vn -0.8292 0.3826 0.4074
vn -0.8294 0.3827 0.4069
vn -0.8296 0.3833 0.4061
vn -0.8298 0.3824 0.4065
vn -0.8297 0.3830 0.4060
vn -0.8295 0.3851 0.4045
vn -0.8297 0.3839 0.4052
vn -0.8292 0.3883 0.4021
vn -0.8297 0.3859 0.4033
vn -0.8295 0.3866 0.4030
vn -0.8285 0.3931 0.3988
vn -0.8292 0.3898 0.4005
vn -0.8289 0.3908 0.4002
vn -0.8277 0.3993 0.3943
vn -0.8280 0.3967 0.3962
vn -0.8267 0.4065 0.3890
vn -0.8273 0.4025 0.3920
vn -0.8269 0.4040 0.3912
vn -0.8318 0.3751 0.4092
vn -0.8320 0.3744 0.4095
vn -0.8319 0.3748 0.4092
vn -0.8350 0.3644 0.4124
vn -0.8354 0.3625 0.4131
vn -0.8352 0.3630 0.4130
vn -0.8381 0.3521 0.4166
vn -0.8390 0.3487 0.4178
vn -0.8386 0.3496 0.4177
vn -0.8413 0.3380 0.4219
vn -0.8420 0.3342 0.4235
vn -0.8441 0.3226 0.4283
vn -0.8456 0.3150 0.4309
vn -0.8450 0.3169 0.4307
vn -0.8466 0.3052 0.4360
vn -0.8478 0.2975 0.4390
vn -0.8487 0.2858 0.4450
vn -0.8501 0.2757 0.4486
vn -0.7529 0.5965 0.2779
vn -0.7593 0.5869 0.2811
vn -0.7296 0.6241 0.2797
vn -0.7230 0.6291 0.2856
vn -0.7094 0.6449 0.2844
vn -0.7066 0.6429 0.2957
vn -0.6985 0.6518 0.2953
vn -0.6974 0.6475 0.3073
vn -0.6920 0.6533 0.3071
vn -0.6913 0.6478 0.3200
vn -0.6876 0.6519 0.3198
vn -0.6875 0.6448 0.3340
vn -0.6881 0.6440 0.3343
vn -0.6853 0.6472 0.3339
vn -0.6857 0.6385 0.3493
vn -0.6859 0.6383 0.3494
vn -0.6854 0.6388 0.3495
vn -0.6862 0.6291 0.3652
vn -0.6864 0.6286 0.3656
vn -0.7806 0.5428 0.3098
vn -0.7857 0.5350 0.3105
vn -0.7697 0.5548 0.3159
vn -0.7969 0.5032 0.3344
vn -0.8013 0.4976 0.3320
vn -0.7934 0.5054 0.3393
vn -0.8072 0.4735 0.3526
vn -0.8069 0.4729 0.3540
vn -0.8141 0.4508 0.3660
vn -0.8148 0.4502 0.3653
vn -0.8193 0.4326 0.3763
vn -0.8202 0.4326 0.3743
vn -0.8233 0.4178 0.3842
vn -0.8240 0.4190 0.3814
vn -0.8260 0.4068 0.3902
vn -0.8263 0.4088 0.3875
vn -0.5782 -0.1511 0.8018
vn -0.5833 -0.1476 0.7987
vn -0.5759 -0.1229 0.8082
vn -0.5788 -0.1222 0.8062
vn -0.5735 -0.1041 0.8126
vn -0.5744 -0.1044 0.8119
vn -0.5703 -0.0934 0.8161
vn -0.5735 -0.0929 0.8139
vn -0.5704 -0.0937 0.8160
vn -0.5670 -0.0863 0.8192
vn -0.5695 -0.0865 0.8174
vn -0.5645 -0.0811 0.8214
vn -0.5642 -0.0814 0.8216
vn -0.5621 -0.0781 0.8234
vn -0.5632 -0.0791 0.8225
vn -0.5612 -0.0780 0.8240
vn -0.5697 -0.1597 0.8062
vn -0.5734 -0.1566 0.8042
vn -0.5688 -0.1336 0.8116
vn -0.5717 -0.1321 0.8097
vn -0.5674 -0.1131 0.8156
vn -0.5691 -0.1129 0.8145
vn -0.5657 -0.0998 0.8186
vn -0.5687 -0.0988 0.8166
vn -0.5659 -0.1000 0.8184
vn -0.5634 -0.0908 0.8211
vn -0.5659 -0.0906 0.8195
vn -0.5614 -0.0844 0.8232
vn -0.5632 -0.0847 0.8219
vn -0.5592 -0.0804 0.8251
vn -0.5615 -0.1587 0.8122
vn -0.5638 -0.1564 0.8109
vn -0.5617 -0.1357 0.8161
vn -0.5657 -0.1316 0.8141
vn -0.5640 -0.1342 0.8148
vn -0.5611 -0.1164 0.8195
vn -0.5649 -0.1133 0.8174
vn -0.5630 -0.1157 0.8183
vn -0.5604 -0.1020 0.8219
vn -0.5612 -0.1020 0.8213
vn -0.5596 -0.0917 0.8237
vn -0.5616 -0.0912 0.8224
vn -0.5598 -0.0921 0.8235
vn -0.5585 -0.0843 0.8252
vn -0.5583 -0.0848 0.8253
vn -0.5568 -0.0800 0.8268
vn -0.5579 -0.0807 0.8260
vn -0.5565 -0.0803 0.8270
vn -0.5528 -0.1518 0.8194
vn -0.5549 -0.1489 0.8185
vn -0.5541 -0.1504 0.8187
vn -0.5540 -0.1312 0.8221
vn -0.5558 -0.1297 0.8212
vn -0.5547 -0.1131 0.8243
vn -0.5562 -0.1122 0.8234
vn -0.5552 -0.0988 0.8258
vn -0.5561 -0.0986 0.8253
vn -0.5555 -0.0884 0.8268
vn -0.5550 -0.0817 0.8278
vn -0.5535 -0.0778 0.8292
vn -0.5437 -0.1405 0.8274
vn -0.5442 -0.1398 0.8272
vn -0.5463 -0.1209 0.8288
vn -0.5473 -0.1195 0.8284
vn -0.5469 -0.1203 0.8285
vn -0.5485 -0.1037 0.8297
vn -0.5493 -0.1028 0.8293
vn -0.5500 -0.0905 0.8303
vn -0.5508 -0.0896 0.8298
vn -0.5504 -0.0901 0.8300
vn -0.5512 -0.0806 0.8304
vn -0.5517 -0.0802 0.8301
vn -0.5515 -0.0749 0.8308
vn -0.5522 -0.0746 0.8304
vn -0.5501 -0.0723 0.8319
vn -0.5512 -0.0724 0.8312
vn -0.5345 -0.1250 0.8359
vn -0.5382 -0.1062 0.8361
vn -0.5412 -0.0898 0.8361
vn -0.5412 -0.0904 0.8360
vn -0.5413 -0.0903 0.8360
vn -0.5444 -0.0771 0.8353
vn -0.5441 -0.0774 0.8355
vn -0.5465 -0.0682 0.8347
vn -0.5462 -0.0685 0.8349
vn -0.5476 -0.0637 0.8343
vn -0.5470 -0.0634 0.8347
vn -0.5516 -0.0687 0.8313
vn -0.5519 -0.0691 0.8310
vn -0.5504 -0.0588 0.8328
vn -0.5506 -0.0596 0.8326
vn -0.5497 -0.0582 0.8334
vn -0.5477 -0.0462 0.8354
vn -0.5481 -0.0473 0.8351
vn -0.5467 -0.0453 0.8361
vn -0.5440 -0.0313 0.8385
vn -0.5446 -0.0329 0.8381
vn -0.5426 -0.0298 0.8395
vn -0.5391 -0.0139 0.8422
vn -0.5372 -0.0115 0.8434
vn -0.5329 0.0062 0.8461
vn -0.5339 0.0034 0.8456
vn -0.5306 0.0094 0.8476
vn -0.5257 0.0291 0.8502
vn -0.5228 0.0335 0.8518
vn -0.5521 -0.0702 0.8308
vn -0.5508 -0.0628 0.8323
vn -0.5511 -0.0635 0.8320
vn -0.5502 -0.0623 0.8327
vn -0.5482 -0.0526 0.8347
vn -0.5486 -0.0537 0.8343
vn -0.5473 -0.0516 0.8354
vn -0.5447 -0.0401 0.8377
vn -0.5453 -0.0417 0.8372
vn -0.5433 -0.0384 0.8387
vn -0.5400 -0.0251 0.8413
vn -0.5407 -0.0273 0.8408
vn -0.5381 -0.0228 0.8426
vn -0.5342 -0.0074 0.8453
vn -0.5318 -0.0040 0.8469
vn -0.5274 0.0133 0.8495
vn -0.5283 0.0098 0.8490
vn -0.5244 0.0181 0.8513
vn -0.5532 -0.0713 0.8300
vn -0.5527 -0.0709 0.8304
vn -0.5515 -0.0661 0.8315
vn -0.5517 -0.0669 0.8313
vn -0.5508 -0.0655 0.8321
vn -0.5488 -0.0584 0.8339
vn -0.5494 -0.0596 0.8335
vn -0.5480 -0.0577 0.8345
vn -0.5456 -0.0485 0.8367
vn -0.5462 -0.0501 0.8362
vn -0.5442 -0.0470 0.8377
vn -0.5411 -0.0361 0.8402
vn -0.5418 -0.0382 0.8396
vn -0.5392 -0.0337 0.8415
vn -0.5356 -0.0210 0.8442
vn -0.5332 -0.0174 0.8458
vn -0.5291 -0.0025 0.8486
vn -0.5299 -0.0060 0.8481
vn -0.5262 0.0027 0.8503
vn -0.5543 -0.0723 0.8292
vn -0.5537 -0.0720 0.8296
vn -0.5523 -0.0692 0.8308
vn -0.5517 -0.0687 0.8312
vn -0.5498 -0.0639 0.8329
vn -0.5504 -0.0650 0.8324
vn -0.5489 -0.0631 0.8335
vn -0.5465 -0.0564 0.8356
vn -0.5452 -0.0550 0.8365
vn -0.5423 -0.0466 0.8389
vn -0.5405 -0.0444 0.8402
vn -0.5371 -0.0341 0.8428
vn -0.5378 -0.0368 0.8422
vn -0.5348 -0.0306 0.8444
vn -0.5311 -0.0179 0.8471
vn -0.5284 -0.0126 0.8489
vn -0.5556 -0.0735 0.8282
vn -0.5560 -0.0742 0.8278
vn -0.5550 -0.0731 0.8286
vn -0.5536 -0.0721 0.8297
vn -0.5542 -0.0730 0.8292
vn -0.5530 -0.0717 0.8301
vn -0.5512 -0.0689 0.8315
vn -0.5518 -0.0700 0.8311
vn -0.5501 -0.0681 0.8323
vn -0.5479 -0.0636 0.8341
vn -0.5486 -0.0650 0.8336
vn -0.5465 -0.0625 0.8351
vn -0.5438 -0.0563 0.8373
vn -0.5421 -0.0546 0.8385
vn -0.5390 -0.0461 0.8411
vn -0.5397 -0.0485 0.8404
vn -0.5368 -0.0431 0.8426
vn -0.5336 -0.0320 0.8452
vn -0.5311 -0.0270 0.8469
vn -0.5573 -0.0748 0.8269
vn -0.5566 -0.0743 0.8274
vn -0.5554 -0.0750 0.8282
vn -0.5547 -0.0748 0.8287
vn -0.5525 -0.0734 0.8303
vn -0.5535 -0.0745 0.8295
vn -0.5519 -0.0731 0.8307
vn -0.5495 -0.0698 0.8326
vn -0.5504 -0.0711 0.8319
vn -0.5484 -0.0694 0.8333
vn -0.5456 -0.0643 0.8356
vn -0.5465 -0.0659 0.8348
vn -0.5443 -0.0635 0.8365
vn -0.5411 -0.0561 0.8391
vn -0.5421 -0.0582 0.8383
vn -0.5393 -0.0542 0.8403
vn -0.5363 -0.0436 0.8429
vn -0.5369 -0.0460 0.8424
vn -0.5343 -0.0402 0.8443
vn -0.4286 0.1215 0.8953
vn -0.4234 0.1575 0.8922
vn -0.4438 0.0729 0.8931
vn -0.4425 0.1042 0.8907
vn -0.4388 0.0952 0.8935
vn -0.4584 0.0310 0.8882
vn -0.4552 0.0445 0.8893
vn -0.4730 -0.0070 0.8811
vn -0.4709 0.0024 0.8822
vn -0.4870 -0.0403 0.8725
vn -0.4875 -0.0304 0.8726
vn -0.4858 -0.0336 0.8734
vn -0.5003 -0.0681 0.8632
vn -0.4997 -0.0638 0.8639
vn -0.5124 -0.0911 0.8539
vn -0.5129 -0.0872 0.8540
vn -0.5121 -0.0886 0.8544
vn -0.4514 0.1485 0.8799
vn -0.4616 0.1187 0.8791
vn -0.4593 0.0752 0.8851
vn -0.4596 0.1101 0.8813
vn -0.4562 0.0997 0.8843
vn -0.4711 0.0368 0.8813
vn -0.4680 0.0545 0.8821
vn -0.4836 0.0026 0.8753
vn -0.4834 0.0203 0.8752
vn -0.4810 0.0150 0.8766
vn -0.4958 -0.0271 0.8680
vn -0.4940 -0.0190 0.8692
vn -0.5072 -0.0524 0.8602
vn -0.5075 -0.0449 0.8605
vn -0.5063 -0.0473 0.8611
vn -0.5180 -0.0738 0.8522
vn -0.5183 -0.0694 0.8524
vn -0.5176 -0.0708 0.8527
vn -0.4704 0.1366 0.8718
vn -0.4788 0.1160 0.8702
vn -0.4766 0.0931 0.8742
vn -0.4839 0.0714 0.8722
vn -0.4833 0.0373 0.8747
vn -0.4812 0.0560 0.8748
vn -0.4937 0.0074 0.8696
vn -0.4937 0.0270 0.8692
vn -0.4915 0.0212 0.8706
vn -0.5039 -0.0181 0.8635
vn -0.5021 -0.0089 0.8648
vn -0.5137 -0.0399 0.8570
vn -0.5137 -0.0318 0.8574
vn -0.5125 -0.0343 0.8580
vn -0.5232 -0.0593 0.8502
vn -0.5226 -0.0560 0.8507
vn -0.4862 0.1151 0.8662
vn -0.4932 0.1001 0.8641
vn -0.4907 0.0802 0.8676
vn -0.4897 0.0900 0.8672
vn -0.4971 0.0637 0.8654
vn -0.4965 0.0473 0.8668
vn -0.5018 0.0309 0.8645
vn -0.5027 0.0078 0.8644
vn -0.5012 0.0208 0.8651
vn -0.5111 -0.0127 0.8594
vn -0.5096 -0.0035 0.8604
vn -0.5195 -0.0308 0.8539
vn -0.5183 -0.0250 0.8548
vn -0.5278 -0.0478 0.8480
vn -0.5280 -0.0429 0.8482
vn -0.5272 -0.0445 0.8486
vn -0.4994 0.0920 0.8614
vn -0.5051 0.0812 0.8592
vn -0.5027 0.0643 0.8621
vn -0.5017 0.0719 0.8621
vn -0.5080 0.0521 0.8598
vn -0.5067 0.0381 0.8613
vn -0.5061 0.0453 0.8613
vn -0.5113 0.0256 0.8590
vn -0.5117 0.0149 0.8591
vn -0.5113 0.0214 0.8591
vn -0.5153 0.0034 0.8570
vn -0.5171 -0.0123 0.8559
vn -0.5160 -0.0033 0.8566
vn -0.5243 -0.0266 0.8511
vn -0.5233 -0.0206 0.8519
vn -0.5319 -0.0409 0.8458
vn -0.5319 -0.0359 0.8461
vn -0.5312 -0.0374 0.8464
vn -0.5105 0.0691 0.8571
vn -0.5150 0.0615 0.8550
vn -0.5127 0.0471 0.8573
vn -0.5118 0.0529 0.8575
vn -0.5171 0.0384 0.8551
vn -0.5155 0.0259 0.8565
vn -0.5195 0.0167 0.8543
vn -0.5188 0.0067 0.8549
vn -0.5222 -0.0025 0.8528
vn -0.5231 -0.0099 0.8522
vn -0.5229 -0.0052 0.8524
vn -0.5257 -0.0183 0.8505
vn -0.5281 -0.0293 0.8486
vn -0.5283 -0.0202 0.8488
vn -0.5275 -0.0227 0.8493
vn -0.5350 -0.0396 0.8439
vn -0.5350 -0.0343 0.8442
vn -0.5345 -0.0359 0.8444
vn -0.5596 -0.0764 0.8252
vn -0.5604 -0.0773 0.8246
vn -0.5589 -0.0763 0.8257
vn -0.5573 -0.0776 0.8267
vn -0.5582 -0.0786 0.8259
vn -0.5565 -0.0773 0.8273
vn -0.5547 -0.0771 0.8285
vn -0.5539 -0.0770 0.8290
vn -0.5514 -0.0746 0.8309
vn -0.5525 -0.0755 0.8301
vn -0.5508 -0.0746 0.8313
vn -0.5476 -0.0699 0.8338
vn -0.5489 -0.0708 0.8329
vn -0.5474 -0.0700 0.8340
vn -0.5437 -0.0627 0.8369
vn -0.5428 -0.0622 0.8376
vn -0.5197 0.0457 0.8531
vn -0.5186 0.0502 0.8535
vn -0.5233 0.0402 0.8512
vn -0.5213 0.0275 0.8529
vn -0.5250 0.0213 0.8509
vn -0.5233 0.0097 0.8521
vn -0.5226 0.0143 0.8524
vn -0.5268 0.0029 0.8500
vn -0.5256 -0.0070 0.8507
vn -0.5288 -0.0140 0.8486
vn -0.5286 -0.0218 0.8486
vn -0.5283 -0.0179 0.8489
vn -0.5314 -0.0287 0.8467
vn -0.5323 -0.0335 0.8459
vn -0.5344 -0.0391 0.8443
vn -0.5242 -0.1057 0.8450
vn -0.5243 -0.1071 0.8448
vn -0.5288 -0.0872 0.8442
vn -0.5290 -0.0887 0.8440
vn -0.5332 -0.0715 0.8430
vn -0.5326 -0.0740 0.8431
vn -0.5332 -0.0731 0.8428
vn -0.5370 -0.0590 0.8415
vn -0.5370 -0.0606 0.8414
vn -0.5401 -0.0508 0.8401
vn -0.5401 -0.0524 0.8399
vn -0.5424 -0.0480 0.8387
vn -0.5417 -0.0497 0.8391
vn -0.5422 -0.0491 0.8388
vn -0.5439 -0.0497 0.8377
vn -0.5428 -0.0505 0.8383
vn -0.5435 -0.0499 0.8379
vn -0.5396 -0.0513 0.8403
vn -0.5381 -0.0498 0.8414
vn -0.5370 -0.0423 0.8425
vn -0.5371 -0.0388 0.8426
vn -0.5368 -0.0398 0.8427
vn -0.5888 -0.1732 0.7895
vn -0.6006 -0.1635 0.7827
vn -0.5868 -0.1279 0.7996
vn -0.5926 -0.1254 0.7957
vn -0.5831 -0.1030 0.8058
vn -0.5851 -0.1033 0.8044
vn -0.5789 -0.0903 0.8104
vn -0.5791 -0.0906 0.8102
vn -0.5742 -0.0835 0.8144
vn -0.5774 -0.0836 0.8121
vn -0.5704 -0.0787 0.8176
vn -0.5727 -0.0796 0.8159
vn -0.5701 -0.0790 0.8177
vn -0.5672 -0.0758 0.8201
vn -0.5686 -0.0769 0.8190
vn -0.5663 -0.0759 0.8207
vn -0.5642 -0.0744 0.8223
vn -0.5633 -0.0741 0.8229
vn -0.5797 -0.1873 0.7930
vn -0.5857 -0.1808 0.7901
vn -0.5700 -0.1878 0.7999
vn -0.5730 -0.1845 0.7985
vn -0.5601 -0.1830 0.8079
vn -0.5627 -0.1792 0.8070
vn -0.5620 -0.1810 0.8071
vn -0.5504 -0.1745 0.8165
vn -0.5513 -0.1733 0.8161
vn -0.5404 -0.1619 0.8257
vn -0.5408 -0.1615 0.8255
vn -0.5297 -0.1462 0.8355
vn -0.5297 -0.1469 0.8354
vn -0.5300 -0.1465 0.8352
vn -0.5190 -0.1273 0.8452
vn -0.5185 -0.1292 0.8453
vn -0.5190 -0.1285 0.8451
vn -0.5520 -0.0749 0.8305
vn -0.5513 -0.0662 0.8317
vn -0.5516 -0.0665 0.8315
vn -0.5499 -0.0540 0.8335
vn -0.5502 -0.0548 0.8332
vn -0.5493 -0.0535 0.8339
vn -0.5472 -0.0393 0.8361
vn -0.5476 -0.0405 0.8357
vn -0.5463 -0.0384 0.8367
vn -0.5432 -0.0223 0.8393
vn -0.5439 -0.0239 0.8388
vn -0.5419 -0.0209 0.8402
vn -0.5380 -0.0026 0.8429
vn -0.5389 -0.0048 0.8423
vn -0.5363 -0.0006 0.8440
vn -0.5317 0.0195 0.8467
vn -0.5295 0.0223 0.8480
vn -0.5242 0.0445 0.8504
vn -0.5215 0.0481 0.8519
vn -0.5523 -0.0746 0.8303
vn -0.5530 -0.0739 0.8299
vn -0.5529 -0.0736 0.8300
vn -0.5542 -0.0733 0.8292
vn -0.5539 -0.0733 0.8294
vn -0.5551 -0.0729 0.8286
vn -0.5566 -0.0729 0.8276
vn -0.5574 -0.0736 0.8270
vn -0.5590 -0.0731 0.8260
vn -0.5586 -0.0731 0.8262
vn -0.5615 -0.0736 0.8242
vn -0.5605 -0.0731 0.8249
vn -0.3804 0.2305 0.8956
vn -0.3786 0.2652 0.8867
vn -0.3976 0.1523 0.9049
vn -0.4088 0.1162 0.9052
vn -0.4017 0.1475 0.9038
vn -0.4266 0.0651 0.9021
vn -0.4238 0.0780 0.9024
vn -0.4451 0.0177 0.8953
vn -0.4436 0.0265 0.8958
vn -0.4622 -0.0227 0.8865
vn -0.4613 -0.0162 0.8871
vn -0.4783 -0.0577 0.8763
vn -0.4777 -0.0528 0.8769
vn -0.4932 -0.0874 0.8655
vn -0.4929 -0.0840 0.8660
vn -0.5064 -0.1117 0.8550
vn -0.5062 -0.1095 0.8554
vn -0.4176 0.2271 0.8798
vn -0.4156 0.2500 0.8745
vn -0.4323 0.1824 0.8831
vn -0.4452 0.2077 0.8710
vn -0.4431 0.2234 0.8682
vn -0.4567 0.1811 0.8710
vn -0.4662 0.1806 0.8661
vn -0.4642 0.1922 0.8647
vn -0.4749 0.1634 0.8647
vn -0.4831 0.1499 0.8627
vn -0.4900 0.1378 0.8608
vn -0.4970 0.1198 0.8594
vn -0.5026 0.1110 0.8574
vn -0.5087 0.0912 0.8561
vn -0.5130 0.0850 0.8542
vn -0.5183 0.0637 0.8528
vn -0.5170 0.0680 0.8533
vn -0.5217 0.0592 0.8511
vn -0.5803 -0.2305 0.7811
vn -0.5809 -0.2297 0.7809
vn -0.5807 -0.2302 0.7809
vn -0.5677 -0.2272 0.7913
vn -0.5680 -0.2268 0.7912
vn -0.5558 -0.2212 0.8013
vn -0.5562 -0.2206 0.8012
vn -0.5562 -0.2209 0.8011
vn -0.5444 -0.2124 0.8115
vn -0.5329 -0.2004 0.8221
vn -0.5325 -0.2009 0.8222
vn -0.5327 -0.2007 0.8222
vn -0.5211 -0.1853 0.8331
vn -0.5206 -0.1860 0.8333
vn -0.5089 -0.1670 0.8444
vn -0.5089 -0.1677 0.8443
vn -0.5798 -0.2377 0.7794
vn -0.5667 -0.2348 0.7898
vn -0.5545 -0.2293 0.8000
vn -0.5543 -0.2296 0.8000
vn -0.5427 -0.2209 0.8104
vn -0.5306 -0.2095 0.8213
vn -0.5302 -0.2100 0.8215
vn -0.5304 -0.2098 0.8214
vn -0.5180 -0.1947 0.8329
vn -0.5176 -0.1958 0.8329
vn -0.5180 -0.1953 0.8328
vn -0.5055 -0.1770 0.8445
vn -0.5051 -0.1783 0.8444
vn -0.5054 -0.1780 0.8443
vn -0.5795 -0.2389 0.7792
vn -0.5796 -0.2392 0.7790
vn -0.5663 -0.2359 0.7897
vn -0.5663 -0.2362 0.7896
vn -0.5538 -0.2306 0.8001
vn -0.5534 -0.2317 0.8000
vn -0.5537 -0.2314 0.8000
vn -0.5415 -0.2227 0.8107
vn -0.5411 -0.2238 0.8106
vn -0.5415 -0.2233 0.8105
vn -0.5290 -0.2119 0.8218
vn -0.5285 -0.2132 0.8217
vn -0.5290 -0.2125 0.8216
vn -0.5162 -0.1980 0.8332
vn -0.5163 -0.1987 0.8331
vn -0.5036 -0.1809 0.8448
vn -0.5031 -0.1821 0.8448
vn -0.5035 -0.1816 0.8447
vn -0.5793 -0.2354 0.7804
vn -0.5784 -0.2368 0.7806
vn -0.5663 -0.2314 0.7911
vn -0.5664 -0.2318 0.7909
vn -0.5537 -0.2262 0.8014
vn -0.5531 -0.2277 0.8014
vn -0.5539 -0.2266 0.8012
vn -0.5411 -0.2185 0.8120
vn -0.5405 -0.2202 0.8120
vn -0.5411 -0.2194 0.8119
vn -0.5283 -0.2084 0.8231
vn -0.5283 -0.2093 0.8228
vn -0.5158 -0.1959 0.8340
vn -0.5149 -0.1969 0.8343
vn -0.5156 -0.1961 0.8341
vn -0.5025 -0.1789 0.8459
vn -0.5020 -0.1804 0.8458
vn -0.5025 -0.1798 0.8457
vn -0.5785 -0.2264 0.7836
vn -0.5773 -0.2292 0.7837
vn -0.5782 -0.2276 0.7835
vn -0.5660 -0.2217 0.7940
vn -0.5657 -0.2230 0.7939
vn -0.5536 -0.2160 0.8043
vn -0.5533 -0.2173 0.8041
vn -0.5409 -0.2086 0.8148
vn -0.5400 -0.2111 0.8147
vn -0.5407 -0.2100 0.8146
vn -0.5280 -0.1996 0.8255
vn -0.5280 -0.2008 0.8252
vn -0.5150 -0.1882 0.8362
vn -0.5145 -0.1902 0.8361
vn -0.5151 -0.1894 0.8360
vn -0.5022 -0.1736 0.8471
vn -0.5021 -0.1743 0.8470
vn -0.5770 -0.2131 0.7884
vn -0.5766 -0.2148 0.7883
vn -0.5650 -0.2071 0.7987
vn -0.5647 -0.2087 0.7985
vn -0.5527 -0.2004 0.8089
vn -0.5524 -0.2023 0.8086
vn -0.5402 -0.1928 0.8192
vn -0.5399 -0.1947 0.8189
vn -0.5276 -0.1849 0.8291
vn -0.5275 -0.1868 0.8288
vn -0.5150 -0.1764 0.8389
vn -0.5149 -0.1777 0.8386
vn -0.5025 -0.1654 0.8486
vn -0.5019 -0.1661 0.8488
vn -0.3774 0.1027 0.9204
vn -0.3778 0.1028 0.9202
vn -0.3731 0.1019 0.9222
vn -0.3751 0.1016 0.9214
vn -0.3726 0.1022 0.9223
vn -0.3706 0.1038 0.9230
vn -0.3717 0.1035 0.9226
vn -0.3703 0.1039 0.9231
vn -0.3700 0.1082 0.9227
vn -0.3706 0.1080 0.9225
vn -0.3717 0.1142 0.9213
vn -0.3757 0.1213 0.9188
vn -0.3751 0.1216 0.9190
vn -0.3813 0.1290 0.9154
vn -0.3807 0.1298 0.9156
vn -0.3823 0.1283 0.9151
vn -0.4036 0.0400 0.9140
vn -0.4063 0.0424 0.9127
vn -0.4043 0.0411 0.9137
vn -0.3989 0.0377 0.9162
vn -0.3963 0.0400 0.9172
vn -0.3978 0.0399 0.9166
vn -0.3959 0.0459 0.9171
vn -0.3957 0.0463 0.9172
vn -0.3970 0.0539 0.9162
vn -0.3975 0.0537 0.9160
vn -0.4010 0.0626 0.9140
vn -0.4006 0.0628 0.9141
vn -0.4070 0.0710 0.9107
vn -0.4080 0.0704 0.9103
vn -0.4264 -0.0119 0.9045
vn -0.4268 -0.0101 0.9043
vn -0.4215 -0.0161 0.9067
vn -0.4235 -0.0152 0.9058
vn -0.4189 -0.0152 0.9079
vn -0.4204 -0.0149 0.9072
vn -0.4181 -0.0095 0.9083
vn -0.4192 -0.0096 0.9079
vn -0.4198 -0.0010 0.9076
vn -0.4199 -0.0011 0.9076
vn -0.4195 -0.0010 0.9078
vn -0.4234 0.0086 0.9059
vn -0.4230 0.0088 0.9061
vn -0.4296 0.0175 0.9029
vn -0.4308 0.0170 0.9023
vn -0.4461 -0.0551 0.8933
vn -0.4477 -0.0520 0.8926
vn -0.4464 -0.0533 0.8932
vn -0.4418 -0.0618 0.8950
vn -0.4431 -0.0602 0.8944
vn -0.4420 -0.0609 0.8949
vn -0.4392 -0.0623 0.8962
vn -0.4404 -0.0618 0.8957
vn -0.4385 -0.0580 0.8969
vn -0.4395 -0.0578 0.8964
vn -0.4396 -0.0502 0.8968
vn -0.4434 -0.0405 0.8954
vn -0.4431 -0.0404 0.8956
vn -0.4498 -0.0314 0.8926
vn -0.4509 -0.0318 0.8920
vn -0.4642 -0.0922 0.8809
vn -0.4654 -0.0894 0.8805
vn -0.4644 -0.0906 0.8810
vn -0.4602 -0.1003 0.8821
vn -0.4613 -0.0986 0.8818
vn -0.4604 -0.0993 0.8821
vn -0.4576 -0.1022 0.8833
vn -0.4586 -0.1016 0.8828
vn -0.4568 -0.0993 0.8840
vn -0.4575 -0.0990 0.8837
vn -0.4576 -0.0926 0.8843
vn -0.4580 -0.0926 0.8841
vn -0.4668 -0.0732 0.8813
vn -0.4660 -0.0725 0.8818
vn -0.4675 -0.0733 0.8810
vn -0.4806 -0.1236 0.8682
vn -0.4816 -0.1213 0.8680
vn -0.4808 -0.1222 0.8683
vn -0.4768 -0.1328 0.8689
vn -0.4770 -0.1317 0.8690
vn -0.4744 -0.1358 0.8698
vn -0.4745 -0.1352 0.8698
vn -0.4733 -0.1335 0.8707
vn -0.4740 -0.1330 0.8704
vn -0.4736 -0.1280 0.8714
vn -0.4741 -0.1278 0.8711
vn -0.4753 -0.1192 0.8717
vn -0.4756 -0.1192 0.8716
vn -0.4796 -0.1078 0.8708
vn -0.4701 0.0488 0.8813
vn -0.4820 0.0341 0.8755
vn -0.5038 -0.0182 0.8636
vn -0.5128 -0.0297 0.8580
vn -0.5241 -0.0347 0.8510
vn -0.5220 -0.0554 0.8512
vn -0.5249 -0.0446 0.8500
vn -0.5419 -0.0764 0.8370
vn -0.5420 -0.0838 0.8362
vn -0.5548 -0.1125 0.8243
vn -0.5518 -0.1250 0.8246
vn -0.5545 -0.1180 0.8238
vn -0.5640 -0.1449 0.8130
vn -0.5612 -0.1544 0.8132
vn -0.5636 -0.1490 0.8125
vn -0.5702 -0.1726 0.8032
vn -0.5677 -0.1797 0.8034
vn -0.5698 -0.1756 0.8028
vn -0.4472 0.0859 0.8903
vn -0.4571 0.0751 0.8862
vn -0.4824 0.0146 0.8758
vn -0.4912 0.0041 0.8710
vn -0.5084 -0.0403 0.8602
vn -0.5153 -0.0489 0.8556
vn -0.5269 -0.0810 0.8461
vn -0.5321 -0.0875 0.8422
vn -0.5407 -0.1162 0.8332
vn -0.5444 -0.1211 0.8300
vn -0.5505 -0.1477 0.8216
vn -0.5485 -0.1425 0.8239
vn -0.5532 -0.1514 0.8192
vn -0.5580 -0.1628 0.8137
vn -0.5576 -0.1662 0.8133
vn -0.4306 0.1116 0.8956
vn -0.4375 0.1048 0.8931
vn -0.4646 0.0406 0.8846
vn -0.4722 0.0321 0.8809
vn -0.4915 -0.0168 0.8707
vn -0.4881 -0.0095 0.8727
vn -0.4985 -0.0251 0.8665
vn -0.5117 -0.0617 0.8570
vn -0.5171 -0.0685 0.8532
vn -0.5269 -0.1011 0.8439
vn -0.5309 -0.1063 0.8408
vn -0.5378 -0.1358 0.8321
vn -0.5359 -0.1310 0.8341
vn -0.5407 -0.1399 0.8295
vn -0.5456 -0.1529 0.8240
vn -0.5454 -0.1568 0.8234
vn -0.4185 0.1276 0.8992
vn -0.4237 0.1228 0.8975
vn -0.4503 0.0604 0.8908
vn -0.4565 0.0540 0.8881
vn -0.4766 0.0032 0.8791
vn -0.4827 -0.0036 0.8758
vn -0.4973 -0.0450 0.8664
vn -0.4949 -0.0397 0.8681
vn -0.5023 -0.0511 0.8632
vn -0.5132 -0.0876 0.8538
vn -0.5111 -0.0827 0.8555
vn -0.5172 -0.0928 0.8508
vn -0.5248 -0.1247 0.8420
vn -0.5278 -0.1290 0.8395
vn -0.5326 -0.1555 0.8320
vn -0.5347 -0.1591 0.8299
vn -0.4079 0.1366 0.9028
vn -0.4063 0.1393 0.9031
vn -0.4117 0.1333 0.9015
vn -0.4376 0.0733 0.8962
vn -0.4423 0.0687 0.8943
vn -0.4628 0.0170 0.8863
vn -0.4608 0.0211 0.8873
vn -0.4677 0.0120 0.8838
vn -0.4837 -0.0329 0.8746
vn -0.4817 -0.0287 0.8758
vn -0.4881 -0.0378 0.8720
vn -0.5002 -0.0768 0.8625
vn -0.4985 -0.0728 0.8639
vn -0.5040 -0.0815 0.8599
vn -0.5126 -0.1149 0.8509
vn -0.5157 -0.1193 0.8484
vn -0.5208 -0.1464 0.8410
vn -0.5198 -0.1430 0.8423
vn -0.5230 -0.1502 0.8390
vn -0.3981 0.1392 0.9067
vn -0.3969 0.1411 0.9069
vn -0.4008 0.1371 0.9059
vn -0.4259 0.0788 0.9013
vn -0.4293 0.0759 0.9000
vn -0.4502 0.0238 0.8926
vn -0.4486 0.0267 0.8934
vn -0.4537 0.0206 0.8909
vn -0.4709 -0.0262 0.8818
vn -0.4744 -0.0295 0.8798
vn -0.4878 -0.0697 0.8702
vn -0.4912 -0.0732 0.8680
vn -0.5012 -0.1069 0.8587
vn -0.5043 -0.1108 0.8564
vn -0.5103 -0.1382 0.8488
vn -0.5124 -0.1418 0.8469
vn -0.4952 -0.1496 0.8558
vn -0.4952 -0.1483 0.8560
vn -0.4915 -0.1591 0.8563
vn -0.4922 -0.1574 0.8561
vn -0.4915 -0.1581 0.8564
vn -0.4892 -0.1626 0.8569
vn -0.4898 -0.1613 0.8568
vn -0.4893 -0.1618 0.8570
vn -0.4882 -0.1608 0.8578
vn -0.4888 -0.1598 0.8577
vn -0.4883 -0.1602 0.8578
vn -0.4880 -0.1555 0.8589
vn -0.4885 -0.1551 0.8586
vn -0.4889 -0.1480 0.8597
vn -0.4893 -0.1478 0.8595
vn -0.3892 0.1362 0.9110
vn -0.3883 0.1374 0.9112
vn -0.3910 0.1348 0.9105
vn -0.4156 0.0776 0.9062
vn -0.4178 0.0760 0.9054
vn -0.4389 0.0237 0.8982
vn -0.4413 0.0220 0.8971
vn -0.4594 -0.0256 0.8879
vn -0.4582 -0.0236 0.8886
vn -0.4617 -0.0273 0.8866
vn -0.4764 -0.0679 0.8766
vn -0.4751 -0.0657 0.8775
vn -0.4786 -0.0695 0.8753
vn -0.4900 -0.1025 0.8657
vn -0.4926 -0.1049 0.8639
vn -0.5744 -0.1952 0.7949
vn -0.5723 -0.2006 0.7951
vn -0.5740 -0.1974 0.7947
vn -0.5625 -0.1873 0.8053
vn -0.5605 -0.1931 0.8053
vn -0.5620 -0.1900 0.8050
vn -0.5503 -0.1793 0.8155
vn -0.5500 -0.1821 0.8151
vn -0.5378 -0.1710 0.8255
vn -0.5376 -0.1740 0.8251
vn -0.5258 -0.1630 0.8348
vn -0.5247 -0.1683 0.8345
vn -0.5257 -0.1659 0.8343
vn -0.5143 -0.1580 0.8429
vn -0.5143 -0.1597 0.8426
vn -0.5024 -0.1537 0.8508
vn -0.4901 -0.1374 0.8608
vn -0.4913 -0.1373 0.8601
vn -0.4898 -0.1375 0.8609
vn -0.5000 -0.1328 0.8558
vn -0.5023 -0.1360 0.8539
vn -0.6009 -0.2097 0.7714
vn -0.6006 -0.2111 0.7712
vn -0.5811 -0.2159 0.7846
vn -0.5833 -0.2123 0.7840
vn -0.5828 -0.2138 0.7840
vn -0.5689 -0.2124 0.7945
vn -0.5701 -0.2109 0.7940
vn -0.5577 -0.2061 0.8040
vn -0.5590 -0.2041 0.8036
vn -0.5587 -0.2050 0.8037
vn -0.5472 -0.1964 0.8136
vn -0.5477 -0.1958 0.8134
vn -0.5476 -0.1962 0.8134
vn -0.5251 -0.1689 0.8341
vn -0.5247 -0.1694 0.8343
vn -0.5134 -0.1501 0.8449
vn -0.5129 -0.1517 0.8449
vn -0.5133 -0.1511 0.8448
vn -0.5966 -0.2301 0.7688
vn -0.5965 -0.2297 0.7691
vn -0.5948 -0.2379 0.7679
vn -0.5950 -0.2386 0.7675
vn -0.5944 -0.2406 0.7673
vn -0.5936 -0.2419 0.7675
vn -0.5931 -0.2374 0.7693
vn -0.5929 -0.2385 0.7692
vn -0.5916 -0.2304 0.7726
vn -0.5912 -0.2317 0.7725
vn -0.5896 -0.2187 0.7775
vn -0.5877 -0.2229 0.7778
vn -0.5892 -0.2202 0.7774
vn -0.5867 -0.2026 0.7840
vn -0.5863 -0.2046 0.7839
vn -0.3524 0.2026 0.9137
vn -0.3536 0.2029 0.9131
vn -0.3466 0.1821 0.9202
vn -0.3456 0.1829 0.9204
vn -0.3420 0.1778 0.9227
vn -0.3417 0.1784 0.9227
vn -0.3399 0.1758 0.9239
vn -0.3404 0.1768 0.9235
vn -0.3427 0.1800 0.9221
vn -0.3423 0.1802 0.9222
vn -0.3464 0.1852 0.9196
vn -0.3460 0.1857 0.9197
vn -0.3469 0.1849 0.9195
vn -0.3521 0.1923 0.9160
vn -0.3528 0.1918 0.9158
vn -0.3858 0.1098 0.9160
vn -0.3871 0.1139 0.9150
vn -0.4119 0.0495 0.9099
vn -0.4145 0.0573 0.9083
vn -0.4121 0.0542 0.9095
vn -0.4339 -0.0001 0.9010
vn -0.4358 0.0068 0.9000
vn -0.4339 0.0041 0.9010
vn -0.4529 -0.0418 0.8906
vn -0.4529 -0.0381 0.8908
vn -0.4703 -0.0777 0.8791
vn -0.4703 -0.0747 0.8794
vn -0.4862 -0.1083 0.8671
vn -0.4871 -0.1047 0.8670
vn -0.4861 -0.1061 0.8674
vn -0.5003 -0.1335 0.8555
vn -0.5002 -0.1318 0.8558
vn -0.4267 0.1549 0.8910
vn -0.4365 0.1315 0.8900
vn -0.4962 0.0540 0.8665
vn -0.4912 0.0195 0.8709
vn -0.4965 0.0396 0.8671
vn -0.5258 -0.0139 0.8505
vn -0.5262 -0.0254 0.8500
vn -0.5455 -0.0621 0.8358
vn -0.5452 -0.0702 0.8353
vn -0.5595 -0.0979 0.8230
vn -0.5590 -0.1039 0.8227
vn -0.5699 -0.1291 0.8115
vn -0.5693 -0.1337 0.8112
vn -0.5774 -0.1575 0.8011
vn -0.5769 -0.1609 0.8008
vn -0.5828 -0.1821 0.7919
vn -0.5823 -0.1848 0.7917
vn -0.4173 0.1528 0.8958
vn -0.4120 0.1624 0.8966
vn -0.4289 0.1384 0.8927
vn -0.3994 0.1822 0.8985
vn -0.4058 0.1768 0.8967
vn -0.3889 0.1970 0.9000
vn -0.3929 0.1938 0.8989
vn -0.3809 0.2048 0.9017
vn -0.3839 0.2026 0.9009
vn -0.3735 0.2076 0.9041
vn -0.3758 0.2059 0.9035
vn -0.3662 0.2060 0.9075
vn -0.3653 0.2072 0.9075
vn -0.3679 0.2048 0.9070
vn -0.3588 0.2005 0.9116
vn -0.3602 0.1996 0.9113
vn -0.6466 -0.3397 0.6830
vn -0.6470 -0.3397 0.6827
vn -0.6581 -0.3230 0.6802
vn -0.6584 -0.3229 0.6799
vn -0.6671 -0.3094 0.6777
vn -0.6678 -0.3094 0.6770
vn -0.6739 -0.2985 0.6758
vn -0.6789 -0.2898 0.6746
vn -0.6787 -0.2900 0.6748
vn -0.6817 -0.2831 0.6746
vn -0.6812 -0.2831 0.6752
vn -0.6827 -0.2777 0.6758
vn -0.6839 -0.2786 0.6742
vn -0.6824 -0.2778 0.6761
vn -0.6449 -0.3374 0.6857
vn -0.6563 -0.3208 0.6829
vn -0.6567 -0.3208 0.6825
vn -0.6652 -0.3075 0.6804
vn -0.6658 -0.3074 0.6798
vn -0.6719 -0.2970 0.6785
vn -0.6727 -0.2970 0.6778
vn -0.6764 -0.2888 0.6775
vn -0.6774 -0.2890 0.6764
vn -0.6789 -0.2825 0.6777
vn -0.6796 -0.2774 0.6791
vn -0.6812 -0.2782 0.6772
vn -0.6427 -0.3336 0.6896
vn -0.6540 -0.3172 0.6868
vn -0.6628 -0.3040 0.6843
vn -0.6631 -0.3039 0.6841
vn -0.6694 -0.2937 0.6823
vn -0.6699 -0.2937 0.6819
vn -0.6739 -0.2860 0.6812
vn -0.6748 -0.2861 0.6803
vn -0.6762 -0.2803 0.6814
vn -0.6773 -0.2806 0.6801
vn -0.6765 -0.2757 0.6829
vn -0.6780 -0.2764 0.6811
vn -0.6399 -0.3284 0.6947
vn -0.6512 -0.3119 0.6919
vn -0.6600 -0.2988 0.6892
vn -0.6666 -0.2888 0.6872
vn -0.6670 -0.2888 0.6868
vn -0.6711 -0.2815 0.6859
vn -0.6732 -0.2764 0.6858
vn -0.6743 -0.2766 0.6847
vn -0.6733 -0.2725 0.6873
vn -0.6731 -0.2724 0.6876
vn -0.6366 -0.3217 0.7009
vn -0.6364 -0.3218 0.7011
vn -0.6480 -0.3050 0.6979
vn -0.6475 -0.3052 0.6983
vn -0.6569 -0.2920 0.6951
vn -0.6565 -0.2922 0.6954
vn -0.6636 -0.2823 0.6927
vn -0.6681 -0.2755 0.6912
vn -0.6684 -0.2755 0.6909
vn -0.6704 -0.2712 0.6907
vn -0.6709 -0.2712 0.6902
vn -0.6702 -0.2683 0.6920
vn -0.6329 -0.3135 0.7079
vn -0.6444 -0.2966 0.7048
vn -0.6535 -0.2836 0.7018
vn -0.6528 -0.2839 0.7023
vn -0.6604 -0.2741 0.6991
vn -0.6597 -0.2744 0.6996
vn -0.6651 -0.2678 0.6970
vn -0.6648 -0.2679 0.6973
vn -0.6677 -0.2643 0.6959
vn -0.6679 -0.2628 0.6963
vn -0.6683 -0.2629 0.6958
vn -0.6338 -0.2474 0.7329
vn -0.6378 -0.2381 0.7325
vn -0.6344 -0.2451 0.7331
vn -0.6274 -0.2508 0.7372
vn -0.6279 -0.2491 0.7373
vn -0.6235 -0.2442 0.7427
vn -0.6252 -0.2472 0.7403
vn -0.6227 -0.2434 0.7436
vn -0.6194 -0.2438 0.7463
vn -0.6209 -0.2466 0.7441
vn -0.6187 -0.2431 0.7470
vn -0.6155 -0.2393 0.7509
vn -0.6169 -0.2422 0.7489
vn -0.6148 -0.2386 0.7517
vn -0.6116 -0.2308 0.7568
vn -0.6109 -0.2300 0.7575
vn -0.6066 -0.2267 0.7620
vn -0.6093 -0.2216 0.7613
vn -0.6071 -0.2251 0.7621
vn -0.6489 -0.2561 0.7165
vn -0.6494 -0.2535 0.7170
vn -0.6420 -0.2576 0.7221
vn -0.6425 -0.2555 0.7224
vn -0.6363 -0.2577 0.7271
vn -0.6368 -0.2561 0.7273
vn -0.6320 -0.2478 0.7343
vn -0.6311 -0.2469 0.7354
vn -0.6273 -0.2439 0.7396
vn -0.6290 -0.2470 0.7371
vn -0.6266 -0.2432 0.7404
vn -0.6229 -0.2363 0.7458
vn -0.6247 -0.2395 0.7433
vn -0.6223 -0.2356 0.7465
vn -0.6191 -0.2248 0.7524
vn -0.6183 -0.2238 0.7534
vn -0.6605 -0.2624 0.7034
vn -0.6609 -0.2601 0.7040
vn -0.6542 -0.2636 0.7089
vn -0.6545 -0.2616 0.7094
vn -0.6485 -0.2535 0.7178
vn -0.6473 -0.2526 0.7191
vn -0.6431 -0.2526 0.7229
vn -0.6422 -0.2518 0.7239
vn -0.6382 -0.2489 0.7285
vn -0.6374 -0.2482 0.7294
vn -0.6336 -0.2419 0.7349
vn -0.6354 -0.2451 0.7323
vn -0.6329 -0.2411 0.7358
vn -0.6296 -0.2314 0.7417
vn -0.6312 -0.2348 0.7392
vn -0.6289 -0.2305 0.7426
vn -0.6689 -0.2677 0.6935
vn -0.6707 -0.2612 0.6942
vn -0.6691 -0.2657 0.6940
vn -0.6632 -0.2592 0.7022
vn -0.6620 -0.2583 0.7036
vn -0.6579 -0.2591 0.7071
vn -0.6569 -0.2584 0.7083
vn -0.6529 -0.2576 0.7123
vn -0.6520 -0.2570 0.7133
vn -0.6480 -0.2539 0.7180
vn -0.6472 -0.2533 0.7190
vn -0.6433 -0.2474 0.7246
vn -0.6452 -0.2506 0.7218
vn -0.6427 -0.2469 0.7253
vn -0.6394 -0.2378 0.7312
vn -0.6409 -0.2411 0.7287
vn -0.6387 -0.2371 0.7320
vn -0.6747 -0.2640 0.6892
vn -0.6737 -0.2634 0.6905
vn -0.6702 -0.2645 0.6934
vn -0.6692 -0.2639 0.6946
vn -0.6657 -0.2640 0.6980
vn -0.6647 -0.2634 0.6992
vn -0.6610 -0.2620 0.7031
vn -0.6629 -0.2644 0.7005
vn -0.6601 -0.2614 0.7042
vn -0.6564 -0.2584 0.7087
vn -0.6557 -0.2580 0.7096
vn -0.6518 -0.2527 0.7151
vn -0.6536 -0.2554 0.7124
vn -0.6512 -0.2522 0.7158
vn -0.6478 -0.2441 0.7217
vn -0.6495 -0.2471 0.7191
vn -0.6474 -0.2435 0.7222
vn -0.6793 -0.2687 0.6829
vn -0.6784 -0.2683 0.6839
vn -0.6755 -0.2690 0.6865
vn -0.6772 -0.2707 0.6842
vn -0.6747 -0.2686 0.6875
vn -0.6714 -0.2680 0.6909
vn -0.6708 -0.2678 0.6916
vn -0.6675 -0.2657 0.6956
vn -0.6691 -0.2675 0.6934
vn -0.6668 -0.2655 0.6963
vn -0.6631 -0.2622 0.7011
vn -0.6626 -0.2620 0.7017
vn -0.6589 -0.2573 0.7068
vn -0.6583 -0.2570 0.7075
vn -0.6547 -0.2499 0.7134
vn -0.6545 -0.2495 0.7137
vn -0.5276 -0.1203 0.8409
vn -0.5330 -0.1085 0.8391
vn -0.5516 -0.1672 0.8172
vn -0.5639 -0.1519 0.8118
vn -0.5555 -0.1596 0.8160
vn -0.5719 -0.2038 0.7946
vn -0.5796 -0.1950 0.7912
vn -0.5744 -0.1992 0.7939
vn -0.5875 -0.2337 0.7747
vn -0.5894 -0.2306 0.7742
vn -0.6007 -0.2589 0.7564
vn -0.6048 -0.2547 0.7545
vn -0.6021 -0.2567 0.7560
vn -0.6120 -0.2791 0.7400
vn -0.6146 -0.2765 0.7388
vn -0.6128 -0.2778 0.7398
vn -0.6207 -0.2942 0.7268
vn -0.6223 -0.2928 0.7260
vn -0.6212 -0.2935 0.7267
vn -0.5527 -0.1324 0.8228
vn -0.5642 -0.1135 0.8178
vn -0.5558 -0.1242 0.8220
vn -0.5695 -0.1663 0.8050
vn -0.5726 -0.1595 0.8042
vn -0.5854 -0.1957 0.7868
vn -0.5880 -0.1906 0.7861
vn -0.5997 -0.2221 0.7688
vn -0.6064 -0.2142 0.7658
vn -0.6019 -0.2182 0.7682
vn -0.6124 -0.2448 0.7516
vn -0.6141 -0.2421 0.7512
vn -0.6233 -0.2632 0.7363
vn -0.6244 -0.2615 0.7360
vn -0.6318 -0.2774 0.7238
vn -0.6324 -0.2765 0.7236
vn -0.5699 -0.1456 0.8087
vn -0.5719 -0.1399 0.8083
vn -0.5841 -0.1703 0.7936
vn -0.5923 -0.1580 0.7901
vn -0.5863 -0.1652 0.7931
vn -0.5973 -0.1942 0.7781
vn -0.5996 -0.1897 0.7775
vn -0.6105 -0.2163 0.7619
vn -0.6171 -0.2081 0.7589
vn -0.6125 -0.2126 0.7613
vn -0.6226 -0.2355 0.7463
vn -0.6275 -0.2298 0.7439
vn -0.6241 -0.2329 0.7458
vn -0.6328 -0.2516 0.7323
vn -0.6338 -0.2500 0.7320
vn -0.6409 -0.2649 0.7205
vn -0.6432 -0.2627 0.7193
vn -0.6416 -0.2638 0.7203
vn -0.5814 -0.1621 0.7973
vn -0.5874 -0.1510 0.7951
vn -0.5828 -0.1578 0.7971
vn -0.5946 -0.1806 0.7834
vn -0.5962 -0.1768 0.7831
vn -0.6071 -0.1988 0.7694
vn -0.6087 -0.1953 0.7690
vn -0.6195 -0.2153 0.7549
vn -0.6210 -0.2126 0.7545
vn -0.6308 -0.2305 0.7409
vn -0.6321 -0.2283 0.7405
vn -0.6404 -0.2441 0.7282
vn -0.6414 -0.2425 0.7279
vn -0.6481 -0.2560 0.7173
vn -0.6505 -0.2538 0.7159
vn -0.6486 -0.2551 0.7171
vn -0.5902 -0.1789 0.7872
vn -0.5950 -0.1701 0.7856
vn -0.5912 -0.1758 0.7871
vn -0.6027 -0.1927 0.7743
vn -0.6076 -0.1847 0.7724
vn -0.6039 -0.1898 0.7742
vn -0.6146 -0.2058 0.7615
vn -0.6157 -0.2034 0.7613
vn -0.6261 -0.2180 0.7486
vn -0.6271 -0.2160 0.7484
vn -0.6368 -0.2292 0.7362
vn -0.6403 -0.2249 0.7344
vn -0.6378 -0.2276 0.7358
vn -0.6461 -0.2402 0.7245
vn -0.6469 -0.2388 0.7242
vn -0.6536 -0.2505 0.7142
vn -0.6541 -0.2498 0.7140
vn -0.5971 -0.1953 0.7780
vn -0.5978 -0.1931 0.7781
vn -0.6089 -0.2054 0.7662
vn -0.6097 -0.2034 0.7661
vn -0.6202 -0.2150 0.7544
vn -0.6209 -0.2133 0.7543
vn -0.6308 -0.2241 0.7429
vn -0.6343 -0.2192 0.7414
vn -0.6315 -0.2227 0.7427
vn -0.6408 -0.2324 0.7317
vn -0.6438 -0.2285 0.7303
vn -0.6415 -0.2312 0.7315
vn -0.6499 -0.2403 0.7210
vn -0.6524 -0.2374 0.7197
vn -0.6504 -0.2395 0.7208
vn -0.6573 -0.2490 0.7113
vn -0.6594 -0.2468 0.7101
vn -0.6578 -0.2481 0.7111
vn -0.6819 -0.2731 0.6785
vn -0.6813 -0.2728 0.6793
vn -0.6786 -0.2730 0.6819
vn -0.6782 -0.2728 0.6824
vn -0.6749 -0.2717 0.6860
vn -0.6747 -0.2715 0.6864
vn -0.6716 -0.2690 0.6904
vn -0.6731 -0.2701 0.6885
vn -0.6710 -0.2688 0.6910
vn -0.6676 -0.2655 0.6955
vn -0.6694 -0.2665 0.6935
vn -0.6642 -0.2609 0.7006
vn -0.6024 -0.2114 0.7697
vn -0.6029 -0.2097 0.7698
vn -0.6185 -0.2177 0.7550
vn -0.6169 -0.2138 0.7575
vn -0.6193 -0.2187 0.7541
vn -0.6290 -0.2255 0.7439
vn -0.6276 -0.2216 0.7464
vn -0.6299 -0.2264 0.7429
vn -0.6388 -0.2330 0.7332
vn -0.6375 -0.2292 0.7356
vn -0.6396 -0.2338 0.7323
vn -0.6475 -0.2400 0.7233
vn -0.6465 -0.2365 0.7254
vn -0.6482 -0.2406 0.7225
vn -0.6522 -0.2450 0.7174
vn -0.6542 -0.2426 0.7164
vn -0.6526 -0.2446 0.7172
vn -0.6287 -0.3037 0.7159
vn -0.6277 -0.3043 0.7165
vn -0.6405 -0.2862 0.7126
vn -0.6391 -0.2873 0.7134
vn -0.6402 -0.2867 0.7127
vn -0.6498 -0.2734 0.7093
vn -0.6484 -0.2742 0.7102
vn -0.6571 -0.2636 0.7062
vn -0.6555 -0.2649 0.7072
vn -0.6565 -0.2643 0.7065
vn -0.6620 -0.2583 0.7035
vn -0.6607 -0.2590 0.7046
vn -0.6617 -0.2584 0.7038
vn -0.6663 -0.2554 0.7006
vn -0.6654 -0.2555 0.7014
vn -0.6660 -0.2553 0.7009
vn -0.6611 -0.2543 0.7059
vn -0.6609 -0.2543 0.7061
vn -0.6601 -0.2493 0.7086
vn -0.6603 -0.2491 0.7085
vn -0.6335 -0.3610 0.6844
vn -0.6476 -0.3406 0.6816
vn -0.6481 -0.3406 0.6812
vn -0.6593 -0.3236 0.6787
vn -0.6597 -0.3236 0.6783
vn -0.6685 -0.3097 0.6761
vn -0.6756 -0.2986 0.6741
vn -0.6764 -0.2987 0.6732
vn -0.6808 -0.2896 0.6728
vn -0.6806 -0.2897 0.6730
vn -0.6836 -0.2827 0.6728
vn -0.6853 -0.2769 0.6735
vn -0.6864 -0.2779 0.6721
vn -0.6847 -0.2768 0.6743
vn -0.6326 -0.3599 0.6858
vn -0.6288 -0.3538 0.6924
vn -0.6260 -0.3487 0.6975
vn -0.6225 -0.3423 0.7038
vn -0.6223 -0.3425 0.7039
vn -0.6186 -0.3346 0.7109
vn -0.6181 -0.3349 0.7113
vn -0.6143 -0.3251 0.7190
vn -0.6138 -0.3256 0.7192
vn -0.6223 -0.2296 0.7483
vn -0.6234 -0.2261 0.7485
vn -0.6151 -0.2376 0.7518
vn -0.6156 -0.2364 0.7517
vn -0.6121 -0.2375 0.7543
vn -0.6132 -0.2401 0.7525
vn -0.6113 -0.2366 0.7552
vn -0.6087 -0.2419 0.7556
vn -0.6097 -0.2441 0.7542
vn -0.6081 -0.2411 0.7563
vn -0.6050 -0.2465 0.7571
vn -0.6067 -0.2429 0.7569
vn -0.6053 -0.2453 0.7572
vn -0.6019 -0.2417 0.7611
vn -0.6038 -0.2378 0.7609
vn -0.6023 -0.2402 0.7613
vn -0.5984 -0.2329 0.7666
vn -0.6007 -0.2284 0.7662
vn -0.5989 -0.2313 0.7667
vn -0.5946 -0.2201 0.7733
vn -0.5972 -0.2149 0.7728
vn -0.5952 -0.2182 0.7734
vn -0.6429 -0.2438 0.7261
vn -0.6482 -0.2300 0.7260
vn -0.6437 -0.2404 0.7266
vn -0.6571 -0.2534 0.7099
vn -0.6575 -0.2505 0.7106
vn -0.6670 -0.2603 0.6981
vn -0.6673 -0.2577 0.6988
vn -0.6742 -0.2657 0.6891
vn -0.6743 -0.2637 0.6897
vn -0.6797 -0.2702 0.6819
vn -0.6797 -0.2683 0.6826
vn -0.6827 -0.2676 0.6800
vn -0.6843 -0.2693 0.6777
vn -0.6818 -0.2671 0.6810
vn -0.6849 -0.2721 0.6759
vn -0.6842 -0.2719 0.6767
vn -0.4307 -0.0407 0.9016
vn -0.4776 0.0186 0.8784
vn -0.4467 -0.0134 0.8946
vn -0.5021 -0.1165 0.8569
vn -0.5088 -0.1031 0.8547
vn -0.5359 -0.1765 0.8256
vn -0.5439 -0.1689 0.8220
vn -0.5384 -0.1726 0.8248
vn -0.5578 -0.2201 0.8002
vn -0.5627 -0.2156 0.7981
vn -0.5595 -0.2177 0.7998
vn -0.5739 -0.2526 0.7790
vn -0.5750 -0.2509 0.7787
vn -0.5872 -0.2789 0.7599
vn -0.5896 -0.2768 0.7588
vn -0.5880 -0.2778 0.7597
vn -0.5984 -0.3001 0.7429
vn -0.5989 -0.2993 0.7428
vn -0.6071 -0.3152 0.7295
vn -0.6073 -0.3151 0.7293
vn -0.4975 -0.0625 0.8652
vn -0.5034 -0.0498 0.8626
vn -0.5361 -0.0964 0.8386
vn -0.5450 -0.0753 0.8350
vn -0.5381 -0.0870 0.8384
vn -0.5542 -0.1212 0.8235
vn -0.5555 -0.1147 0.8236
vn -0.5668 -0.1438 0.8112
vn -0.5679 -0.1388 0.8113
vn -0.5766 -0.1652 0.8001
vn -0.5775 -0.1614 0.8003
vn -0.5843 -0.1851 0.7901
vn -0.5851 -0.1822 0.7903
vn -0.5901 -0.2036 0.7812
vn -0.5907 -0.2014 0.7813
vn -0.2932 0.3990 0.8688
vn -0.2891 0.3980 0.8706
vn -0.2929 0.3991 0.8689
vn -0.2982 0.3804 0.8754
vn -0.2953 0.3807 0.8763
vn -0.2989 0.3801 0.8753
vn -0.3006 0.3679 0.8799
vn -0.2991 0.3683 0.8803
vn -0.3011 0.3678 0.8798
vn -0.3014 0.3581 0.8837
vn -0.3005 0.3584 0.8839
vn -0.3016 0.3576 0.8839
vn -0.3004 0.3484 0.8879
vn -0.3006 0.3479 0.8881
vn -0.2980 0.3382 0.8926
vn -0.2935 0.3280 0.8979
vn -0.2940 0.3277 0.8979
vn -0.2546 0.4657 0.8475
vn -0.2540 0.4638 0.8488
vn -0.2624 0.4463 0.8555
vn -0.2618 0.4462 0.8558
vn -0.2672 0.4303 0.8622
vn -0.2641 0.4303 0.8632
vn -0.2696 0.4166 0.8682
vn -0.2701 0.4162 0.8682
vn -0.2704 0.4034 0.8742
vn -0.2710 0.4028 0.8743
vn -0.2697 0.3904 0.8802
vn -0.2689 0.3908 0.8803
vn -0.2660 0.3786 0.8865
vn -0.2242 0.5117 0.8294
vn -0.2243 0.5093 0.8308
vn -0.2322 0.4960 0.8367
vn -0.2292 0.4937 0.8389
vn -0.2317 0.4950 0.8374
vn -0.2382 0.4799 0.8443
vn -0.2378 0.4799 0.8445
vn -0.2419 0.4648 0.8517
vn -0.2396 0.4648 0.8524
vn -0.2423 0.4648 0.8516
vn -0.2443 0.4499 0.8590
vn -0.2423 0.4502 0.8594
vn -0.2443 0.4494 0.8592
vn -0.2435 0.4357 0.8665
vn -0.2428 0.4359 0.8666
vn -0.2439 0.4352 0.8667
vn -0.2410 0.4227 0.8736
vn -0.2406 0.4229 0.8737
vn -0.2408 0.4223 0.8739
vn -0.2013 0.5445 0.8143
vn -0.2015 0.5422 0.8158
vn -0.2077 0.5322 0.8207
vn -0.2076 0.5307 0.8218
vn -0.2135 0.5182 0.8282
vn -0.2132 0.5178 0.8285
vn -0.2176 0.5037 0.8360
vn -0.2201 0.4890 0.8440
vn -0.2181 0.4890 0.8446
vn -0.2202 0.4745 0.8523
vn -0.2191 0.4747 0.8524
vn -0.2205 0.4742 0.8524
vn -0.2183 0.4612 0.8600
vn -0.2179 0.4613 0.8601
vn -0.1815 0.5700 0.8013
vn -0.1810 0.5666 0.8039
vn -0.1820 0.5680 0.8027
vn -0.1868 0.5601 0.8071
vn -0.1868 0.5585 0.8082
vn -0.1916 0.5482 0.8141
vn -0.1914 0.5473 0.8148
vn -0.1959 0.5347 0.8220
vn -0.1987 0.5209 0.8301
vn -0.1997 0.5067 0.8387
vn -0.1984 0.5068 0.8389
vn -0.2001 0.5067 0.8385
vn -0.1987 0.4932 0.8469
vn -0.1980 0.4934 0.8470
vn -0.1644 0.5902 0.7904
vn -0.1649 0.5884 0.7916
vn -0.1687 0.5817 0.7957
vn -0.1681 0.5793 0.7976
vn -0.1690 0.5804 0.7966
vn -0.1728 0.5712 0.8024
vn -0.1719 0.5693 0.8040
vn -0.1729 0.5702 0.8031
vn -0.1769 0.5587 0.8103
vn -0.1753 0.5576 0.8114
vn -0.1765 0.5584 0.8106
vn -0.1799 0.5464 0.8180
vn -0.1783 0.5453 0.8190
vn -0.1800 0.5462 0.8181
vn -0.1825 0.5330 0.8262
vn -0.1807 0.5326 0.8268
vn -0.1830 0.5191 0.8349
vn -0.1817 0.5193 0.8351
vn -0.1835 0.5187 0.8350
vn -0.2562 0.3540 0.8995
vn -0.2593 0.3495 0.9003
vn -0.2488 0.3603 0.8991
vn -0.2219 0.4039 0.8875
vn -0.2154 0.4090 0.8867
vn -0.1954 0.4417 0.8756
vn -0.1908 0.4451 0.8749
vn -0.1743 0.4728 0.8638
vn -0.1707 0.4754 0.8631
vn -0.1567 0.5002 0.8516
vn -0.1586 0.4980 0.8526
vn -0.1541 0.5021 0.8510
vn -0.1440 0.5192 0.8425
vn -0.1437 0.5229 0.8402
vn -0.1435 0.5210 0.8414
vn -0.1317 0.5427 0.8295
vn -0.1314 0.5439 0.8288
vn -0.2630 0.3340 0.9051
vn -0.2583 0.3377 0.9051
vn -0.2297 0.3879 0.8926
vn -0.2246 0.3919 0.8922
vn -0.2021 0.4304 0.8797
vn -0.2044 0.4274 0.8806
vn -0.1977 0.4338 0.8791
vn -0.1799 0.4643 0.8672
vn -0.1820 0.4617 0.8682
vn -0.1764 0.4669 0.8665
vn -0.1615 0.4937 0.8545
vn -0.1633 0.4915 0.8554
vn -0.1588 0.4957 0.8538
vn -0.1465 0.5199 0.8416
vn -0.1444 0.5214 0.8410
vn -0.1356 0.5389 0.8314
vn -0.1351 0.5404 0.8305
vn -0.2680 0.3208 0.9085
vn -0.2651 0.3229 0.9085
vn -0.2364 0.3757 0.8961
vn -0.2381 0.3734 0.8966
vn -0.2325 0.3786 0.8959
vn -0.2090 0.4202 0.8830
vn -0.2109 0.4177 0.8838
vn -0.2050 0.4232 0.8825
vn -0.1864 0.4562 0.8701
vn -0.1882 0.4540 0.8709
vn -0.1830 0.4588 0.8695
vn -0.1674 0.4876 0.8569
vn -0.1647 0.4898 0.8562
vn -0.1517 0.5154 0.8434
vn -0.1529 0.5138 0.8441
vn -0.1497 0.5170 0.8428
vn -0.1393 0.5397 0.8302
vn -0.1377 0.5410 0.8296
vn -0.2724 0.3139 0.9096
vn -0.2733 0.3126 0.9097
vn -0.2702 0.3154 0.9097
vn -0.2423 0.3674 0.8979
vn -0.2394 0.3696 0.8978
vn -0.2159 0.4121 0.8852
vn -0.2127 0.4145 0.8849
vn -0.1932 0.4498 0.8720
vn -0.1904 0.4519 0.8715
vn -0.1738 0.4828 0.8583
vn -0.1715 0.4846 0.8578
vn -0.1580 0.5117 0.8445
vn -0.1589 0.5103 0.8452
vn -0.1561 0.5133 0.8439
vn -0.1454 0.5367 0.8311
vn -0.1439 0.5381 0.8305
vn -0.2771 0.3112 0.9091
vn -0.2780 0.3101 0.9092
vn -0.2755 0.3123 0.9092
vn -0.2486 0.3631 0.8980
vn -0.2495 0.3618 0.8983
vn -0.2463 0.3646 0.8980
vn -0.2229 0.4075 0.8856
vn -0.2205 0.4092 0.8854
vn -0.2002 0.4461 0.8723
vn -0.2012 0.4447 0.8728
vn -0.1980 0.4477 0.8720
vn -0.1807 0.4797 0.8586
vn -0.1787 0.4812 0.8582
vn -0.1643 0.5091 0.8449
vn -0.1651 0.5080 0.8454
vn -0.1626 0.5105 0.8443
vn -0.1516 0.5343 0.8316
vn -0.1504 0.5355 0.8311
vn -0.2823 0.3127 0.9070
vn -0.2830 0.3119 0.9070
vn -0.2813 0.3133 0.9070
vn -0.2548 0.3634 0.8961
vn -0.2534 0.3642 0.8962
vn -0.2296 0.4074 0.8839
vn -0.2304 0.4065 0.8841
vn -0.2283 0.4082 0.8839
vn -0.2070 0.4462 0.8707
vn -0.2077 0.4453 0.8709
vn -0.2057 0.4469 0.8706
vn -0.1874 0.4794 0.8573
vn -0.1882 0.4786 0.8577
vn -0.1860 0.4803 0.8571
vn -0.1707 0.5081 0.8442
vn -0.1693 0.5091 0.8439
vn -0.1578 0.5325 0.8316
vn -0.1566 0.5336 0.8311
vn -0.1005 0.6449 0.7576
vn -0.1053 0.6420 0.7594
vn -0.1050 0.6422 0.7593
vn -0.1114 0.6379 0.7620
vn -0.1113 0.6383 0.7617
vn -0.1189 0.6320 0.7658
vn -0.1188 0.6327 0.7653
vn -0.1279 0.6241 0.7708
vn -0.1280 0.6254 0.7697
vn -0.1276 0.6249 0.7702
vn -0.1383 0.6140 0.7771
vn -0.1378 0.6150 0.7764
vn -0.0990 0.6374 0.7642
vn -0.1021 0.6360 0.7649
vn -0.1068 0.6337 0.7662
vn -0.1070 0.6340 0.7659
vn -0.1130 0.6300 0.7683
vn -0.1211 0.6244 0.7716
vn -0.1211 0.6253 0.7710
vn -0.1209 0.6250 0.7712
vn -0.1304 0.6169 0.7761
vn -0.1305 0.6182 0.7751
vn -0.1301 0.6176 0.7756
vn -0.1411 0.6069 0.7822
vn -0.1411 0.6085 0.7809
vn -0.1406 0.6078 0.7816
vn -0.1012 0.6265 0.7728
vn -0.1043 0.6253 0.7734
vn -0.1090 0.6232 0.7744
vn -0.1091 0.6234 0.7742
vn -0.1156 0.6198 0.7762
vn -0.1155 0.6202 0.7759
vn -0.1236 0.6147 0.7790
vn -0.1236 0.6156 0.7783
vn -0.1233 0.6152 0.7787
vn -0.1332 0.6075 0.7831
vn -0.1328 0.6081 0.7827
vn -0.1441 0.5976 0.7887
vn -0.1442 0.5992 0.7875
vn -0.1437 0.5985 0.7881
vn -0.1042 0.6138 0.7826
vn -0.1073 0.6125 0.7832
vn -0.1075 0.6128 0.7829
vn -0.1120 0.6105 0.7840
vn -0.1122 0.6108 0.7838
vn -0.1184 0.6074 0.7855
vn -0.1187 0.6081 0.7850
vn -0.1268 0.6026 0.7879
vn -0.1268 0.6036 0.7871
vn -0.1266 0.6033 0.7874
vn -0.1363 0.5958 0.7915
vn -0.1364 0.5970 0.7905
vn -0.1361 0.5965 0.7910
vn -0.1474 0.5863 0.7966
vn -0.1470 0.5871 0.7961
vn -0.1084 0.5992 0.7933
vn -0.1116 0.5976 0.7940
vn -0.1162 0.5955 0.7949
vn -0.1165 0.5961 0.7944
vn -0.1230 0.5923 0.7962
vn -0.1227 0.5929 0.7958
vn -0.1309 0.5884 0.7979
vn -0.1308 0.5895 0.7971
vn -0.1305 0.5890 0.7975
vn -0.1401 0.5827 0.8005
vn -0.1401 0.5839 0.7996
vn -0.1398 0.5834 0.8000
vn -0.1505 0.5744 0.8046
vn -0.1508 0.5756 0.8037
vn -0.1503 0.5749 0.8043
vn -0.1141 0.5825 0.8048
vn -0.1144 0.5834 0.8041
vn -0.1177 0.5801 0.8060
vn -0.1176 0.5814 0.8051
vn -0.1174 0.5808 0.8055
vn -0.1225 0.5777 0.8070
vn -0.1224 0.5792 0.8059
vn -0.1222 0.5786 0.8064
vn -0.1287 0.5749 0.8080
vn -0.1285 0.5758 0.8074
vn -0.1360 0.5719 0.8090
vn -0.1359 0.5731 0.8081
vn -0.1357 0.5725 0.8086
vn -0.1443 0.5681 0.8102
vn -0.1442 0.5690 0.8096
vn -0.1441 0.5687 0.8098
vn -0.1539 0.5624 0.8124
vn -0.1537 0.5630 0.8121
vn -0.2877 0.3185 0.9032
vn -0.2885 0.3180 0.9031
vn -0.2875 0.3188 0.9032
vn -0.2608 0.3687 0.8922
vn -0.2612 0.3683 0.8923
vn -0.2601 0.3691 0.8923
vn -0.2360 0.4125 0.8798
vn -0.2362 0.4122 0.8799
vn -0.2356 0.4126 0.8799
vn -0.2130 0.4511 0.8667
vn -0.2134 0.4508 0.8667
vn -0.1935 0.4835 0.8537
vn -0.1941 0.4832 0.8537
vn -0.1772 0.5097 0.8419
vn -0.1780 0.5090 0.8421
vn -0.1764 0.5103 0.8417
vn -0.1220 0.5635 0.8171
vn -0.1220 0.5654 0.8157
vn -0.1217 0.5644 0.8165
vn -0.1254 0.5607 0.8185
vn -0.1252 0.5617 0.8178
vn -0.1304 0.5578 0.8197
vn -0.1302 0.5599 0.8182
vn -0.1300 0.5590 0.8190
vn -0.1364 0.5551 0.8205
vn -0.1363 0.5571 0.8192
vn -0.1361 0.5561 0.8199
vn -0.1433 0.5524 0.8212
vn -0.1429 0.5544 0.8199
vn -0.1427 0.5534 0.8206
vn -0.1497 0.5510 0.8210
vn -0.1497 0.5519 0.8204
vn -0.1496 0.5516 0.8206
vn -0.1499 0.6058 0.7814
vn -0.1505 0.6044 0.7824
vn -0.1534 0.5982 0.7865
vn -0.1532 0.5961 0.7882
vn -0.1539 0.5969 0.7874
vn -0.1571 0.5884 0.7931
vn -0.1566 0.5865 0.7946
vn -0.1573 0.5873 0.7939
vn -0.1608 0.5767 0.8010
vn -0.1600 0.5752 0.8022
vn -0.1608 0.5760 0.8014
vn -0.1639 0.5648 0.8088
vn -0.1638 0.5642 0.8093
vn -0.1672 0.5528 0.8164
vn -0.1657 0.5519 0.8173
vn -0.1668 0.5526 0.8166
vn -0.1703 0.5403 0.8241
vn -0.1676 0.5398 0.8249
vn -0.1699 0.5403 0.8242
vn -0.1639 0.5325 0.8304
vn -0.1625 0.5336 0.8300
vn -0.1572 0.5498 0.8204
vn -0.3412 0.3101 0.8874
vn -0.3405 0.3101 0.8876
vn -0.3431 0.3009 0.8898
vn -0.3437 0.3004 0.8897
vn -0.3421 0.2934 0.8927
vn -0.3401 0.2910 0.8942
vn -0.3406 0.2907 0.8941
vn -0.3374 0.2883 0.8961
vn -0.3382 0.2879 0.8960
vn -0.3371 0.2887 0.8961
vn -0.3343 0.2838 0.8987
vn -0.3340 0.2838 0.8988
vn -0.3300 0.2773 0.9024
vn -0.3303 0.2768 0.9024
vn -0.3293 0.2776 0.9025
vn -0.3245 0.2690 0.9068
vn -0.3250 0.2685 0.9068
vn -0.3238 0.2694 0.9069
vn -0.2832 0.4268 0.8589
vn -0.2796 0.4191 0.8638
vn -0.2822 0.4224 0.8614
vn -0.2429 0.4865 0.8392
vn -0.2418 0.4781 0.8444
vn -0.2438 0.4813 0.8420
vn -0.2150 0.5260 0.8228
vn -0.2162 0.5218 0.8252
vn -0.1939 0.5551 0.8089
vn -0.1940 0.5498 0.8125
vn -0.1950 0.5517 0.8109
vn -0.1758 0.5783 0.7967
vn -0.1760 0.5740 0.7998
vn -0.1768 0.5755 0.7985
vn -0.1599 0.5969 0.7862
vn -0.1607 0.5948 0.7877
vn -0.1464 0.6116 0.7775
vn -0.1471 0.6100 0.7787
vn -0.2872 0.3400 0.8955
vn -0.2958 0.3254 0.8981
vn -0.2643 0.3641 0.8931
vn -0.2445 0.3841 0.8903
vn -0.2323 0.3948 0.8889
vn -0.2133 0.4210 0.8816
vn -0.2065 0.4263 0.8807
vn -0.1892 0.4529 0.8712
vn -0.1922 0.4495 0.8724
vn -0.1848 0.4561 0.8705
vn -0.1729 0.4722 0.8644
vn -0.1719 0.4785 0.8611
vn -0.1717 0.4752 0.8629
vn -0.1553 0.4996 0.8522
vn -0.1549 0.5044 0.8495
vn -0.1546 0.5018 0.8510
vn -0.1408 0.5243 0.8398
vn -0.1404 0.5259 0.8389
vn -0.1291 0.5465 0.8275
vn -0.1292 0.5488 0.8259
vn -0.1288 0.5474 0.8269
vn -0.3000 0.2818 0.9114
vn -0.3019 0.2786 0.9117
vn -0.2947 0.2867 0.9116
vn -0.3025 0.2621 0.9164
vn -0.3034 0.2609 0.9164
vn -0.3007 0.2633 0.9167
vn -0.3035 0.2531 0.9186
vn -0.3041 0.2523 0.9186
vn -0.3023 0.2539 0.9188
vn -0.3054 0.2498 0.9189
vn -0.3061 0.2490 0.9188
vn -0.3045 0.2505 0.9190
vn -0.3087 0.2499 0.9177
vn -0.3077 0.2505 0.9179
vn -0.3131 0.2533 0.9153
vn -0.3121 0.2538 0.9155
vn -0.3184 0.2599 0.9116
vn -0.3189 0.2593 0.9116
vn -0.3177 0.2604 0.9118
vn -0.0964 0.6540 0.7503
vn -0.0993 0.6521 0.7516
vn -0.1037 0.6489 0.7538
vn -0.1099 0.6440 0.7571
vn -0.1098 0.6447 0.7565
vn -0.1095 0.6442 0.7570
vn -0.1170 0.6378 0.7613
vn -0.1170 0.6387 0.7605
vn -0.1166 0.6379 0.7612
vn -0.1258 0.6294 0.7668
vn -0.1254 0.6303 0.7662
vn -0.1356 0.6191 0.7735
vn -0.1355 0.6211 0.7719
vn -0.1351 0.6204 0.7726
vn -0.0974 0.6381 0.7638
vn -0.0996 0.6272 0.7724
vn -0.0998 0.6275 0.7722
vn -0.1026 0.6147 0.7821
vn -0.1067 0.6005 0.7925
vn -0.1069 0.6010 0.7921
vn -0.1122 0.5845 0.8036
vn -0.1123 0.5847 0.8034
vn -0.1197 0.5663 0.8154
vn -0.1196 0.5670 0.8150
vn -0.6023 -0.4030 0.6890
vn -0.6009 -0.4006 0.6917
vn -0.5986 -0.3972 0.6957
vn -0.5955 -0.3928 0.7008
vn -0.5916 -0.3874 0.7071
vn -0.5872 -0.3808 0.7143
vn -0.5822 -0.3730 0.7224
vn -0.5903 -0.4199 0.6893
vn -0.5890 -0.4175 0.6920
vn -0.5886 -0.4177 0.6922
vn -0.5866 -0.4143 0.6959
vn -0.5835 -0.4101 0.7010
vn -0.5795 -0.4050 0.7072
vn -0.5749 -0.3988 0.7144
vn -0.5753 -0.3986 0.7142
vn -0.5697 -0.3914 0.7227
vn -0.5701 -0.3912 0.7224
vn -0.5809 -0.4331 0.6892
vn -0.5806 -0.4333 0.6893
vn -0.5796 -0.4308 0.6918
vn -0.5792 -0.4310 0.6920
vn -0.5773 -0.4277 0.6956
vn -0.5741 -0.4237 0.7006
vn -0.5701 -0.4189 0.7068
vn -0.5653 -0.4130 0.7140
vn -0.5598 -0.4061 0.7223
vn -0.5606 -0.4057 0.7219
vn -0.5600 -0.4059 0.7222
vn -0.5742 -0.4424 0.6889
vn -0.5735 -0.4428 0.6893
vn -0.5729 -0.4401 0.6914
vn -0.5725 -0.4403 0.6917
vn -0.5707 -0.4372 0.6952
vn -0.5674 -0.4335 0.7001
vn -0.5634 -0.4290 0.7061
vn -0.5585 -0.4234 0.7133
vn -0.5532 -0.4166 0.7214
vn -0.5540 -0.4163 0.7210
vn -0.5534 -0.4166 0.7212
vn -0.5702 -0.4475 0.6890
vn -0.5692 -0.4448 0.6915
vn -0.5683 -0.4456 0.6917
vn -0.5690 -0.4452 0.6913
vn -0.5668 -0.4425 0.6949
vn -0.5664 -0.4428 0.6951
vn -0.5636 -0.4391 0.6997
vn -0.5632 -0.4394 0.6999
vn -0.5594 -0.4351 0.7055
vn -0.5545 -0.4301 0.7124
vn -0.5491 -0.4237 0.7204
vn -0.5499 -0.4234 0.7199
vn -0.5494 -0.4238 0.7201
vn -0.5689 -0.4481 0.6897
vn -0.5681 -0.4486 0.6900
vn -0.5679 -0.4458 0.6919
vn -0.5671 -0.4463 0.6922
vn -0.5657 -0.4432 0.6954
vn -0.5652 -0.4436 0.6956
vn -0.5625 -0.4401 0.6999
vn -0.5620 -0.4405 0.7001
vn -0.5584 -0.4367 0.7053
vn -0.5533 -0.4327 0.7118
vn -0.5479 -0.4270 0.7194
vn -0.5485 -0.4268 0.7191
vn -0.5481 -0.4271 0.7191
vn -0.4940 -0.1860 0.8494
vn -0.4982 -0.1861 0.8468
vn -0.4953 -0.2064 0.8439
vn -0.4928 -0.2008 0.8467
vn -0.4997 -0.2096 0.8405
vn -0.5003 -0.2184 0.8379
vn -0.4991 -0.2142 0.8397
vn -0.5035 -0.2220 0.8350
vn -0.5083 -0.2259 0.8310
vn -0.5107 -0.2294 0.8286
vn -0.5185 -0.2310 0.8233
vn -0.5204 -0.2341 0.8212
vn -0.5307 -0.2342 0.8146
vn -0.5321 -0.2369 0.8129
vn -0.5448 -0.2364 0.8046
vn -0.5459 -0.2386 0.8032
vn -0.5171 -0.2346 0.8231
vn -0.5175 -0.2341 0.8230
vn -0.5120 -0.2580 0.8193
vn -0.5141 -0.2580 0.8180
vn -0.5115 -0.2717 0.8152
vn -0.5138 -0.2728 0.8134
vn -0.5159 -0.2786 0.8101
vn -0.5180 -0.2803 0.8082
vn -0.5233 -0.2819 0.8042
vn -0.5250 -0.2838 0.8024
vn -0.5332 -0.2831 0.7972
vn -0.5344 -0.2849 0.7958
vn -0.5456 -0.2834 0.7887
vn -0.5466 -0.2851 0.7874
vn -0.5334 -0.2732 0.8005
vn -0.5261 -0.2955 0.7975
vn -0.5264 -0.2952 0.7974
vn -0.5224 -0.3113 0.7938
vn -0.5195 -0.3091 0.7966
vn -0.5236 -0.3112 0.7931
vn -0.5235 -0.3194 0.7899
vn -0.5217 -0.3171 0.7920
vn -0.5249 -0.3199 0.7887
vn -0.5278 -0.3229 0.7856
vn -0.5267 -0.3208 0.7872
vn -0.5291 -0.3237 0.7844
vn -0.5352 -0.3234 0.7803
vn -0.5363 -0.3245 0.7792
vn -0.5458 -0.3227 0.7733
vn -0.5468 -0.3239 0.7721
vn -0.5472 -0.3041 0.7798
vn -0.5469 -0.3039 0.7800
vn -0.5385 -0.3254 0.7772
vn -0.5353 -0.3255 0.7795
vn -0.5330 -0.3418 0.7740
vn -0.5332 -0.3415 0.7740
vn -0.5310 -0.3514 0.7711
vn -0.5314 -0.3512 0.7709
vn -0.5322 -0.3558 0.7682
vn -0.5309 -0.3544 0.7698
vn -0.5330 -0.3559 0.7676
vn -0.5371 -0.3565 0.7645
vn -0.5363 -0.3551 0.7657
vn -0.5379 -0.3569 0.7637
vn -0.5459 -0.3554 0.7587
vn -0.5454 -0.3538 0.7598
vn -0.5468 -0.3562 0.7577
vn -0.5594 -0.3289 0.7609
vn -0.5579 -0.3294 0.7618
vn -0.5591 -0.3288 0.7611
vn -0.5494 -0.3493 0.7590
vn -0.5422 -0.3652 0.7567
vn -0.5396 -0.3653 0.7586
vn -0.5421 -0.3650 0.7569
vn -0.5380 -0.3758 0.7545
vn -0.5358 -0.3755 0.7563
vn -0.5368 -0.3815 0.7525
vn -0.5389 -0.3829 0.7503
vn -0.5395 -0.3830 0.7498
vn -0.5461 -0.3814 0.7458
vn -0.5456 -0.3801 0.7469
vn -0.5467 -0.3815 0.7453
vn -0.5693 -0.3485 0.7446
vn -0.5586 -0.3677 0.7435
vn -0.5568 -0.3683 0.7445
vn -0.5583 -0.3678 0.7436
vn -0.5499 -0.3831 0.7422
vn -0.5480 -0.3835 0.7434
vn -0.5496 -0.3829 0.7425
vn -0.5442 -0.3941 0.7406
vn -0.5425 -0.3942 0.7418
vn -0.5412 -0.4010 0.7391
vn -0.5411 -0.4007 0.7393
vn -0.5416 -0.4035 0.7375
vn -0.5405 -0.4031 0.7385
vn -0.5463 -0.4015 0.7351
vn -0.5456 -0.4009 0.7359
vn -0.6137 -0.2516 0.7484
vn -0.6132 -0.2524 0.7485
vn -0.6071 -0.2998 0.7360
vn -0.6063 -0.3007 0.7361
vn -0.5996 -0.3400 0.7245
vn -0.5986 -0.3412 0.7247
vn -0.5920 -0.3728 0.7145
vn -0.5909 -0.3743 0.7147
vn -0.5916 -0.3735 0.7145
vn -0.5848 -0.3995 0.7060
vn -0.5836 -0.4007 0.7063
vn -0.5784 -0.4199 0.6994
vn -0.5772 -0.4209 0.6997
vn -0.5733 -0.4346 0.6946
vn -0.5723 -0.4354 0.6949
vn -0.6099 -0.2494 0.7522
vn -0.6093 -0.2508 0.7523
vn -0.6097 -0.2501 0.7522
vn -0.6033 -0.2996 0.7391
vn -0.6031 -0.2985 0.7397
vn -0.6036 -0.3002 0.7386
vn -0.5963 -0.3398 0.7273
vn -0.5966 -0.3403 0.7268
vn -0.5893 -0.3728 0.7168
vn -0.5891 -0.3713 0.7177
vn -0.5895 -0.3734 0.7163
vn -0.5824 -0.3991 0.7082
vn -0.5823 -0.3978 0.7090
vn -0.5827 -0.3999 0.7075
vn -0.5766 -0.4196 0.7011
vn -0.5765 -0.4200 0.7009
vn -0.5727 -0.4319 0.6968
vn -0.5715 -0.4329 0.6971
vn -0.6035 -0.2498 0.7572
vn -0.6033 -0.2486 0.7578
vn -0.6039 -0.2505 0.7567
vn -0.5983 -0.2970 0.7442
vn -0.5981 -0.2956 0.7449
vn -0.5987 -0.2977 0.7436
vn -0.5924 -0.3367 0.7319
vn -0.5922 -0.3351 0.7329
vn -0.5928 -0.3376 0.7312
vn -0.5862 -0.3693 0.7211
vn -0.5861 -0.3677 0.7220
vn -0.5866 -0.3702 0.7203
vn -0.5801 -0.3958 0.7119
vn -0.5800 -0.3942 0.7129
vn -0.5804 -0.3966 0.7112
vn -0.5745 -0.4162 0.7048
vn -0.5744 -0.4149 0.7056
vn -0.5747 -0.4171 0.7041
vn -0.5711 -0.4284 0.7002
vn -0.5706 -0.4291 0.7002
vn -0.5955 -0.2473 0.7644
vn -0.5960 -0.2484 0.7636
vn -0.5916 -0.2939 0.7508
vn -0.5913 -0.2921 0.7517
vn -0.5921 -0.2952 0.7499
vn -0.5868 -0.3329 0.7381
vn -0.5866 -0.3310 0.7391
vn -0.5874 -0.3343 0.7371
vn -0.5818 -0.3654 0.7266
vn -0.5816 -0.3635 0.7278
vn -0.5822 -0.3667 0.7256
vn -0.5765 -0.3919 0.7170
vn -0.5764 -0.3901 0.7180
vn -0.5769 -0.3930 0.7161
vn -0.5715 -0.4127 0.7093
vn -0.5714 -0.4111 0.7102
vn -0.5717 -0.4134 0.7087
vn -0.5683 -0.4251 0.7045
vn -0.5669 -0.4266 0.7047
vn -0.5679 -0.4257 0.7045
vn -0.5857 -0.2446 0.7727
vn -0.5853 -0.2429 0.7735
vn -0.5863 -0.2460 0.7719
vn -0.5828 -0.2903 0.7590
vn -0.5826 -0.2884 0.7599
vn -0.5836 -0.2920 0.7578
vn -0.5795 -0.3289 0.7457
vn -0.5802 -0.3306 0.7444
vn -0.5757 -0.3612 0.7335
vn -0.5764 -0.3628 0.7323
vn -0.5718 -0.3878 0.7230
vn -0.5723 -0.3891 0.7219
vn -0.5676 -0.4088 0.7146
vn -0.5675 -0.4070 0.7157
vn -0.5679 -0.4099 0.7138
vn -0.5633 -0.4241 0.7091
vn -0.5635 -0.4250 0.7084
vn -0.5737 -0.2415 0.7826
vn -0.5746 -0.2434 0.7814
vn -0.5721 -0.2868 0.7684
vn -0.5731 -0.2888 0.7669
vn -0.5701 -0.3252 0.7544
vn -0.5710 -0.3270 0.7531
vn -0.5678 -0.3573 0.7416
vn -0.5686 -0.3590 0.7402
vn -0.5653 -0.3836 0.7303
vn -0.5650 -0.3815 0.7316
vn -0.5660 -0.3852 0.7289
vn -0.5626 -0.4047 0.7209
vn -0.5624 -0.4027 0.7222
vn -0.5631 -0.4061 0.7197
vn -0.5593 -0.4206 0.7144
vn -0.5595 -0.4215 0.7137
vn -0.5769 -0.3630 0.7317
vn -0.5766 -0.3631 0.7319
vn -0.5655 -0.3814 0.7313
vn -0.5652 -0.3816 0.7314
vn -0.5561 -0.3962 0.7306
vn -0.5551 -0.3965 0.7312
vn -0.5501 -0.4070 0.7292
vn -0.5496 -0.4069 0.7296
vn -0.5461 -0.4145 0.7280
vn -0.5448 -0.4147 0.7288
vn -0.5453 -0.4183 0.7264
vn -0.5440 -0.4183 0.7274
vn -0.5599 -0.2386 0.7935
vn -0.5609 -0.2407 0.7921
vn -0.5595 -0.2844 0.7785
vn -0.5591 -0.2823 0.7795
vn -0.5605 -0.2863 0.7771
vn -0.5586 -0.3228 0.7640
vn -0.5582 -0.3208 0.7652
vn -0.5596 -0.3246 0.7626
vn -0.5575 -0.3550 0.7505
vn -0.5584 -0.3565 0.7491
vn -0.5565 -0.3809 0.7384
vn -0.5573 -0.3820 0.7372
vn -0.5557 -0.4012 0.7282
vn -0.5564 -0.4024 0.7269
vn -0.5700 -0.4438 0.6914
vn -0.5691 -0.4445 0.6918
vn -0.5692 -0.4415 0.6936
vn -0.5683 -0.4422 0.6940
vn -0.5674 -0.4388 0.6968
vn -0.5664 -0.4395 0.6972
vn -0.5643 -0.4357 0.7012
vn -0.5636 -0.4363 0.7014
vn -0.5604 -0.4325 0.7063
vn -0.5599 -0.4329 0.7064
vn -0.5553 -0.4299 0.7120
vn -0.5491 -0.4266 0.7187
vn -0.5501 -0.4260 0.7183
vn -0.5493 -0.4266 0.7185
vn -0.5465 -0.4174 0.7261
vn -0.5539 -0.4175 0.7203
vn -0.5543 -0.4189 0.7192
vn -0.6175 -0.3838 0.6866
vn -0.6168 -0.3825 0.6880
vn -0.6153 -0.3801 0.6906
vn -0.6130 -0.3766 0.6946
vn -0.6099 -0.3719 0.6997
vn -0.6063 -0.3661 0.7060
vn -0.6020 -0.3590 0.7132
vn -0.6017 -0.3592 0.7134
vn -0.5973 -0.3506 0.7213
vn -0.6029 -0.4044 0.6877
vn -0.5908 -0.4215 0.6880
vn -0.5812 -0.4348 0.6878
vn -0.5807 -0.4350 0.6881
vn -0.5744 -0.4441 0.6876
vn -0.5737 -0.4445 0.6880
vn -0.5703 -0.4492 0.6877
vn -0.5691 -0.4495 0.6885
vn -0.5689 -0.4499 0.6884
vn -0.5700 -0.4459 0.6902
vn -0.5690 -0.4466 0.6905
vn -0.4560 -0.0601 0.8879
vn -0.4700 -0.0610 0.8806
vn -0.4629 -0.1071 0.8799
vn -0.4735 -0.1207 0.8725
vn -0.4772 -0.1310 0.8690
vn -0.4828 -0.1403 0.8644
vn -0.4885 -0.1467 0.8602
vn -0.4923 -0.1536 0.8568
vn -0.4998 -0.1586 0.8515
vn -0.5027 -0.1641 0.8487
vn -0.5126 -0.1679 0.8421
vn -0.5148 -0.1723 0.8398
vn -0.5271 -0.1748 0.8316
vn -0.5265 -0.1720 0.8326
vn -0.5287 -0.1781 0.8299
vn -0.5419 -0.1825 0.8204
vn -0.5418 -0.1797 0.8211
vn -0.4996 -0.1465 0.8538
vn -0.4989 -0.1446 0.8545
vn -0.5245 -0.2025 0.8270
vn -0.5235 -0.2028 0.8276
vn -0.5440 -0.2463 0.8021
vn -0.5592 -0.2787 0.7808
vn -0.5722 -0.3045 0.7614
vn -0.5830 -0.3252 0.7445
vn -0.5833 -0.3251 0.7444
vn -0.5912 -0.3405 0.7311
vn -0.5915 -0.3404 0.7310
vn -0.6210 -0.1955 0.7590
vn -0.6155 -0.2528 0.7465
vn -0.6152 -0.2536 0.7465
vn -0.6155 -0.2531 0.7464
vn -0.6084 -0.3019 0.7340
vn -0.6077 -0.3027 0.7342
vn -0.6004 -0.3425 0.7226
vn -0.5995 -0.3436 0.7229
vn -0.5924 -0.3757 0.7127
vn -0.5914 -0.3768 0.7130
vn -0.5848 -0.4022 0.7044
vn -0.5838 -0.4032 0.7048
vn -0.5845 -0.4025 0.7046
vn -0.5783 -0.4224 0.6980
vn -0.5772 -0.4233 0.6983
vn -0.5779 -0.4226 0.6981
vn -0.5732 -0.4368 0.6933
vn -0.5722 -0.4375 0.6936
vn -0.6188 -0.1949 0.7610
vn -0.6186 -0.1953 0.7611
vn -0.6143 -0.1939 0.7649
vn -0.6141 -0.1943 0.7649
vn -0.6076 -0.1924 0.7705
vn -0.6072 -0.1932 0.7707
vn -0.5987 -0.1898 0.7782
vn -0.5982 -0.1915 0.7781
vn -0.5986 -0.1906 0.7780
vn -0.5877 -0.1867 0.7873
vn -0.5871 -0.1891 0.7871
vn -0.5877 -0.1876 0.7870
vn -0.5746 -0.1827 0.7978
vn -0.5746 -0.1844 0.7974
vn -0.5596 -0.1779 0.8094
vn -0.5596 -0.1803 0.8089
vn -0.2317 0.4771 0.8477
vn -0.2170 0.5008 0.8379
vn -0.2097 0.5280 0.8230
vn -0.2166 0.5121 0.8312
vn -0.1925 0.5517 0.8115
vn -0.1963 0.5390 0.8191
vn -0.1974 0.5428 0.8163
vn -0.1770 0.5734 0.7999
vn -0.1806 0.5673 0.8034
vn -0.1630 0.5921 0.7892
vn -0.1648 0.5858 0.7935
vn -0.1655 0.5878 0.7919
vn -0.1505 0.6075 0.7799
vn -0.1516 0.6032 0.7831
vn -0.1521 0.6046 0.7819
vn -0.1394 0.6203 0.7719
vn -0.1401 0.6173 0.7742
vn -0.1405 0.6183 0.7733
vn -0.2077 0.5047 0.8379
vn -0.1973 0.5186 0.8320
vn -0.1962 0.5334 0.8228
vn -0.1984 0.5251 0.8276
vn -0.1873 0.5481 0.8152
vn -0.1813 0.5662 0.8041
vn -0.1863 0.5556 0.8103
vn -0.1681 0.5842 0.7940
vn -0.1723 0.5770 0.7984
vn -0.1561 0.5999 0.7847
vn -0.1586 0.5932 0.7893
vn -0.1592 0.5952 0.7876
vn -0.1456 0.6135 0.7761
vn -0.1475 0.6104 0.7782
vn -0.1358 0.6252 0.7686
vn -0.1367 0.6221 0.7709
vn -0.1371 0.6231 0.7701
vn -0.1886 0.5328 0.8250
vn -0.1821 0.5403 0.8215
vn -0.1812 0.5523 0.8137
vn -0.1829 0.5467 0.8171
vn -0.1743 0.5624 0.8083
vn -0.1703 0.5812 0.7958
vn -0.1743 0.5710 0.8022
vn -0.1593 0.5963 0.7868
vn -0.1633 0.5886 0.7918
vn -0.1495 0.6090 0.7790
vn -0.1520 0.6019 0.7839
vn -0.1526 0.6040 0.7823
vn -0.1406 0.6202 0.7717
vn -0.1427 0.6170 0.7739
vn -0.1321 0.6307 0.7647
vn -0.1332 0.6276 0.7671
vn -0.1335 0.6285 0.7663
vn -0.1725 0.5608 0.8098
vn -0.1740 0.5574 0.8118
vn -0.1679 0.5656 0.8074
vn -0.1672 0.5749 0.8009
vn -0.1618 0.5819 0.7970
vn -0.1604 0.5900 0.7913
vn -0.1551 0.5979 0.7864
vn -0.1510 0.6092 0.7785
vn -0.1535 0.6000 0.7851
vn -0.1540 0.6026 0.7830
vn -0.1433 0.6190 0.7722
vn -0.1455 0.6124 0.7770
vn -0.1460 0.6142 0.7755
vn -0.1359 0.6278 0.7664
vn -0.1380 0.6247 0.7686
vn -0.1284 0.6370 0.7601
vn -0.1296 0.6339 0.7625
vn -0.1299 0.6349 0.7616
vn -0.1581 0.5875 0.7936
vn -0.1593 0.5852 0.7951
vn -0.1547 0.5908 0.7919
vn -0.1544 0.5976 0.7868
vn -0.1504 0.6021 0.7841
vn -0.1497 0.6081 0.7796
vn -0.1506 0.6053 0.7816
vn -0.1457 0.6134 0.7762
vn -0.1444 0.6178 0.7730
vn -0.1409 0.6230 0.7694
vn -0.1376 0.6299 0.7644
vn -0.1392 0.6242 0.7688
vn -0.1395 0.6258 0.7674
vn -0.1315 0.6365 0.7600
vn -0.1330 0.6323 0.7632
vn -0.1333 0.6335 0.7622
vn -0.1248 0.6439 0.7548
vn -0.1260 0.6410 0.7571
vn -0.1262 0.6419 0.7563
vn -0.1456 0.6118 0.7775
vn -0.1464 0.6104 0.7785
vn -0.1433 0.6139 0.7763
vn -0.1431 0.6185 0.7726
vn -0.1439 0.6168 0.7739
vn -0.1405 0.6212 0.7710
vn -0.1402 0.6255 0.7675
vn -0.1373 0.6288 0.7654
vn -0.1366 0.6323 0.7626
vn -0.1371 0.6306 0.7639
vn -0.1339 0.6358 0.7601
vn -0.1326 0.6385 0.7581
vn -0.1303 0.6419 0.7556
vn -0.1272 0.6466 0.7522
vn -0.1284 0.6427 0.7553
vn -0.1286 0.6437 0.7544
vn -0.1217 0.6512 0.7491
vn -0.1227 0.6494 0.7505
vn -0.0948 0.6661 0.7399
vn -0.0943 0.6718 0.7347
vn -0.0938 0.6774 0.7296
vn -0.0942 0.6776 0.7294
vn -0.0935 0.6828 0.7246
vn -0.0933 0.6877 0.7200
vn -0.0934 0.6921 0.7157
vn -0.0937 0.6959 0.7120
vn -0.0974 0.6635 0.7418
vn -0.0966 0.6690 0.7369
vn -0.0959 0.6746 0.7320
vn -0.0963 0.6748 0.7317
vn -0.0953 0.6799 0.7271
vn -0.0957 0.6801 0.7269
vn -0.0949 0.6850 0.7223
vn -0.0948 0.6896 0.7179
vn -0.0950 0.6936 0.7141
vn -0.1013 0.6594 0.7449
vn -0.1016 0.6597 0.7446
vn -0.1001 0.6648 0.7403
vn -0.1004 0.6651 0.7400
vn -0.0990 0.6702 0.7355
vn -0.0995 0.6705 0.7352
vn -0.0994 0.6704 0.7353
vn -0.0981 0.6757 0.7307
vn -0.0986 0.6759 0.7303
vn -0.0974 0.6810 0.7258
vn -0.0970 0.6859 0.7212
vn -0.0972 0.6900 0.7172
vn -0.1068 0.6537 0.7492
vn -0.1066 0.6541 0.7489
vn -0.1049 0.6590 0.7448
vn -0.1051 0.6592 0.7446
vn -0.1033 0.6642 0.7404
vn -0.1039 0.6647 0.7398
vn -0.1023 0.6695 0.7358
vn -0.1026 0.6702 0.7351
vn -0.1022 0.6699 0.7354
vn -0.1008 0.6752 0.7307
vn -0.1014 0.6755 0.7304
vn -0.1002 0.6806 0.7258
vn -0.1006 0.6806 0.7257
vn -0.1002 0.6851 0.7215
vn -0.1133 0.6464 0.7545
vn -0.1134 0.6476 0.7535
vn -0.1131 0.6471 0.7540
vn -0.1113 0.6512 0.7507
vn -0.1115 0.6523 0.7497
vn -0.1111 0.6518 0.7502
vn -0.1093 0.6563 0.7465
vn -0.1096 0.6575 0.7455
vn -0.1092 0.6570 0.7459
vn -0.1072 0.6619 0.7419
vn -0.1077 0.6630 0.7408
vn -0.1072 0.6625 0.7414
vn -0.1051 0.6680 0.7367
vn -0.1054 0.6682 0.7365
vn -0.1040 0.6739 0.7315
vn -0.1047 0.6741 0.7311
vn -0.1038 0.6791 0.7266
vn -0.1043 0.6791 0.7266
vn -0.1212 0.6374 0.7609
vn -0.1208 0.6384 0.7602
vn -0.1189 0.6418 0.7576
vn -0.1185 0.6430 0.7567
vn -0.1162 0.6469 0.7537
vn -0.1163 0.6486 0.7522
vn -0.1159 0.6479 0.7528
vn -0.1136 0.6526 0.7491
vn -0.1139 0.6543 0.7477
vn -0.1134 0.6536 0.7483
vn -0.1111 0.6587 0.7441
vn -0.1116 0.6601 0.7428
vn -0.1111 0.6596 0.7434
vn -0.1086 0.6656 0.7384
vn -0.1096 0.6663 0.7376
vn -0.1089 0.6658 0.7382
vn -0.1077 0.6720 0.7327
vn -0.1084 0.6721 0.7325
vn -0.1081 0.6720 0.7326
vn -0.0968 0.7045 0.7031
vn -0.0991 0.7003 0.7069
vn -0.1026 0.6941 0.7126
vn -0.1023 0.6943 0.7124
vn -0.1027 0.6939 0.7128
vn -0.1067 0.6859 0.7198
vn -0.1068 0.6860 0.7197
vn -0.1072 0.6858 0.7199
vn -0.1125 0.6755 0.7287
vn -0.1123 0.6758 0.7285
vn -0.1130 0.6753 0.7288
vn -0.1193 0.6630 0.7391
vn -0.1190 0.6635 0.7387
vn -0.1202 0.6623 0.7395
vn -0.1272 0.6483 0.7507
vn -0.1267 0.6489 0.7502
vn -0.1282 0.6474 0.7513
vn -0.0989 0.7007 0.7065
vn -0.1023 0.6949 0.7118
vn -0.1069 0.6871 0.7187
vn -0.1064 0.6874 0.7184
vn -0.1121 0.6774 0.7270
vn -0.1127 0.6769 0.7274
vn -0.1186 0.6656 0.7368
vn -0.1196 0.6649 0.7373
vn -0.1262 0.6516 0.7480
vn -0.1257 0.6524 0.7474
vn -0.1275 0.6505 0.7488
vn -0.0964 0.7044 0.7032
vn -0.0985 0.7009 0.7064
vn -0.0982 0.7011 0.7062
vn -0.1015 0.6956 0.7112
vn -0.1018 0.6956 0.7112
vn -0.1057 0.6885 0.7175
vn -0.1056 0.6887 0.7173
vn -0.1063 0.6881 0.7178
vn -0.1110 0.6795 0.7252
vn -0.1107 0.6799 0.7249
vn -0.1118 0.6790 0.7256
vn -0.1173 0.6685 0.7344
vn -0.1169 0.6691 0.7339
vn -0.1185 0.6676 0.7351
vn -0.1245 0.6553 0.7450
vn -0.1241 0.6561 0.7444
vn -0.1261 0.6539 0.7460
vn -0.0979 0.7007 0.7067
vn -0.1009 0.6960 0.7109
vn -0.1046 0.6896 0.7166
vn -0.1051 0.6894 0.7167
vn -0.1096 0.6814 0.7236
vn -0.1093 0.6819 0.7233
vn -0.1105 0.6809 0.7240
vn -0.1157 0.6713 0.7321
vn -0.1169 0.6704 0.7328
vn -0.1226 0.6590 0.7420
vn -0.1221 0.6599 0.7413
vn -0.1241 0.6575 0.7431
vn -0.0954 0.7029 0.7049
vn -0.0972 0.7001 0.7074
vn -0.1000 0.6958 0.7112
vn -0.1035 0.6901 0.7163
vn -0.1032 0.6904 0.7161
vn -0.1038 0.6901 0.7163
vn -0.1082 0.6829 0.7225
vn -0.1079 0.6833 0.7222
vn -0.1088 0.6825 0.7228
vn -0.1137 0.6739 0.7300
vn -0.1147 0.6732 0.7305
vn -0.1200 0.6628 0.7391
vn -0.1196 0.6636 0.7384
vn -0.1216 0.6612 0.7403
vn -0.0963 0.6988 0.7088
vn -0.0989 0.6950 0.7122
vn -0.1024 0.6898 0.7167
vn -0.1021 0.6899 0.7166
vn -0.1068 0.6835 0.7221
vn -0.1062 0.6837 0.7220
vn -0.1115 0.6758 0.7286
vn -0.1112 0.6762 0.7282
vn -0.1125 0.6753 0.7289
vn -0.1176 0.6658 0.7368
vn -0.1171 0.6665 0.7362
vn -0.1187 0.6649 0.7375
vn -0.1304 0.6267 0.7683
vn -0.1301 0.6290 0.7665
vn -0.1297 0.6282 0.7672
vn -0.1275 0.6310 0.7652
vn -0.1272 0.6334 0.7633
vn -0.1268 0.6326 0.7640
vn -0.1246 0.6361 0.7615
vn -0.1239 0.6378 0.7602
vn -0.1215 0.6419 0.7571
vn -0.1213 0.6443 0.7551
vn -0.1208 0.6435 0.7559
vn -0.1184 0.6484 0.7521
vn -0.1179 0.6498 0.7509
vn -0.1153 0.6552 0.7466
vn -0.1157 0.6571 0.7449
vn -0.1152 0.6565 0.7455
vn -0.0941 0.6990 0.7089
vn -0.0956 0.6966 0.7110
vn -0.0979 0.6931 0.7142
vn -0.1011 0.6883 0.7184
vn -0.1050 0.6825 0.7233
vn -0.1045 0.6827 0.7232
vn -0.1094 0.6759 0.7288
vn -0.1092 0.6761 0.7287
vn -0.1097 0.6759 0.7288
vn -0.1349 0.6327 0.7626
vn -0.1355 0.6318 0.7632
vn -0.1335 0.6338 0.7619
vn -0.1335 0.6372 0.7591
vn -0.1317 0.6388 0.7580
vn -0.1315 0.6420 0.7553
vn -0.1321 0.6408 0.7562
vn -0.1296 0.6440 0.7540
vn -0.1291 0.6469 0.7515
vn -0.1270 0.6493 0.7499
vn -0.1262 0.6517 0.7479
vn -0.1241 0.6541 0.7461
vn -0.1228 0.6558 0.7449
vn -0.1211 0.6581 0.7431
vn -0.1190 0.6590 0.7427
vn -0.1193 0.6581 0.7434
vn -0.1121 0.6629 0.7403
vn -0.1128 0.6633 0.7398
vn -0.1150 0.6675 0.7357
vn -0.1158 0.6671 0.7359
vn -0.2990 0.3679 0.8805
vn -0.2646 0.4200 0.8681
vn -0.2580 0.4723 0.8428
vn -0.2664 0.4375 0.8589
vn -0.2265 0.5067 0.8319
vn -0.2315 0.4963 0.8367
vn -0.2042 0.5387 0.8174
vn -0.2062 0.5290 0.8232
vn -0.2074 0.5321 0.8209
vn -0.1858 0.5641 0.8046
vn -0.1882 0.5593 0.8074
vn -0.1696 0.5850 0.7931
vn -0.1707 0.5797 0.7968
vn -0.1714 0.5814 0.7953
vn -0.1553 0.6021 0.7832
vn -0.1566 0.5995 0.7849
vn -0.1430 0.6159 0.7748
vn -0.1434 0.6131 0.7769
vn -0.1439 0.6141 0.7760
vn -0.2463 0.4308 0.8682
vn -0.2531 0.4154 0.8737
vn -0.2315 0.4439 0.8656
vn -0.2156 0.4762 0.8525
vn -0.2188 0.4704 0.8549
vn -0.2084 0.4829 0.8505
vn -0.1937 0.5161 0.8343
vn -0.1956 0.5129 0.8359
vn -0.1894 0.5199 0.8330
vn -0.1763 0.5493 0.8169
vn -0.1777 0.5471 0.8180
vn -0.1733 0.5518 0.8158
vn -0.1608 0.5793 0.7991
vn -0.1618 0.5777 0.8000
vn -0.1586 0.5811 0.7983
vn -0.1471 0.6063 0.7815
vn -0.1478 0.6053 0.7822
vn -0.1457 0.6074 0.7809
vn -0.1359 0.6288 0.7656
vn -0.1348 0.6295 0.7652
vn -0.0942 0.6613 0.7442
vn -0.0936 0.6673 0.7389
vn -0.0931 0.6732 0.7336
vn -0.0928 0.6789 0.7284
vn -0.0925 0.6842 0.7234
vn -0.0925 0.6891 0.7187
vn -0.0927 0.6934 0.7146
vn -0.0930 0.6971 0.7109
vn -0.0933 0.6970 0.7110
vn -0.0955 0.6602 0.7450
vn -0.0983 0.6579 0.7467
vn -0.1025 0.6543 0.7493
vn -0.1029 0.6547 0.7489
vn -0.1084 0.6489 0.7531
vn -0.1084 0.6497 0.7525
vn -0.1082 0.6494 0.7527
vn -0.1153 0.6420 0.7580
vn -0.1153 0.6431 0.7570
vn -0.1149 0.6426 0.7575
vn -0.1234 0.6334 0.7639
vn -0.1235 0.6349 0.7626
vn -0.1231 0.6343 0.7632
vn -0.1331 0.6228 0.7710
vn -0.1324 0.6242 0.7699
vn -0.0966 0.7042 0.7034
vn -0.0989 0.6999 0.7074
vn -0.1024 0.6933 0.7133
vn -0.1070 0.6846 0.7210
vn -0.1123 0.6739 0.7302
vn -0.1129 0.6737 0.7303
vn -0.1194 0.6608 0.7410
vn -0.1192 0.6611 0.7408
vn -0.1198 0.6606 0.7411
vn -0.1274 0.6456 0.7530
vn -0.1281 0.6451 0.7533
vn -0.0950 0.7055 0.7023
vn -0.0945 0.7043 0.7036
vn -0.0940 0.7025 0.7054
vn -0.0934 0.7002 0.7078
vn -0.6199 -0.0656 0.7819
vn -0.6201 -0.0650 0.7818
vn -0.6148 -0.0670 0.7858
vn -0.6150 -0.0664 0.7857
vn -0.6071 -0.0681 0.7917
vn -0.6074 -0.0673 0.7916
vn -0.6072 -0.0678 0.7917
vn -0.5846 -0.0659 0.8087
vn -0.5843 -0.0666 0.8088
vn -0.5844 -0.0664 0.8088
vn -0.5695 -0.0614 0.8197
vn -0.5693 -0.0630 0.8197
vn -0.5696 -0.0621 0.8196
vn -0.5520 -0.0535 0.8321
vn -0.5518 -0.0566 0.8320
vn -0.5523 -0.0553 0.8318
vn -0.6152 -0.0016 0.7884
vn -0.6155 -0.0006 0.7881
vn -0.6102 -0.0040 0.7923
vn -0.6105 -0.0030 0.7920
vn -0.6025 -0.0065 0.7981
vn -0.6028 -0.0058 0.7978
vn -0.5923 -0.0074 0.8057
vn -0.5926 -0.0067 0.8055
vn -0.5926 -0.0071 0.8055
vn -0.5795 -0.0066 0.8150
vn -0.5638 -0.0023 0.8259
vn -0.5637 -0.0033 0.8260
vn -0.5638 -0.0031 0.8259
vn -0.5452 0.0069 0.8383
vn -0.5451 0.0041 0.8383
vn -0.5455 0.0052 0.8381
vn -0.6069 0.0611 0.7924
vn -0.6074 0.0629 0.7919
vn -0.6073 0.0618 0.7921
vn -0.6023 0.0578 0.7962
vn -0.6026 0.0586 0.7959
vn -0.5950 0.0545 0.8019
vn -0.5954 0.0563 0.8015
vn -0.5950 0.0550 0.8018
vn -0.5850 0.0521 0.8094
vn -0.5852 0.0529 0.8092
vn -0.5721 0.0526 0.8185
vn -0.5722 0.0530 0.8184
vn -0.5723 0.0528 0.8184
vn -0.5559 0.0566 0.8293
vn -0.5560 0.0559 0.8293
vn -0.5366 0.0664 0.8412
vn -0.5365 0.0642 0.8415
vn -0.5368 0.0652 0.8412
vn -0.5952 0.1232 0.7941
vn -0.5955 0.1251 0.7935
vn -0.5952 0.1237 0.7940
vn -0.5910 0.1194 0.7978
vn -0.5913 0.1215 0.7972
vn -0.5912 0.1202 0.7975
vn -0.5842 0.1155 0.8033
vn -0.5846 0.1165 0.8029
vn -0.5745 0.1130 0.8107
vn -0.5748 0.1142 0.8103
vn -0.5619 0.1120 0.8196
vn -0.5620 0.1125 0.8195
vn -0.5458 0.1153 0.8299
vn -0.5457 0.1150 0.8300
vn -0.5261 0.1253 0.8412
vn -0.5262 0.1244 0.8412
vn -0.5796 0.1847 0.7937
vn -0.5799 0.1851 0.7934
vn -0.5759 0.1809 0.7973
vn -0.5696 0.1760 0.8029
vn -0.5698 0.1781 0.8023
vn -0.5698 0.1770 0.8025
vn -0.5604 0.1726 0.8100
vn -0.5606 0.1740 0.8096
vn -0.5604 0.1730 0.8100
vn -0.5485 0.1705 0.8186
vn -0.5486 0.1713 0.8183
vn -0.5487 0.1709 0.8184
vn -0.5333 0.1714 0.8284
vn -0.5140 0.1798 0.8387
vn -0.5142 0.1791 0.8388
vn -0.5608 0.2447 0.7910
vn -0.5601 0.2453 0.7912
vn -0.5611 0.2442 0.7909
vn -0.5576 0.2410 0.7944
vn -0.5568 0.2417 0.7947
vn -0.5508 0.2360 0.8006
vn -0.5508 0.2375 0.8001
vn -0.5509 0.2368 0.8003
vn -0.5422 0.2318 0.8077
vn -0.5422 0.2331 0.8073
vn -0.5423 0.2325 0.8074
vn -0.5316 0.2277 0.8158
vn -0.5316 0.2290 0.8154
vn -0.5315 0.2280 0.8158
vn -0.5186 0.2244 0.8250
vn -0.5187 0.2260 0.8245
vn -0.5189 0.2254 0.8246
vn -0.5020 0.2270 0.8346
vn -0.3882 0.1371 0.9113
vn -0.3899 0.1428 0.9097
vn -0.3605 0.2347 0.9027
vn -0.3616 0.2351 0.9022
vn -0.3439 0.3053 0.8880
vn -0.3498 0.3065 0.8853
vn -0.3427 0.3053 0.8885
vn -0.3312 0.3578 0.8731
vn -0.3357 0.3581 0.8713
vn -0.3297 0.3584 0.8734
vn -0.3218 0.4024 0.8570
vn -0.3251 0.4024 0.8558
vn -0.3205 0.4031 0.8572
vn -0.3155 0.4415 0.8400
vn -0.3142 0.4422 0.8401
vn -0.3111 0.4751 0.8231
vn -0.3130 0.4749 0.8225
vn -0.3104 0.4757 0.8230
vn -0.4265 0.0737 0.9015
vn -0.4257 0.0820 0.9011
vn -0.3988 0.1712 0.9009
vn -0.4048 0.1798 0.8966
vn -0.3999 0.1747 0.8998
vn -0.3770 0.2510 0.8915
vn -0.3777 0.2513 0.8912
vn -0.3614 0.3126 0.8785
vn -0.3609 0.3124 0.8787
vn -0.3498 0.3645 0.8630
vn -0.3537 0.3649 0.8613
vn -0.3488 0.3648 0.8633
vn -0.3418 0.4088 0.8462
vn -0.3406 0.4095 0.8463
vn -0.3368 0.4460 0.8292
vn -0.3386 0.4458 0.8286
vn -0.3358 0.4466 0.8293
vn -0.4531 0.0325 0.8908
vn -0.4516 0.0394 0.8913
vn -0.4305 0.1213 0.8944
vn -0.4304 0.1260 0.8938
vn -0.4085 0.2007 0.8904
vn -0.4094 0.2028 0.8895
vn -0.3909 0.2682 0.8805
vn -0.3962 0.2710 0.8773
vn -0.3914 0.2684 0.8802
vn -0.3779 0.3256 0.8667
vn -0.3822 0.3267 0.8644
vn -0.3776 0.3255 0.8668
vn -0.3689 0.3743 0.8508
vn -0.3719 0.3746 0.8493
vn -0.3681 0.3747 0.8510
vn -0.3635 0.4146 0.8343
vn -0.3626 0.4152 0.8343
vn -0.4732 0.0028 0.8810
vn -0.4718 0.0085 0.8817
vn -0.4554 0.0834 0.8864
vn -0.4548 0.0881 0.8862
vn -0.4368 0.1587 0.8854
vn -0.4371 0.1618 0.8847
vn -0.4200 0.2271 0.8786
vn -0.4241 0.2311 0.8756
vn -0.4208 0.2283 0.8780
vn -0.4065 0.2873 0.8673
vn -0.4105 0.2892 0.8648
vn -0.4069 0.2874 0.8671
vn -0.3970 0.3387 0.8530
vn -0.4000 0.3393 0.8514
vn -0.3966 0.3386 0.8533
vn -0.3912 0.3810 0.8377
vn -0.3934 0.3810 0.8367
vn -0.3905 0.3813 0.8379
vn -0.4924 -0.0204 0.8701
vn -0.4913 -0.0157 0.8708
vn -0.4788 0.0533 0.8763
vn -0.4796 0.0609 0.8753
vn -0.4780 0.0574 0.8765
vn -0.4637 0.1239 0.8773
vn -0.4655 0.1304 0.8754
vn -0.4635 0.1271 0.8769
vn -0.4486 0.1904 0.8732
vn -0.4489 0.1924 0.8726
vn -0.4348 0.2508 0.8649
vn -0.4380 0.2537 0.8624
vn -0.4352 0.2514 0.8645
vn -0.4237 0.3037 0.8534
vn -0.4241 0.3038 0.8531
vn -0.4177 0.3480 0.8393
vn -0.4199 0.3481 0.8382
vn -0.4172 0.3479 0.8396
vn -0.5122 -0.0379 0.8580
vn -0.5124 -0.0317 0.8581
vn -0.5115 -0.0343 0.8586
vn -0.5018 0.0299 0.8645
vn -0.5011 0.0332 0.8648
vn -0.4895 0.0960 0.8667
vn -0.4903 0.1014 0.8656
vn -0.4891 0.0988 0.8666
vn -0.4762 0.1596 0.8647
vn -0.4761 0.1618 0.8644
vn -0.4626 0.2177 0.8594
vn -0.4648 0.2214 0.8573
vn -0.4630 0.2191 0.8589
vn -0.4498 0.2698 0.8514
vn -0.4530 0.2725 0.8489
vn -0.4503 0.2705 0.8509
vn -0.4411 0.3162 0.8399
vn -0.4407 0.3161 0.8402
vn -0.3166 0.5884 0.7440
vn -0.3162 0.5884 0.7442
vn -0.3490 0.5599 0.7514
vn -0.3486 0.5600 0.7516
vn -0.3821 0.5277 0.7587
vn -0.3814 0.5279 0.7589
vn -0.4154 0.4913 0.7655
vn -0.4146 0.4916 0.7658
vn -0.4157 0.4911 0.7655
vn -0.4484 0.4505 0.7721
vn -0.4479 0.4506 0.7722
vn -0.4800 0.4052 0.7781
vn -0.4798 0.4054 0.7782
vn -0.3150 0.5829 0.7489
vn -0.3465 0.5552 0.7561
vn -0.3789 0.5238 0.7630
vn -0.3782 0.5239 0.7632
vn -0.4114 0.4880 0.7698
vn -0.4109 0.4884 0.7698
vn -0.4118 0.4881 0.7696
vn -0.4446 0.4478 0.7758
vn -0.4438 0.4481 0.7760
vn -0.4763 0.4027 0.7817
vn -0.4759 0.4029 0.7818
vn -0.5060 0.3530 0.7870
vn -0.3131 0.5744 0.7563
vn -0.3126 0.5744 0.7565
vn -0.3433 0.5475 0.7632
vn -0.3430 0.5475 0.7633
vn -0.3437 0.5473 0.7631
vn -0.3747 0.5170 0.7696
vn -0.3741 0.5172 0.7698
vn -0.4069 0.4823 0.7758
vn -0.4390 0.4427 0.7819
vn -0.4386 0.4430 0.7819
vn -0.4393 0.4427 0.7817
vn -0.4708 0.3981 0.7873
vn -0.4706 0.3982 0.7874
vn -0.5005 0.3486 0.7925
vn -0.3110 0.5625 0.7661
vn -0.3399 0.5364 0.7725
vn -0.3700 0.5069 0.7786
vn -0.4012 0.4730 0.7844
vn -0.4329 0.4344 0.7899
vn -0.4325 0.4346 0.7900
vn -0.4639 0.3908 0.7950
vn -0.4931 0.3423 0.7998
vn -0.3098 0.5470 0.7777
vn -0.3100 0.5469 0.7777
vn -0.3093 0.5470 0.7779
vn -0.3367 0.5213 0.7841
vn -0.3654 0.4925 0.7899
vn -0.4263 0.4226 0.7998
vn -0.4566 0.3811 0.8039
vn -0.4564 0.3813 0.8040
vn -0.4851 0.3348 0.8078
vn -0.3083 0.5275 0.7917
vn -0.3093 0.5274 0.7913
vn -0.3349 0.5016 0.7977
vn -0.3353 0.5015 0.7975
vn -0.3344 0.5016 0.7978
vn -0.3623 0.4728 0.8032
vn -0.3629 0.4727 0.8030
vn -0.3619 0.4732 0.8032
vn -0.3910 0.4406 0.8081
vn -0.3917 0.4404 0.8078
vn -0.4203 0.4061 0.8114
vn -0.4494 0.3683 0.8139
vn -0.4771 0.3263 0.8160
vn -0.4769 0.3265 0.8161
vn -0.5323 -0.0509 0.8451
vn -0.5324 -0.0462 0.8452
vn -0.5317 -0.0482 0.8455
vn -0.5241 0.0127 0.8516
vn -0.5243 0.0171 0.8514
vn -0.5236 0.0152 0.8519
vn -0.5140 0.0752 0.8545
vn -0.5135 0.0774 0.8546
vn -0.5023 0.1362 0.8539
vn -0.5027 0.1399 0.8530
vn -0.5019 0.1381 0.8538
vn -0.4898 0.1918 0.8505
vn -0.4906 0.1951 0.8493
vn -0.4897 0.1933 0.8502
vn -0.4767 0.2398 0.8458
vn -0.4770 0.2414 0.8451
vn -0.3089 0.5036 0.8068
vn -0.3085 0.5041 0.8067
vn -0.3340 0.4767 0.8131
vn -0.3357 0.4765 0.8125
vn -0.3339 0.4772 0.8129
vn -0.3612 0.4471 0.8183
vn -0.3625 0.4469 0.8178
vn -0.3607 0.4475 0.8183
vn -0.3893 0.4146 0.8225
vn -0.3888 0.4152 0.8225
vn -0.4167 0.3816 0.8251
vn -0.4177 0.3814 0.8247
vn -0.4163 0.3820 0.8251
vn -0.4429 0.3497 0.8256
vn -0.5371 0.3017 0.7877
vn -0.5372 0.3014 0.7878
vn -0.5337 0.2986 0.7912
vn -0.5334 0.2989 0.7913
vn -0.5337 0.2983 0.7913
vn -0.5277 0.2946 0.7967
vn -0.5275 0.2948 0.7968
vn -0.5280 0.2944 0.7966
vn -0.5199 0.2892 0.8038
vn -0.5195 0.2895 0.8039
vn -0.5108 0.2838 0.8115
vn -0.5004 0.2772 0.8202
vn -0.5004 0.2786 0.8197
vn -0.5004 0.2775 0.8201
vn -0.4883 0.2702 0.8298
vn -0.4885 0.2741 0.8284
vn -0.4889 0.2723 0.8288
vn -0.4631 0.2841 0.8395
vn -0.4642 0.2846 0.8388
vn -0.4692 0.3149 0.8250
vn -0.4680 0.3158 0.8254
vn -0.4704 0.3144 0.8246
vn -0.6236 -0.1302 0.7708
vn -0.6211 -0.1306 0.7728
vn -0.6089 -0.1304 0.7825
vn -0.5993 -0.1291 0.7901
vn -0.5990 -0.1297 0.7902
vn -0.5875 -0.1266 0.7993
vn -0.5869 -0.1278 0.7995
vn -0.5873 -0.1269 0.7994
vn -0.5731 -0.1218 0.8104
vn -0.5731 -0.1233 0.8101
vn -0.5568 -0.1155 0.8226
vn -0.5564 -0.1191 0.8223
vn -0.5570 -0.1176 0.8222
vn -0.6224 -0.0643 0.7800
vn -0.6227 -0.0637 0.7799
vn -0.6175 0.0007 0.7865
vn -0.6179 0.0017 0.7862
vn -0.6090 0.0639 0.7906
vn -0.6095 0.0657 0.7901
vn -0.6094 0.0647 0.7902
vn -0.5969 0.1266 0.7923
vn -0.5973 0.1283 0.7917
vn -0.5972 0.1272 0.7919
vn -0.5820 0.1883 0.7911
vn -0.5813 0.1890 0.7914
vn -0.5822 0.1881 0.7910
vn -0.5621 0.2473 0.7892
vn -0.5615 0.2478 0.7895
vn -0.5624 0.2468 0.7892
vn -0.5386 0.3036 0.7860
vn -0.3743 0.1055 0.9213
vn -0.3789 0.1197 0.9177
vn -0.3364 0.2306 0.9131
vn -0.3351 0.2298 0.9137
vn -0.3196 0.3073 0.8963
vn -0.3172 0.3081 0.8969
vn -0.3084 0.3601 0.8804
vn -0.3130 0.3599 0.8789
vn -0.3064 0.3614 0.8806
vn -0.3000 0.4020 0.8651
vn -0.2983 0.4033 0.8651
vn -0.2937 0.4391 0.8491
vn -0.2922 0.4402 0.8490
vn -0.2893 0.4726 0.8324
vn -0.2882 0.4734 0.8324
vn -0.2863 0.5025 0.8158
vn -0.2878 0.5023 0.8154
vn -0.2855 0.5030 0.8158
vn -0.4278 0.0058 0.9038
vn -0.4253 0.0228 0.9047
vn -0.4555 -0.0362 0.8895
vn -0.4522 -0.0251 0.8916
vn -0.4729 -0.0624 0.8789
vn -0.4708 -0.0543 0.8806
vn -0.4878 -0.0819 0.8691
vn -0.4864 -0.0754 0.8705
vn -0.5033 -0.0969 0.8586
vn -0.5024 -0.0919 0.8597
vn -0.5203 -0.1081 0.8471
vn -0.5197 -0.1044 0.8479
vn -0.5382 -0.1165 0.8347
vn -0.5379 -0.1137 0.8353
vn -0.2859 0.6162 0.7339
vn -0.3178 0.5908 0.7416
vn -0.3507 0.5618 0.7492
vn -0.3503 0.5619 0.7494
vn -0.3840 0.5290 0.7568
vn -0.3835 0.5292 0.7569
vn -0.3845 0.5289 0.7566
vn -0.4177 0.4922 0.7637
vn -0.4172 0.4924 0.7639
vn -0.4506 0.4512 0.7703
vn -0.4500 0.4515 0.7705
vn -0.4821 0.4060 0.7764
vn -0.4818 0.4062 0.7765
vn -0.5113 0.3569 0.7817
vn -0.2854 0.6134 0.7364
vn -0.2847 0.6074 0.7416
vn -0.2840 0.5984 0.7492
vn -0.2834 0.5861 0.7591
vn -0.2833 0.5704 0.7709
vn -0.2838 0.5704 0.7708
vn -0.2830 0.5704 0.7710
vn -0.2836 0.5513 0.7846
vn -0.2843 0.5513 0.7844
vn -0.2832 0.5514 0.7847
vn -0.2843 0.5287 0.7998
vn -0.2857 0.5286 0.7994
vn -0.2839 0.5290 0.7997
vn -0.2532 0.4022 0.8799
vn -0.2549 0.3986 0.8810
vn -0.2232 0.4594 0.8598
vn -0.2210 0.4605 0.8597
vn -0.2240 0.4575 0.8605
vn -0.1994 0.5046 0.8400
vn -0.1986 0.5051 0.8399
vn -0.1996 0.5040 0.8403
vn -0.1803 0.5408 0.8216
vn -0.1799 0.5411 0.8215
vn -0.1804 0.5402 0.8220
vn -0.1636 0.5730 0.8031
vn -0.1634 0.5731 0.8030
vn -0.1639 0.5728 0.8031
vn -0.1489 0.6014 0.7850
vn -0.1364 0.6249 0.7687
vn -0.2503 0.4281 0.8684
vn -0.2519 0.4255 0.8692
vn -0.2232 0.4730 0.8523
vn -0.2244 0.4709 0.8532
vn -0.2008 0.5114 0.8356
vn -0.1991 0.5122 0.8355
vn -0.2015 0.5101 0.8362
vn -0.1817 0.5451 0.8185
vn -0.1805 0.5457 0.8183
vn -0.1822 0.5440 0.8191
vn -0.1646 0.5758 0.8008
vn -0.1650 0.5750 0.8013
vn -0.1496 0.6029 0.7837
vn -0.1499 0.6027 0.7838
vn -0.1372 0.6254 0.7681
vn -0.2479 0.4537 0.8560
vn -0.2453 0.4544 0.8563
vn -0.2492 0.4518 0.8566
vn -0.2228 0.4902 0.8426
vn -0.2239 0.4886 0.8433
vn -0.2016 0.5229 0.8282
vn -0.1995 0.5237 0.8282
vn -0.2025 0.5215 0.8289
vn -0.1826 0.5533 0.8127
vn -0.1810 0.5540 0.8126
vn -0.1833 0.5522 0.8133
vn -0.1653 0.5815 0.7966
vn -0.1660 0.5806 0.7971
vn -0.1507 0.6062 0.7809
vn -0.1509 0.6058 0.7812
vn -0.1379 0.6277 0.7662
vn -0.1383 0.6275 0.7663
vn -0.2463 0.4785 0.8428
vn -0.2474 0.4770 0.8434
vn -0.2228 0.5096 0.8311
vn -0.2238 0.5083 0.8316
vn -0.2022 0.5379 0.8184
vn -0.2004 0.5385 0.8184
vn -0.2031 0.5367 0.8190
vn -0.1836 0.5645 0.8048
vn -0.1842 0.5635 0.8053
vn -0.1673 0.5888 0.7908
vn -0.1658 0.5893 0.7907
vn -0.1672 0.5884 0.7911
vn -0.1524 0.6110 0.7768
vn -0.1513 0.6115 0.7767
vn -0.1395 0.6310 0.7631
vn -0.1391 0.6312 0.7630
vn -0.1398 0.6305 0.7635
vn -0.2450 0.5031 0.8288
vn -0.2430 0.5035 0.8291
vn -0.2459 0.5019 0.8292
vn -0.2227 0.5298 0.8184
vn -0.2212 0.5301 0.8185
vn -0.2236 0.5288 0.8188
vn -0.2030 0.5541 0.8073
vn -0.2037 0.5532 0.8078
vn -0.1848 0.5767 0.7957
vn -0.1837 0.5771 0.7958
vn -0.1854 0.5762 0.7960
vn -0.1688 0.5976 0.7839
vn -0.1675 0.5980 0.7838
vn -0.1540 0.6170 0.7718
vn -0.1540 0.6167 0.7720
vn -0.1412 0.6352 0.7593
vn -0.1416 0.6347 0.7597
vn -0.2436 0.5272 0.8140
vn -0.2420 0.5275 0.8143
vn -0.2443 0.5266 0.8143
vn -0.2228 0.5501 0.8048
vn -0.2214 0.5504 0.8050
vn -0.2233 0.5495 0.8051
vn -0.2037 0.5710 0.7953
vn -0.2025 0.5712 0.7954
vn -0.2043 0.5704 0.7956
vn -0.1861 0.5903 0.7854
vn -0.1866 0.5898 0.7857
vn -0.1706 0.6078 0.7755
vn -0.1695 0.6080 0.7756
vn -0.1706 0.6076 0.7757
vn -0.1562 0.6241 0.7656
vn -0.1557 0.6242 0.7656
vn -0.1435 0.6399 0.7549
vn -0.1430 0.6401 0.7548
vn -0.0962 0.7039 0.7037
vn -0.0969 0.7044 0.7032
vn -0.0985 0.7051 0.7022
vn -0.1010 0.7059 0.7011
vn -0.1047 0.7065 0.7000
vn -0.1098 0.7066 0.6990
vn -0.1166 0.7060 0.6986
vn -0.1167 0.7063 0.6982
vn -0.0984 0.6995 0.7078
vn -0.0990 0.7001 0.7072
vn -0.1003 0.7010 0.7060
vn -0.1027 0.7020 0.7047
vn -0.1064 0.7030 0.7032
vn -0.1115 0.7033 0.7021
vn -0.1183 0.7027 0.7016
vn -0.1017 0.6929 0.7138
vn -0.1021 0.6936 0.7131
vn -0.1032 0.6947 0.7118
vn -0.1054 0.6961 0.7102
vn -0.1090 0.6973 0.7084
vn -0.1140 0.6979 0.7070
vn -0.1208 0.6974 0.7064
vn -0.1061 0.6839 0.7218
vn -0.1063 0.6848 0.7209
vn -0.1065 0.6846 0.7211
vn -0.1074 0.6860 0.7196
vn -0.1073 0.6864 0.7193
vn -0.1091 0.6878 0.7176
vn -0.1094 0.6876 0.7178
vn -0.1126 0.6898 0.7152
vn -0.1126 0.6891 0.7159
vn -0.1126 0.6895 0.7155
vn -0.1174 0.6904 0.7138
vn -0.1241 0.6901 0.7130
vn -0.1117 0.6727 0.7314
vn -0.1117 0.6736 0.7306
vn -0.1120 0.6734 0.7308
vn -0.1118 0.6738 0.7304
vn -0.1123 0.6753 0.7290
vn -0.1128 0.6749 0.7292
vn -0.1139 0.6774 0.7268
vn -0.1145 0.6769 0.7271
vn -0.1166 0.6796 0.7243
vn -0.1215 0.6813 0.7218
vn -0.1215 0.6810 0.7221
vn -0.1185 0.6592 0.7426
vn -0.1187 0.6600 0.7419
vn -0.1184 0.6601 0.7418
vn -0.1186 0.6604 0.7415
vn -0.1188 0.6620 0.7400
vn -0.1190 0.6623 0.7397
vn -0.1205 0.6643 0.7377
vn -0.1208 0.6640 0.7379
vn -0.1202 0.6648 0.7373
vn -0.1225 0.6672 0.7347
vn -0.1221 0.6675 0.7346
vn -0.1264 0.6708 0.7308
vn -0.1263 0.6702 0.7314
vn -0.1320 0.6721 0.7286
vn -0.1319 0.6715 0.7292
vn -0.1318 0.6716 0.7291
vn -0.2293 0.6533 0.7215
vn -0.2307 0.6472 0.7266
vn -0.2302 0.6470 0.7269
vn -0.2325 0.6381 0.7340
vn -0.2347 0.6260 0.7437
vn -0.2338 0.6259 0.7441
vn -0.2371 0.6109 0.7554
vn -0.2359 0.6108 0.7558
vn -0.2394 0.5931 0.7687
vn -0.2381 0.5931 0.7692
vn -0.2414 0.5728 0.7833
vn -0.2399 0.5728 0.7838
vn -0.2055 0.6683 0.7150
vn -0.2075 0.6625 0.7198
vn -0.2070 0.6622 0.7202
vn -0.2101 0.6537 0.7270
vn -0.2132 0.6421 0.7364
vn -0.2164 0.6277 0.7478
vn -0.2151 0.6274 0.7484
vn -0.2195 0.6105 0.7610
vn -0.2214 0.5912 0.7755
vn -0.2201 0.5912 0.7759
vn -0.2217 0.5912 0.7754
vn -0.1844 0.6803 0.7094
vn -0.1840 0.6799 0.7098
vn -0.1868 0.6750 0.7138
vn -0.1862 0.6746 0.7144
vn -0.1898 0.6670 0.7205
vn -0.1891 0.6665 0.7211
vn -0.1935 0.6561 0.7294
vn -0.1925 0.6557 0.7301
vn -0.1974 0.6425 0.7404
vn -0.2010 0.6263 0.7532
vn -0.1995 0.6261 0.7538
vn -0.2035 0.6080 0.7674
vn -0.2019 0.6080 0.7678
vn -0.2037 0.6077 0.7676
vn -0.1660 0.6897 0.7048
vn -0.1657 0.6893 0.7052
vn -0.1681 0.6853 0.7086
vn -0.1684 0.6850 0.7088
vn -0.1716 0.6778 0.7149
vn -0.1709 0.6773 0.7156
vn -0.1755 0.6679 0.7232
vn -0.1746 0.6674 0.7240
vn -0.1753 0.6678 0.7234
vn -0.1798 0.6554 0.7335
vn -0.1838 0.6404 0.7457
vn -0.1866 0.6233 0.7594
vn -0.1501 0.6968 0.7014
vn -0.1498 0.6962 0.7020
vn -0.1499 0.6965 0.7017
vn -0.1524 0.6927 0.7049
vn -0.1555 0.6863 0.7105
vn -0.1551 0.6857 0.7112
vn -0.1594 0.6774 0.7181
vn -0.1587 0.6767 0.7189
vn -0.1639 0.6662 0.7275
vn -0.1628 0.6656 0.7284
vn -0.1636 0.6661 0.7277
vn -0.1684 0.6526 0.7387
vn -0.1670 0.6521 0.7396
vn -0.1716 0.6367 0.7518
vn -0.1700 0.6365 0.7523
vn -0.1363 0.7019 0.6991
vn -0.1365 0.7013 0.6996
vn -0.1366 0.7016 0.6994
vn -0.1383 0.6983 0.7023
vn -0.1385 0.6975 0.7030
vn -0.1386 0.6979 0.7026
vn -0.1414 0.6925 0.7074
vn -0.1413 0.6918 0.7081
vn -0.1417 0.6924 0.7075
vn -0.1453 0.6844 0.7145
vn -0.1449 0.6838 0.7151
vn -0.1451 0.6841 0.7148
vn -0.1492 0.6749 0.7227
vn -0.1489 0.6739 0.7237
vn -0.1496 0.6746 0.7229
vn -0.1545 0.6628 0.7327
vn -0.1534 0.6620 0.7336
vn -0.1591 0.6483 0.7445
vn -0.1574 0.6478 0.7453
vn -0.1267 0.6434 0.7550
vn -0.1265 0.6443 0.7542
vn -0.1269 0.6463 0.7525
vn -0.1284 0.6491 0.7498
vn -0.1288 0.6488 0.7500
vn -0.1280 0.6493 0.7497
vn -0.1300 0.6525 0.7465
vn -0.1308 0.6521 0.7468
vn -0.1297 0.6530 0.7462
vn -0.1324 0.6563 0.7428
vn -0.1318 0.6571 0.7422
vn -0.1253 0.7050 0.6981
vn -0.1255 0.7045 0.6985
vn -0.1256 0.7049 0.6981
vn -0.1274 0.7015 0.7012
vn -0.1273 0.7012 0.7015
vn -0.1301 0.6961 0.7061
vn -0.1299 0.6957 0.7065
vn -0.1335 0.6886 0.7127
vn -0.1333 0.6883 0.7131
vn -0.1373 0.6798 0.7205
vn -0.1370 0.6792 0.7211
vn -0.1372 0.6794 0.7208
vn -0.1418 0.6700 0.7287
vn -0.1417 0.6698 0.7289
vn -0.2422 0.5506 0.7989
vn -0.2430 0.5500 0.7991
vn -0.2223 0.5707 0.7905
vn -0.2212 0.5708 0.7908
vn -0.2228 0.5703 0.7906
vn -0.2040 0.5890 0.7820
vn -0.2027 0.5891 0.7822
vn -0.2044 0.5886 0.7822
vn -0.1868 0.6058 0.7734
vn -0.1874 0.6054 0.7735
vn -0.1722 0.6208 0.7649
vn -0.1710 0.6208 0.7651
vn -0.1585 0.6335 0.7573
vn -0.1580 0.6336 0.7574
vn -0.1456 0.6459 0.7494
vn -0.1370 0.6612 0.7376
vn -0.1370 0.6594 0.7392
vn -0.1367 0.6603 0.7385
vn -0.1476 0.6585 0.7379
vn -0.1471 0.6582 0.7383
vn -0.3169 0.2771 0.9071
vn -0.3222 0.2680 0.9080
vn -0.2517 0.3916 0.8850
vn -0.2505 0.3922 0.8851
vn -0.2520 0.3908 0.8853
vn -0.2203 0.4581 0.8611
vn -0.2209 0.4574 0.8614
vn -0.2192 0.4588 0.8611
vn -0.1968 0.5055 0.8401
vn -0.1975 0.5047 0.8404
vn -0.1957 0.5063 0.8399
vn -0.1784 0.5419 0.8213
vn -0.1777 0.5424 0.8211
vn -0.1625 0.5739 0.8026
vn -0.1628 0.5734 0.8029
vn -0.1618 0.5743 0.8025
vn -0.1481 0.6024 0.7843
vn -0.1474 0.6030 0.7840
vn -0.1361 0.6260 0.7678
vn -0.1364 0.6256 0.7681
vn -0.1355 0.6264 0.7676
vn -0.2993 0.3205 0.8987
vn -0.3031 0.3129 0.9001
vn -0.2856 0.3743 0.8822
vn -0.2876 0.3716 0.8827
vn -0.2792 0.4107 0.8680
vn -0.2807 0.4087 0.8684
vn -0.2743 0.4427 0.8537
vn -0.2755 0.4412 0.8541
vn -0.2702 0.4729 0.8387
vn -0.2714 0.4716 0.8390
vn -0.2670 0.5014 0.8230
vn -0.2654 0.5017 0.8234
vn -0.2680 0.5006 0.8232
vn -0.2648 0.5279 0.8070
vn -0.2633 0.5280 0.8074
vn -0.2653 0.5274 0.8071
vn -0.1001 0.7077 0.6993
vn -0.1038 0.7082 0.6983
vn -0.1089 0.7083 0.6975
vn -0.1161 0.7074 0.6972
vn -0.1157 0.7076 0.6971
vn -0.0985 0.6994 0.7079
vn -0.1065 0.6839 0.7218
vn -0.1122 0.6728 0.7313
vn -0.1191 0.6593 0.7423
vn -0.1188 0.6595 0.7422
vn -0.1193 0.6591 0.7425
vn -0.1273 0.6437 0.7546
vn -0.1269 0.6440 0.7544
vn -0.2557 0.6383 0.7261
vn -0.2560 0.6352 0.7287
vn -0.2556 0.6351 0.7289
vn -0.2565 0.6290 0.7339
vn -0.2573 0.6197 0.7414
vn -0.2569 0.6197 0.7416
vn -0.2584 0.6074 0.7512
vn -0.2576 0.6073 0.7515
vn -0.2597 0.5920 0.7630
vn -0.2588 0.5919 0.7633
vn -0.2614 0.5734 0.7764
vn -0.2602 0.5735 0.7768
vn -0.2628 0.5520 0.7914
vn -0.2616 0.5521 0.7917
vn -0.2634 0.5516 0.7914
vn -0.2285 0.6565 0.7189
vn -0.2042 0.6713 0.7125
vn -0.2039 0.6711 0.7128
vn -0.1829 0.6831 0.7071
vn -0.1644 0.6922 0.7028
vn -0.1642 0.6919 0.7031
vn -0.1486 0.6989 0.6996
vn -0.1484 0.6985 0.7001
vn -0.1485 0.6987 0.6999
vn -0.1354 0.7036 0.6976
vn -0.1352 0.7031 0.6981
vn -0.1245 0.7065 0.6967
vt 0.292071 0.104803
vt 0.299809 0.082525
vt 0.310090 0.092577
vt 0.275437 0.115421
vt 0.283991 0.093559
vt 0.259887 0.125130
vt 0.268772 0.104007
vt 0.245056 0.134263
vt 0.254147 0.113859
vt 0.230727 0.142961
vt 0.240033 0.123168
vt 0.216723 0.151315
vt 0.226289 0.131988
vt 0.202868 0.159416
vt 0.212764 0.140373
vt 0.288356 0.073220
vt 0.274449 0.083665
vt 0.260755 0.093823
vt 0.247342 0.103585
vt 0.234239 0.112868
vt 0.221354 0.121649
vt 0.199304 0.148376
vt 0.208561 0.129925
vt 0.276401 0.064373
vt 0.264065 0.074546
vt 0.251829 0.084498
vt 0.239746 0.094118
vt 0.227838 0.103300
vt 0.216021 0.111966
vt 0.195737 0.137690
vt 0.204184 0.120039
vt 0.264200 0.055755
vt 0.253238 0.065855
vt 0.242355 0.075740
vt 0.231588 0.085303
vt 0.220952 0.094431
vt 0.210359 0.102984
vt 0.192217 0.127447
vt 0.199689 0.110814
vt 0.251824 0.047317
vt 0.242079 0.057514
vt 0.232426 0.067491
vt 0.222911 0.077138
vt 0.213560 0.086324
vt 0.204323 0.094846
vt 0.188804 0.117764
vt 0.195090 0.102464
vt 0.239294 0.039049
vt 0.230621 0.049516
vt 0.222073 0.059756
vt 0.213710 0.069656
vt 0.205595 0.079073
vt 0.197794 0.087741
vt 0.185604 0.108867
vt 0.190252 0.095306
vt 0.097123 0.201048
vt 0.114019 0.208324
vt 0.096444 0.217377
vt 0.098860 0.184131
vt 0.113165 0.193275
vt 0.101049 0.167042
vt 0.113610 0.177723
vt 0.103473 0.149881
vt 0.114818 0.161893
vt 0.106079 0.132678
vt 0.116453 0.145944
vt 0.108859 0.115446
vt 0.118440 0.129923
vt 0.111806 0.098200
vt 0.120773 0.113855
vt 0.130378 0.199585
vt 0.128653 0.185677
vt 0.128122 0.171318
vt 0.128423 0.156688
vt 0.129269 0.141937
vt 0.130614 0.127113
vt 0.123443 0.097760
vt 0.132468 0.112237
vt 0.145793 0.191250
vt 0.143580 0.178231
vt 0.142309 0.164903
vt 0.141781 0.151397
vt 0.141842 0.137827
vt 0.142507 0.124219
vt 0.134842 0.097332
vt 0.143835 0.110582
vt 0.158009 0.170880
vt 0.160589 0.183174
vt 0.156116 0.158444
vt 0.154828 0.145972
vt 0.154099 0.133549
vt 0.154027 0.121182
vt 0.145883 0.096921
vt 0.154746 0.108855
vt 0.172036 0.163526
vt 0.174942 0.175244
vt 0.169582 0.151838
vt 0.167569 0.140276
vt 0.166019 0.128925
vt 0.165087 0.117818
vt 0.156417 0.096534
vt 0.165005 0.106945
vt 0.185766 0.156061
vt 0.188988 0.167359
vt 0.182768 0.144961
vt 0.180024 0.134153
vt 0.177588 0.123742
vt 0.175619 0.113864
vt 0.166166 0.096179
vt 0.174436 0.104569
vt 0.135693 -0.022588
vt 0.144783 0.001010
vt 0.132068 -0.005328
vt 0.148834 -0.015148
vt 0.157442 0.007417
vt 0.161948 -0.007671
vt 0.170016 0.013930
vt 0.175022 -0.000137
vt 0.182478 0.020585
vt 0.188040 0.007471
vt 0.194799 0.027426
vt 0.200991 0.015174
vt 0.206949 0.034499
vt 0.213859 0.022992
vt 0.218900 0.041849
vt 0.140807 0.017161
vt 0.128481 0.011932
vt 0.153043 0.022484
vt 0.165148 0.027948
vt 0.177076 0.033607
vt 0.188779 0.039536
vt 0.200211 0.045818
vt 0.211324 0.052535
vt 0.136943 0.033301
vt 0.124953 0.029189
vt 0.148808 0.037518
vt 0.160486 0.041892
vt 0.171912 0.046489
vt 0.183017 0.051431
vt 0.193730 0.056853
vt 0.203980 0.062892
vt 0.133231 0.049430
vt 0.121501 0.046444
vt 0.144794 0.052514
vt 0.156108 0.055746
vt 0.167085 0.059199
vt 0.177624 0.063048
vt 0.187620 0.067500
vt 0.196969 0.072782
vt 0.129714 0.065548
vt 0.118145 0.063698
vt 0.141076 0.067476
vt 0.152131 0.069521
vt 0.162763 0.071752
vt 0.172815 0.074358
vt 0.182115 0.077603
vt 0.190475 0.081941
vt 0.126436 0.081657
vt 0.114907 0.080950
vt 0.137733 0.082412
vt 0.148681 0.083239
vt 0.159138 0.084182
vt 0.168864 0.085364
vt 0.177577 0.087081
vt 0.185094 0.089531
vt 0.182928 0.101535
vt 0.174244 0.095886
vt 0.226632 0.030944
vt 0.180756 0.095649
vt 0.319229 0.104498
vt 0.329547 0.079707
vt 0.343133 0.088247
vt 0.297493 0.118623
vt 0.280233 0.128520
vt 0.264285 0.137590
vt 0.249146 0.146214
vt 0.234569 0.154545
vt 0.220374 0.162682
vt 0.206379 0.170722
vt 0.315960 0.071168
vt 0.302374 0.062628
vt 0.288787 0.054088
vt 0.275201 0.045549
vt 0.261614 0.037009
vt 0.248028 0.028469
vt 0.234442 0.019930
vt 0.077561 0.227300
vt 0.096785 0.233712
vt 0.074348 0.245679
vt 0.080773 0.208921
vt 0.083986 0.190541
vt 0.087199 0.172162
vt 0.090411 0.153783
vt 0.093624 0.135404
vt 0.096836 0.117025
vt 0.100049 0.098646
vt 0.117257 0.222483
vt 0.133726 0.212839
vt 0.149145 0.203826
vt 0.163939 0.195218
vt 0.178311 0.186895
vt 0.192409 0.178761
vt 0.125750 -0.048388
vt 0.122537 -0.030009
vt 0.139336 -0.039848
vt 0.152923 -0.031309
vt 0.166509 -0.022769
vt 0.180096 -0.014229
vt 0.193682 -0.005690
vt 0.207269 0.002850
vt 0.220855 0.011390
vt 0.119325 -0.011630
vt 0.116112 0.006750
vt 0.112900 0.025129
vt 0.109687 0.043508
vt 0.106474 0.061887
vt 0.103262 0.080266
vt 0.313961 0.151992
vt 0.299385 0.135836
vt 0.317039 0.128384
vt 0.310517 0.173703
vt 0.298754 0.154976
vt 0.306984 0.193879
vt 0.296898 0.174289
vt 0.303442 0.212870
vt 0.294414 0.193128
vt 0.299884 0.230940
vt 0.291651 0.211212
vt 0.296279 0.248327
vt 0.288665 0.228607
vt 0.292596 0.265273
vt 0.285439 0.245472
vt 0.282811 0.143570
vt 0.283551 0.160013
vt 0.282995 0.177119
vt 0.281595 0.194298
vt 0.279711 0.211096
vt 0.277400 0.227475
vt 0.281955 0.261960
vt 0.274649 0.243499
vt 0.267157 0.151332
vt 0.268680 0.166058
vt 0.269121 0.181371
vt 0.268749 0.196875
vt 0.267779 0.212238
vt 0.266222 0.227389
vt 0.271442 0.259232
vt 0.264036 0.242322
vt 0.254270 0.172506
vt 0.252190 0.159029
vt 0.255517 0.186391
vt 0.256061 0.200430
vt 0.255995 0.214403
vt 0.255258 0.228231
vt 0.261181 0.257033
vt 0.253743 0.241875
vt 0.240268 0.179251
vt 0.237742 0.166694
vt 0.242196 0.192036
vt 0.243574 0.204867
vt 0.244419 0.217574
vt 0.244616 0.230036
vt 0.251326 0.255309
vt 0.243978 0.242168
vt 0.226574 0.186313
vt 0.223660 0.174394
vt 0.229118 0.198289
vt 0.231296 0.210173
vt 0.233089 0.221797
vt 0.234385 0.232927
vt 0.242156 0.253995
vt 0.234919 0.243393
vt 0.260778 0.384486
vt 0.254152 0.358518
vt 0.266818 0.366558
vt 0.247291 0.373931
vt 0.242187 0.349853
vt 0.235021 0.363679
vt 0.230813 0.341054
vt 0.223556 0.353848
vt 0.219917 0.332364
vt 0.212603 0.344384
vt 0.209422 0.323756
vt 0.202026 0.335189
vt 0.199261 0.315134
vt 0.191727 0.326155
vt 0.189365 0.306404
vt 0.259941 0.342558
vt 0.271897 0.349109
vt 0.248421 0.335280
vt 0.237333 0.327645
vt 0.226671 0.319927
vt 0.216414 0.312106
vt 0.206540 0.304087
vt 0.197024 0.295774
vt 0.265060 0.326450
vt 0.276471 0.332067
vt 0.253969 0.320315
vt 0.243234 0.313864
vt 0.232889 0.307243
vt 0.222965 0.300381
vt 0.213490 0.293149
vt 0.204495 0.285419
vt 0.269770 0.310383
vt 0.280773 0.315280
vt 0.259026 0.305233
vt 0.248604 0.299910
vt 0.238572 0.294450
vt 0.229012 0.288701
vt 0.220013 0.282461
vt 0.211664 0.275501
vt 0.274142 0.294331
vt 0.284874 0.298626
vt 0.263627 0.290054
vt 0.253420 0.285804
vt 0.243624 0.281553
vt 0.234391 0.277107
vt 0.225895 0.272183
vt 0.218333 0.266288
vt 0.278196 0.278216
vt 0.288805 0.281995
vt 0.267767 0.274734
vt 0.257630 0.271520
vt 0.247921 0.268522
vt 0.238882 0.265588
vt 0.230805 0.262373
vt 0.223880 0.258631
vt 0.123646 0.235439
vt 0.119134 0.258587
vt 0.107858 0.246624
vt 0.138979 0.225287
vt 0.132146 0.247329
vt 0.153755 0.215853
vt 0.145745 0.236977
vt 0.168102 0.206920
vt 0.159435 0.227331
vt 0.182141 0.198384
vt 0.172972 0.218238
vt 0.195998 0.190167
vt 0.186372 0.209633
vt 0.209795 0.182195
vt 0.199716 0.201472
vt 0.130224 0.269527
vt 0.141453 0.258391
vt 0.153491 0.248009
vt 0.165917 0.238285
vt 0.178407 0.229142
vt 0.190929 0.220567
vt 0.213089 0.193712
vt 0.203526 0.212564
vt 0.140938 0.279764
vt 0.151022 0.268810
vt 0.161779 0.258475
vt 0.172934 0.248741
vt 0.184262 0.239602
vt 0.195738 0.231112
vt 0.216241 0.205137
vt 0.207387 0.223335
vt 0.151337 0.289534
vt 0.160567 0.278745
vt 0.170270 0.268457
vt 0.180273 0.258714
vt 0.190436 0.249576
vt 0.200757 0.241169
vt 0.219233 0.216336
vt 0.211272 0.233637
vt 0.161514 0.298962
vt 0.170090 0.288277
vt 0.178939 0.277986
vt 0.187939 0.268177
vt 0.196986 0.258963
vt 0.206064 0.250548
vt 0.222035 0.227139
vt 0.215208 0.243185
vt 0.171570 0.308143
vt 0.179665 0.297475
vt 0.187840 0.287085
vt 0.195993 0.277092
vt 0.204020 0.267646
vt 0.211814 0.259019
vt 0.224591 0.237227
vt 0.219373 0.251598
vt 0.234529 0.253076
vt 0.181608 0.317175
vt 0.226688 0.245635
vt 0.228366 0.252439
vt 0.335149 0.122661
vt 0.328241 0.153353
vt 0.323463 0.176338
vt 0.319081 0.197062
vt 0.314924 0.216359
vt 0.310924 0.234627
vt 0.307043 0.252151
vt 0.303241 0.269221
vt 0.270109 0.418574
vt 0.275264 0.395245
vt 0.253717 0.402469
vt 0.238584 0.387751
vt 0.226631 0.376320
vt 0.215443 0.365782
vt 0.204702 0.355816
vt 0.194260 0.346265
vt 0.184009 0.337015
vt 0.280234 0.372759
vt 0.284285 0.354472
vt 0.288169 0.336966
vt 0.291972 0.319845
vt 0.295734 0.302930
vt 0.299481 0.286097
vt 0.092018 0.258776
vt 0.107942 0.271039
vt 0.120318 0.281524
vt 0.131803 0.291353
vt 0.142753 0.300781
vt 0.153332 0.309950
vt 0.163657 0.318970
vt 0.173844 0.327955
vt 0.467779 0.399734
vt 0.475028 0.384072
vt 0.483724 0.403399
vt 0.453452 0.397473
vt 0.461376 0.382795
vt 0.439885 0.395895
vt 0.448137 0.381854
vt 0.426824 0.394796
vt 0.435308 0.381239
vt 0.414108 0.394053
vt 0.422831 0.380892
vt 0.401603 0.393563
vt 0.410601 0.380714
vt 0.389173 0.393222
vt 0.398502 0.380594
vt 0.466196 0.364635
vt 0.453971 0.365002
vt 0.441893 0.365433
vt 0.430010 0.365936
vt 0.418340 0.366496
vt 0.406811 0.367008
vt 0.386418 0.380423
vt 0.395329 0.367345
vt 0.457011 0.344930
vt 0.445975 0.346767
vt 0.435014 0.348553
vt 0.424166 0.350262
vt 0.413446 0.351845
vt 0.402790 0.353160
vt 0.383798 0.367381
vt 0.392113 0.354041
vt 0.447647 0.325135
vt 0.437656 0.328381
vt 0.427734 0.331511
vt 0.417915 0.334469
vt 0.408213 0.337168
vt 0.398561 0.339404
vt 0.381328 0.354322
vt 0.388867 0.340940
vt 0.438146 0.305320
vt 0.429078 0.309968
vt 0.420100 0.314463
vt 0.411258 0.318732
vt 0.402582 0.322663
vt 0.394041 0.326003
vt 0.379026 0.341514
vt 0.385559 0.328418
vt 0.428519 0.285526
vt 0.420254 0.291609
vt 0.412113 0.297529
vt 0.404159 0.303204
vt 0.396457 0.308520
vt 0.389082 0.313221
vt 0.376938 0.329394
vt 0.382013 0.316874
vt 0.294332 0.376177
vt 0.308479 0.394226
vt 0.292320 0.394782
vt 0.297061 0.358320
vt 0.308621 0.377667
vt 0.300102 0.341005
vt 0.310032 0.360944
vt 0.303299 0.324015
vt 0.312156 0.344290
vt 0.306632 0.307223
vt 0.314659 0.327802
vt 0.310119 0.290528
vt 0.317480 0.311456
vt 0.313773 0.273826
vt 0.320624 0.295199
vt 0.322596 0.378377
vt 0.323451 0.393541
vt 0.322977 0.362770
vt 0.324201 0.346986
vt 0.325955 0.331237
vt 0.328187 0.315572
vt 0.324098 0.278975
vt 0.330907 0.299998
vt 0.336123 0.378813
vt 0.337531 0.393042
vt 0.335725 0.364146
vt 0.336107 0.349260
vt 0.337088 0.334351
vt 0.338664 0.319512
vt 0.334126 0.284522
vt 0.340878 0.304812
vt 0.349187 0.379254
vt 0.350994 0.392805
vt 0.348148 0.365330
vt 0.347769 0.351228
vt 0.347974 0.337132
vt 0.348829 0.323178
vt 0.343771 0.290320
vt 0.350435 0.309493
vt 0.361859 0.379708
vt 0.364001 0.392797
vt 0.360265 0.366315
vt 0.359180 0.352813
vt 0.358593 0.339405
vt 0.358615 0.326310
vt 0.359421 0.313748
vt 0.352916 0.296201
vt 0.374237 0.380117
vt 0.376683 0.392956
vt 0.372130 0.367023
vt 0.370360 0.353887
vt 0.368942 0.340947
vt 0.367978 0.328561
vt 0.367712 0.317093
vt 0.368291 0.306810
vt 0.357926 0.152125
vt 0.340811 0.160843
vt 0.347028 0.136135
vt 0.368458 0.169864
vt 0.352073 0.172945
vt 0.378752 0.188457
vt 0.362643 0.187573
vt 0.388917 0.207449
vt 0.372805 0.203636
vt 0.392429 0.237699
vt 0.382723 0.220417
vt 0.398976 0.226704
vt 0.401921 0.255387
vt 0.408929 0.246171
vt 0.411198 0.273388
vt 0.335433 0.182881
vt 0.346548 0.192707
vt 0.357021 0.204890
vt 0.367028 0.218630
vt 0.386056 0.248587
vt 0.376700 0.233269
vt 0.395085 0.264477
vt 0.403773 0.280827
vt 0.341374 0.211399
vt 0.330536 0.203019
vt 0.351671 0.221683
vt 0.370934 0.245946
vt 0.361505 0.233348
vt 0.379944 0.259318
vt 0.388504 0.273377
vt 0.396582 0.288039
vt 0.336544 0.229149
vt 0.325966 0.221862
vt 0.346662 0.237886
vt 0.356324 0.247740
vt 0.365521 0.258428
vt 0.374199 0.269866
vt 0.382289 0.282032
vt 0.389722 0.294924
vt 0.332056 0.246171
vt 0.321668 0.239759
vt 0.342041 0.253636
vt 0.351578 0.261926
vt 0.360606 0.270844
vt 0.369011 0.280329
vt 0.376655 0.290406
vt 0.383374 0.301304
vt 0.327908 0.262701
vt 0.317614 0.256987
vt 0.337849 0.269119
vt 0.347362 0.276065
vt 0.356347 0.283369
vt 0.364614 0.290883
vt 0.371919 0.298633
vt 0.378116 0.306595
vt 0.375235 0.319191
vt 0.361339 0.301912
vt 0.418777 0.265795
vt 0.373880 0.310864
vt 0.490338 0.420927
vt 0.499322 0.406772
vt 0.509735 0.428007
vt 0.472401 0.415094
vt 0.457501 0.411909
vt 0.443567 0.409630
vt 0.430223 0.407970
vt 0.417284 0.406798
vt 0.404607 0.406024
vt 0.392051 0.405556
vt 0.488910 0.385537
vt 0.478497 0.364302
vt 0.468085 0.343067
vt 0.457672 0.321832
vt 0.447259 0.300597
vt 0.436847 0.279362
vt 0.426434 0.258127
vt 0.291341 0.413433
vt 0.310782 0.409953
vt 0.326016 0.407942
vt 0.340175 0.406613
vt 0.353680 0.405790
vt 0.366732 0.405385
vt 0.379474 0.405329
vt 0.353546 0.109482
vt 0.363958 0.130717
vt 0.374371 0.151952
vt 0.384784 0.173187
vt 0.395196 0.194422
vt 0.405609 0.215657
vt 0.416021 0.236892
vt 0.223111 0.420655
vt 0.227518 0.399121
vt 0.238287 0.412081
vt 0.208606 0.428225
vt 0.214985 0.408576
vt 0.194731 0.435280
vt 0.202063 0.416906
vt 0.181330 0.442069
vt 0.189167 0.424533
vt 0.168271 0.448671
vt 0.176492 0.431736
vt 0.155429 0.455130
vt 0.164005 0.438601
vt 0.142679 0.461484
vt 0.151614 0.445164
vt 0.216839 0.387447
vt 0.205984 0.397254
vt 0.194510 0.406053
vt 0.182779 0.414109
vt 0.171065 0.421635
vt 0.159378 0.428686
vt 0.139230 0.451461
vt 0.147662 0.435277
vt 0.206416 0.376676
vt 0.196649 0.386598
vt 0.186375 0.395683
vt 0.175827 0.404064
vt 0.165192 0.411847
vt 0.154472 0.419033
vt 0.135860 0.441423
vt 0.143624 0.425595
vt 0.196219 0.366525
vt 0.187267 0.376511
vt 0.177987 0.385810
vt 0.168522 0.394456
vt 0.158980 0.402465
vt 0.149339 0.409769
vt 0.132604 0.431507
vt 0.139539 0.416276
vt 0.186171 0.356861
vt 0.177845 0.366929
vt 0.169377 0.376436
vt 0.160864 0.385352
vt 0.152379 0.393621
vt 0.143913 0.401101
vt 0.129506 0.421885
vt 0.135403 0.407605
vt 0.176182 0.347590
vt 0.168320 0.357797
vt 0.160501 0.367563
vt 0.152801 0.376816
vt 0.145298 0.385456
vt 0.138064 0.393273
vt 0.126645 0.412858
vt 0.131065 0.399954
vt 0.044590 0.495759
vt 0.060196 0.502832
vt 0.042982 0.512258
vt 0.046370 0.479141
vt 0.059518 0.488719
vt 0.048577 0.462223
vt 0.060036 0.473710
vt 0.051014 0.445175
vt 0.061280 0.458203
vt 0.053632 0.428051
vt 0.062944 0.442467
vt 0.056420 0.410875
vt 0.064957 0.426595
vt 0.059368 0.393674
vt 0.067308 0.410631
vt 0.075506 0.494854
vt 0.073922 0.482018
vt 0.073472 0.468349
vt 0.073827 0.454155
vt 0.074725 0.439695
vt 0.076115 0.425068
vt 0.069983 0.394622
vt 0.078001 0.410331
vt 0.089894 0.487554
vt 0.087782 0.475637
vt 0.086593 0.463068
vt 0.086142 0.450066
vt 0.086283 0.436826
vt 0.087022 0.423434
vt 0.080385 0.395545
vt 0.088402 0.409949
vt 0.103645 0.480702
vt 0.101143 0.469508
vt 0.099343 0.457850
vt 0.098164 0.445897
vt 0.097555 0.433799
vt 0.097594 0.421629
vt 0.090468 0.396430
vt 0.098397 0.409437
vt 0.116930 0.474155
vt 0.114100 0.463517
vt 0.111763 0.452590
vt 0.109899 0.441518
vt 0.108520 0.430442
vt 0.107755 0.419468
vt 0.100096 0.397263
vt 0.107804 0.408672
vt 0.129893 0.467789
vt 0.126760 0.457543
vt 0.123914 0.447157
vt 0.121371 0.436773
vt 0.119170 0.426547
vt 0.117443 0.416692
vt 0.109016 0.398029
vt 0.116464 0.407361
vt 0.085834 0.274926
vt 0.093332 0.299709
vt 0.080770 0.291130
vt 0.099567 0.284866
vt 0.105380 0.308087
vt 0.112116 0.294436
vt 0.116892 0.316289
vt 0.123819 0.303568
vt 0.127908 0.324379
vt 0.134950 0.312431
vt 0.138491 0.332460
vt 0.145648 0.321149
vt 0.148709 0.340648
vt 0.156017 0.329840
vt 0.158629 0.349059
vt 0.088267 0.315118
vt 0.076552 0.307972
vt 0.099733 0.322248
vt 0.110857 0.329368
vt 0.121569 0.336510
vt 0.131870 0.343777
vt 0.141779 0.351296
vt 0.151315 0.359190
vt 0.083894 0.330840
vt 0.072742 0.325007
vt 0.094860 0.336716
vt 0.105548 0.342657
vt 0.115873 0.348707
vt 0.125794 0.354998
vt 0.135275 0.361683
vt 0.144284 0.368917
vt 0.079922 0.346695
vt 0.069149 0.342121
vt 0.090513 0.351322
vt 0.100832 0.356031
vt 0.110789 0.360877
vt 0.120298 0.366033
vt 0.129271 0.371704
vt 0.137623 0.378121
vt 0.076284 0.362627
vt 0.065727 0.359281
vt 0.086647 0.366013
vt 0.096718 0.369457
vt 0.106392 0.373012
vt 0.115521 0.376852
vt 0.123947 0.381231
vt 0.131492 0.386587
vt 0.072973 0.378611
vt 0.062469 0.376470
vt 0.083268 0.380762
vt 0.093249 0.382927
vt 0.102788 0.385130
vt 0.111659 0.387472
vt 0.119599 0.390225
vt 0.126435 0.393571
vt 0.116410 0.398665
vt 0.166161 0.338616
vt 0.124278 0.405309
vt 0.122372 0.399184
vt 0.248755 0.425846
vt 0.229084 0.433526
vt 0.213619 0.439982
vt 0.199208 0.446295
vt 0.185434 0.452549
vt 0.172097 0.458789
vt 0.159058 0.465046
vt 0.146173 0.471353
vt 0.026160 0.521367
vt 0.043806 0.526880
vt 0.022947 0.539746
vt 0.029372 0.502988
vt 0.032585 0.484608
vt 0.035797 0.466229
vt 0.039010 0.447850
vt 0.042222 0.429471
vt 0.045435 0.411092
vt 0.048648 0.392713
vt 0.062973 0.515320
vt 0.078607 0.506508
vt 0.093115 0.498596
vt 0.106931 0.491263
vt 0.120271 0.484354
vt 0.133297 0.477755
vt 0.071135 0.264058
vt 0.067923 0.282437
vt 0.064710 0.300817
vt 0.061498 0.319196
vt 0.058285 0.337575
vt 0.055073 0.355954
vt 0.051860 0.374333
vt 0.490902 0.433251
vt 0.475120 0.439936
vt 0.474656 0.428329
vt 0.489379 0.443753
vt 0.474563 0.450595
vt 0.487711 0.454099
vt 0.473387 0.460667
vt 0.485678 0.464109
vt 0.471849 0.470398
vt 0.483447 0.473939
vt 0.470004 0.479864
vt 0.481056 0.483635
vt 0.467856 0.489101
vt 0.475824 0.502702
vt 0.478513 0.493216
vt 0.461313 0.436604
vt 0.460048 0.424887
vt 0.461618 0.447363
vt 0.461239 0.457431
vt 0.460395 0.467028
vt 0.459119 0.476236
vt 0.457396 0.485103
vt 0.465411 0.498145
vt 0.447976 0.433819
vt 0.446231 0.422242
vt 0.448951 0.444520
vt 0.449306 0.454505
vt 0.449158 0.463917
vt 0.448485 0.472824
vt 0.447230 0.481280
vt 0.455213 0.493675
vt 0.435070 0.431601
vt 0.432961 0.420230
vt 0.436611 0.442162
vt 0.437644 0.451991
vt 0.438200 0.461161
vt 0.438185 0.469721
vt 0.437473 0.477713
vt 0.445337 0.489335
vt 0.422512 0.429937
vt 0.420087 0.418766
vt 0.424565 0.440336
vt 0.426249 0.449987
vt 0.427540 0.458910
vt 0.428293 0.467105
vt 0.428301 0.474574
vt 0.435919 0.485181
vt 0.410212 0.428808
vt 0.407486 0.417787
vt 0.412760 0.439079
vt 0.415102 0.448592
vt 0.417187 0.457325
vt 0.418872 0.465203
vt 0.419867 0.472148
vt 0.419987 0.478142
vt 0.451609 0.566140
vt 0.443996 0.548971
vt 0.456267 0.557821
vt 0.438277 0.556399
vt 0.432204 0.540300
vt 0.426023 0.546999
vt 0.420910 0.531784
vt 0.414550 0.537956
vt 0.410078 0.523366
vt 0.403604 0.529117
vt 0.399652 0.514967
vt 0.393058 0.520380
vt 0.389570 0.506501
vt 0.382817 0.511658
vt 0.379773 0.497882
vt 0.448640 0.541021
vt 0.460123 0.548933
vt 0.437391 0.533136
vt 0.426465 0.525279
vt 0.415930 0.517433
vt 0.405787 0.509524
vt 0.396019 0.501468
vt 0.386613 0.493178
vt 0.452649 0.532762
vt 0.463605 0.539858
vt 0.441873 0.525653
vt 0.431367 0.518527
vt 0.421212 0.511362
vt 0.411449 0.504077
vt 0.402113 0.496577
vt 0.393238 0.488766
vt 0.456295 0.524332
vt 0.466889 0.530687
vt 0.445880 0.517968
vt 0.435734 0.511590
vt 0.425946 0.505176
vt 0.416599 0.498632
vt 0.407776 0.491840
vt 0.399560 0.484669
vt 0.459634 0.515754
vt 0.470017 0.521436
vt 0.449446 0.510088
vt 0.439550 0.504443
vt 0.430052 0.498812
vt 0.421092 0.493123
vt 0.412824 0.487256
vt 0.405412 0.480967
vt 0.462671 0.507027
vt 0.472993 0.512108
vt 0.452561 0.501996
vt 0.442767 0.497040
vt 0.433418 0.492182
vt 0.424730 0.487437
vt 0.416957 0.482716
vt 0.410262 0.477958
vt 0.316383 0.424246
vt 0.312101 0.442089
vt 0.301509 0.428633
vt 0.330606 0.421319
vt 0.324248 0.437180
vt 0.344198 0.419351
vt 0.336829 0.433709
vt 0.357309 0.418051
vt 0.349406 0.431268
vt 0.370069 0.417308
vt 0.361768 0.429575
vt 0.382601 0.417057
vt 0.373943 0.428532
vt 0.395032 0.417231
vt 0.386017 0.428090
vt 0.322648 0.453984
vt 0.333056 0.448994
vt 0.344140 0.445223
vt 0.355518 0.442420
vt 0.366898 0.440384
vt 0.378262 0.439054
vt 0.398078 0.428195
vt 0.389661 0.438409
vt 0.332956 0.464843
vt 0.342238 0.459915
vt 0.352087 0.455968
vt 0.362255 0.452866
vt 0.372542 0.450502
vt 0.382937 0.448870
vt 0.401143 0.438425
vt 0.393472 0.447996
vt 0.343046 0.475012
vt 0.351488 0.470145
vt 0.360320 0.466049
vt 0.369390 0.462664
vt 0.378580 0.459953
vt 0.387902 0.457977
vt 0.404183 0.447902
vt 0.397402 0.456820
vt 0.352989 0.484657
vt 0.360789 0.479810
vt 0.368796 0.475554
vt 0.376907 0.471872
vt 0.385043 0.468774
vt 0.393202 0.466363
vt 0.407145 0.456584
vt 0.401436 0.464799
vt 0.362873 0.493901
vt 0.370198 0.489020
vt 0.377548 0.484569
vt 0.384844 0.480553
vt 0.392005 0.476999
vt 0.398949 0.474023
vt 0.409932 0.464351
vt 0.405699 0.471853
vt 0.427204 0.481331
vt 0.372786 0.502862
vt 0.412269 0.470622
vt 0.414171 0.475577
vt 0.506811 0.437919
vt 0.503888 0.447831
vt 0.500964 0.457743
vt 0.498040 0.467654
vt 0.495116 0.477566
vt 0.489269 0.497390
vt 0.492193 0.487478
vt 0.486345 0.507302
vt 0.462955 0.586596
vt 0.465879 0.576684
vt 0.445953 0.574343
vt 0.430579 0.562884
vt 0.418500 0.553057
vt 0.407237 0.543714
vt 0.396460 0.534644
vt 0.386019 0.525741
vt 0.375808 0.516923
vt 0.468803 0.566772
vt 0.471726 0.556861
vt 0.474650 0.546949
vt 0.477574 0.537037
vt 0.480498 0.527125
vt 0.483421 0.517213
vt 0.286454 0.434601
vt 0.301504 0.449181
vt 0.313381 0.460484
vt 0.324488 0.470886
vt 0.335143 0.480710
vt 0.345496 0.490112
vt 0.355653 0.499206
vt 0.365722 0.508107
vt 0.246866 0.458711
vt 0.231906 0.447103
vt 0.248228 0.442918
vt 0.244906 0.473181
vt 0.232419 0.460855
vt 0.242730 0.486661
vt 0.231771 0.474241
vt 0.240478 0.499456
vt 0.230502 0.487126
vt 0.238160 0.511743
vt 0.228929 0.499501
vt 0.235753 0.523668
vt 0.227106 0.511453
vt 0.233236 0.535375
vt 0.225018 0.523098
vt 0.216731 0.452118
vt 0.218247 0.464430
vt 0.218623 0.476691
vt 0.218241 0.488728
vt 0.217397 0.500419
vt 0.216135 0.511800
vt 0.222650 0.534548
vt 0.214433 0.522946
vt 0.202417 0.457509
vt 0.204492 0.468812
vt 0.205645 0.480082
vt 0.206089 0.491197
vt 0.205995 0.502065
vt 0.205352 0.512705
vt 0.212271 0.533934
vt 0.204107 0.523169
vt 0.188699 0.463095
vt 0.191180 0.473625
vt 0.192970 0.484058
vt 0.194164 0.494312
vt 0.194821 0.504327
vt 0.194861 0.514122
vt 0.202207 0.533506
vt 0.194165 0.523740
vt 0.175420 0.468853
vt 0.178245 0.478793
vt 0.180593 0.488544
vt 0.182487 0.498042
vt 0.183918 0.507235
vt 0.184756 0.516110
vt 0.192597 0.533235
vt 0.184799 0.524691
vt 0.162455 0.474797
vt 0.165598 0.484313
vt 0.168471 0.493536
vt 0.171057 0.502406
vt 0.173316 0.510859
vt 0.175116 0.518798
vt 0.183696 0.533088
vt 0.176175 0.526192
vt 0.211191 0.621748
vt 0.203007 0.604660
vt 0.215122 0.607994
vt 0.198977 0.617286
vt 0.191271 0.600467
vt 0.186953 0.612026
vt 0.179771 0.595774
vt 0.175064 0.606466
vt 0.168431 0.590801
vt 0.163257 0.600752
vt 0.157248 0.585593
vt 0.151529 0.594913
vt 0.146238 0.580145
vt 0.139884 0.588953
vt 0.135416 0.574458
vt 0.206846 0.592379
vt 0.218590 0.594952
vt 0.195452 0.589034
vt 0.184337 0.585157
vt 0.173451 0.580932
vt 0.162807 0.576380
vt 0.152433 0.571481
vt 0.142359 0.566213
vt 0.210474 0.580433
vt 0.221816 0.582521
vt 0.199437 0.577768
vt 0.188693 0.574652
vt 0.178243 0.571184
vt 0.168126 0.567331
vt 0.158391 0.563033
vt 0.149088 0.558228
vt 0.213888 0.568765
vt 0.224881 0.570469
vt 0.203168 0.566685
vt 0.192761 0.564282
vt 0.182714 0.561581
vt 0.173101 0.558490
vt 0.164006 0.554881
vt 0.155511 0.550612
vt 0.217068 0.557288
vt 0.227804 0.558666
vt 0.206588 0.555732
vt 0.196440 0.554006
vt 0.186712 0.552092
vt 0.177538 0.549865
vt 0.169067 0.547136
vt 0.161461 0.543565
vt 0.219996 0.545913
vt 0.230588 0.547003
vt 0.209641 0.544839
vt 0.199625 0.543766
vt 0.190068 0.542664
vt 0.181190 0.541435
vt 0.173244 0.539844
vt 0.166394 0.537731
vt 0.068519 0.525637
vt 0.061960 0.543348
vt 0.051671 0.536060
vt 0.083485 0.516730
vt 0.076150 0.534297
vt 0.097564 0.508602
vt 0.089859 0.525716
vt 0.111049 0.501059
vt 0.103088 0.517654
vt 0.124126 0.493993
vt 0.115906 0.510108
vt 0.136949 0.487316
vt 0.128433 0.503044
vt 0.149675 0.480942
vt 0.140803 0.496418
vt 0.072410 0.550489
vt 0.084950 0.542000
vt 0.097321 0.533766
vt 0.109469 0.525892
vt 0.121373 0.518463
vt 0.133116 0.511504
vt 0.153149 0.490186
vt 0.144808 0.505023
vt 0.083267 0.557286
vt 0.094434 0.549110
vt 0.105522 0.541134
vt 0.116490 0.533459
vt 0.127323 0.526180
vt 0.138097 0.519370
vt 0.156560 0.499031
vt 0.148913 0.513095
vt 0.094327 0.563895
vt 0.104284 0.555868
vt 0.114176 0.548028
vt 0.123971 0.540471
vt 0.133659 0.533296
vt 0.143324 0.526621
vt 0.159871 0.507423
vt 0.153074 0.520573
vt 0.105536 0.570356
vt 0.114414 0.562334
vt 0.123212 0.554499
vt 0.131887 0.546943
vt 0.140418 0.539776
vt 0.148853 0.533164
vt 0.163036 0.515287
vt 0.157291 0.527305
vt 0.116876 0.576679
vt 0.124800 0.568525
vt 0.132612 0.560556
vt 0.140255 0.552865
vt 0.147671 0.545568
vt 0.154804 0.538874
vt 0.165971 0.522458
vt 0.161703 0.533068
vt 0.176319 0.533033
vt 0.128330 0.582875
vt 0.168407 0.528335
vt 0.170372 0.533032
vt 0.265318 0.440180
vt 0.261073 0.459291
vt 0.257797 0.474043
vt 0.254784 0.487602
vt 0.251931 0.500431
vt 0.249192 0.512746
vt 0.246531 0.524699
vt 0.243917 0.536443
vt 0.219399 0.643013
vt 0.223985 0.625723
vt 0.207121 0.636559
vt 0.194843 0.630105
vt 0.182564 0.623651
vt 0.170286 0.617196
vt 0.158008 0.610742
vt 0.145730 0.604288
vt 0.133451 0.597834
vt 0.227966 0.609754
vt 0.230783 0.596470
vt 0.233471 0.583902
vt 0.236107 0.571746
vt 0.238719 0.559855
vt 0.241318 0.548124
vt 0.035225 0.546200
vt 0.047504 0.552654
vt 0.059782 0.559109
vt 0.072060 0.565563
vt 0.084338 0.572017
vt 0.096617 0.578471
vt 0.108895 0.584925
vt 0.121173 0.591380
vt 0.416660 0.581986
vt 0.420272 0.568112
vt 0.431263 0.578371
vt 0.402532 0.585258
vt 0.408296 0.572404
vt 0.388965 0.588371
vt 0.395804 0.576186
vt 0.375831 0.591406
vt 0.383256 0.579670
vt 0.363008 0.594391
vt 0.370877 0.582986
vt 0.350376 0.597338
vt 0.358645 0.586163
vt 0.337813 0.600257
vt 0.346476 0.589200
vt 0.409416 0.558355
vt 0.399127 0.563006
vt 0.388108 0.567177
vt 0.376750 0.571005
vt 0.365350 0.574599
vt 0.353931 0.577964
vt 0.334285 0.592100
vt 0.342442 0.581079
vt 0.398885 0.548996
vt 0.389678 0.553840
vt 0.379869 0.558306
vt 0.369706 0.562457
vt 0.359394 0.566333
vt 0.348946 0.569896
vt 0.330836 0.583925
vt 0.338326 0.573089
vt 0.388628 0.539910
vt 0.380228 0.544908
vt 0.371413 0.549638
vt 0.362336 0.554099
vt 0.353117 0.558274
vt 0.343745 0.562068
vt 0.327500 0.575854
vt 0.334169 0.565364
vt 0.378564 0.531023
vt 0.370780 0.536186
vt 0.362772 0.541187
vt 0.354643 0.545985
vt 0.346475 0.550514
vt 0.338270 0.554623
vt 0.324324 0.568034
vt 0.329971 0.558115
vt 0.368601 0.522271
vt 0.361271 0.527640
vt 0.353903 0.532960
vt 0.346579 0.538159
vt 0.339382 0.543144
vt 0.332395 0.547719
vt 0.321388 0.560704
vt 0.325592 0.551595
vt 0.241751 0.609422
vt 0.256539 0.619056
vt 0.240588 0.622514
vt 0.243468 0.596745
vt 0.255947 0.607665
vt 0.245423 0.584495
vt 0.256441 0.596022
vt 0.247515 0.572560
vt 0.257553 0.584408
vt 0.249733 0.560851
vt 0.259005 0.572956
vt 0.252085 0.549282
vt 0.260747 0.561656
vt 0.254585 0.537767
vt 0.262787 0.550457
vt 0.271534 0.615587
vt 0.269943 0.605319
vt 0.269451 0.594636
vt 0.269715 0.583794
vt 0.270464 0.572995
vt 0.271660 0.562273
vt 0.265134 0.539311
vt 0.273319 0.551620
vt 0.283550 0.602750
vt 0.285706 0.612278
vt 0.282300 0.592864
vt 0.281762 0.582806
vt 0.281782 0.572737
vt 0.282370 0.562708
vt 0.275459 0.541026
vt 0.283577 0.552742
vt 0.296713 0.600155
vt 0.299276 0.609131
vt 0.294841 0.590918
vt 0.293575 0.581564
vt 0.292860 0.572216
vt 0.292777 0.562938
vt 0.285455 0.542862
vt 0.293441 0.553773
vt 0.309495 0.597541
vt 0.312396 0.606110
vt 0.307081 0.588808
vt 0.305132 0.580035
vt 0.303659 0.571343
vt 0.302791 0.562831
vt 0.294987 0.544762
vt 0.302725 0.554583
vt 0.321989 0.594869
vt 0.325197 0.603168
vt 0.319064 0.586490
vt 0.316439 0.578154
vt 0.314153 0.569995
vt 0.312337 0.562194
vt 0.303809 0.546633
vt 0.311267 0.554908
vt 0.279908 0.449172
vt 0.287216 0.470299
vt 0.274543 0.463537
vt 0.293383 0.458916
vt 0.299155 0.478105
vt 0.305611 0.468657
vt 0.310479 0.486302
vt 0.317018 0.478111
vt 0.321309 0.494520
vt 0.327900 0.487260
vt 0.331730 0.502720
vt 0.338398 0.496167
vt 0.341815 0.510945
vt 0.348614 0.504916
vt 0.351638 0.519238
vt 0.282214 0.482146
vt 0.270245 0.477181
vt 0.293709 0.488318
vt 0.304744 0.495176
vt 0.315335 0.502309
vt 0.325513 0.509644
vt 0.335311 0.517191
vt 0.344763 0.524960
vt 0.277961 0.493985
vt 0.266542 0.490119
vt 0.289016 0.498870
vt 0.299683 0.504448
vt 0.309939 0.510446
vt 0.319768 0.516812
vt 0.329159 0.523552
vt 0.338096 0.530669
vt 0.274184 0.505580
vt 0.263187 0.502517
vt 0.284871 0.509431
vt 0.295197 0.513882
vt 0.305108 0.518779
vt 0.314543 0.524115
vt 0.323439 0.529924
vt 0.331730 0.536257
vt 0.270806 0.516948
vt 0.260101 0.514507
vt 0.281232 0.519959
vt 0.291301 0.523430
vt 0.300927 0.527275
vt 0.309986 0.531505
vt 0.318339 0.536189
vt 0.325834 0.541537
vt 0.267799 0.528166
vt 0.257246 0.526215
vt 0.278095 0.530481
vt 0.288039 0.533090
vt 0.297511 0.535931
vt 0.306303 0.538975
vt 0.314167 0.542311
vt 0.320947 0.545977
vt 0.318961 0.554575
vt 0.311117 0.548251
vt 0.358648 0.513591
vt 0.317007 0.549597
vt 0.442021 0.589019
vt 0.422974 0.591552
vt 0.407781 0.594293
vt 0.393614 0.597027
vt 0.380065 0.599773
vt 0.366938 0.602550
vt 0.354092 0.605378
vt 0.341385 0.608275
vt 0.240173 0.635768
vt 0.259206 0.629477
vt 0.274632 0.625127
vt 0.288963 0.621261
vt 0.302617 0.617707
vt 0.315802 0.614392
vt 0.328673 0.611264
vt 0.441995 0.608324
vt 0.426248 0.600923
vt 0.442521 0.598873
vt 0.440469 0.617871
vt 0.427221 0.610129
vt 0.438504 0.627385
vt 0.426935 0.619245
vt 0.436314 0.636873
vt 0.425909 0.628294
vt 0.433948 0.646335
vt 0.424470 0.637286
vt 0.431417 0.655773
vt 0.422691 0.646224
vt 0.428730 0.665184
vt 0.420586 0.655109
vt 0.412986 0.612007
vt 0.411174 0.603211
vt 0.413634 0.620695
vt 0.413472 0.629282
vt 0.412778 0.637774
vt 0.411606 0.646175
vt 0.418165 0.663940
vt 0.409953 0.654488
vt 0.399300 0.613983
vt 0.397019 0.605570
vt 0.400652 0.622258
vt 0.401272 0.630390
vt 0.401316 0.638374
vt 0.400780 0.646218
vt 0.407814 0.662716
vt 0.399618 0.653930
vt 0.386104 0.616084
vt 0.383474 0.608009
vt 0.388042 0.623976
vt 0.389373 0.631666
vt 0.390150 0.639138
vt 0.390297 0.646402
vt 0.397786 0.661522
vt 0.389696 0.653472
vt 0.373308 0.618345
vt 0.370371 0.610549
vt 0.375768 0.625903
vt 0.377771 0.633191
vt 0.379304 0.640179
vt 0.380237 0.646851
vt 0.388216 0.660372
vt 0.380370 0.653209
vt 0.360812 0.620806
vt 0.357579 0.613218
vt 0.363774 0.628099
vt 0.366447 0.635054
vt 0.368790 0.641624
vt 0.370668 0.647733
vt 0.371802 0.653335
vt 0.379357 0.659302
vt 0.406905 0.730527
vt 0.398724 0.716116
vt 0.410219 0.721227
vt 0.395026 0.724746
vt 0.387278 0.710969
vt 0.383172 0.718945
vt 0.375906 0.705767
vt 0.371354 0.713113
vt 0.364634 0.700490
vt 0.359583 0.707243
vt 0.353486 0.695115
vt 0.347873 0.701321
vt 0.342489 0.689619
vt 0.336235 0.695339
vt 0.331667 0.683976
vt 0.402351 0.707477
vt 0.413498 0.711920
vt 0.391283 0.702987
vt 0.380332 0.698425
vt 0.369537 0.693763
vt 0.358941 0.688963
vt 0.348585 0.683979
vt 0.338511 0.678769
vt 0.405875 0.698825
vt 0.416723 0.702604
vt 0.395138 0.694995
vt 0.384567 0.691090
vt 0.374220 0.687077
vt 0.364158 0.682891
vt 0.354445 0.678461
vt 0.345142 0.673716
vt 0.409259 0.690153
vt 0.419878 0.693276
vt 0.398788 0.686988
vt 0.388541 0.683759
vt 0.378593 0.680433
vt 0.369037 0.676918
vt 0.359964 0.673109
vt 0.351471 0.668884
vt 0.412462 0.681454
vt 0.422943 0.683932
vt 0.402166 0.678950
vt 0.392145 0.676408
vt 0.382502 0.673799
vt 0.373380 0.671035
vt 0.364933 0.667983
vt 0.357330 0.664404
vt 0.415445 0.672719
vt 0.425900 0.674570
vt 0.405198 0.670865
vt 0.395265 0.669006
vt 0.385773 0.667131
vt 0.376940 0.665202
vt 0.369022 0.663085
vt 0.362185 0.660689
vt 0.264707 0.638338
vt 0.258282 0.650878
vt 0.248841 0.643734
vt 0.279520 0.633703
vt 0.272340 0.646004
vt 0.293447 0.629557
vt 0.285914 0.641440
vt 0.306787 0.625769
vt 0.299008 0.637212
vt 0.319719 0.622280
vt 0.311692 0.633319
vt 0.332394 0.619051
vt 0.324084 0.629746
vt 0.344965 0.616043
vt 0.336315 0.626480
vt 0.268738 0.657650
vt 0.281154 0.653012
vt 0.293401 0.648544
vt 0.305424 0.644316
vt 0.317203 0.640384
vt 0.328820 0.636778
vt 0.348516 0.623506
vt 0.340383 0.633517
vt 0.279602 0.664193
vt 0.290653 0.659624
vt 0.301624 0.655190
vt 0.312476 0.650958
vt 0.323192 0.646996
vt 0.333848 0.643365
vt 0.352001 0.630621
vt 0.344545 0.640127
vt 0.290669 0.670610
vt 0.300515 0.665999
vt 0.310297 0.661512
vt 0.319982 0.657214
vt 0.329562 0.653172
vt 0.339118 0.649487
vt 0.355383 0.637345
vt 0.348760 0.646264
vt 0.301882 0.676927
vt 0.310655 0.672176
vt 0.319348 0.667546
vt 0.327919 0.663095
vt 0.336348 0.658898
vt 0.344682 0.655087
vt 0.358615 0.643619
vt 0.353023 0.651820
vt 0.313225 0.683150
vt 0.321048 0.678166
vt 0.328758 0.673296
vt 0.336301 0.668597
vt 0.343620 0.664145
vt 0.350659 0.660091
vt 0.361610 0.649320
vt 0.357471 0.656655
vt 0.372016 0.658412
vt 0.324682 0.689286
vt 0.364094 0.653979
vt 0.366098 0.657696
vt 0.460011 0.596576
vt 0.457067 0.606556
vt 0.454123 0.616537
vt 0.451179 0.626517
vt 0.448235 0.636497
vt 0.445291 0.646477
vt 0.442347 0.656457
vt 0.439403 0.666438
vt 0.415851 0.746279
vt 0.418795 0.736299
vt 0.403573 0.739825
vt 0.391295 0.733371
vt 0.379016 0.726917
vt 0.366738 0.720463
vt 0.354460 0.714008
vt 0.342182 0.707554
vt 0.329903 0.701100
vt 0.421739 0.726319
vt 0.424683 0.716339
vt 0.427627 0.706358
vt 0.430571 0.696378
vt 0.433515 0.686398
vt 0.436459 0.676418
vt 0.231677 0.649467
vt 0.243956 0.655921
vt 0.256234 0.662375
vt 0.268512 0.668830
vt 0.280790 0.675284
vt 0.293069 0.681738
vt 0.305347 0.688192
vt 0.317625 0.694646
vt 0.303194 0.151174
vt 0.295880 0.166587
vt 0.313170 0.160660
vt 0.292157 0.142089
vt 0.287728 0.156526
vt 0.280703 0.133275
vt 0.278367 0.147247
vt 0.269047 0.124606
vt 0.268312 0.138434
vt 0.257242 0.116052
vt 0.257894 0.129896
vt 0.245302 0.107607
vt 0.247196 0.121586
vt 0.233241 0.099266
vt 0.236234 0.113496
vt 0.279660 0.171574
vt 0.272749 0.161518
vt 0.264741 0.152206
vt 0.255998 0.143432
vt 0.246812 0.135034
vt 0.237244 0.126974
vt 0.225028 0.105617
vt 0.227301 0.119246
vt 0.264324 0.176011
vt 0.258242 0.166125
vt 0.251329 0.156886
vt 0.243801 0.148188
vt 0.235834 0.139944
vt 0.227436 0.132142
vt 0.216986 0.111844
vt 0.218569 0.124787
vt 0.249549 0.180064
vt 0.244125 0.170357
vt 0.238146 0.161220
vt 0.231734 0.152622
vt 0.224972 0.144541
vt 0.217798 0.136999
vt 0.209199 0.117887
vt 0.210108 0.130028
vt 0.235148 0.183803
vt 0.230271 0.174227
vt 0.225105 0.165171
vt 0.219715 0.156652
vt 0.214136 0.148698
vt 0.208281 0.141379
vt 0.201775 0.123664
vt 0.201986 0.134783
vt 0.220965 0.187274
vt 0.216544 0.177751
vt 0.212089 0.168712
vt 0.207636 0.160200
vt 0.203209 0.152277
vt 0.198779 0.145077
vt 0.194905 0.129020
vt 0.194155 0.138774
vt 0.146562 0.042895
vt 0.154077 0.061560
vt 0.159092 0.050817
vt 0.141897 0.054507
vt 0.149141 0.072316
vt 0.137272 0.066128
vt 0.144326 0.083094
vt 0.132708 0.077762
vt 0.139671 0.093901
vt 0.128226 0.089414
vt 0.135223 0.104749
vt 0.123846 0.101090
vt 0.131027 0.115652
vt 0.119590 0.112794
vt 0.127131 0.126621
vt 0.166202 0.068656
vt 0.171594 0.058764
vt 0.160925 0.078560
vt 0.155822 0.088482
vt 0.150954 0.098432
vt 0.146399 0.108430
vt 0.142237 0.118503
vt 0.138549 0.128673
vt 0.178245 0.075816
vt 0.184057 0.066745
vt 0.172579 0.084887
vt 0.167135 0.093955
vt 0.161994 0.103029
vt 0.157275 0.112144
vt 0.153107 0.121343
vt 0.149617 0.130670
vt 0.190178 0.083065
vt 0.196467 0.074773
vt 0.184060 0.091329
vt 0.178201 0.099552
vt 0.172704 0.107732
vt 0.167738 0.115919
vt 0.163497 0.124178
vt 0.160186 0.132587
vt 0.201972 0.090428
vt 0.208810 0.082861
vt 0.195321 0.097934
vt 0.188950 0.105348
vt 0.182979 0.112650
vt 0.177623 0.119863
vt 0.173158 0.127047
vt 0.169974 0.134369
vt 0.213598 0.097936
vt 0.221072 0.091021
vt 0.206312 0.104755
vt 0.199308 0.111431
vt 0.192707 0.117911
vt 0.186747 0.124131
vt 0.181794 0.130106
vt 0.178086 0.135848
vt 0.094235 0.208016
vt 0.112709 0.194465
vt 0.095426 0.195973
vt 0.113670 0.206559
vt 0.129253 0.192763
vt 0.131303 0.204321
vt 0.145048 0.190857
vt 0.147675 0.201848
vt 0.160173 0.188748
vt 0.163212 0.199232
vt 0.174753 0.186413
vt 0.178137 0.196483
vt 0.188920 0.183821
vt 0.192623 0.193584
vt 0.202806 0.180943
vt 0.097857 0.183869
vt 0.128815 0.181587
vt 0.113492 0.182790
vt 0.143714 0.180207
vt 0.158119 0.178598
vt 0.172079 0.176703
vt 0.185673 0.174462
vt 0.198981 0.171813
vt 0.100888 0.171896
vt 0.115285 0.171345
vt 0.143383 0.169848
vt 0.129483 0.170681
vt 0.156905 0.168781
vt 0.170060 0.167385
vt 0.182877 0.165554
vt 0.195388 0.163183
vt 0.104219 0.159987
vt 0.117627 0.160023
vt 0.130855 0.159956
vt 0.156430 0.159291
vt 0.143815 0.159735
vt 0.168678 0.158484
vt 0.180552 0.157156
vt 0.192054 0.155128
vt 0.107774 0.148125
vt 0.120400 0.148800
vt 0.132835 0.149388
vt 0.144982 0.149847
vt 0.168047 0.150021
vt 0.156748 0.150110
vt 0.178812 0.149366
vt 0.189037 0.147805
vt 0.111534 0.136308
vt 0.123578 0.137667
vt 0.135406 0.138963
vt 0.146909 0.140164
vt 0.157960 0.141218
vt 0.177935 0.142254
vt 0.168359 0.141999
vt 0.186580 0.141817
vt 0.189213 0.133461
vt 0.115479 0.124532
vt 0.206843 0.190521
vt 0.184625 0.137039
vt 0.331829 0.154421
vt 0.322351 0.171232
vt 0.344728 0.163216
vt 0.318931 0.145626
vt 0.306032 0.136830
vt 0.293133 0.128035
vt 0.280235 0.119240
vt 0.267336 0.110445
vt 0.254437 0.101649
vt 0.241539 0.092854
vt 0.301813 0.178091
vt 0.285048 0.182622
vt 0.269354 0.186648
vt 0.254299 0.190372
vt 0.239671 0.193882
vt 0.225315 0.197236
vt 0.211074 0.200492
vt 0.138349 0.022492
vt 0.151248 0.031287
vt 0.134019 0.034984
vt 0.129689 0.047475
vt 0.125360 0.059967
vt 0.121030 0.072459
vt 0.116700 0.084950
vt 0.112370 0.097442
vt 0.108040 0.109933
vt 0.164146 0.040083
vt 0.177045 0.048878
vt 0.189944 0.057673
vt 0.202842 0.066468
vt 0.215741 0.075264
vt 0.228640 0.084059
vt 0.094772 0.221291
vt 0.073402 0.209866
vt 0.069072 0.222358
vt 0.117844 0.219518
vt 0.135560 0.216405
vt 0.151887 0.213230
vt 0.167376 0.210056
vt 0.182284 0.206884
vt 0.196789 0.203701
vt 0.077732 0.197375
vt 0.082061 0.184883
vt 0.086391 0.172392
vt 0.090721 0.159900
vt 0.095051 0.147408
vt 0.099381 0.134917
vt 0.103711 0.122425
vt 0.321813 0.188321
vt 0.305686 0.206010
vt 0.320589 0.205161
vt 0.304793 0.191486
vt 0.290713 0.207851
vt 0.288625 0.194812
vt 0.275966 0.210166
vt 0.273188 0.198088
vt 0.261569 0.212663
vt 0.258289 0.201280
vt 0.247489 0.215320
vt 0.243787 0.204426
vt 0.233651 0.218179
vt 0.229557 0.207579
vt 0.219980 0.221286
vt 0.305604 0.220742
vt 0.319124 0.221213
vt 0.291765 0.221356
vt 0.277898 0.222663
vt 0.264227 0.224360
vt 0.250785 0.226425
vt 0.237556 0.228901
vt 0.224526 0.231835
vt 0.305054 0.235351
vt 0.317658 0.236582
vt 0.292162 0.235017
vt 0.279197 0.235361
vt 0.266347 0.236214
vt 0.253680 0.237604
vt 0.241233 0.239606
vt 0.229045 0.242296
vt 0.304329 0.249695
vt 0.316256 0.251465
vt 0.292197 0.248594
vt 0.280029 0.248074
vt 0.267980 0.248084
vt 0.256148 0.248724
vt 0.244613 0.250137
vt 0.233452 0.252488
vt 0.303468 0.263818
vt 0.314908 0.266010
vt 0.291905 0.262071
vt 0.280374 0.260758
vt 0.269029 0.259903
vt 0.258027 0.259658
vt 0.247515 0.260251
vt 0.237607 0.262083
vt 0.302449 0.277812
vt 0.313584 0.280359
vt 0.291258 0.275481
vt 0.280168 0.273400
vt 0.269355 0.271626
vt 0.259081 0.270302
vt 0.249601 0.269737
vt 0.241096 0.270131
vt 0.124634 0.255817
vt 0.126267 0.233604
vt 0.109477 0.238782
vt 0.139232 0.271012
vt 0.137500 0.248088
vt 0.153195 0.284901
vt 0.149744 0.262141
vt 0.166632 0.297815
vt 0.162252 0.275508
vt 0.179678 0.309965
vt 0.174632 0.288121
vt 0.192473 0.321529
vt 0.186877 0.300052
vt 0.205157 0.332689
vt 0.199074 0.311410
vt 0.142411 0.229079
vt 0.151306 0.242060
vt 0.161494 0.254993
vt 0.172357 0.267598
vt 0.183412 0.279661
vt 0.194597 0.291157
vt 0.211314 0.322307
vt 0.205952 0.302113
vt 0.157861 0.225009
vt 0.165319 0.237015
vt 0.173867 0.249033
vt 0.183113 0.260851
vt 0.192733 0.272279
vt 0.202684 0.283231
vt 0.217519 0.312551
vt 0.212992 0.293645
vt 0.172748 0.221192
vt 0.179159 0.232505
vt 0.186382 0.243828
vt 0.194189 0.254997
vt 0.202398 0.265851
vt 0.211010 0.276246
vt 0.223680 0.303460
vt 0.220080 0.286041
vt 0.187214 0.217568
vt 0.192823 0.228407
vt 0.198973 0.239255
vt 0.205529 0.249967
vt 0.212384 0.260381
vt 0.219550 0.270284
vt 0.229683 0.295092
vt 0.227113 0.279439
vt 0.201407 0.214109
vt 0.206400 0.224681
vt 0.211676 0.235272
vt 0.217144 0.245740
vt 0.222720 0.255909
vt 0.228347 0.265480
vt 0.235335 0.287578
vt 0.234118 0.274091
vt 0.301899 0.407763
vt 0.289738 0.381148
vt 0.285991 0.397213
vt 0.303934 0.388599
vt 0.292415 0.365136
vt 0.306798 0.354434
vt 0.305442 0.370947
vt 0.308154 0.338743
vt 0.294560 0.349556
vt 0.309527 0.323667
vt 0.296491 0.334537
vt 0.310899 0.309029
vt 0.298258 0.319993
vt 0.312255 0.294650
vt 0.299848 0.305784
vt 0.275804 0.372302
vt 0.271238 0.386473
vt 0.279351 0.357861
vt 0.282244 0.343500
vt 0.284768 0.329478
vt 0.286958 0.315765
vt 0.288786 0.302260
vt 0.301248 0.291768
vt 0.262246 0.362799
vt 0.257273 0.375743
vt 0.266426 0.349680
vt 0.270003 0.336610
vt 0.273125 0.323759
vt 0.275767 0.311094
vt 0.277864 0.298532
vt 0.290225 0.288862
vt 0.249078 0.353040
vt 0.243813 0.365059
vt 0.253775 0.341033
vt 0.257970 0.329165
vt 0.261691 0.317525
vt 0.264834 0.306056
vt 0.267257 0.294659
vt 0.268801 0.283214
vt 0.236245 0.343070
vt 0.230714 0.354372
vt 0.241416 0.331982
vt 0.246208 0.321186
vt 0.250572 0.310736
vt 0.254331 0.300587
vt 0.257240 0.290631
vt 0.258916 0.280616
vt 0.223680 0.332841
vt 0.217865 0.343606
vt 0.229335 0.322498
vt 0.234763 0.312632
vt 0.239870 0.303297
vt 0.244440 0.294538
vt 0.248112 0.286277
vt 0.250650 0.278445
vt 0.215473 0.210790
vt 0.240078 0.281495
vt 0.279345 0.285990
vt 0.243939 0.276678
vt 0.339179 0.185803
vt 0.334601 0.206480
vt 0.331971 0.223240
vt 0.329757 0.238927
vt 0.327809 0.253991
vt 0.326069 0.268656
vt 0.324506 0.283087
vt 0.323087 0.297452
vt 0.093055 0.245816
vt 0.114483 0.266707
vt 0.130703 0.282235
vt 0.145584 0.296095
vt 0.159654 0.308899
vt 0.173157 0.320948
vt 0.186262 0.332460
vt 0.199141 0.343656
vt 0.318191 0.417991
vt 0.299630 0.428222
vt 0.319716 0.444512
vt 0.317933 0.392942
vt 0.318215 0.374611
vt 0.318806 0.357792
vt 0.319621 0.341902
vt 0.320624 0.326673
vt 0.321787 0.311919
vt 0.280007 0.412179
vt 0.265209 0.399923
vt 0.251314 0.388289
vt 0.237918 0.376962
vt 0.224840 0.365807
vt 0.211956 0.354735
vt 0.480157 0.328841
vt 0.475774 0.343911
vt 0.489058 0.339721
vt 0.471131 0.317943
vt 0.468977 0.333700
vt 0.461784 0.307014
vt 0.461268 0.323349
vt 0.452274 0.296095
vt 0.453022 0.312950
vt 0.442644 0.285211
vt 0.444484 0.302576
vt 0.432904 0.274382
vt 0.435716 0.292277
vt 0.423066 0.263629
vt 0.426737 0.282096
vt 0.463958 0.348328
vt 0.458167 0.338590
vt 0.451528 0.328713
vt 0.444310 0.318793
vt 0.436730 0.308923
vt 0.428840 0.299177
vt 0.417562 0.272077
vt 0.420649 0.289627
vt 0.452837 0.352862
vt 0.447726 0.343497
vt 0.441949 0.334007
vt 0.435672 0.324496
vt 0.429031 0.315067
vt 0.422039 0.305827
vt 0.412166 0.280347
vt 0.414678 0.296886
vt 0.442185 0.357485
vt 0.437599 0.348401
vt 0.432543 0.339203
vt 0.427115 0.330005
vt 0.421386 0.320928
vt 0.415324 0.312125
vt 0.406932 0.288351
vt 0.408865 0.303754
vt 0.431861 0.362178
vt 0.427689 0.353272
vt 0.423238 0.344246
vt 0.418568 0.335229
vt 0.413717 0.326371
vt 0.408643 0.317887
vt 0.401930 0.295980
vt 0.403247 0.310018
vt 0.421744 0.366931
vt 0.417890 0.358080
vt 0.413943 0.349079
vt 0.409942 0.340075
vt 0.405923 0.331245
vt 0.401899 0.322885
vt 0.397297 0.303043
vt 0.397766 0.315354
vt 0.347033 0.210885
vt 0.361891 0.202039
vt 0.351042 0.193471
vt 0.343870 0.227160
vt 0.358254 0.217607
vt 0.351971 0.247230
vt 0.354937 0.232667
vt 0.341184 0.242528
vt 0.349361 0.261379
vt 0.338848 0.257326
vt 0.347113 0.275241
vt 0.336820 0.271751
vt 0.345232 0.288952
vt 0.333602 0.300125
vt 0.335079 0.285963
vt 0.372456 0.211676
vt 0.368820 0.225586
vt 0.365375 0.239314
vt 0.359364 0.266021
vt 0.362199 0.252800
vt 0.356921 0.279058
vt 0.354915 0.292020
vt 0.353392 0.305014
vt 0.382793 0.221741
vt 0.378992 0.234279
vt 0.371951 0.259008
vt 0.375351 0.246717
vt 0.368875 0.271125
vt 0.366218 0.283136
vt 0.364076 0.295133
vt 0.362547 0.307207
vt 0.393007 0.232011
vt 0.384997 0.254570
vt 0.388927 0.243337
vt 0.381294 0.265666
vt 0.377904 0.276599
vt 0.374970 0.287437
vt 0.372647 0.298273
vt 0.371106 0.309215
vt 0.398662 0.252672
vt 0.403120 0.242426
vt 0.394345 0.262801
vt 0.390239 0.272757
vt 0.386437 0.282499
vt 0.383114 0.292052
vt 0.380493 0.301492
vt 0.378898 0.311015
vt 0.408205 0.262259
vt 0.413138 0.252971
vt 0.403399 0.271397
vt 0.398786 0.280310
vt 0.394453 0.288920
vt 0.390581 0.297143
vt 0.387459 0.304992
vt 0.385277 0.312478
vt 0.333099 0.411264
vt 0.343876 0.389854
vt 0.331279 0.392892
vt 0.346646 0.404671
vt 0.355740 0.385643
vt 0.358832 0.398284
vt 0.366986 0.381036
vt 0.370175 0.392322
vt 0.377746 0.376451
vt 0.380998 0.386774
vt 0.388121 0.371923
vt 0.391454 0.381560
vt 0.398207 0.367390
vt 0.401656 0.376578
vt 0.408098 0.362791
vt 0.342386 0.374613
vt 0.330541 0.375660
vt 0.353752 0.372201
vt 0.364657 0.369025
vt 0.375129 0.365554
vt 0.385227 0.361855
vt 0.395016 0.357896
vt 0.404565 0.353643
vt 0.341714 0.359508
vt 0.330455 0.359402
vt 0.352576 0.358468
vt 0.363032 0.356642
vt 0.373083 0.354324
vt 0.382761 0.351542
vt 0.392102 0.348261
vt 0.401147 0.344443
vt 0.341568 0.344804
vt 0.330774 0.343882
vt 0.351981 0.344847
vt 0.361988 0.344192
vt 0.371571 0.342977
vt 0.380738 0.341164
vt 0.389504 0.338669
vt 0.397887 0.335384
vt 0.341870 0.330484
vt 0.331424 0.328931
vt 0.351920 0.331406
vt 0.361532 0.331772
vt 0.370665 0.331623
vt 0.379281 0.330876
vt 0.387348 0.329373
vt 0.394871 0.326791
vt 0.342596 0.316462
vt 0.332376 0.314396
vt 0.352390 0.318133
vt 0.361705 0.319428
vt 0.370470 0.320345
vt 0.378567 0.320808
vt 0.385887 0.320588
vt 0.392377 0.319550
vt 0.393460 0.308905
vt 0.343724 0.302649
vt 0.411715 0.371729
vt 0.390373 0.313646
vt 0.502031 0.335484
vt 0.496073 0.350304
vt 0.512518 0.346969
vt 0.491544 0.324000
vt 0.481057 0.312515
vt 0.470571 0.301031
vt 0.460084 0.289546
vt 0.449597 0.278062
vt 0.439110 0.266577
vt 0.428623 0.255093
vt 0.480950 0.353841
vt 0.468587 0.357827
vt 0.457116 0.362002
vt 0.446207 0.366339
vt 0.435696 0.370832
vt 0.425463 0.375485
vt 0.415386 0.380297
vt 0.355215 0.174701
vt 0.365702 0.186185
vt 0.376189 0.197670
vt 0.386676 0.209154
vt 0.397162 0.220639
vt 0.407649 0.232123
vt 0.418136 0.243608
vt 0.335908 0.429631
vt 0.351598 0.417611
vt 0.363372 0.409499
vt 0.374378 0.402526
vt 0.384950 0.396281
vt 0.395237 0.390579
vt 0.405347 0.385294
vt 0.270954 0.425067
vt 0.270616 0.449671
vt 0.284804 0.439062
vt 0.257428 0.412302
vt 0.259957 0.436362
vt 0.244256 0.400266
vt 0.248306 0.423758
vt 0.231363 0.388638
vt 0.236298 0.411696
vt 0.218650 0.377293
vt 0.224263 0.400037
vt 0.206013 0.366154
vt 0.212215 0.388723
vt 0.193347 0.355143
vt 0.200086 0.377717
vt 0.257260 0.459502
vt 0.248421 0.446827
vt 0.238400 0.434549
vt 0.227714 0.422652
vt 0.216766 0.411126
vt 0.205611 0.399988
vt 0.187813 0.366981
vt 0.194220 0.389263
vt 0.244628 0.469040
vt 0.236886 0.456851
vt 0.228160 0.444890
vt 0.218781 0.433209
vt 0.209019 0.421873
vt 0.198918 0.410977
vt 0.182562 0.378975
vt 0.188458 0.400627
vt 0.232558 0.478535
vt 0.225610 0.466686
vt 0.217929 0.454943
vt 0.209716 0.443412
vt 0.201133 0.432219
vt 0.192186 0.421549
vt 0.177621 0.390930
vt 0.182836 0.411608
vt 0.220908 0.488056
vt 0.214559 0.476390
vt 0.207715 0.464720
vt 0.200511 0.453200
vt 0.193054 0.442012
vt 0.185354 0.431447
vt 0.173027 0.402614
vt 0.177360 0.421846
vt 0.209538 0.497631
vt 0.203631 0.485975
vt 0.197450 0.474195
vt 0.191100 0.462483
vt 0.184684 0.451072
vt 0.178292 0.440357
vt 0.168866 0.413645
vt 0.171892 0.430853
vt 0.090443 0.265644
vt 0.105597 0.300213
vt 0.108473 0.281863
vt 0.089601 0.287187
vt 0.104419 0.320312
vt 0.089925 0.309948
vt 0.104224 0.341380
vt 0.090830 0.333290
vt 0.104559 0.362893
vt 0.092024 0.356884
vt 0.105310 0.384674
vt 0.095038 0.404461
vt 0.093434 0.380624
vt 0.096815 0.428347
vt 0.106444 0.406635
vt 0.120862 0.312541
vt 0.124704 0.296236
vt 0.118593 0.330472
vt 0.117405 0.349434
vt 0.116902 0.368929
vt 0.116987 0.388767
vt 0.117635 0.408836
vt 0.107931 0.428686
vt 0.135379 0.324184
vt 0.139702 0.309287
vt 0.132329 0.340372
vt 0.130267 0.357433
vt 0.128958 0.375004
vt 0.128366 0.392922
vt 0.128502 0.411076
vt 0.129381 0.429353
vt 0.149220 0.335255
vt 0.153875 0.321454
vt 0.145549 0.350003
vt 0.142724 0.365397
vt 0.140642 0.381173
vt 0.139345 0.397201
vt 0.138918 0.413393
vt 0.139460 0.429676
vt 0.162493 0.345941
vt 0.167434 0.333004
vt 0.158286 0.359519
vt 0.154763 0.373496
vt 0.151905 0.387650
vt 0.149818 0.401826
vt 0.148676 0.415923
vt 0.148797 0.429987
vt 0.175318 0.356448
vt 0.180537 0.344159
vt 0.170604 0.369112
vt 0.166393 0.381938
vt 0.162711 0.394699
vt 0.159682 0.407119
vt 0.157572 0.419020
vt 0.156538 0.430256
vt 0.113712 0.591914
vt 0.123416 0.557020
vt 0.110788 0.569426
vt 0.127633 0.575294
vt 0.135708 0.545352
vt 0.140363 0.561542
vt 0.147648 0.534429
vt 0.152522 0.549190
vt 0.159262 0.524158
vt 0.164292 0.537822
vt 0.170603 0.514366
vt 0.175784 0.527188
vt 0.181736 0.504861
vt 0.187092 0.517079
vt 0.192722 0.495452
vt 0.119951 0.536983
vt 0.107973 0.546698
vt 0.131762 0.527502
vt 0.143344 0.518327
vt 0.154649 0.509481
vt 0.165687 0.500821
vt 0.176483 0.492169
vt 0.187060 0.483342
vt 0.116959 0.515956
vt 0.105436 0.523378
vt 0.128347 0.508590
vt 0.139530 0.501308
vt 0.150451 0.494101
vt 0.161083 0.486809
vt 0.171411 0.479233
vt 0.181417 0.471175
vt 0.114270 0.494466
vt 0.103063 0.499799
vt 0.125327 0.489118
vt 0.136158 0.483744
vt 0.146692 0.478298
vt 0.156866 0.472570
vt 0.166623 0.466302
vt 0.175904 0.459207
vt 0.111860 0.472696
vt 0.100833 0.476067
vt 0.122707 0.469284
vt 0.133286 0.465813
vt 0.143499 0.462220
vt 0.153224 0.458286
vt 0.162334 0.453687
vt 0.170705 0.447860
vt 0.109742 0.450737
vt 0.098749 0.452232
vt 0.120527 0.449212
vt 0.130998 0.447640
vt 0.141031 0.445981
vt 0.150408 0.444093
vt 0.158895 0.441612
vt 0.166338 0.438296
vt 0.165477 0.422920
vt 0.118824 0.429022
vt 0.198310 0.507286
vt 0.162783 0.430488
vt 0.298564 0.453460
vt 0.278746 0.463866
vt 0.264287 0.472596
vt 0.251053 0.481403
vt 0.238573 0.490379
vt 0.226629 0.499561
vt 0.215066 0.508970
vt 0.203730 0.518630
vt 0.071136 0.248064
vt 0.073201 0.273770
vt 0.075265 0.299476
vt 0.079394 0.350888
vt 0.077330 0.325182
vt 0.081459 0.376594
vt 0.083523 0.402300
vt 0.085588 0.428006
vt 0.102103 0.633653
vt 0.100039 0.607947
vt 0.118158 0.610745
vt 0.133149 0.590385
vt 0.145936 0.575390
vt 0.158040 0.562186
vt 0.169741 0.550163
vt 0.181182 0.539034
vt 0.192475 0.528592
vt 0.097974 0.582241
vt 0.095910 0.556535
vt 0.093845 0.530829
vt 0.091781 0.505123
vt 0.089716 0.479417
vt 0.087652 0.453711
vt 0.497613 0.360045
vt 0.485377 0.372619
vt 0.497265 0.369476
vt 0.483976 0.363383
vt 0.473924 0.375905
vt 0.471840 0.367008
vt 0.462935 0.379379
vt 0.460449 0.370837
vt 0.452388 0.383078
vt 0.449593 0.374872
vt 0.442223 0.387040
vt 0.439148 0.379126
vt 0.432371 0.391300
vt 0.429011 0.383617
vt 0.422763 0.395896
vt 0.485861 0.381662
vt 0.496790 0.378866
vt 0.475145 0.384575
vt 0.464724 0.387662
vt 0.454659 0.390976
vt 0.444938 0.394578
vt 0.435529 0.398530
vt 0.426402 0.402892
vt 0.485798 0.390578
vt 0.495991 0.388187
vt 0.475764 0.393072
vt 0.465968 0.395721
vt 0.456478 0.398582
vt 0.447311 0.401744
vt 0.438471 0.405301
vt 0.429965 0.409345
vt 0.485432 0.399415
vt 0.495027 0.397471
vt 0.475993 0.401442
vt 0.466789 0.403593
vt 0.457889 0.405924
vt 0.449336 0.408551
vt 0.441163 0.411606
vt 0.433403 0.415239
vt 0.484823 0.408197
vt 0.493938 0.406728
vt 0.475878 0.409721
vt 0.467187 0.411327
vt 0.458836 0.413062
vt 0.450907 0.415041
vt 0.443479 0.417429
vt 0.436613 0.420498
vt 0.483985 0.416943
vt 0.492733 0.415969
vt 0.475422 0.417940
vt 0.467137 0.418974
vt 0.459234 0.420067
vt 0.451866 0.421288
vt 0.445184 0.422808
vt 0.439286 0.424740
vt 0.361838 0.444445
vt 0.359327 0.427464
vt 0.349246 0.437879
vt 0.373401 0.449682
vt 0.368733 0.434885
vt 0.384059 0.454207
vt 0.378499 0.440876
vt 0.394026 0.458323
vt 0.388125 0.445964
vt 0.403462 0.462137
vt 0.397378 0.450499
vt 0.412511 0.465706
vt 0.406293 0.454602
vt 0.421316 0.469088
vt 0.414968 0.458335
vt 0.369566 0.418814
vt 0.376999 0.426469
vt 0.385126 0.432866
vt 0.393504 0.438347
vt 0.401794 0.443197
vt 0.409969 0.447514
vt 0.423502 0.461761
vt 0.418083 0.451354
vt 0.379680 0.411388
vt 0.385872 0.419012
vt 0.392672 0.425599
vt 0.399800 0.431347
vt 0.407026 0.436427
vt 0.414326 0.440900
vt 0.426188 0.454770
vt 0.421729 0.444797
vt 0.389629 0.404787
vt 0.394916 0.412335
vt 0.400650 0.419023
vt 0.406675 0.424953
vt 0.412864 0.430206
vt 0.419218 0.434797
vt 0.429261 0.448153
vt 0.425775 0.438720
vt 0.399464 0.398832
vt 0.404063 0.406321
vt 0.408946 0.413083
vt 0.414024 0.419158
vt 0.419229 0.424571
vt 0.424565 0.429287
vt 0.432586 0.441966
vt 0.430084 0.433248
vt 0.409256 0.393399
vt 0.413337 0.400874
vt 0.417537 0.407724
vt 0.421803 0.413958
vt 0.426084 0.419566
vt 0.430336 0.424475
vt 0.435962 0.436340
vt 0.434610 0.428555
vt 0.482287 0.480688
vt 0.472372 0.487184
vt 0.480720 0.489980
vt 0.483869 0.471412
vt 0.473941 0.478301
vt 0.485453 0.462151
vt 0.475554 0.469461
vt 0.487019 0.452903
vt 0.477173 0.460657
vt 0.488548 0.443664
vt 0.478763 0.451884
vt 0.490023 0.434431
vt 0.480281 0.443133
vt 0.491424 0.425201
vt 0.481685 0.434398
vt 0.463995 0.484346
vt 0.467253 0.467439
vt 0.465586 0.475858
vt 0.468942 0.459085
vt 0.470598 0.450790
vt 0.472148 0.442543
vt 0.473517 0.434328
vt 0.482932 0.425671
vt 0.457218 0.473330
vt 0.455582 0.481457
vt 0.458974 0.465308
vt 0.460784 0.457395
vt 0.462568 0.449587
vt 0.464216 0.441866
vt 0.465604 0.434206
vt 0.474629 0.426133
vt 0.448831 0.470688
vt 0.447120 0.478503
vt 0.450725 0.463030
vt 0.452720 0.455540
vt 0.454718 0.448223
vt 0.456555 0.441054
vt 0.458044 0.434000
vt 0.466610 0.426585
vt 0.440419 0.467902
vt 0.438597 0.475467
vt 0.442508 0.460552
vt 0.444768 0.453440
vt 0.447083 0.446586
vt 0.449242 0.439990
vt 0.450985 0.433633
vt 0.451952 0.427434
vt 0.431978 0.464937
vt 0.430000 0.472334
vt 0.434328 0.457817
vt 0.436943 0.451007
vt 0.439695 0.444548
vt 0.442354 0.438510
vt 0.444583 0.432922
vt 0.446132 0.427789
vt 0.419080 0.388363
vt 0.438937 0.431746
vt 0.458987 0.427021
vt 0.441443 0.428089
vt 0.510954 0.356689
vt 0.509391 0.366409
vt 0.507828 0.376128
vt 0.506264 0.385848
vt 0.504701 0.395568
vt 0.503137 0.405288
vt 0.501574 0.415007
vt 0.500010 0.424727
vt 0.340280 0.449858
vt 0.358041 0.455276
vt 0.370559 0.459328
vt 0.381702 0.463087
vt 0.391984 0.466657
vt 0.401642 0.470090
vt 0.410841 0.473428
vt 0.489066 0.492765
vt 0.479189 0.499301
vt 0.487502 0.502485
vt 0.490629 0.483046
vt 0.492193 0.473326
vt 0.493756 0.463606
vt 0.495320 0.453886
vt 0.496883 0.444167
vt 0.498447 0.434447
vt 0.470880 0.496116
vt 0.462532 0.492908
vt 0.454135 0.489690
vt 0.445675 0.486462
vt 0.437134 0.483224
vt 0.428497 0.479974
vt 0.419746 0.476711
vt 0.283144 0.478957
vt 0.297930 0.490828
vt 0.298502 0.472996
vt 0.271936 0.499695
vt 0.284847 0.494262
vt 0.269052 0.486075
vt 0.259441 0.506328
vt 0.255933 0.493872
vt 0.247445 0.513677
vt 0.243509 0.502119
vt 0.235896 0.521629
vt 0.231619 0.510770
vt 0.224709 0.530163
vt 0.220128 0.519830
vt 0.213797 0.539260
vt 0.296852 0.506891
vt 0.285259 0.509063
vt 0.261852 0.518637
vt 0.273503 0.513173
vt 0.250515 0.524986
vt 0.239511 0.532102
vt 0.228813 0.539952
vt 0.218396 0.548505
vt 0.295648 0.521672
vt 0.285024 0.523175
vt 0.263441 0.530665
vt 0.274222 0.526295
vt 0.252852 0.535976
vt 0.242511 0.542152
vt 0.232445 0.549177
vt 0.222682 0.557033
vt 0.294442 0.535543
vt 0.284516 0.536585
vt 0.274464 0.538916
vt 0.254558 0.546606
vt 0.264434 0.542317
vt 0.244919 0.551764
vt 0.235587 0.557820
vt 0.226628 0.564822
vt 0.293236 0.548724
vt 0.283803 0.549409
vt 0.274303 0.551099
vt 0.264860 0.553651
vt 0.246654 0.560994
vt 0.255600 0.556949
vt 0.238147 0.565856
vt 0.230175 0.571770
vt 0.292002 0.561398
vt 0.282876 0.561799
vt 0.273736 0.562958
vt 0.264701 0.564761
vt 0.255910 0.567110
vt 0.239907 0.573361
vt 0.247574 0.569948
vt 0.233054 0.577367
vt 0.137374 0.623567
vt 0.140370 0.601236
vt 0.127011 0.618994
vt 0.147825 0.627864
vt 0.148867 0.608867
vt 0.158519 0.631516
vt 0.158068 0.614658
vt 0.169332 0.634837
vt 0.167673 0.619344
vt 0.180231 0.637915
vt 0.177485 0.623416
vt 0.191209 0.640785
vt 0.187459 0.627017
vt 0.202258 0.643479
vt 0.197586 0.630205
vt 0.152570 0.586422
vt 0.160085 0.595050
vt 0.168233 0.601891
vt 0.176798 0.607480
vt 0.185609 0.612257
vt 0.194633 0.616363
vt 0.207857 0.633037
vt 0.203874 0.619860
vt 0.164246 0.573120
vt 0.171043 0.582194
vt 0.178298 0.589737
vt 0.185881 0.596076
vt 0.193686 0.601491
vt 0.201723 0.606074
vt 0.213335 0.622814
vt 0.210027 0.609870
vt 0.175597 0.560952
vt 0.181798 0.570282
vt 0.188265 0.578329
vt 0.194924 0.585269
vt 0.201724 0.591247
vt 0.208722 0.596285
vt 0.218634 0.612920
vt 0.216006 0.600375
vt 0.186750 0.549705
vt 0.192441 0.559225
vt 0.198209 0.567672
vt 0.204008 0.575126
vt 0.209814 0.581642
vt 0.215697 0.587170
vt 0.223680 0.603493
vt 0.221785 0.591615
vt 0.197815 0.539212
vt 0.203074 0.548919
vt 0.208222 0.557740
vt 0.213228 0.565698
vt 0.218071 0.572793
vt 0.222765 0.578924
vt 0.228347 0.594780
vt 0.227448 0.583883
vt 0.280663 0.659274
vt 0.271395 0.645208
vt 0.269436 0.657236
vt 0.282002 0.646592
vt 0.273338 0.633264
vt 0.283457 0.634298
vt 0.275239 0.621391
vt 0.284947 0.622157
vt 0.277068 0.609561
vt 0.286440 0.610087
vt 0.278785 0.597734
vt 0.287913 0.598030
vt 0.280351 0.585864
vt 0.289344 0.585934
vt 0.281725 0.573906
vt 0.260718 0.643596
vt 0.258206 0.655173
vt 0.263163 0.632051
vt 0.265502 0.620545
vt 0.267696 0.609079
vt 0.269682 0.597624
vt 0.271393 0.586145
vt 0.272763 0.574606
vt 0.250028 0.641824
vt 0.246963 0.653011
vt 0.252992 0.630677
vt 0.255804 0.619591
vt 0.258404 0.608579
vt 0.260696 0.597619
vt 0.262577 0.586683
vt 0.263940 0.575744
vt 0.239370 0.639917
vt 0.235733 0.650774
vt 0.242882 0.629140
vt 0.246208 0.618481
vt 0.249271 0.607973
vt 0.251932 0.597606
vt 0.254032 0.587361
vt 0.255402 0.577211
vt 0.228772 0.637847
vt 0.224532 0.648453
vt 0.232876 0.627372
vt 0.236776 0.617094
vt 0.240382 0.607072
vt 0.243523 0.597355
vt 0.245978 0.587965
vt 0.247412 0.578861
vt 0.218259 0.635569
vt 0.213369 0.646028
vt 0.223014 0.625291
vt 0.227565 0.615287
vt 0.231823 0.605659
vt 0.235615 0.596567
vt 0.238652 0.588126
vt 0.240742 0.580411
vt 0.208903 0.529301
vt 0.232215 0.587574
vt 0.290711 0.573748
vt 0.235340 0.581779
vt 0.314253 0.468586
vt 0.310423 0.491061
vt 0.307947 0.507349
vt 0.305895 0.522152
vt 0.304095 0.536013
vt 0.302478 0.549188
vt 0.300996 0.561866
vt 0.299603 0.574232
vt 0.113915 0.636200
vt 0.125727 0.638747
vt 0.137539 0.641294
vt 0.149351 0.643842
vt 0.161163 0.646389
vt 0.172975 0.648936
vt 0.184787 0.651483
vt 0.196599 0.654030
vt 0.291095 0.674407
vt 0.279283 0.671860
vt 0.291712 0.660801
vt 0.292451 0.647583
vt 0.293457 0.635124
vt 0.294559 0.622874
vt 0.295734 0.610719
vt 0.296970 0.598595
vt 0.298262 0.586450
vt 0.267471 0.669313
vt 0.255659 0.666766
vt 0.243847 0.664219
vt 0.232035 0.661671
vt 0.220223 0.659124
vt 0.208411 0.656577
vt 0.477713 0.508677
vt 0.468183 0.514115
vt 0.476275 0.518073
vt 0.469490 0.505101
vt 0.460067 0.510213
vt 0.461232 0.501541
vt 0.451914 0.506395
vt 0.452925 0.498018
vt 0.443709 0.502691
vt 0.444552 0.494545
vt 0.435440 0.499135
vt 0.436097 0.491139
vt 0.427089 0.495759
vt 0.427543 0.487812
vt 0.418641 0.492599
vt 0.466927 0.523133
vt 0.474855 0.527467
vt 0.458992 0.518885
vt 0.451045 0.514769
vt 0.443080 0.510830
vt 0.435087 0.507125
vt 0.427051 0.503714
vt 0.418959 0.500656
vt 0.465692 0.532127
vt 0.473443 0.536850
vt 0.457961 0.527519
vt 0.450261 0.523085
vt 0.442598 0.518890
vt 0.434965 0.515022
vt 0.427348 0.511576
vt 0.419736 0.508645
vt 0.464443 0.541071
vt 0.472022 0.546210
vt 0.456924 0.536074
vt 0.449495 0.531288
vt 0.442179 0.526797
vt 0.434976 0.522726
vt 0.427878 0.519219
vt 0.420870 0.516426
vt 0.463144 0.549941
vt 0.470574 0.555534
vt 0.455817 0.544507
vt 0.448644 0.539311
vt 0.441672 0.534450
vt 0.434937 0.530086
vt 0.428458 0.526422
vt 0.422216 0.523751
vt 0.469084 0.564810
vt 0.461757 0.558709
vt 0.447594 0.547084
vt 0.454570 0.552773
vt 0.440906 0.541743
vt 0.434614 0.536931
vt 0.428797 0.532921
vt 0.423509 0.529894
vt 0.352287 0.480699
vt 0.358660 0.467332
vt 0.345655 0.465781
vt 0.359361 0.494303
vt 0.362436 0.479936
vt 0.366493 0.506956
vt 0.367694 0.492380
vt 0.373590 0.518994
vt 0.373673 0.504456
vt 0.380671 0.530592
vt 0.379931 0.516110
vt 0.387785 0.541892
vt 0.386385 0.527408
vt 0.394979 0.553030
vt 0.393042 0.538445
vt 0.370486 0.469793
vt 0.372698 0.480806
vt 0.376489 0.492047
vt 0.381272 0.503259
vt 0.386573 0.514247
vt 0.392274 0.525003
vt 0.399909 0.549315
vt 0.398348 0.535563
vt 0.381321 0.472581
vt 0.382670 0.482532
vt 0.385369 0.492746
vt 0.389043 0.503033
vt 0.393370 0.513230
vt 0.398251 0.523295
vt 0.404766 0.545966
vt 0.403642 0.533215
vt 0.391419 0.475468
vt 0.392182 0.484639
vt 0.394047 0.494029
vt 0.396785 0.503497
vt 0.400203 0.512920
vt 0.404237 0.522232
vt 0.409502 0.542976
vt 0.408859 0.531385
vt 0.400946 0.478421
vt 0.401281 0.487026
vt 0.402504 0.495789
vt 0.404470 0.504592
vt 0.407055 0.513319
vt 0.410207 0.521861
vt 0.414055 0.540338
vt 0.413919 0.530123
vt 0.410049 0.481453
vt 0.410067 0.489683
vt 0.410791 0.498006
vt 0.412115 0.506310
vt 0.413937 0.514468
vt 0.416167 0.522288
vt 0.418295 0.538060
vt 0.418806 0.529596
vt 0.453801 0.636018
vt 0.447088 0.615686
vt 0.443497 0.622525
vt 0.456180 0.627517
vt 0.449978 0.608217
vt 0.458459 0.618940
vt 0.452448 0.600385
vt 0.460491 0.610142
vt 0.454679 0.592361
vt 0.462394 0.601234
vt 0.456715 0.584179
vt 0.464197 0.592243
vt 0.458566 0.575842
vt 0.465908 0.583173
vt 0.460242 0.567350
vt 0.438345 0.604130
vt 0.434343 0.610106
vt 0.441684 0.597594
vt 0.444554 0.590686
vt 0.447113 0.583551
vt 0.449392 0.576207
vt 0.451393 0.568637
vt 0.453114 0.560828
vt 0.429983 0.592846
vt 0.425772 0.598198
vt 0.433652 0.587102
vt 0.436886 0.581072
vt 0.439773 0.574837
vt 0.442309 0.568371
vt 0.444471 0.561622
vt 0.446233 0.554537
vt 0.421996 0.581797
vt 0.417632 0.586633
vt 0.425941 0.576753
vt 0.429512 0.571555
vt 0.432731 0.566232
vt 0.435550 0.560703
vt 0.437898 0.554858
vt 0.439696 0.548569
vt 0.414348 0.570911
vt 0.409833 0.575308
vt 0.418560 0.566494
vt 0.422469 0.562081
vt 0.426054 0.557672
vt 0.429218 0.553166
vt 0.431824 0.548400
vt 0.433665 0.543072
vt 0.407000 0.560110
vt 0.402306 0.564136
vt 0.411503 0.556255
vt 0.415788 0.552579
vt 0.419806 0.549074
vt 0.423424 0.545682
vt 0.426426 0.542214
vt 0.428678 0.538535
vt 0.418873 0.484580
vt 0.421819 0.536272
vt 0.467534 0.574026
vt 0.424660 0.534889
vt 0.485928 0.512272
vt 0.484353 0.522059
vt 0.482779 0.531846
vt 0.481205 0.541632
vt 0.479630 0.551419
vt 0.478056 0.561206
vt 0.476482 0.570993
vt 0.474908 0.580780
vt 0.331904 0.465908
vt 0.343369 0.484729
vt 0.351955 0.498482
vt 0.359978 0.511095
vt 0.367695 0.523072
vt 0.375221 0.534635
vt 0.382636 0.545934
vt 0.390019 0.557118
vt 0.462313 0.659074
vt 0.449991 0.643159
vt 0.463887 0.649287
vt 0.465462 0.639500
vt 0.467036 0.629714
vt 0.468610 0.619927
vt 0.470185 0.610140
vt 0.471759 0.600353
vt 0.473333 0.590566
vt 0.438673 0.628223
vt 0.429451 0.615307
vt 0.420911 0.603048
vt 0.412806 0.591206
vt 0.405015 0.579662
vt 0.397449 0.568328
vt 0.326166 0.480768
vt 0.331690 0.504571
vt 0.336636 0.493198
vt 0.321636 0.496161
vt 0.327862 0.516921
vt 0.318271 0.510894
vt 0.324783 0.529442
vt 0.315605 0.524846
vt 0.322195 0.541714
vt 0.313354 0.538133
vt 0.320015 0.553717
vt 0.311419 0.550893
vt 0.318203 0.565536
vt 0.309749 0.563275
vt 0.316715 0.577254
vt 0.340886 0.514329
vt 0.345843 0.505353
vt 0.336833 0.524598
vt 0.333469 0.535491
vt 0.330620 0.546484
vt 0.328237 0.557488
vt 0.326306 0.568523
vt 0.324811 0.579610
vt 0.349454 0.524601
vt 0.354314 0.517077
vt 0.345287 0.533233
vt 0.341708 0.542545
vt 0.338630 0.552173
vt 0.336055 0.562033
vt 0.334011 0.572109
vt 0.332523 0.582385
vt 0.357580 0.534937
vt 0.362360 0.528448
vt 0.353318 0.542282
vt 0.349538 0.550225
vt 0.346224 0.558551
vt 0.343435 0.567202
vt 0.341253 0.576168
vt 0.339773 0.585452
vt 0.365362 0.545296
vt 0.370111 0.539576
vt 0.360984 0.551636
vt 0.356984 0.558435
vt 0.353391 0.565555
vt 0.350315 0.572937
vt 0.347907 0.580577
vt 0.346405 0.588608
vt 0.372875 0.555737
vt 0.377654 0.550578
vt 0.368334 0.561297
vt 0.364063 0.567147
vt 0.360117 0.573171
vt 0.356630 0.579241
vt 0.353829 0.585334
vt 0.351854 0.591414
vt 0.312578 0.660289
vt 0.302674 0.648059
vt 0.302241 0.660799
vt 0.322884 0.659763
vt 0.312711 0.648150
vt 0.333136 0.659150
vt 0.322618 0.648029
vt 0.343347 0.658478
vt 0.332424 0.647768
vt 0.351777 0.646916
vt 0.342144 0.647405
vt 0.353516 0.657742
vt 0.361321 0.646264
vt 0.363642 0.656926
vt 0.370773 0.645412
vt 0.303285 0.635722
vt 0.312945 0.636123
vt 0.322450 0.636364
vt 0.331813 0.636474
vt 0.350131 0.636267
vt 0.341041 0.636461
vt 0.359079 0.635822
vt 0.367880 0.635051
vt 0.304020 0.623561
vt 0.313312 0.624208
vt 0.322426 0.624797
vt 0.331354 0.625310
vt 0.348625 0.625886
vt 0.340090 0.625709
vt 0.356956 0.625711
vt 0.365075 0.625056
vt 0.304880 0.611498
vt 0.313843 0.612392
vt 0.322594 0.613347
vt 0.331106 0.614312
vt 0.347325 0.615858
vt 0.339354 0.615208
vt 0.355008 0.616053
vt 0.362397 0.615569
vt 0.305872 0.599484
vt 0.314567 0.600647
vt 0.323009 0.602008
vt 0.331154 0.603490
vt 0.338959 0.604986
vt 0.353366 0.607022
vt 0.346377 0.606263
vt 0.359918 0.606826
vt 0.307007 0.587474
vt 0.315514 0.588944
vt 0.323729 0.590766
vt 0.331595 0.592847
vt 0.339047 0.595062
vt 0.352263 0.598775
vt 0.345971 0.597168
vt 0.357867 0.599604
vt 0.432219 0.632395
vt 0.432650 0.648111
vt 0.442034 0.646318
vt 0.423514 0.619579
vt 0.424541 0.635415
vt 0.415331 0.607321
vt 0.416703 0.623056
vt 0.407497 0.595472
vt 0.409129 0.611063
vt 0.399905 0.583945
vt 0.401773 0.599431
vt 0.392462 0.572669
vt 0.394556 0.588123
vt 0.385075 0.561573
vt 0.387392 0.577100
vt 0.423175 0.649818
vt 0.416180 0.637784
vt 0.409263 0.625936
vt 0.402443 0.614352
vt 0.395722 0.603091
vt 0.389032 0.592161
vt 0.380193 0.566319
vt 0.382292 0.581556
vt 0.413463 0.651291
vt 0.407426 0.639757
vt 0.401406 0.628387
vt 0.395411 0.617265
vt 0.389432 0.606464
vt 0.383397 0.596022
vt 0.375418 0.571270
vt 0.377215 0.585969
vt 0.403638 0.652634
vt 0.398470 0.641494
vt 0.393305 0.630537
vt 0.388146 0.619854
vt 0.382974 0.609532
vt 0.377701 0.599639
vt 0.370797 0.576334
vt 0.372214 0.590241
vt 0.393732 0.653870
vt 0.389364 0.643022
vt 0.385007 0.632386
vt 0.380669 0.622067
vt 0.376338 0.612175
vt 0.371937 0.602828
vt 0.366389 0.581401
vt 0.367341 0.594152
vt 0.383757 0.654997
vt 0.380125 0.644331
vt 0.376527 0.633901
vt 0.372980 0.623827
vt 0.369494 0.614242
vt 0.366059 0.605345
vt 0.362310 0.586266
vt 0.362565 0.597351
vt 0.308293 0.575425
vt 0.373724 0.656015
vt 0.358935 0.590401
vt 0.356219 0.593791
vt 0.301796 0.673449
vt 0.312497 0.672490
vt 0.323198 0.671532
vt 0.333899 0.670574
vt 0.344601 0.669616
vt 0.355302 0.668657
vt 0.366003 0.667699
vt 0.451612 0.660032
vt 0.440911 0.660991
vt 0.430210 0.661949
vt 0.419509 0.662907
vt 0.408807 0.663866
vt 0.398106 0.664824
vt 0.387405 0.665782
vt 0.376704 0.666741
s 1
usemtl Whiskers
f 501/1/1 508/2/2 500/3/3
f 502/4/4 509/5/5 501/1/6
f 503/6/7 510/7/8 502/4/9
f 504/8/10 511/9/10 503/6/11
f 505/10/12 512/11/12 504/8/13
f 506/12/14 513/13/15 505/10/16
f 507/14/17 514/15/18 506/12/19
f 509/5/20 516/16/20 508/2/21
f 510/7/22 517/17/23 509/5/24
f 511/9/25 518/18/25 510/7/26
f 512/11/27 519/19/27 511/9/28
f 513/13/29 520/20/30 512/11/31
f 514/15/32 521/21/33 513/13/34
f 515/22/35 522/23/36 514/15/37
f 517/17/38 524/24/38 516/16/39
f 518/18/40 525/25/40 517/17/41
f 519/19/42 526/26/42 518/18/43
f 520/20/44 527/27/44 519/19/45
f 521/21/46 528/28/46 520/20/47
f 522/23/48 529/29/49 521/21/50
f 523/30/51 530/31/52 522/23/53
f 525/25/54 532/32/54 524/24/55
f 526/26/56 533/33/56 525/25/57
f 527/27/58 534/34/58 526/26/59
f 528/28/60 535/35/60 527/27/60
f 529/29/61 536/36/61 528/28/62
f 530/31/63 537/37/64 529/29/65
f 531/38/66 538/39/67 530/31/68
f 533/33/69 540/40/70 532/32/71
f 534/34/72 541/41/72 533/33/73
f 535/35/74 542/42/74 534/34/75
f 536/36/76 543/43/76 535/35/76
f 537/37/77 544/44/78 536/36/79
f 538/39/80 545/45/81 537/37/82
f 539/46/83 546/47/84 538/39/85
f 541/41/86 548/48/87 540/40/88
f 542/42/89 549/49/90 541/41/91
f 543/43/92 550/50/92 542/42/93
f 544/44/94 551/51/94 543/43/94
f 545/45/95 552/52/95 544/44/96
f 546/47/97 553/53/98 545/45/99
f 547/54/100 554/55/101 546/47/102
f 557/56/103 564/57/104 556/58/105
f 558/59/106 565/60/107 557/56/108
f 559/61/109 566/62/110 558/59/111
f 560/63/112 567/64/113 559/61/114
f 561/65/115 568/66/116 560/63/117
f 562/67/118 569/68/119 561/65/120
f 563/69/121 570/70/122 562/67/123
f 565/60/124 572/71/125 564/57/126
f 566/62/127 573/72/128 565/60/129
f 567/64/130 574/73/131 566/62/132
f 568/66/133 575/74/134 567/64/135
f 569/68/136 576/75/137 568/66/138
f 570/70/139 577/76/140 569/68/141
f 571/77/142 578/78/143 570/70/144
f 573/72/145 580/79/146 572/71/147
f 574/73/148 581/80/149 573/72/150
f 575/74/151 582/81/152 574/73/153
f 576/75/154 583/82/155 575/74/156
f 577/76/157 584/83/158 576/75/159
f 578/78/160 585/84/161 577/76/162
f 579/85/163 586/86/164 578/78/165
f 580/79/166 589/87/167 588/88/168
f 582/81/169 589/87/170 581/80/171
f 583/82/172 590/89/173 582/81/174
f 584/83/175 591/90/176 583/82/177
f 585/84/178 592/91/179 584/83/180
f 586/86/181 593/92/182 585/84/183
f 587/93/184 594/94/185 586/86/186
f 588/88/187 597/95/188 596/96/189
f 589/87/190 598/97/191 597/95/192
f 590/89/193 599/98/194 598/97/195
f 592/91/196 599/98/197 591/90/198
f 593/92/199 600/99/200 592/91/201
f 594/94/202 601/100/203 593/92/204
f 595/101/205 602/102/206 594/94/207
f 596/96/208 605/103/209 604/104/210
f 597/95/211 606/105/212 605/103/213
f 598/97/214 607/106/215 606/105/216
f 599/98/217 608/107/218 607/106/219
f 600/99/220 609/108/221 608/107/222
f 602/102/223 609/108/224 601/100/225
f 603/109/226 610/110/227 602/102/228
f 612/111/229 621/112/229 620/113/230
f 613/114/231 622/115/231 621/112/232
f 614/116/233 623/117/233 622/115/234
f 615/118/235 624/119/235 623/117/236
f 616/120/237 625/121/237 624/119/238
f 617/122/239 626/123/239 625/121/240
f 618/124/241 627/125/242 626/123/243
f 620/113/244 629/126/245 628/127/246
f 621/112/247 630/128/248 629/126/249
f 622/115/250 631/129/251 630/128/252
f 623/117/253 632/130/253 631/129/254
f 624/119/255 633/131/255 632/130/256
f 625/121/257 634/132/257 633/131/258
f 626/123/259 635/133/260 634/132/261
f 628/127/262 637/134/263 636/135/264
f 629/126/265 638/136/266 637/134/267
f 630/128/268 639/137/269 638/136/270
f 631/129/271 640/138/272 639/137/273
f 632/130/274 641/139/275 640/138/276
f 633/131/277 642/140/277 641/139/278
f 634/132/279 643/141/280 642/140/281
f 636/135/282 645/142/283 644/143/284
f 637/134/285 646/144/286 645/142/287
f 638/136/288 647/145/289 646/144/290
f 639/137/291 648/146/292 647/145/293
f 640/138/294 649/147/294 648/146/295
f 641/139/296 650/148/297 649/147/298
f 642/140/299 651/149/300 650/148/301
f 644/143/302 653/150/303 652/151/304
f 645/142/305 654/152/306 653/150/307
f 646/144/308 655/153/309 654/152/310
f 647/145/311 656/154/312 655/153/313
f 648/146/314 657/155/315 656/154/316
f 649/147/317 658/156/318 657/155/319
f 650/148/320 659/157/320 658/156/321
f 652/151/322 661/158/323 660/159/324
f 653/150/325 662/160/326 661/158/327
f 654/152/328 663/161/329 662/160/330
f 655/153/331 664/162/332 663/161/333
f 656/154/334 665/163/335 664/162/336
f 657/155/337 666/164/338 665/163/339
f 658/156/340 667/165/340 666/164/341
f 604/104/342 515/22/343 507/14/344
f 605/103/345 523/30/346 515/22/347
f 606/105/348 531/38/349 523/30/350
f 607/106/351 539/46/352 531/38/353
f 608/107/354 547/54/355 539/46/356
f 609/108/357 555/166/358 547/54/359
f 660/159/360 571/77/361 563/69/362
f 661/158/363 579/85/364 571/77/365
f 662/160/366 587/93/367 579/85/368
f 663/161/369 595/101/370 587/93/371
f 664/162/372 603/109/373 595/101/374
f 665/163/375 611/167/376 603/109/377
f 549/49/378 619/168/378 548/48/379
f 550/50/380 627/125/380 549/49/381
f 551/51/382 635/133/382 550/50/383
f 552/52/384 643/141/384 551/51/385
f 553/53/386 651/149/386 552/52/386
f 554/55/387 659/157/387 553/53/388
f 555/166/389 667/165/390 554/55/391
f 610/110/392 499/169/393 555/166/394
f 666/164/395 499/169/396 611/167/397
f 34/170/398 19/171/399 1/172/400
f 35/173/401 500/3/402 34/170/403
f 36/174/404 501/1/405 35/173/406
f 37/175/407 502/4/408 36/174/409
f 38/176/410 503/6/410 37/175/410
f 39/177/411 504/8/412 38/176/413
f 40/178/414 505/10/415 39/177/416
f 41/179/417 506/12/418 40/178/419
f 500/3/420 20/180/421 19/171/422
f 508/2/423 21/181/423 20/180/424
f 516/16/425 22/182/425 21/181/426
f 524/24/427 23/183/428 22/182/429
f 532/32/430 24/184/431 23/183/432
f 540/40/433 25/185/433 24/184/434
f 548/48/435 26/186/435 25/185/436
f 63/187/437 48/188/438 3/189/439
f 62/190/440 556/58/441 63/187/442
f 61/191/443 557/56/444 62/190/445
f 60/192/446 558/59/447 61/191/448
f 59/193/449 559/61/450 60/192/451
f 58/194/452 560/63/453 59/193/454
f 57/195/455 561/65/456 58/194/457
f 56/196/458 562/67/459 57/195/460
f 556/58/461 47/197/462 48/188/463
f 47/197/464 572/71/465 46/198/466
f 46/198/467 580/79/468 45/199/469
f 45/199/470 588/88/471 44/200/472
f 44/200/473 596/96/474 43/201/475
f 43/201/476 604/104/477 42/202/478
f 42/202/479 507/14/480 41/179/481
f 2/203/482 612/111/482 49/204/482
f 33/205/483 613/114/483 612/111/483
f 32/206/484 614/116/484 613/114/484
f 31/207/485 615/118/485 614/116/486
f 30/208/487 616/120/487 615/118/487
f 29/209/488 617/122/488 616/120/488
f 28/210/489 618/124/489 617/122/490
f 27/211/491 619/168/491 618/124/492
f 49/204/493 620/113/493 50/212/494
f 50/212/495 628/127/496 51/213/497
f 51/213/498 636/135/499 52/214/500
f 52/214/501 644/143/502 53/215/503
f 53/215/504 652/151/505 54/216/506
f 54/216/507 660/159/508 55/217/509
f 55/217/510 563/69/511 56/196/512
f 670/218/513 677/219/514 669/220/515
f 671/221/516 678/222/516 670/218/517
f 672/223/518 679/224/518 671/221/519
f 673/225/520 680/226/520 672/223/521
f 674/227/522 681/228/522 673/225/523
f 675/229/524 682/230/524 674/227/525
f 676/231/526 683/232/526 675/229/527
f 678/222/528 685/233/528 677/219/529
f 679/224/530 686/234/530 678/222/531
f 680/226/532 687/235/532 679/224/533
f 681/228/534 688/236/534 680/226/535
f 682/230/536 689/237/536 681/228/537
f 683/232/538 690/238/538 682/230/539
f 684/239/540 691/240/540 683/232/541
f 686/234/542 693/241/543 685/233/544
f 687/235/545 694/242/545 686/234/546
f 688/236/547 695/243/548 687/235/549
f 689/237/550 696/244/550 688/236/551
f 690/238/552 697/245/552 689/237/553
f 691/240/554 698/246/555 690/238/556
f 692/247/557 699/248/558 691/240/559
f 693/241/560 702/249/560 701/250/561
f 695/243/562 702/249/563 694/242/564
f 696/244/565 703/251/566 695/243/567
f 697/245/568 704/252/569 696/244/570
f 698/246/571 705/253/571 697/245/572
f 699/248/573 706/254/574 698/246/575
f 700/255/576 707/256/577 699/248/578
f 701/250/579 710/257/580 709/258/581
f 702/249/582 711/259/583 710/257/584
f 704/252/585 711/259/586 703/251/587
f 705/253/588 712/260/589 704/252/590
f 706/254/591 713/261/592 705/253/593
f 707/256/594 714/262/595 706/254/596
f 708/263/597 715/264/598 707/256/599
f 709/258/600 718/265/601 717/266/602
f 710/257/603 719/267/604 718/265/605
f 711/259/606 720/268/607 719/267/608
f 712/260/609 721/269/610 720/268/611
f 714/262/612 721/269/613 713/261/614
f 715/264/615 722/270/616 714/262/617
f 716/271/618 723/272/619 715/264/620
f 725/273/621 734/274/622 733/275/623
f 726/276/624 735/277/625 734/274/626
f 727/278/627 736/279/628 735/277/629
f 728/280/630 737/281/631 736/279/632
f 729/282/633 738/283/634 737/281/635
f 730/284/636 739/285/637 738/283/638
f 731/286/639 740/287/640 739/285/641
f 733/275/642 742/288/643 741/289/644
f 734/274/645 743/290/646 742/288/647
f 735/277/648 744/291/649 743/290/650
f 736/279/651 745/292/652 744/291/653
f 737/281/654 746/293/655 745/292/656
f 738/283/657 747/294/658 746/293/659
f 739/285/660 748/295/661 747/294/662
f 741/289/663 750/296/664 749/297/665
f 742/288/666 751/298/667 750/296/668
f 743/290/669 752/299/670 751/298/671
f 744/291/672 753/300/673 752/299/674
f 745/292/675 754/301/676 753/300/677
f 746/293/678 755/302/679 754/301/680
f 747/294/681 756/303/682 755/302/683
f 749/297/684 758/304/685 757/305/686
f 750/296/687 759/306/688 758/304/689
f 751/298/690 760/307/691 759/306/692
f 752/299/693 761/308/694 760/307/695
f 753/300/696 762/309/697 761/308/698
f 754/301/699 763/310/700 762/309/701
f 755/302/702 764/311/703 763/310/704
f 757/305/705 766/312/706 765/313/707
f 758/304/708 767/314/709 766/312/710
f 759/306/711 768/315/712 767/314/713
f 760/307/714 769/316/715 768/315/716
f 761/308/717 770/317/718 769/316/719
f 762/309/720 771/318/721 770/317/722
f 763/310/723 772/319/723 771/318/724
f 765/313/725 774/320/726 773/321/727
f 766/312/728 775/322/728 774/320/729
f 767/314/730 776/323/730 775/322/731
f 768/315/732 777/324/733 776/323/734
f 769/316/735 778/325/736 777/324/737
f 770/317/738 779/326/739 778/325/740
f 771/318/741 780/327/742 779/326/743
f 782/328/744 789/329/745 781/330/746
f 783/331/747 790/332/748 782/328/749
f 784/333/750 791/334/751 783/331/752
f 785/335/753 792/336/754 784/333/755
f 786/337/756 793/338/757 785/335/758
f 787/339/759 794/340/760 786/337/761
f 788/341/762 795/342/763 787/339/764
f 790/332/765 797/343/765 789/329/766
f 791/334/767 798/344/768 790/332/769
f 792/336/770 799/345/771 791/334/772
f 793/338/773 800/346/774 792/336/775
f 794/340/776 801/347/777 793/338/778
f 795/342/779 802/348/780 794/340/781
f 796/349/782 803/350/783 795/342/784
f 798/344/785 805/351/785 797/343/786
f 799/345/787 806/352/787 798/344/788
f 800/346/789 807/353/790 799/345/791
f 801/347/792 808/354/793 800/346/794
f 802/348/795 809/355/796 801/347/797
f 803/350/798 810/356/799 802/348/800
f 804/357/801 811/358/802 803/350/803
f 806/352/804 813/359/804 805/351/805
f 807/353/806 814/360/806 806/352/807
f 808/354/808 815/361/808 807/353/809
f 809/355/810 816/362/811 808/354/812
f 810/356/813 817/363/814 809/355/815
f 811/358/816 818/364/817 810/356/818
f 812/365/819 819/366/820 811/358/821
f 814/360/822 821/367/822 813/359/822
f 815/361/823 822/368/823 814/360/824
f 816/362/825 823/369/825 815/361/826
f 817/363/827 824/370/827 816/362/828
f 818/364/829 825/371/829 817/363/830
f 819/366/831 826/372/832 818/364/833
f 820/373/834 827/374/835 819/366/836
f 822/368/837 829/375/837 821/367/838
f 823/369/839 830/376/839 822/368/839
f 824/370/840 831/377/840 823/369/840
f 825/371/841 832/378/841 824/370/842
f 826/372/843 833/379/843 825/371/844
f 827/374/845 834/380/845 826/372/846
f 828/381/847 835/382/848 827/374/849
f 773/321/850 684/239/850 676/231/851
f 774/320/852 692/247/852 684/239/853
f 775/322/854 700/255/854 692/247/855
f 776/323/856 708/263/857 700/255/858
f 777/324/859 716/271/860 708/263/861
f 778/325/862 724/383/863 716/271/864
f 830/376/865 732/384/865 829/375/866
f 831/377/867 740/287/867 830/376/868
f 832/378/869 748/295/869 831/377/870
f 833/379/871 756/303/871 832/378/872
f 834/380/873 764/311/873 833/379/874
f 835/382/875 772/319/875 834/380/876
f 717/266/877 796/349/878 788/341/879
f 718/265/880 804/357/881 796/349/882
f 719/267/883 812/365/884 804/357/885
f 720/268/886 820/373/887 812/365/888
f 721/269/889 828/381/890 820/373/891
f 722/270/892 836/385/893 828/381/894
f 723/272/895 668/386/895 836/385/895
f 779/326/896 668/386/897 724/383/898
f 836/385/899 780/327/900 835/382/901
f 64/387/902 34/170/902 1/172/902
f 65/388/903 669/220/903 64/387/904
f 66/389/905 670/218/905 65/388/906
f 67/390/907 671/221/908 66/389/909
f 68/391/910 672/223/910 67/390/911
f 69/392/912 673/225/912 68/391/913
f 70/393/914 674/227/914 69/392/915
f 71/394/916 675/229/917 70/393/918
f 669/220/919 35/173/919 34/170/919
f 35/173/920 685/233/920 36/174/920
f 36/174/921 693/241/921 37/175/921
f 37/175/922 701/250/923 38/176/924
f 38/176/925 709/258/926 39/177/927
f 39/177/928 717/266/929 40/178/930
f 40/178/931 788/341/932 41/179/933
f 4/395/934 725/273/935 78/396/936
f 93/397/937 726/276/938 725/273/939
f 92/398/940 727/278/941 726/276/942
f 91/399/943 728/280/944 727/278/945
f 90/400/946 729/282/947 728/280/948
f 89/401/949 730/284/950 729/282/951
f 88/402/952 731/286/953 730/284/954
f 87/403/955 732/384/955 731/286/956
f 78/396/957 733/275/958 77/404/959
f 77/404/960 741/289/961 76/405/962
f 76/405/963 749/297/964 75/406/965
f 75/406/966 757/305/967 74/407/968
f 74/407/969 765/313/970 73/408/971
f 73/408/972 773/321/972 72/409/973
f 72/409/974 676/231/974 71/394/975
f 48/188/976 79/410/977 3/189/978
f 47/197/979 781/330/980 48/188/981
f 46/198/982 782/328/983 47/197/984
f 45/199/985 783/331/986 46/198/987
f 44/200/988 784/333/989 45/199/990
f 43/201/991 785/335/992 44/200/993
f 42/202/994 786/337/995 43/201/996
f 41/179/997 787/339/998 42/202/999
f 781/330/1000 80/411/1001 79/410/1002
f 789/329/1003 81/412/1003 80/411/1004
f 797/343/1005 82/413/1005 81/412/1005
f 805/351/1006 83/414/1006 82/413/1007
f 813/359/1008 84/415/1008 83/414/1009
f 821/367/1010 85/416/1010 84/415/1011
f 829/375/1012 86/417/1013 85/416/1014
f 839/418/1015 846/419/1015 838/420/1015
f 840/421/1016 847/422/1016 839/418/1017
f 841/423/1018 848/424/1018 840/421/1019
f 842/425/1020 849/426/1020 841/423/1021
f 843/427/1022 850/428/1022 842/425/1023
f 844/429/1024 851/430/1025 843/427/1026
f 845/431/1027 852/432/1028 844/429/1029
f 847/422/1030 854/433/1030 846/419/1030
f 848/424/1031 855/434/1031 847/422/1031
f 849/426/1032 856/435/1032 848/424/1033
f 850/428/1034 857/436/1035 849/426/1036
f 851/430/1037 858/437/1038 850/428/1039
f 852/432/1040 859/438/1041 851/430/1042
f 853/439/1043 860/440/1044 852/432/1045
f 855/434/1046 862/441/1046 854/433/1046
f 856/435/1047 863/442/1047 855/434/1048
f 857/436/1049 864/443/1049 856/435/1050
f 858/437/1051 865/444/1051 857/436/1052
f 859/438/1053 866/445/1054 858/437/1055
f 860/440/1056 867/446/1057 859/438/1058
f 861/447/1059 868/448/1060 860/440/1061
f 863/442/1062 870/449/1062 862/441/1062
f 864/443/1063 871/450/1063 863/442/1063
f 865/444/1064 872/451/1064 864/443/1065
f 866/445/1066 873/452/1066 865/444/1067
f 867/446/1068 874/453/1068 866/445/1069
f 868/448/1070 875/454/1071 867/446/1072
f 869/455/1073 876/456/1074 868/448/1075
f 871/450/1076 878/457/1076 870/449/1077
f 872/451/1078 879/458/1078 871/450/1078
f 873/452/1079 880/459/1079 872/451/1079
f 874/453/1080 881/460/1080 873/452/1081
f 875/454/1082 882/461/1082 874/453/1083
f 876/456/1084 883/462/1084 875/454/1085
f 877/463/1086 884/464/1087 876/456/1088
f 879/458/1089 886/465/1089 878/457/1090
f 880/459/1091 887/466/1091 879/458/1091
f 881/460/1092 888/467/1092 880/459/1092
f 882/461/1093 889/468/1093 881/460/1093
f 883/462/1094 890/469/1094 882/461/1095
f 884/464/1096 891/470/1096 883/462/1097
f 885/471/1098 892/472/1099 884/464/1100
f 895/473/1101 902/474/1102 894/475/1103
f 896/476/1104 903/477/1105 895/473/1106
f 897/478/1107 904/479/1108 896/476/1109
f 898/480/1110 905/481/1111 897/478/1112
f 899/482/1113 906/483/1114 898/480/1115
f 900/484/1116 907/485/1117 899/482/1118
f 901/486/1119 908/487/1119 900/484/1120
f 902/474/1121 911/488/1122 910/489/1123
f 904/479/1124 911/488/1125 903/477/1126
f 905/481/1127 912/490/1128 904/479/1129
f 906/483/1130 913/491/1131 905/481/1132
f 907/485/1133 914/492/1134 906/483/1135
f 908/487/1136 915/493/1136 907/485/1137
f 909/494/1138 916/495/1138 908/487/1139
f 910/489/1140 919/496/1141 918/497/1142
f 911/488/1143 920/498/1144 919/496/1145
f 913/491/1146 920/498/1147 912/490/1148
f 914/492/1149 921/499/1150 913/491/1151
f 915/493/1152 922/500/1153 914/492/1154
f 916/495/1155 923/501/1156 915/493/1157
f 917/502/1158 924/503/1158 916/495/1159
f 918/497/1160 927/504/1161 926/505/1162
f 919/496/1163 928/506/1164 927/504/1165
f 920/498/1166 929/507/1167 928/506/1168
f 921/499/1169 930/508/1170 929/507/1171
f 923/501/1172 930/508/1173 922/500/1174
f 924/503/1175 931/509/1176 923/501/1177
f 925/510/1178 932/511/1179 924/503/1180
f 926/505/1181 935/512/1182 934/513/1183
f 927/504/1184 936/514/1185 935/512/1186
f 928/506/1187 937/515/1188 936/514/1189
f 929/507/1190 938/516/1191 937/515/1192
f 930/508/1193 939/517/1194 938/516/1195
f 931/509/1196 940/518/1197 939/517/1198
f 933/519/1199 940/518/1200 932/511/1201
f 934/513/1202 943/520/1203 942/521/1204
f 935/512/1205 944/522/1206 943/520/1207
f 936/514/1208 945/523/1209 944/522/1210
f 937/515/1211 946/524/1212 945/523/1213
f 938/516/1214 947/525/1215 946/524/1216
f 939/517/1217 948/526/1218 947/525/1219
f 940/518/1220 949/527/1221 948/526/1222
f 951/528/1223 958/529/1224 950/530/1225
f 952/531/1226 959/532/1227 951/528/1228
f 953/533/1229 960/534/1230 952/531/1231
f 954/535/1232 961/536/1233 953/533/1234
f 954/535/1235 963/537/1236 962/538/1237
f 955/539/1238 964/540/1238 963/537/1239
f 956/541/1240 965/542/1240 964/540/1241
f 959/532/1242 966/543/1242 958/529/1243
f 960/534/1244 967/544/1245 959/532/1246
f 961/536/1247 968/545/1248 960/534/1249
f 962/538/1250 969/546/1251 961/536/1252
f 962/538/1253 971/547/1254 970/548/1255
f 963/537/1256 972/549/1256 971/547/1257
f 964/540/1258 973/550/1259 972/549/1260
f 966/543/1261 975/551/1261 974/552/1262
f 968/545/1263 975/551/1263 967/544/1264
f 969/546/1265 976/553/1266 968/545/1267
f 969/546/1268 978/554/1269 977/555/1270
f 970/548/1271 979/556/1272 978/554/1273
f 971/547/1274 980/557/1275 979/556/1276
f 972/549/1277 981/558/1278 980/557/1279
f 974/552/1280 983/559/1280 982/560/1281
f 975/551/1282 984/561/1283 983/559/1284
f 976/553/1285 985/562/1286 984/561/1287
f 977/555/1288 986/563/1289 985/562/1290
f 978/554/1291 987/564/1292 986/563/1293
f 979/556/1294 988/565/1295 987/564/1296
f 980/557/1297 989/566/1297 988/565/1298
f 982/560/1299 991/567/1299 990/568/1300
f 983/559/1301 992/569/1301 991/567/1302
f 984/561/1303 993/570/1303 992/569/1304
f 985/562/1305 994/571/1305 993/570/1306
f 986/563/1307 995/572/1308 994/571/1309
f 987/564/1310 996/573/1311 995/572/1312
f 988/565/1313 997/574/1313 996/573/1314
f 990/568/1315 999/575/1315 998/576/1316
f 991/567/1317 1000/577/1317 999/575/1318
f 992/569/1319 1001/578/1320 1000/577/1321
f 993/570/1322 1002/579/1322 1001/578/1323
f 994/571/1324 1003/580/1325 1002/579/1326
f 995/572/1327 1004/581/1328 1003/580/1329
f 996/573/1330 1005/582/1330 1004/581/1331
f 942/521/1332 853/439/1333 845/431/1334
f 943/520/1335 861/447/1336 853/439/1337
f 944/522/1338 869/455/1339 861/447/1340
f 945/523/1341 877/463/1342 869/455/1343
f 946/524/1344 885/471/1345 877/463/1346
f 947/525/1347 893/583/1348 885/471/1349
f 998/576/1350 909/494/1351 901/486/1352
f 999/575/1353 917/502/1353 909/494/1354
f 1000/577/1355 925/510/1355 917/502/1356
f 1001/578/1357 933/519/1358 925/510/1359
f 1002/579/1360 941/584/1361 933/519/1362
f 1003/580/1363 949/527/1363 941/584/1364
f 887/466/1365 957/585/1365 886/465/1366
f 888/467/1367 965/542/1367 887/466/1368
f 889/468/1369 973/550/1369 888/467/1370
f 890/469/1371 981/558/1371 889/468/1372
f 891/470/1373 989/566/1373 890/469/1373
f 892/472/1374 997/574/1374 891/470/1375
f 892/472/1376 837/586/1376 1005/582/1377
f 948/526/1378 837/586/1379 893/583/1380
f 1004/581/1381 837/586/1381 949/527/1382
f 123/587/1383 108/588/1383 5/589/1383
f 122/590/1384 838/420/1384 123/587/1384
f 121/591/1385 839/418/1385 122/590/1385
f 120/592/1386 840/421/1386 121/591/1387
f 119/593/1388 841/423/1389 120/592/1390
f 118/594/1391 842/425/1392 119/593/1393
f 117/595/1394 843/427/1395 118/594/1396
f 116/596/1397 844/429/1398 117/595/1399
f 838/420/1400 107/597/1400 108/588/1400
f 846/419/1401 106/598/1401 107/597/1401
f 854/433/1402 105/599/1402 106/598/1402
f 862/441/1403 104/600/1403 105/599/1403
f 870/449/1404 103/601/1404 104/600/1405
f 878/457/1406 102/602/1406 103/601/1407
f 886/465/1408 101/603/1409 102/602/1410
f 78/396/1411 109/604/1412 4/395/1413
f 77/404/1414 894/475/1415 78/396/1416
f 76/405/1417 895/473/1418 77/404/1419
f 75/406/1420 896/476/1421 76/405/1422
f 74/407/1423 897/478/1424 75/406/1425
f 73/408/1426 898/480/1427 74/407/1428
f 72/409/1429 899/482/1429 73/408/1430
f 71/394/1431 900/484/1431 72/409/1432
f 109/604/1433 902/474/1434 110/605/1435
f 110/605/1436 910/489/1437 111/606/1438
f 111/606/1439 918/497/1440 112/607/1441
f 112/607/1442 926/505/1443 113/608/1444
f 113/608/1445 934/513/1446 114/609/1447
f 114/609/1448 942/521/1449 115/610/1450
f 115/610/1451 845/431/1452 116/596/1453
f 94/611/1454 64/387/1455 1/172/1456
f 95/612/1457 950/530/1458 94/611/1459
f 96/613/1460 951/528/1461 95/612/1462
f 97/614/1463 952/531/1464 96/613/1465
f 98/615/1466 953/533/1467 97/614/1468
f 99/616/1469 954/535/1470 98/615/1471
f 99/616/1472 956/541/1473 955/539/1474
f 100/617/1475 957/585/1475 956/541/1476
f 950/530/1477 65/388/1477 64/387/1478
f 65/388/1479 966/543/1479 66/389/1480
f 66/389/1481 974/552/1481 67/390/1482
f 67/390/1483 982/560/1483 68/391/1484
f 68/391/1485 990/568/1485 69/392/1486
f 69/392/1487 998/576/1487 70/393/1488
f 70/393/1489 901/486/1489 71/394/1490
f 1008/618/1491 1015/619/1492 1007/620/1493
f 1009/621/1494 1016/622/1495 1008/618/1496
f 1010/623/1497 1017/624/1498 1009/621/1499
f 1011/625/1500 1018/626/1501 1010/623/1502
f 1012/627/1503 1019/628/1504 1011/625/1505
f 1013/629/1506 1020/630/1507 1012/627/1508
f 1014/631/1509 1021/632/1510 1013/629/1511
f 1016/622/1512 1023/633/1513 1015/619/1514
f 1017/624/1515 1024/634/1516 1016/622/1517
f 1018/626/1518 1025/635/1519 1017/624/1520
f 1019/628/1521 1026/636/1522 1018/626/1523
f 1020/630/1524 1027/637/1525 1019/628/1526
f 1021/632/1527 1028/638/1528 1020/630/1529
f 1022/639/1530 1029/640/1531 1021/632/1532
f 1024/634/1533 1031/641/1533 1023/633/1534
f 1025/635/1535 1032/642/1536 1024/634/1537
f 1026/636/1538 1033/643/1539 1025/635/1540
f 1027/637/1541 1034/644/1542 1026/636/1543
f 1028/638/1544 1035/645/1545 1027/637/1546
f 1029/640/1547 1036/646/1548 1028/638/1549
f 1030/647/1550 1037/648/1551 1029/640/1552
f 1032/642/1553 1039/649/1553 1031/641/1554
f 1033/643/1555 1040/650/1556 1032/642/1557
f 1034/644/1558 1041/651/1559 1033/643/1560
f 1035/645/1561 1042/652/1562 1034/644/1563
f 1036/646/1564 1043/653/1565 1035/645/1566
f 1037/648/1567 1044/654/1568 1036/646/1569
f 1038/655/1570 1045/656/1571 1037/648/1572
f 1040/650/1573 1047/657/1573 1039/649/1574
f 1041/651/1575 1048/658/1575 1040/650/1576
f 1042/652/1577 1049/659/1578 1041/651/1579
f 1043/653/1580 1050/660/1581 1042/652/1582
f 1044/654/1583 1051/661/1584 1043/653/1585
f 1045/656/1586 1052/662/1587 1044/654/1588
f 1046/663/1589 1053/664/1590 1045/656/1591
f 1048/658/1592 1055/665/1592 1047/657/1592
f 1049/659/1593 1056/666/1593 1048/658/1594
f 1050/660/1595 1057/667/1595 1049/659/1596
f 1051/661/1597 1058/668/1597 1050/660/1598
f 1052/662/1599 1059/669/1600 1051/661/1601
f 1053/664/1602 1060/670/1603 1052/662/1604
f 1054/671/1605 1061/672/1606 1053/664/1607
f 1064/673/1608 1071/674/1608 1063/675/1608
f 1065/676/1609 1072/677/1609 1064/673/1609
f 1066/678/1610 1073/679/1610 1065/676/1610
f 1067/680/1611 1074/681/1611 1066/678/1612
f 1068/682/1613 1075/683/1613 1067/680/1614
f 1069/684/1615 1076/685/1615 1068/682/1616
f 1070/686/1617 1077/687/1617 1069/684/1618
f 1072/677/1619 1079/688/1619 1071/674/1620
f 1073/679/1621 1080/689/1621 1072/677/1621
f 1074/681/1622 1081/690/1622 1073/679/1622
f 1075/683/1623 1082/691/1624 1074/681/1625
f 1076/685/1626 1083/692/1626 1075/683/1627
f 1077/687/1628 1084/693/1629 1076/685/1630
f 1078/694/1631 1085/695/1632 1077/687/1633
f 1080/689/1634 1087/696/1634 1079/688/1635
f 1081/690/1636 1088/697/1636 1080/689/1636
f 1082/691/1637 1089/698/1638 1081/690/1639
f 1083/692/1640 1090/699/1641 1082/691/1642
f 1084/693/1643 1091/700/1643 1083/692/1644
f 1085/695/1645 1092/701/1646 1084/693/1647
f 1086/702/1648 1093/703/1648 1085/695/1649
f 1088/697/1650 1095/704/1651 1087/696/1652
f 1089/698/1653 1096/705/1653 1088/697/1654
f 1090/699/1655 1097/706/1655 1089/698/1656
f 1091/700/1657 1098/707/1658 1090/699/1659
f 1092/701/1660 1099/708/1661 1091/700/1662
f 1093/703/1663 1100/709/1664 1092/701/1665
f 1094/710/1666 1101/711/1667 1093/703/1668
f 1096/705/1669 1103/712/1670 1095/704/1671
f 1097/706/1672 1104/713/1673 1096/705/1674
f 1098/707/1675 1105/714/1676 1097/706/1677
f 1099/708/1678 1106/715/1679 1098/707/1680
f 1100/709/1681 1107/716/1682 1099/708/1683
f 1101/711/1684 1108/717/1684 1100/709/1685
f 1102/718/1686 1109/719/1687 1101/711/1688
f 1104/713/1689 1111/720/1690 1103/712/1691
f 1105/714/1692 1112/721/1693 1104/713/1694
f 1106/715/1695 1113/722/1696 1105/714/1697
f 1107/716/1698 1114/723/1699 1106/715/1700
f 1108/717/1701 1115/724/1702 1107/716/1703
f 1109/719/1704 1116/725/1705 1108/717/1706
f 1110/726/1707 1117/727/1707 1109/719/1708
f 1119/728/1709 1128/729/1710 1127/730/1711
f 1120/731/1712 1129/732/1713 1128/729/1714
f 1121/733/1715 1130/734/1716 1129/732/1717
f 1122/735/1718 1131/736/1719 1130/734/1720
f 1123/737/1721 1132/738/1721 1131/736/1722
f 1124/739/1723 1133/740/1724 1132/738/1725
f 1125/741/1726 1134/742/1726 1133/740/1727
f 1127/730/1728 1136/743/1729 1135/744/1730
f 1128/729/1731 1137/745/1732 1136/743/1733
f 1129/732/1734 1138/746/1735 1137/745/1736
f 1130/734/1737 1139/747/1738 1138/746/1739
f 1131/736/1740 1140/748/1741 1139/747/1742
f 1132/738/1743 1141/749/1743 1140/748/1744
f 1133/740/1745 1142/750/1745 1141/749/1746
f 1135/744/1747 1144/751/1748 1143/752/1749
f 1136/743/1750 1145/753/1750 1144/751/1751
f 1137/745/1752 1146/754/1753 1145/753/1754
f 1138/746/1755 1147/755/1755 1146/754/1756
f 1139/747/1757 1148/756/1758 1147/755/1759
f 1140/748/1760 1149/757/1760 1148/756/1761
f 1141/749/1762 1150/758/1762 1149/757/1763
f 1143/752/1764 1152/759/1764 1151/760/1765
f 1144/751/1766 1153/761/1766 1152/759/1767
f 1145/753/1768 1154/762/1768 1153/761/1769
f 1146/754/1770 1155/763/1770 1154/762/1771
f 1147/755/1772 1156/764/1772 1155/763/1773
f 1148/756/1774 1157/765/1774 1156/764/1775
f 1149/757/1776 1158/766/1776 1157/765/1777
f 1151/760/1778 1160/767/1778 1159/768/1779
f 1152/759/1780 1161/769/1780 1160/767/1781
f 1153/761/1782 1162/770/1783 1161/769/1784
f 1154/762/1785 1163/771/1785 1162/770/1786
f 1155/763/1787 1164/772/1787 1163/771/1788
f 1156/764/1789 1165/773/1789 1164/772/1790
f 1157/765/1791 1166/774/1791 1165/773/1792
f 1159/768/1793 1168/775/1793 1167/776/1794
f 1160/767/1795 1169/777/1795 1168/775/1796
f 1161/769/1797 1170/778/1797 1169/777/1798
f 1162/770/1799 1171/779/1799 1170/778/1800
f 1163/771/1801 1172/780/1801 1171/779/1802
f 1164/772/1803 1173/781/1803 1172/780/1804
f 1165/773/1805 1174/782/1806 1173/781/1807
f 1111/720/1808 1022/639/1809 1014/631/1810
f 1112/721/1811 1030/647/1812 1022/639/1813
f 1114/723/1814 1030/647/1815 1113/722/1816
f 1115/724/1817 1038/655/1818 1114/723/1819
f 1116/725/1820 1046/663/1821 1115/724/1822
f 1117/727/1823 1054/671/1824 1116/725/1825
f 1167/776/1826 1078/694/1826 1070/686/1827
f 1168/775/1828 1086/702/1828 1078/694/1829
f 1169/777/1830 1094/710/1830 1086/702/1831
f 1170/778/1832 1102/718/1833 1094/710/1834
f 1171/779/1835 1110/726/1836 1102/718/1837
f 1172/780/1838 1118/783/1838 1110/726/1839
f 1056/666/1840 1126/784/1840 1055/665/1841
f 1057/667/1842 1134/742/1842 1056/666/1843
f 1058/668/1844 1142/750/1844 1057/667/1844
f 1059/669/1845 1150/758/1845 1058/668/1845
f 1060/670/1846 1158/766/1846 1059/669/1846
f 1061/672/1847 1166/774/1848 1060/670/1849
f 1062/785/1850 1174/782/1851 1061/672/1852
f 1118/783/1853 1062/785/1854 1117/727/1855
f 1173/781/1856 1006/786/1856 1118/783/1857
f 124/787/1858 93/397/1859 4/395/1860
f 125/788/1861 1007/620/1862 124/787/1863
f 126/789/1864 1008/618/1865 125/788/1866
f 127/790/1867 1009/621/1868 126/789/1869
f 128/791/1870 1010/623/1871 127/790/1872
f 129/792/1873 1011/625/1874 128/791/1875
f 130/793/1876 1012/627/1877 129/792/1878
f 131/794/1879 1013/629/1880 130/793/1881
f 1007/620/1882 92/398/1883 93/397/1884
f 1015/619/1885 91/399/1885 92/398/1886
f 1023/633/1887 90/400/1887 91/399/1887
f 1031/641/1888 89/401/1888 90/400/1888
f 1039/649/1889 88/402/1889 89/401/1889
f 1047/657/1890 87/403/1890 88/402/1891
f 1055/665/1892 86/417/1892 87/403/1893
f 153/795/1894 138/796/1894 6/797/1894
f 152/798/1895 1063/675/1895 153/795/1895
f 151/799/1896 1064/673/1896 152/798/1896
f 150/800/1897 1065/676/1897 151/799/1897
f 149/801/1898 1066/678/1898 150/800/1899
f 148/802/1900 1067/680/1900 149/801/1901
f 147/803/1902 1068/682/1902 148/802/1903
f 146/804/1904 1069/684/1904 147/803/1905
f 1063/675/1906 137/805/1906 138/796/1906
f 1071/674/1907 136/806/1907 137/805/1907
f 1079/688/1908 135/807/1908 136/806/1908
f 1087/696/1909 134/808/1910 135/807/1911
f 1095/704/1912 133/809/1913 134/808/1914
f 133/809/1915 1111/720/1916 132/810/1917
f 132/810/1918 1014/631/1919 131/794/1920
f 3/189/1921 1119/728/1922 139/811/1923
f 79/410/1924 1120/731/1925 1119/728/1926
f 80/411/1927 1121/733/1928 1120/731/1929
f 81/412/1930 1122/735/1931 1121/733/1932
f 82/413/1933 1123/737/1933 1122/735/1934
f 83/414/1935 1124/739/1936 1123/737/1937
f 84/415/1938 1125/741/1938 1124/739/1939
f 85/416/1940 1126/784/1940 1125/741/1941
f 139/811/1942 1127/730/1943 140/812/1944
f 140/812/1945 1135/744/1946 141/813/1947
f 141/813/1948 1143/752/1948 142/814/1949
f 142/814/1950 1151/760/1950 143/815/1951
f 143/815/1952 1159/768/1952 144/816/1953
f 144/816/1954 1167/776/1954 145/817/1955
f 145/817/1956 1070/686/1956 146/804/1957
f 1176/818/1958 1185/819/1958 1184/820/1958
f 1177/821/1959 1186/822/1959 1185/819/1960
f 1178/823/1961 1187/824/1961 1186/822/1962
f 1179/825/1963 1188/826/1963 1187/824/1964
f 1180/827/1965 1189/828/1966 1188/826/1967
f 1181/829/1968 1190/830/1969 1189/828/1970
f 1183/831/1971 1190/830/1972 1182/832/1973
f 1184/820/1974 1193/833/1974 1192/834/1974
f 1185/819/1975 1194/835/1975 1193/833/1976
f 1186/822/1977 1195/836/1978 1194/835/1979
f 1187/824/1980 1196/837/1980 1195/836/1981
f 1188/826/1982 1197/838/1983 1196/837/1984
f 1189/828/1985 1198/839/1986 1197/838/1987
f 1191/840/1988 1198/839/1989 1190/830/1990
f 1192/834/1991 1201/841/1991 1200/842/1991
f 1193/833/1992 1202/843/1992 1201/841/1992
f 1194/835/1993 1203/844/1994 1202/843/1995
f 1195/836/1996 1204/845/1997 1203/844/1998
f 1196/837/1999 1205/846/2000 1204/845/2001
f 1197/838/2002 1206/847/2003 1205/846/2004
f 1199/848/2005 1206/847/2006 1198/839/2007
f 1200/842/2008 1209/849/2009 1208/850/2010
f 1201/841/2011 1210/851/2011 1209/849/2012
f 1202/843/2013 1211/852/2013 1210/851/2014
f 1203/844/2015 1212/853/2016 1211/852/2017
f 1204/845/2018 1213/854/2019 1212/853/2020
f 1205/846/2021 1214/855/2022 1213/854/2023
f 1207/856/2024 1214/855/2025 1206/847/2026
f 1208/850/2027 1217/857/2028 1216/858/2029
f 1209/849/2030 1218/859/2030 1217/857/2031
f 1210/851/2032 1219/860/2033 1218/859/2034
f 1211/852/2035 1220/861/2036 1219/860/2037
f 1212/853/2038 1221/862/2039 1220/861/2040
f 1213/854/2041 1222/863/2042 1221/862/2043
f 1215/864/2044 1222/863/2045 1214/855/2046
f 1216/858/2047 1225/865/2048 1224/866/2049
f 1217/857/2050 1226/867/2051 1225/865/2052
f 1218/859/2053 1227/868/2054 1226/867/2055
f 1219/860/2056 1228/869/2057 1227/868/2058
f 1220/861/2059 1229/870/2060 1228/869/2061
f 1221/862/2062 1230/871/2063 1229/870/2064
f 1222/863/2065 1231/872/2066 1230/871/2067
f 1232/873/2068 1241/874/2069 1240/875/2070
f 1233/876/2071 1242/877/2072 1241/874/2073
f 1234/878/2074 1243/879/2075 1242/877/2076
f 1235/880/2077 1244/881/2078 1243/879/2079
f 1236/882/2080 1245/883/2081 1244/881/2082
f 1237/884/2083 1246/885/2084 1245/883/2085
f 1238/886/2086 1247/887/2087 1246/885/2088
f 1240/875/2089 1249/888/2090 1248/889/2091
f 1241/874/2092 1250/890/2093 1249/888/2094
f 1242/877/2095 1251/891/2096 1250/890/2097
f 1243/879/2098 1252/892/2099 1251/891/2100
f 1244/881/2101 1253/893/2102 1252/892/2103
f 1245/883/2104 1254/894/2105 1253/893/2106
f 1246/885/2107 1255/895/2108 1254/894/2109
f 1248/889/2110 1257/896/2111 1256/897/2112
f 1249/888/2113 1258/898/2114 1257/896/2115
f 1250/890/2116 1259/899/2117 1258/898/2118
f 1251/891/2119 1260/900/2120 1259/899/2121
f 1252/892/2122 1261/901/2123 1260/900/2124
f 1253/893/2125 1262/902/2126 1261/901/2127
f 1254/894/2128 1263/903/2129 1262/902/2130
f 1256/897/2131 1265/904/2132 1264/905/2133
f 1257/896/2134 1266/906/2135 1265/904/2136
f 1258/898/2137 1267/907/2138 1266/906/2139
f 1259/899/2140 1268/908/2141 1267/907/2142
f 1260/900/2143 1269/909/2144 1268/908/2145
f 1261/901/2146 1270/910/2147 1269/909/2148
f 1262/902/2149 1271/911/2150 1270/910/2151
f 1264/905/2152 1273/912/2153 1272/913/2154
f 1265/904/2155 1274/914/2156 1273/912/2157
f 1266/906/2158 1275/915/2159 1274/914/2160
f 1267/907/2161 1276/916/2162 1275/915/2163
f 1268/908/2164 1277/917/2165 1276/916/2166
f 1269/909/2167 1278/918/2168 1277/917/2169
f 1270/910/2170 1279/919/2171 1278/918/2172
f 1272/913/2173 1281/920/2174 1280/921/2175
f 1273/912/2176 1282/922/2177 1281/920/2178
f 1274/914/2179 1283/923/2180 1282/922/2181
f 1275/915/2182 1284/924/2183 1283/923/2184
f 1276/916/2185 1285/925/2186 1284/924/2187
f 1277/917/2188 1286/926/2189 1285/925/2190
f 1278/918/2191 1287/927/2192 1286/926/2193
f 1289/928/2194 1296/929/2195 1288/930/2196
f 1290/931/2197 1297/932/2198 1289/928/2199
f 1291/933/2200 1298/934/2201 1290/931/2202
f 1292/935/2203 1299/936/2204 1291/933/2205
f 1293/937/2206 1300/938/2207 1292/935/2208
f 1294/939/2209 1301/940/2210 1293/937/2211
f 1295/941/2212 1302/942/2213 1294/939/2214
f 1297/932/2215 1304/943/2215 1296/929/2216
f 1298/934/2217 1305/944/2218 1297/932/2219
f 1299/936/2220 1306/945/2221 1298/934/2222
f 1300/938/2223 1307/946/2224 1299/936/2225
f 1301/940/2226 1308/947/2227 1300/938/2228
f 1302/942/2229 1309/948/2230 1301/940/2231
f 1303/949/2232 1310/950/2233 1302/942/2234
f 1305/944/2235 1312/951/2235 1304/943/2236
f 1306/945/2237 1313/952/2237 1305/944/2238
f 1307/946/2239 1314/953/2240 1306/945/2241
f 1308/947/2242 1315/954/2243 1307/946/2244
f 1309/948/2245 1316/955/2246 1308/947/2247
f 1310/950/2248 1317/956/2249 1309/948/2250
f 1311/957/2251 1318/958/2252 1310/950/2253
f 1313/952/2254 1320/959/2254 1312/951/2255
f 1314/953/2256 1321/960/2256 1313/952/2257
f 1315/954/2258 1322/961/2258 1314/953/2259
f 1316/955/2260 1323/962/2261 1315/954/2262
f 1317/956/2263 1324/963/2264 1316/955/2265
f 1318/958/2266 1325/964/2267 1317/956/2268
f 1319/965/2269 1326/966/2270 1318/958/2271
f 1321/960/2272 1328/967/2272 1320/959/2273
f 1322/961/2274 1329/968/2274 1321/960/2275
f 1323/962/2276 1330/969/2276 1322/961/2277
f 1324/963/2278 1331/970/2278 1323/962/2279
f 1325/964/2280 1332/971/2281 1324/963/2282
f 1326/966/2283 1333/972/2283 1325/964/2284
f 1327/973/2285 1334/974/2286 1326/966/2287
f 1329/968/2288 1336/975/2288 1328/967/2289
f 1330/969/2290 1337/976/2290 1329/968/2290
f 1331/970/2291 1338/977/2291 1330/969/2291
f 1332/971/2292 1339/978/2292 1331/970/2292
f 1333/972/2293 1340/979/2293 1332/971/2294
f 1334/974/2295 1341/980/2295 1333/972/2296
f 1335/981/2297 1342/982/2298 1334/974/2299
f 1280/921/2300 1191/840/2301 1183/831/2302
f 1281/920/2303 1199/848/2304 1191/840/2305
f 1282/922/2306 1207/856/2307 1199/848/2308
f 1283/923/2309 1215/864/2310 1207/856/2311
f 1284/924/2312 1223/983/2313 1215/864/2314
f 1285/925/2315 1231/872/2316 1223/983/2317
f 1337/976/2318 1239/984/2319 1336/975/2320
f 1338/977/2321 1247/887/2321 1337/976/2322
f 1339/978/2323 1255/895/2323 1338/977/2324
f 1340/979/2325 1263/903/2326 1339/978/2327
f 1341/980/2328 1271/911/2328 1340/979/2329
f 1342/982/2330 1279/919/2330 1341/980/2331
f 1224/866/2332 1303/949/2333 1295/941/2334
f 1225/865/2335 1311/957/2336 1303/949/2337
f 1226/867/2338 1319/965/2339 1311/957/2340
f 1227/868/2341 1327/973/2342 1319/965/2343
f 1228/869/2344 1335/981/2345 1327/973/2346
f 1229/870/2347 1343/985/2347 1335/981/2348
f 1230/871/2349 1175/986/2350 1343/985/2351
f 1286/926/2352 1175/986/2353 1231/872/2354
f 1343/985/2355 1287/927/2356 1342/982/2357
f 5/589/2358 1176/818/2358 123/587/2358
f 154/987/2359 1177/821/2359 1176/818/2359
f 155/988/2360 1178/823/2360 1177/821/2361
f 156/989/2362 1179/825/2363 1178/823/2364
f 157/990/2365 1180/827/2366 1179/825/2367
f 158/991/2368 1181/829/2369 1180/827/2370
f 160/992/2371 1181/829/2372 159/993/2373
f 161/994/2374 1182/832/2375 160/992/2376
f 123/587/2377 1184/820/2377 122/590/2377
f 122/590/2378 1192/834/2378 121/591/2378
f 121/591/2379 1200/842/2379 120/592/2380
f 120/592/2381 1208/850/2381 119/593/2382
f 119/593/2383 1216/858/2384 118/594/2385
f 118/594/2386 1224/866/2387 117/595/2388
f 117/595/2389 1295/941/2390 116/596/2391
f 7/995/2392 1232/873/2393 168/996/2394
f 183/997/2395 1233/876/2396 1232/873/2397
f 182/998/2398 1234/878/2399 1233/876/2400
f 181/999/2401 1235/880/2402 1234/878/2403
f 180/1000/2404 1236/882/2405 1235/880/2406
f 179/1001/2407 1237/884/2408 1236/882/2409
f 178/1002/2410 1238/886/2411 1237/884/2412
f 177/1003/2413 1239/984/2414 1238/886/2415
f 168/996/2416 1240/875/2417 167/1004/2418
f 167/1004/2419 1248/889/2420 166/1005/2421
f 166/1005/2422 1256/897/2423 165/1006/2424
f 165/1006/2425 1264/905/2426 164/1007/2427
f 164/1007/2428 1272/913/2429 163/1008/2430
f 163/1008/2431 1280/921/2432 162/1009/2433
f 162/1009/2434 1183/831/2435 161/994/2436
f 109/604/2437 169/1010/2438 4/395/2439
f 110/605/2440 1288/930/2441 109/604/2442
f 111/606/2443 1289/928/2444 110/605/2445
f 112/607/2446 1290/931/2447 111/606/2448
f 113/608/2449 1291/933/2450 112/607/2451
f 114/609/2452 1292/935/2453 113/608/2454
f 115/610/2455 1293/937/2456 114/609/2457
f 116/596/2458 1294/939/2459 115/610/2460
f 1288/930/2461 170/1011/2461 169/1010/2461
f 1296/929/2462 171/1012/2462 170/1011/2463
f 1304/943/2464 172/1013/2464 171/1012/2465
f 1312/951/2466 173/1014/2466 172/1013/2467
f 1320/959/2468 174/1015/2468 173/1014/2469
f 1328/967/2470 175/1016/2471 174/1015/2472
f 1336/975/2473 176/1017/2474 175/1016/2475
f 1346/1018/2476 1353/1019/2477 1345/1020/2478
f 1347/1021/2479 1354/1022/2480 1346/1018/2481
f 1348/1023/2482 1355/1024/2483 1347/1021/2484
f 1349/1025/2485 1356/1026/2486 1348/1023/2487
f 1350/1027/2488 1357/1028/2489 1349/1025/2490
f 1351/1029/2491 1358/1030/2492 1350/1027/2493
f 1352/1031/2494 1359/1032/2495 1351/1029/2496
f 1354/1022/2497 1361/1033/2498 1353/1019/2499
f 1355/1024/2500 1362/1034/2501 1354/1022/2502
f 1356/1026/2503 1363/1035/2504 1355/1024/2505
f 1357/1028/2506 1364/1036/2507 1356/1026/2508
f 1358/1030/2509 1365/1037/2510 1357/1028/2511
f 1359/1032/2512 1366/1038/2513 1358/1030/2514
f 1360/1039/2515 1367/1040/2516 1359/1032/2517
f 1362/1034/2518 1369/1041/2519 1361/1033/2520
f 1363/1035/2521 1370/1042/2522 1362/1034/2523
f 1364/1036/2524 1371/1043/2525 1363/1035/2526
f 1365/1037/2527 1372/1044/2528 1364/1036/2529
f 1366/1038/2530 1373/1045/2531 1365/1037/2532
f 1367/1040/2533 1374/1046/2534 1366/1038/2535
f 1368/1047/2536 1375/1048/2537 1367/1040/2538
f 1370/1042/2539 1377/1049/2540 1369/1041/2541
f 1371/1043/2542 1378/1050/2543 1370/1042/2544
f 1372/1044/2545 1379/1051/2546 1371/1043/2547
f 1373/1045/2548 1380/1052/2549 1372/1044/2550
f 1374/1046/2551 1381/1053/2552 1373/1045/2553
f 1375/1048/2554 1382/1054/2555 1374/1046/2556
f 1376/1055/2557 1383/1056/2558 1375/1048/2559
f 1378/1050/2560 1385/1057/2561 1377/1049/2562
f 1379/1051/2563 1386/1058/2564 1378/1050/2565
f 1380/1052/2566 1387/1059/2567 1379/1051/2568
f 1381/1053/2569 1388/1060/2570 1380/1052/2571
f 1382/1054/2572 1389/1061/2573 1381/1053/2574
f 1383/1056/2575 1390/1062/2576 1382/1054/2577
f 1384/1063/2578 1391/1064/2579 1383/1056/2580
f 1386/1058/2581 1393/1065/2582 1385/1057/2583
f 1387/1059/2584 1394/1066/2585 1386/1058/2586
f 1388/1060/2587 1395/1067/2588 1387/1059/2589
f 1389/1061/2590 1396/1068/2591 1388/1060/2592
f 1390/1062/2593 1397/1069/2594 1389/1061/2595
f 1391/1064/2596 1398/1070/2597 1390/1062/2598
f 1392/1071/2599 1399/1072/2600 1391/1064/2601
f 1401/1073/2602 1410/1074/2603 1409/1075/2604
f 1402/1076/2605 1411/1077/2606 1410/1074/2607
f 1403/1078/2608 1412/1079/2609 1411/1077/2610
f 1404/1080/2611 1413/1081/2612 1412/1079/2613
f 1405/1082/2614 1414/1083/2615 1413/1081/2616
f 1406/1084/2617 1415/1085/2618 1414/1083/2619
f 1407/1086/2620 1416/1087/2620 1415/1085/2621
f 1409/1075/2622 1418/1088/2623 1417/1089/2624
f 1410/1074/2625 1419/1090/2626 1418/1088/2627
f 1411/1077/2628 1420/1091/2629 1419/1090/2630
f 1412/1079/2631 1421/1092/2632 1420/1091/2633
f 1413/1081/2634 1422/1093/2635 1421/1092/2636
f 1414/1083/2637 1423/1094/2638 1422/1093/2639
f 1415/1085/2640 1424/1095/2640 1423/1094/2641
f 1417/1089/2642 1426/1096/2643 1425/1097/2644
f 1418/1088/2645 1427/1098/2646 1426/1096/2647
f 1419/1090/2648 1428/1099/2649 1427/1098/2650
f 1420/1091/2651 1429/1100/2652 1428/1099/2653
f 1421/1092/2654 1430/1101/2655 1429/1100/2656
f 1422/1093/2657 1431/1102/2657 1430/1101/2658
f 1423/1094/2659 1432/1103/2659 1431/1102/2660
f 1425/1097/2661 1434/1104/2662 1433/1105/2663
f 1426/1096/2664 1435/1106/2665 1434/1104/2666
f 1427/1098/2667 1436/1107/2668 1435/1106/2669
f 1428/1099/2670 1437/1108/2671 1436/1107/2672
f 1429/1100/2673 1438/1109/2674 1437/1108/2675
f 1430/1101/2676 1439/1110/2676 1438/1109/2677
f 1431/1102/2678 1440/1111/2678 1439/1110/2679
f 1433/1105/2680 1442/1112/2681 1441/1113/2682
f 1434/1104/2683 1443/1114/2684 1442/1112/2685
f 1435/1106/2686 1444/1115/2687 1443/1114/2688
f 1436/1107/2689 1445/1116/2690 1444/1115/2691
f 1437/1108/2692 1446/1117/2693 1445/1116/2694
f 1438/1109/2695 1447/1118/2695 1446/1117/2696
f 1439/1110/2697 1448/1119/2698 1447/1118/2699
f 1441/1113/2700 1450/1120/2701 1449/1121/2702
f 1442/1112/2703 1451/1122/2704 1450/1120/2705
f 1443/1114/2706 1452/1123/2707 1451/1122/2708
f 1444/1115/2709 1453/1124/2710 1452/1123/2711
f 1445/1116/2712 1454/1125/2713 1453/1124/2714
f 1446/1117/2715 1455/1126/2715 1454/1125/2716
f 1447/1118/2717 1456/1127/2717 1455/1126/2718
f 1458/1128/2719 1465/1129/2719 1457/1130/2719
f 1459/1131/2720 1466/1132/2720 1458/1128/2720
f 1460/1133/2721 1467/1134/2721 1459/1131/2722
f 1461/1135/2723 1468/1136/2724 1460/1133/2725
f 1462/1137/2726 1469/1138/2727 1461/1135/2728
f 1463/1139/2729 1470/1140/2730 1462/1137/2731
f 1464/1141/2732 1471/1142/2733 1463/1139/2734
f 1466/1132/2735 1473/1143/2735 1465/1129/2735
f 1467/1134/2736 1474/1144/2737 1466/1132/2736
f 1468/1136/2738 1475/1145/2739 1467/1134/2740
f 1469/1138/2741 1476/1146/2742 1468/1136/2743
f 1470/1140/2744 1477/1147/2745 1469/1138/2746
f 1471/1142/2747 1478/1148/2748 1470/1140/2749
f 1472/1149/2750 1479/1150/2751 1471/1142/2752
f 1474/1144/2753 1481/1151/2753 1473/1143/2753
f 1475/1145/2754 1482/1152/2754 1474/1144/2755
f 1476/1146/2756 1483/1153/2757 1475/1145/2758
f 1477/1147/2759 1484/1154/2760 1476/1146/2761
f 1478/1148/2762 1485/1155/2763 1477/1147/2764
f 1479/1150/2765 1486/1156/2766 1478/1148/2767
f 1480/1157/2768 1487/1158/2769 1479/1150/2770
f 1482/1152/2771 1489/1159/2771 1481/1151/2771
f 1483/1153/2772 1490/1160/2772 1482/1152/2772
f 1484/1154/2773 1491/1161/2773 1483/1153/2773
f 1485/1155/2774 1492/1162/2775 1484/1154/2776
f 1486/1156/2777 1493/1163/2778 1485/1155/2779
f 1487/1158/2780 1494/1164/2781 1486/1156/2782
f 1488/1165/2783 1495/1166/2784 1487/1158/2785
f 1490/1160/2786 1497/1167/2786 1489/1159/2787
f 1491/1161/2788 1498/1168/2788 1490/1160/2788
f 1492/1162/2789 1499/1169/2789 1491/1161/2789
f 1493/1163/2790 1500/1170/2790 1492/1162/2790
f 1494/1164/2791 1501/1171/2791 1493/1163/2792
f 1495/1166/2793 1502/1172/2794 1494/1164/2795
f 1496/1173/2796 1503/1174/2797 1495/1166/2798
f 1498/1168/2799 1505/1175/2799 1497/1167/2800
f 1499/1169/2801 1506/1176/2801 1498/1168/2801
f 1500/1170/2802 1507/1177/2802 1499/1169/2802
f 1501/1171/2803 1508/1178/2803 1500/1170/2803
f 1502/1172/2804 1509/1179/2804 1501/1171/2805
f 1503/1174/2806 1510/1180/2807 1502/1172/2808
f 1504/1181/2809 1511/1182/2810 1503/1174/2811
f 1449/1121/2812 1360/1039/2813 1352/1031/2814
f 1450/1120/2815 1368/1047/2816 1360/1039/2817
f 1451/1122/2818 1376/1055/2819 1368/1047/2820
f 1452/1123/2821 1384/1063/2822 1376/1055/2823
f 1453/1124/2824 1392/1071/2825 1384/1063/2826
f 1454/1125/2827 1400/1183/2828 1392/1071/2829
f 1506/1176/2830 1408/1184/2830 1505/1175/2831
f 1507/1177/2832 1416/1087/2832 1506/1176/2833
f 1508/1178/2834 1424/1095/2834 1507/1177/2835
f 1509/1179/2836 1432/1103/2836 1508/1178/2837
f 1510/1180/2838 1440/1111/2838 1509/1179/2839
f 1511/1182/2840 1448/1119/2840 1510/1180/2841
f 1393/1065/2842 1472/1149/2843 1464/1141/2844
f 1394/1066/2845 1480/1157/2846 1472/1149/2847
f 1395/1067/2848 1488/1165/2849 1480/1157/2850
f 1397/1069/2851 1488/1165/2852 1396/1068/2853
f 1398/1070/2854 1496/1173/2855 1397/1069/2856
f 1399/1072/2857 1504/1181/2858 1398/1070/2859
f 1400/1183/2860 1512/1185/2861 1399/1072/2860
f 1455/1126/2862 1344/1186/2862 1400/1183/2863
f 1512/1185/2864 1456/1127/2865 1511/1182/2866
f 184/1187/2867 124/787/2868 4/395/2869
f 185/1188/2870 1345/1020/2871 184/1187/2872
f 186/1189/2873 1346/1018/2874 185/1188/2875
f 187/1190/2876 1347/1021/2877 186/1189/2878
f 188/1191/2879 1348/1023/2880 187/1190/2881
f 189/1192/2882 1349/1025/2883 188/1191/2884
f 190/1193/2885 1350/1027/2886 189/1192/2887
f 191/1194/2888 1351/1029/2889 190/1193/2890
f 1345/1020/2891 125/788/2892 124/787/2893
f 125/788/2894 1361/1033/2895 126/789/2896
f 126/789/2897 1369/1041/2898 127/790/2899
f 127/790/2900 1377/1049/2901 128/791/2902
f 128/791/2903 1385/1057/2904 129/792/2905
f 129/792/2906 1393/1065/2907 130/793/2908
f 130/793/2909 1464/1141/2910 131/794/2911
f 8/1195/2912 1401/1073/2913 198/1196/2914
f 213/1197/2915 1402/1076/2916 1401/1073/2917
f 212/1198/2918 1403/1078/2919 1402/1076/2920
f 211/1199/2921 1404/1080/2922 1403/1078/2923
f 210/1200/2924 1405/1082/2925 1404/1080/2926
f 209/1201/2927 1406/1084/2927 1405/1082/2928
f 208/1202/2929 1407/1086/2930 1406/1084/2931
f 207/1203/2932 1408/1184/2933 1407/1086/2934
f 198/1196/2935 1409/1075/2936 197/1204/2937
f 197/1204/2938 1417/1089/2939 196/1205/2940
f 196/1205/2941 1425/1097/2942 195/1206/2943
f 195/1206/2944 1433/1105/2945 194/1207/2946
f 194/1207/2947 1441/1113/2948 193/1208/2949
f 193/1208/2950 1449/1121/2951 192/1209/2952
f 192/1209/2953 1352/1031/2954 191/1194/2955
f 138/796/2956 199/1210/2956 6/797/2956
f 137/805/2957 1457/1130/2957 138/796/2957
f 136/806/2958 1458/1128/2958 137/805/2958
f 135/807/2959 1459/1131/2960 136/806/2961
f 134/808/2962 1460/1133/2963 135/807/2964
f 133/809/2965 1461/1135/2966 134/808/2967
f 132/810/2968 1462/1137/2969 133/809/2970
f 131/794/2971 1463/1139/2972 132/810/2973
f 1457/1130/2974 200/1211/2974 199/1210/2974
f 1465/1129/2975 201/1212/2975 200/1211/2975
f 1473/1143/2976 202/1213/2976 201/1212/2976
f 1481/1151/2977 203/1214/2977 202/1213/2977
f 1489/1159/2978 204/1215/2978 203/1214/2979
f 1497/1167/2980 205/1216/2980 204/1215/2981
f 1505/1175/2982 206/1217/2982 205/1216/2983
f 1515/1218/2984 1522/1219/2985 1514/1220/2986
f 1516/1221/2987 1523/1222/2988 1515/1218/2989
f 1517/1223/2990 1524/1224/2991 1516/1221/2992
f 1518/1225/2993 1525/1226/2994 1517/1223/2995
f 1519/1227/2996 1526/1228/2997 1518/1225/2998
f 1520/1229/2999 1527/1230/3000 1519/1227/3001
f 1521/1231/3002 1528/1232/3003 1520/1229/3004
f 1523/1222/3005 1530/1233/3005 1522/1219/3006
f 1524/1224/3007 1531/1234/3008 1523/1222/3009
f 1525/1226/3010 1532/1235/3011 1524/1224/3012
f 1526/1228/3013 1533/1236/3014 1525/1226/3015
f 1527/1230/3016 1534/1237/3017 1526/1228/3018
f 1528/1232/3019 1535/1238/3020 1527/1230/3021
f 1529/1239/3022 1536/1240/3023 1528/1232/3024
f 1531/1234/3025 1538/1241/3025 1530/1233/3026
f 1532/1235/3027 1539/1242/3027 1531/1234/3028
f 1533/1236/3029 1540/1243/3030 1532/1235/3031
f 1534/1237/3032 1541/1244/3033 1533/1236/3034
f 1535/1238/3035 1542/1245/3036 1534/1237/3037
f 1536/1240/3038 1543/1246/3039 1535/1238/3040
f 1537/1247/3041 1544/1248/3042 1536/1240/3043
f 1539/1242/3044 1546/1249/3044 1538/1241/3044
f 1540/1243/3045 1547/1250/3045 1539/1242/3046
f 1541/1244/3047 1548/1251/3047 1540/1243/3048
f 1542/1245/3049 1549/1252/3049 1541/1244/3050
f 1543/1246/3051 1550/1253/3052 1542/1245/3053
f 1544/1248/3054 1551/1254/3055 1543/1246/3056
f 1545/1255/3057 1552/1256/3057 1544/1248/3058
f 1547/1250/3059 1554/1257/3059 1546/1249/3060
f 1548/1251/3061 1555/1258/3061 1547/1250/3061
f 1549/1252/3062 1556/1259/3062 1548/1251/3062
f 1550/1253/3063 1557/1260/3063 1549/1252/3064
f 1551/1254/3065 1558/1261/3065 1550/1253/3066
f 1552/1256/3067 1559/1262/3068 1551/1254/3069
f 1553/1263/3070 1560/1264/3070 1552/1256/3071
f 1555/1258/3072 1562/1265/3072 1554/1257/3073
f 1556/1259/3074 1563/1266/3074 1555/1258/3074
f 1557/1260/3075 1564/1267/3075 1556/1259/3075
f 1558/1261/3076 1565/1268/3076 1557/1260/3076
f 1559/1262/3077 1566/1269/3077 1558/1261/3077
f 1560/1264/3078 1567/1270/3079 1559/1262/3080
f 1561/1271/3081 1568/1272/3082 1560/1264/3083
f 1571/1273/3084 1578/1274/3085 1570/1275/3086
f 1572/1276/3087 1579/1277/3087 1571/1273/3087
f 1573/1278/3088 1580/1279/3088 1572/1276/3089
f 1574/1280/3090 1581/1281/3091 1573/1278/3092
f 1575/1282/3093 1582/1283/3094 1574/1280/3095
f 1576/1284/3096 1583/1285/3097 1575/1282/3098
f 1577/1286/3099 1584/1287/3100 1576/1284/3101
f 1579/1277/3102 1586/1288/3103 1578/1274/3104
f 1580/1279/3105 1587/1289/3106 1579/1277/3105
f 1581/1281/3107 1588/1290/3107 1580/1279/3107
f 1582/1283/3108 1589/1291/3108 1581/1281/3109
f 1583/1285/3110 1590/1292/3111 1582/1283/3112
f 1584/1287/3113 1591/1293/3113 1583/1285/3114
f 1585/1294/3115 1592/1295/3116 1584/1287/3117
f 1586/1288/3118 1595/1296/3119 1594/1297/3120
f 1588/1290/3121 1595/1296/3121 1587/1289/3121
f 1589/1291/3122 1596/1298/3122 1588/1290/3122
f 1590/1292/3123 1597/1299/3123 1589/1291/3123
f 1591/1293/3124 1598/1300/3124 1590/1292/3124
f 1592/1295/3125 1599/1301/3126 1591/1293/3127
f 1593/1302/3128 1600/1303/3129 1592/1295/3130
f 1594/1297/3131 1603/1304/3132 1602/1305/3133
f 1596/1298/3134 1603/1304/3134 1595/1296/3135
f 1597/1299/3136 1604/1306/3136 1596/1298/3136
f 1598/1300/3137 1605/1307/3138 1597/1299/3139
f 1599/1301/3140 1606/1308/3140 1598/1300/3141
f 1600/1303/3142 1607/1309/3143 1599/1301/3144
f 1601/1310/3145 1608/1311/3146 1600/1303/3147
f 1602/1305/3148 1611/1312/3149 1610/1313/3150
f 1603/1304/3151 1612/1314/3151 1611/1312/3151
f 1604/1306/3152 1613/1315/3152 1612/1314/3153
f 1606/1308/3154 1613/1315/3154 1605/1307/3155
f 1607/1309/3156 1614/1316/3156 1606/1308/3157
f 1608/1311/3158 1615/1317/3159 1607/1309/3160
f 1609/1318/3161 1616/1319/3162 1608/1311/3163
f 1610/1313/3164 1619/1320/3164 1618/1321/3164
f 1611/1312/3165 1620/1322/3165 1619/1320/3166
f 1612/1314/3167 1621/1323/3167 1620/1322/3168
f 1613/1315/3169 1622/1324/3169 1621/1323/3170
f 1614/1316/3171 1623/1325/3172 1622/1324/3173
f 1616/1319/3174 1623/1325/3174 1615/1317/3174
f 1617/1326/3175 1624/1327/3175 1616/1319/3175
f 1626/1328/3176 1635/1329/3177 1634/1330/3178
f 1627/1331/3179 1636/1332/3180 1635/1329/3181
f 1628/1333/3182 1637/1334/3183 1636/1332/3184
f 1629/1335/3185 1638/1336/3186 1637/1334/3187
f 1630/1337/3188 1639/1338/3189 1638/1336/3190
f 1631/1339/3191 1640/1340/3192 1639/1338/3193
f 1632/1341/3194 1641/1342/3194 1640/1340/3195
f 1634/1330/3196 1643/1343/3197 1642/1344/3198
f 1635/1329/3199 1644/1345/3200 1643/1343/3201
f 1636/1332/3202 1645/1346/3203 1644/1345/3204
f 1637/1334/3205 1646/1347/3206 1645/1346/3207
f 1638/1336/3208 1647/1348/3209 1646/1347/3210
f 1639/1338/3211 1648/1349/3212 1647/1348/3213
f 1640/1340/3214 1649/1350/3215 1648/1349/3216
f 1642/1344/3217 1651/1351/3218 1650/1352/3219
f 1643/1343/3220 1652/1353/3221 1651/1351/3222
f 1644/1345/3223 1653/1354/3224 1652/1353/3225
f 1645/1346/3226 1654/1355/3227 1653/1354/3228
f 1646/1347/3229 1655/1356/3230 1654/1355/3231
f 1647/1348/3232 1656/1357/3233 1655/1356/3234
f 1648/1349/3235 1657/1358/3236 1656/1357/3237
f 1650/1352/3238 1659/1359/3239 1658/1360/3240
f 1651/1351/3241 1660/1361/3242 1659/1359/3243
f 1652/1353/3244 1661/1362/3245 1660/1361/3246
f 1653/1354/3247 1662/1363/3248 1661/1362/3249
f 1654/1355/3250 1663/1364/3251 1662/1363/3252
f 1655/1356/3253 1664/1365/3254 1663/1364/3255
f 1656/1357/3256 1665/1366/3256 1664/1365/3257
f 1658/1360/3258 1667/1367/3259 1666/1368/3260
f 1659/1359/3261 1668/1369/3262 1667/1367/3263
f 1660/1361/3264 1669/1370/3265 1668/1369/3266
f 1661/1362/3267 1670/1371/3268 1669/1370/3269
f 1662/1363/3270 1671/1372/3271 1670/1371/3272
f 1663/1364/3273 1672/1373/3274 1671/1372/3275
f 1664/1365/3276 1673/1374/3276 1672/1373/3277
f 1666/1368/3278 1675/1375/3279 1674/1376/3280
f 1667/1367/3281 1676/1377/3282 1675/1375/3283
f 1668/1369/3284 1677/1378/3285 1676/1377/3286
f 1669/1370/3287 1678/1379/3288 1677/1378/3289
f 1670/1371/3290 1679/1380/3291 1678/1379/3292
f 1671/1372/3293 1680/1381/3294 1679/1380/3295
f 1672/1373/3296 1681/1382/3297 1680/1381/3298
f 1618/1321/3299 1529/1239/3300 1521/1231/3301
f 1619/1320/3302 1537/1247/3303 1529/1239/3304
f 1620/1322/3305 1545/1255/3306 1537/1247/3307
f 1621/1323/3308 1553/1263/3308 1545/1255/3309
f 1622/1324/3310 1561/1271/3310 1553/1263/3311
f 1623/1325/3312 1569/1383/3312 1561/1271/3312
f 1674/1376/3313 1585/1294/3314 1577/1286/3315
f 1675/1375/3316 1593/1302/3317 1585/1294/3318
f 1676/1377/3319 1601/1310/3320 1593/1302/3321
f 1677/1378/3322 1609/1318/3323 1601/1310/3324
f 1678/1379/3325 1617/1326/3326 1609/1318/3327
f 1679/1380/3328 1625/1384/3329 1617/1326/3330
f 1563/1266/3331 1633/1385/3331 1562/1265/3332
f 1564/1267/3333 1641/1342/3333 1563/1266/3334
f 1565/1268/3335 1649/1350/3335 1564/1267/3336
f 1566/1269/3337 1657/1358/3337 1565/1268/3338
f 1567/1270/3339 1665/1366/3339 1566/1269/3340
f 1568/1272/3341 1673/1374/3341 1567/1270/3342
f 1569/1383/3343 1681/1382/3344 1568/1272/3345
f 1624/1327/3346 1513/1386/3347 1569/1383/3348
f 1680/1381/3349 1513/1386/3350 1625/1384/3351
f 214/1387/3352 183/997/3353 7/995/3354
f 215/1388/3355 1514/1220/3356 214/1387/3357
f 216/1389/3358 1515/1218/3359 215/1388/3360
f 217/1390/3361 1516/1221/3362 216/1389/3363
f 218/1391/3364 1517/1223/3365 217/1390/3366
f 219/1392/3367 1518/1225/3368 218/1391/3369
f 220/1393/3370 1519/1227/3371 219/1392/3372
f 221/1394/3373 1520/1229/3374 220/1393/3375
f 1514/1220/3376 182/998/3376 183/997/3377
f 1522/1219/3378 181/999/3378 182/998/3379
f 1530/1233/3380 180/1000/3381 181/999/3382
f 1538/1241/3383 179/1001/3384 180/1000/3385
f 1546/1249/3386 178/1002/3386 179/1001/3387
f 1554/1257/3388 177/1003/3389 178/1002/3390
f 1562/1265/3391 176/1017/3392 177/1003/3393
f 198/1196/3394 228/1395/3395 8/1195/3396
f 197/1204/3397 1570/1275/3397 198/1196/3397
f 196/1205/3398 1571/1273/3399 197/1204/3400
f 195/1206/3401 1572/1276/3402 196/1205/3403
f 194/1207/3404 1573/1278/3405 195/1206/3406
f 193/1208/3407 1574/1280/3408 194/1207/3409
f 192/1209/3410 1575/1282/3411 193/1208/3412
f 191/1194/3413 1576/1284/3414 192/1209/3415
f 1570/1275/3416 227/1396/3417 228/1395/3418
f 227/1396/3419 1586/1288/3420 226/1397/3421
f 226/1397/3422 1594/1297/3423 225/1398/3424
f 225/1398/3425 1602/1305/3426 224/1399/3427
f 224/1399/3428 1610/1313/3429 223/1400/3430
f 223/1400/3431 1618/1321/3432 222/1401/3433
f 222/1401/3434 1521/1231/3435 221/1394/3436
f 4/395/3437 1626/1328/3438 184/1187/3439
f 169/1010/3440 1627/1331/3441 1626/1328/3442
f 170/1011/3443 1628/1333/3444 1627/1331/3445
f 171/1012/3446 1629/1335/3447 1628/1333/3448
f 172/1013/3449 1630/1337/3450 1629/1335/3451
f 173/1014/3452 1631/1339/3453 1630/1337/3454
f 174/1015/3455 1632/1341/3456 1631/1339/3457
f 175/1016/3458 1633/1385/3459 1632/1341/3460
f 184/1187/3461 1634/1330/3462 185/1188/3463
f 185/1188/3464 1642/1344/3465 186/1189/3466
f 186/1189/3467 1650/1352/3468 187/1190/3469
f 187/1190/3470 1658/1360/3471 188/1191/3472
f 188/1191/3473 1666/1368/3474 189/1192/3475
f 189/1192/3476 1674/1376/3477 190/1193/3478
f 190/1193/3479 1577/1286/3480 191/1194/3481
f 1684/1402/3482 1691/1403/3483 1683/1404/3484
f 1685/1405/3485 1692/1406/3486 1684/1402/3487
f 1686/1407/3488 1693/1408/3489 1685/1405/3490
f 1687/1409/3491 1694/1410/3492 1686/1407/3493
f 1688/1411/3494 1695/1412/3495 1687/1409/3496
f 1689/1413/3497 1696/1414/3498 1688/1411/3499
f 1690/1415/3500 1697/1416/3501 1689/1413/3502
f 1691/1403/3503 1700/1417/3504 1699/1418/3505
f 1693/1408/3506 1700/1417/3507 1692/1406/3508
f 1694/1410/3509 1701/1419/3510 1693/1408/3511
f 1695/1412/3512 1702/1420/3513 1694/1410/3514
f 1696/1414/3515 1703/1421/3516 1695/1412/3517
f 1697/1416/3518 1704/1422/3519 1696/1414/3520
f 1698/1423/3521 1705/1424/3522 1697/1416/3523
f 1699/1418/3524 1708/1425/3525 1707/1426/3526
f 1700/1417/3527 1709/1427/3528 1708/1425/3529
f 1702/1420/3530 1709/1427/3531 1701/1419/3532
f 1703/1421/3533 1710/1428/3534 1702/1420/3535
f 1704/1422/3536 1711/1429/3537 1703/1421/3538
f 1705/1424/3539 1712/1430/3540 1704/1422/3541
f 1706/1431/3542 1713/1432/3543 1705/1424/3544
f 1707/1426/3545 1716/1433/3546 1715/1434/3547
f 1708/1425/3548 1717/1435/3549 1716/1433/3550
f 1709/1427/3551 1718/1436/3552 1717/1435/3553
f 1711/1429/3554 1718/1436/3555 1710/1428/3556
f 1712/1430/3557 1719/1437/3558 1711/1429/3559
f 1713/1432/3560 1720/1438/3561 1712/1430/3562
f 1714/1439/3563 1721/1440/3564 1713/1432/3565
f 1715/1434/3566 1724/1441/3567 1723/1442/3568
f 1716/1433/3569 1725/1443/3570 1724/1441/3571
f 1717/1435/3572 1726/1444/3573 1725/1443/3574
f 1718/1436/3575 1727/1445/3576 1726/1444/3577
f 1719/1437/3578 1728/1446/3579 1727/1445/3580
f 1721/1440/3581 1728/1446/3582 1720/1438/3583
f 1722/1447/3584 1729/1448/3585 1721/1440/3586
f 1723/1442/3587 1732/1449/3588 1731/1450/3589
f 1724/1441/3590 1733/1451/3591 1732/1449/3592
f 1725/1443/3593 1734/1452/3594 1733/1451/3595
f 1726/1444/3596 1735/1453/3597 1734/1452/3598
f 1727/1445/3599 1736/1454/3600 1735/1453/3601
f 1728/1446/3602 1737/1455/3603 1736/1454/3604
f 1730/1456/3605 1737/1455/3606 1729/1448/3607
f 1739/1457/3608 1748/1458/3609 1747/1459/3610
f 1740/1460/3611 1749/1461/3612 1748/1458/3613
f 1741/1462/3614 1750/1463/3615 1749/1461/3616
f 1742/1464/3617 1751/1465/3618 1750/1463/3619
f 1743/1466/3620 1752/1467/3621 1751/1465/3622
f 1744/1468/3623 1753/1469/3624 1752/1467/3625
f 1745/1470/3626 1754/1471/3627 1753/1469/3628
f 1747/1459/3629 1756/1472/3630 1755/1473/3631
f 1748/1458/3632 1757/1474/3633 1756/1472/3634
f 1749/1461/3635 1758/1475/3636 1757/1474/3637
f 1750/1463/3638 1759/1476/3639 1758/1475/3640
f 1751/1465/3641 1760/1477/3642 1759/1476/3643
f 1752/1467/3644 1761/1478/3645 1760/1477/3646
f 1753/1469/3647 1762/1479/3648 1761/1478/3649
f 1755/1473/3650 1764/1480/3651 1763/1481/3652
f 1756/1472/3653 1765/1482/3654 1764/1480/3655
f 1757/1474/3656 1766/1483/3657 1765/1482/3658
f 1758/1475/3659 1767/1484/3660 1766/1483/3661
f 1759/1476/3662 1768/1485/3663 1767/1484/3664
f 1760/1477/3665 1769/1486/3666 1768/1485/3667
f 1761/1478/3668 1770/1487/3669 1769/1486/3670
f 1763/1481/3671 1772/1488/3672 1771/1489/3673
f 1764/1480/3674 1773/1490/3675 1772/1488/3676
f 1765/1482/3677 1774/1491/3678 1773/1490/3679
f 1766/1483/3680 1775/1492/3681 1774/1491/3682
f 1767/1484/3683 1776/1493/3684 1775/1492/3685
f 1768/1485/3686 1777/1494/3687 1776/1493/3688
f 1769/1486/3689 1778/1495/3690 1777/1494/3691
f 1771/1489/3692 1780/1496/3693 1779/1497/3694
f 1772/1488/3695 1781/1498/3696 1780/1496/3697
f 1773/1490/3698 1782/1499/3699 1781/1498/3700
f 1774/1491/3701 1783/1500/3702 1782/1499/3703
f 1775/1492/3704 1784/1501/3705 1783/1500/3706
f 1776/1493/3707 1785/1502/3708 1784/1501/3709
f 1777/1494/3710 1786/1503/3711 1785/1502/3712
f 1779/1497/3713 1788/1504/3714 1787/1505/3715
f 1780/1496/3716 1789/1506/3717 1788/1504/3718
f 1781/1498/3719 1790/1507/3720 1789/1506/3721
f 1782/1499/3722 1791/1508/3723 1790/1507/3724
f 1783/1500/3725 1792/1509/3726 1791/1508/3727
f 1784/1501/3728 1793/1510/3729 1792/1509/3730
f 1785/1502/3731 1794/1511/3732 1793/1510/3733
f 1796/1512/3734 1803/1513/3735 1795/1514/3736
f 1797/1515/3737 1804/1516/3738 1796/1512/3739
f 1798/1517/3740 1805/1518/3741 1797/1515/3742
f 1799/1519/3743 1806/1520/3744 1798/1517/3745
f 1800/1521/3746 1807/1522/3747 1799/1519/3748
f 1801/1523/3749 1808/1524/3750 1800/1521/3751
f 1802/1525/3752 1809/1526/3753 1801/1523/3754
f 1804/1516/3755 1811/1527/3756 1803/1513/3757
f 1805/1518/3758 1812/1528/3759 1804/1516/3760
f 1806/1520/3761 1813/1529/3762 1805/1518/3763
f 1807/1522/3764 1814/1530/3765 1806/1520/3766
f 1808/1524/3767 1815/1531/3768 1807/1522/3769
f 1809/1526/3770 1816/1532/3771 1808/1524/3772
f 1810/1533/3773 1817/1534/3774 1809/1526/3775
f 1812/1528/3776 1819/1535/3777 1811/1527/3778
f 1813/1529/3779 1820/1536/3780 1812/1528/3781
f 1814/1530/3782 1821/1537/3783 1813/1529/3784
f 1815/1531/3785 1822/1538/3786 1814/1530/3787
f 1816/1532/3788 1823/1539/3789 1815/1531/3790
f 1817/1534/3791 1824/1540/3792 1816/1532/3793
f 1818/1541/3794 1825/1542/3795 1817/1534/3796
f 1820/1536/3797 1827/1543/3798 1819/1535/3799
f 1821/1537/3800 1828/1544/3801 1820/1536/3802
f 1822/1538/3803 1829/1545/3804 1821/1537/3805
f 1823/1539/3806 1830/1546/3807 1822/1538/3808
f 1824/1540/3809 1831/1547/3810 1823/1539/3811
f 1825/1542/3812 1832/1548/3813 1824/1540/3814
f 1826/1549/3815 1833/1550/3816 1825/1542/3817
f 1828/1544/3818 1835/1551/3819 1827/1543/3820
f 1829/1545/3821 1836/1552/3822 1828/1544/3823
f 1830/1546/3824 1837/1553/3825 1829/1545/3826
f 1831/1547/3827 1838/1554/3828 1830/1546/3829
f 1832/1548/3830 1839/1555/3831 1831/1547/3832
f 1833/1550/3833 1840/1556/3834 1832/1548/3835
f 1834/1557/3836 1841/1558/3837 1833/1550/3838
f 1836/1552/3839 1843/1559/3840 1835/1551/3841
f 1837/1553/3842 1844/1560/3843 1836/1552/3844
f 1838/1554/3845 1845/1561/3846 1837/1553/3847
f 1839/1555/3848 1846/1562/3849 1838/1554/3850
f 1840/1556/3851 1847/1563/3852 1839/1555/3853
f 1841/1558/3854 1848/1564/3855 1840/1556/3856
f 1842/1565/3857 1849/1566/3857 1841/1558/3857
f 1787/1505/3858 1698/1423/3859 1690/1415/3860
f 1788/1504/3861 1706/1431/3862 1698/1423/3863
f 1789/1506/3864 1714/1439/3865 1706/1431/3866
f 1790/1507/3867 1722/1447/3868 1714/1439/3869
f 1791/1508/3870 1730/1456/3871 1722/1447/3872
f 1792/1509/3873 1738/1567/3874 1730/1456/3875
f 1844/1560/3876 1746/1568/3877 1843/1559/3878
f 1845/1561/3879 1754/1471/3880 1844/1560/3881
f 1846/1562/3882 1762/1479/3883 1845/1561/3884
f 1847/1563/3885 1770/1487/3886 1846/1562/3887
f 1848/1564/3888 1778/1495/3889 1847/1563/3890
f 1849/1566/3891 1786/1503/3892 1848/1564/3893
f 1731/1450/3894 1810/1533/3895 1802/1525/3896
f 1732/1449/3897 1818/1541/3898 1810/1533/3899
f 1733/1451/3900 1826/1549/3901 1818/1541/3902
f 1734/1452/3903 1834/1557/3904 1826/1549/3905
f 1735/1453/3906 1842/1565/3907 1834/1557/3908
f 1736/1454/3909 1850/1569/3910 1842/1565/3911
f 1737/1455/3912 1682/1570/3913 1850/1569/3914
f 1793/1510/3915 1682/1570/3916 1738/1567/3917
f 1850/1569/3918 1794/1511/3918 1849/1566/3918
f 229/1571/3919 214/1387/3920 7/995/3921
f 230/1572/3922 1683/1404/3923 229/1571/3924
f 231/1573/3925 1684/1402/3926 230/1572/3927
f 232/1574/3928 1685/1405/3929 231/1573/3930
f 233/1575/3931 1686/1407/3932 232/1574/3933
f 234/1576/3934 1687/1409/3935 233/1575/3936
f 235/1577/3937 1688/1411/3938 234/1576/3939
f 236/1578/3940 1689/1413/3941 235/1577/3942
f 214/1387/3943 1691/1403/3944 215/1388/3945
f 215/1388/3946 1699/1418/3947 216/1389/3948
f 216/1389/3949 1707/1426/3950 217/1390/3951
f 217/1390/3952 1715/1434/3953 218/1391/3954
f 218/1391/3955 1723/1442/3956 219/1392/3957
f 219/1392/3958 1731/1450/3959 220/1393/3960
f 220/1393/3961 1802/1525/3962 221/1394/3963
f 9/1579/3964 1739/1457/3964 243/1580/3964
f 258/1581/3965 1740/1460/3965 1739/1457/3965
f 257/1582/3966 1741/1462/3967 1740/1460/3968
f 256/1583/3969 1742/1464/3970 1741/1462/3971
f 255/1584/3972 1743/1466/3973 1742/1464/3974
f 254/1585/3975 1744/1468/3976 1743/1466/3977
f 253/1586/3978 1745/1470/3979 1744/1468/3980
f 252/1587/3981 1746/1568/3982 1745/1470/3983
f 243/1580/3984 1747/1459/3985 242/1588/3986
f 242/1588/3987 1755/1473/3988 241/1589/3989
f 241/1589/3990 1763/1481/3991 240/1590/3992
f 240/1590/3993 1771/1489/3994 239/1591/3995
f 239/1591/3996 1779/1497/3997 238/1592/3998
f 238/1592/3999 1787/1505/4000 237/1593/4001
f 237/1593/4002 1690/1415/4003 236/1578/4004
f 228/1395/4005 244/1594/4006 8/1195/4007
f 227/1396/4008 1795/1514/4009 228/1395/4010
f 226/1397/4011 1796/1512/4012 227/1396/4013
f 225/1398/4014 1797/1515/4015 226/1397/4016
f 224/1399/4017 1798/1517/4018 225/1398/4019
f 223/1400/4020 1799/1519/4021 224/1399/4022
f 222/1401/4023 1800/1521/4024 223/1400/4025
f 221/1394/4026 1801/1523/4027 222/1401/4028
f 1795/1514/4029 245/1595/4030 244/1594/4031
f 1803/1513/4032 246/1596/4033 245/1595/4034
f 1811/1527/4035 247/1597/4036 246/1596/4037
f 1819/1535/4038 248/1598/4039 247/1597/4040
f 1827/1543/4041 249/1599/4042 248/1598/4043
f 1835/1551/4044 250/1600/4045 249/1599/4046
f 1843/1559/4047 251/1601/4048 250/1600/4049
f 1853/1602/4050 1860/1603/4051 1852/1604/4052
f 1854/1605/4053 1861/1606/4054 1853/1602/4055
f 1855/1607/4056 1862/1608/4057 1854/1605/4058
f 1856/1609/4059 1863/1610/4060 1855/1607/4061
f 1857/1611/4062 1864/1612/4062 1856/1609/4063
f 1858/1613/4064 1865/1614/4065 1857/1611/4066
f 1859/1615/4067 1866/1616/4068 1858/1613/4069
f 1861/1606/4070 1868/1617/4071 1860/1603/4072
f 1862/1608/4073 1869/1618/4074 1861/1606/4075
f 1863/1610/4076 1870/1619/4077 1862/1608/4078
f 1864/1612/4079 1871/1620/4080 1863/1610/4081
f 1865/1614/4082 1872/1621/4082 1864/1612/4083
f 1866/1616/4084 1873/1622/4084 1865/1614/4085
f 1867/1623/4086 1874/1624/4086 1866/1616/4087
f 1869/1618/4088 1876/1625/4089 1868/1617/4090
f 1870/1619/4091 1877/1626/4092 1869/1618/4093
f 1871/1620/4094 1878/1627/4095 1870/1619/4096
f 1872/1621/4097 1879/1628/4098 1871/1620/4099
f 1873/1622/4100 1880/1629/4101 1872/1621/4102
f 1874/1624/4103 1881/1630/4104 1873/1622/4105
f 1875/1631/4106 1882/1632/4107 1874/1624/4108
f 1877/1626/4109 1884/1633/4110 1876/1625/4111
f 1878/1627/4112 1885/1634/4113 1877/1626/4114
f 1879/1628/4115 1886/1635/4116 1878/1627/4117
f 1880/1629/4118 1887/1636/4119 1879/1628/4120
f 1881/1630/4121 1888/1637/4121 1880/1629/4122
f 1882/1632/4123 1889/1638/4123 1881/1630/4124
f 1883/1639/4125 1890/1640/4125 1882/1632/4126
f 1885/1634/4127 1892/1641/4128 1884/1633/4129
f 1886/1635/4130 1893/1642/4131 1885/1634/4132
f 1887/1636/4133 1894/1643/4133 1886/1635/4134
f 1888/1637/4135 1895/1644/4136 1887/1636/4137
f 1889/1638/4138 1896/1645/4138 1888/1637/4139
f 1890/1640/4140 1897/1646/4140 1889/1638/4141
f 1891/1647/4142 1898/1648/4142 1890/1640/4143
f 1893/1642/4144 1900/1649/4144 1892/1641/4144
f 1894/1643/4145 1901/1650/4145 1893/1642/4146
f 1895/1644/4147 1902/1651/4148 1894/1643/4147
f 1896/1645/4149 1903/1652/4150 1895/1644/4151
f 1897/1646/4152 1904/1653/4152 1896/1645/4152
f 1898/1648/4153 1905/1654/4153 1897/1646/4153
f 1899/1655/4154 1906/1656/4154 1898/1648/4154
f 1908/1657/4155 1917/1658/4155 1916/1659/4156
f 1909/1660/4157 1918/1661/4158 1917/1658/4159
f 1910/1662/4160 1919/1663/4161 1918/1661/4162
f 1911/1664/4163 1920/1665/4164 1919/1663/4165
f 1912/1666/4166 1921/1667/4167 1920/1665/4168
f 1913/1668/4169 1922/1669/4170 1921/1667/4171
f 1914/1670/4172 1923/1671/4173 1922/1669/4174
f 1916/1659/4175 1925/1672/4175 1924/1673/4176
f 1917/1658/4177 1926/1674/4178 1925/1672/4179
f 1918/1661/4180 1927/1675/4181 1926/1674/4182
f 1919/1663/4183 1928/1676/4184 1927/1675/4185
f 1920/1665/4186 1929/1677/4187 1928/1676/4188
f 1921/1667/4189 1930/1678/4190 1929/1677/4191
f 1922/1669/4192 1931/1679/4193 1930/1678/4194
f 1924/1673/4195 1933/1680/4196 1932/1681/4197
f 1925/1672/4198 1934/1682/4199 1933/1680/4200
f 1926/1674/4201 1935/1683/4202 1934/1682/4203
f 1927/1675/4204 1936/1684/4205 1935/1683/4206
f 1928/1676/4207 1937/1685/4208 1936/1684/4209
f 1929/1677/4210 1938/1686/4211 1937/1685/4212
f 1930/1678/4213 1939/1687/4214 1938/1686/4215
f 1932/1681/4216 1941/1688/4217 1940/1689/4218
f 1933/1680/4219 1942/1690/4220 1941/1688/4221
f 1934/1682/4200 1943/1691/4222 1942/1690/4223
f 1935/1683/4224 1944/1692/4225 1943/1691/4226
f 1936/1684/4227 1945/1693/4228 1944/1692/4229
f 1937/1685/4230 1946/1694/4231 1945/1693/4232
f 1938/1686/4233 1947/1695/4234 1946/1694/4235
f 1940/1689/4236 1949/1696/4237 1948/1697/4238
f 1941/1688/4239 1950/1698/4240 1949/1696/4241
f 1942/1690/4242 1951/1699/4243 1950/1698/4244
f 1943/1691/4245 1952/1700/4246 1951/1699/4247
f 1944/1692/4248 1953/1701/4249 1952/1700/4250
f 1945/1693/4251 1954/1702/4252 1953/1701/4253
f 1946/1694/4254 1955/1703/4255 1954/1702/4256
f 1948/1697/4257 1957/1704/4258 1956/1705/4259
f 1949/1696/4260 1958/1706/4261 1957/1704/4262
f 1950/1698/4263 1959/1707/4264 1958/1706/4265
f 1951/1699/4266 1960/1708/4267 1959/1707/4268
f 1952/1700/4269 1961/1709/4270 1960/1708/4271
f 1953/1701/4272 1962/1710/4273 1961/1709/4274
f 1954/1702/4275 1963/1711/4276 1962/1710/4277
f 1964/1712/4278 1973/1713/4279 1972/1714/4280
f 1965/1715/4281 1974/1716/4282 1973/1713/4283
f 1966/1717/4284 1975/1718/4285 1974/1716/4286
f 1967/1719/4287 1976/1720/4288 1975/1718/4289
f 1968/1721/4290 1977/1722/4291 1976/1720/4292
f 1969/1723/4293 1978/1724/4294 1977/1722/4295
f 1970/1725/4296 1979/1726/4297 1978/1724/4298
f 1973/1713/4299 1980/1727/4300 1972/1714/4301
f 1973/1713/4302 1982/1728/4303 1981/1729/4304
f 1974/1716/4305 1983/1730/4306 1982/1728/4307
f 1975/1718/4308 1984/1731/4309 1983/1730/4310
f 1976/1720/4311 1985/1732/4312 1984/1731/4313
f 1977/1722/4314 1986/1733/4315 1985/1732/4316
f 1978/1724/4317 1987/1734/4318 1986/1733/4319
f 1981/1729/4320 1988/1735/4321 1980/1727/4322
f 1982/1728/4323 1989/1736/4324 1981/1729/4325
f 1982/1728/4326 1991/1737/4327 1990/1738/4328
f 1983/1730/4329 1992/1739/4330 1991/1737/4331
f 1984/1731/4332 1993/1740/4333 1992/1739/4334
f 1985/1732/4335 1994/1741/4336 1993/1740/4337
f 1986/1733/4338 1995/1742/4339 1994/1741/4340
f 1989/1736/4341 1996/1743/4342 1988/1735/4343
f 1990/1738/4344 1997/1744/4345 1989/1736/4346
f 1991/1737/4347 1998/1745/4348 1990/1738/4349
f 1991/1737/4350 2000/1746/4351 1999/1747/4352
f 1992/1739/4353 2001/1748/4354 2000/1746/4355
f 1993/1740/4356 2002/1749/4357 2001/1748/4358
f 1994/1741/4359 2003/1750/4360 2002/1749/4361
f 1997/1744/4362 2004/1751/4363 1996/1743/4364
f 1998/1745/4365 2005/1752/4366 1997/1744/4367
f 1999/1747/4368 2006/1753/4369 1998/1745/4370
f 2000/1746/4371 2007/1754/4372 1999/1747/4373
f 2000/1746/4374 2009/1755/4375 2008/1756/4376
f 2001/1748/4377 2010/1757/4378 2009/1755/4379
f 2002/1749/4380 2011/1758/4381 2010/1757/4382
f 2005/1752/4383 2012/1759/4384 2004/1751/4385
f 2006/1753/4386 2013/1760/4387 2005/1752/4388
f 2007/1754/4389 2014/1761/4390 2006/1753/4391
f 2008/1756/4392 2015/1762/4393 2007/1754/4394
f 2009/1755/4395 2016/1763/4396 2008/1756/4397
f 2009/1755/4398 2018/1764/4399 2017/1765/4400
f 2010/1757/4401 2019/1766/4402 2018/1764/4403
f 1956/1705/4404 1867/1623/4405 1859/1615/4406
f 1957/1704/4407 1875/1631/4408 1867/1623/4409
f 1958/1706/4410 1883/1639/4411 1875/1631/4412
f 1959/1707/4413 1891/1647/4414 1883/1639/4415
f 1960/1708/4416 1899/1655/4417 1891/1647/4418
f 1961/1709/4419 1907/1767/4420 1899/1655/4421
f 2013/1760/4422 1915/1768/4423 2012/1759/4424
f 2014/1761/4425 1923/1671/4426 2013/1760/4427
f 2015/1762/4428 1931/1679/4429 2014/1761/4430
f 2016/1763/4431 1939/1687/4432 2015/1762/4433
f 2017/1765/4434 1947/1695/4435 2016/1763/4436
f 2018/1764/4437 1955/1703/4438 2017/1765/4439
f 1901/1650/4440 1971/1769/4441 1900/1649/4442
f 1902/1651/4443 1979/1726/4444 1901/1650/4445
f 1903/1652/4446 1987/1734/4447 1902/1651/4448
f 1904/1653/4449 1995/1742/4450 1903/1652/4451
f 1905/1654/4452 2003/1750/4453 1904/1653/4454
f 1906/1656/4455 2011/1758/4456 1905/1654/4457
f 1907/1767/4458 2019/1766/4459 1906/1656/4460
f 1962/1710/4461 1851/1770/4462 1907/1767/4463
f 2018/1764/4464 1851/1770/4465 1963/1711/4466
f 274/1771/4467 259/1772/4468 10/1773/4469
f 275/1774/4470 1852/1604/4471 274/1771/4472
f 276/1775/4473 1853/1602/4474 275/1774/4475
f 277/1776/4476 1854/1605/4477 276/1775/4478
f 278/1777/4479 1855/1607/4479 277/1776/4480
f 279/1778/4481 1856/1609/4482 278/1777/4483
f 280/1779/4484 1857/1611/4485 279/1778/4486
f 281/1780/4487 1858/1613/4488 280/1779/4489
f 1852/1604/4490 260/1781/4491 259/1772/4492
f 1860/1603/4493 261/1782/4494 260/1781/4495
f 1868/1617/4496 262/1783/4497 261/1782/4498
f 1876/1625/4499 263/1784/4500 262/1783/4501
f 1884/1633/4502 264/1785/4502 263/1784/4503
f 1892/1641/4504 265/1786/4505 264/1785/4506
f 1900/1649/4507 266/1787/4508 265/1786/4509
f 12/1788/4510 1908/1657/4510 288/1789/4510
f 303/1790/4511 1909/1660/4511 1908/1657/4512
f 302/1791/4513 1910/1662/4514 1909/1660/4515
f 301/1792/4516 1911/1664/4517 1910/1662/4518
f 300/1793/4519 1912/1666/4520 1911/1664/4521
f 299/1794/4522 1913/1668/4523 1912/1666/4524
f 298/1795/4525 1914/1670/4526 1913/1668/4527
f 297/1796/4528 1915/1768/4529 1914/1670/4530
f 288/1789/4531 1916/1659/4531 287/1797/4531
f 287/1797/4532 1924/1673/4533 286/1798/4532
f 286/1798/4534 1932/1681/4535 285/1799/4536
f 285/1799/4537 1940/1689/4537 284/1800/4538
f 284/1800/4539 1948/1697/4539 283/1801/4540
f 283/1801/4541 1956/1705/4542 282/1802/4543
f 282/1802/4544 1859/1615/4545 281/1780/4546
f 273/1803/4547 289/1804/4548 11/1805/4549
f 273/1803/4550 1965/1715/4551 1964/1712/4552
f 272/1806/4553 1966/1717/4554 1965/1715/4555
f 271/1807/4556 1967/1719/4557 1966/1717/4558
f 270/1808/4559 1968/1721/4560 1967/1719/4561
f 269/1809/4562 1969/1723/4563 1968/1721/4564
f 268/1810/4565 1970/1725/4566 1969/1723/4567
f 267/1811/4568 1971/1769/4569 1970/1725/4570
f 1964/1712/4571 290/1812/4572 289/1804/4573
f 1972/1714/4574 291/1813/4575 290/1812/4576
f 1980/1727/4577 292/1814/4578 291/1813/4579
f 1988/1735/4580 293/1815/4581 292/1814/4582
f 1996/1743/4583 294/1816/4584 293/1815/4585
f 2004/1751/4586 295/1817/4587 294/1816/4588
f 2012/1759/4589 296/1818/4590 295/1817/4591
f 2021/1819/4592 2030/1820/4593 2029/1821/4594
f 2022/1822/4595 2031/1823/4595 2030/1820/4596
f 2023/1824/4597 2032/1825/4598 2031/1823/4599
f 2024/1826/4600 2033/1827/4600 2032/1825/4600
f 2025/1828/4601 2034/1829/4602 2033/1827/4603
f 2026/1830/4604 2035/1831/4604 2034/1829/4605
f 2027/1832/4606 2036/1833/4607 2035/1831/4608
f 2029/1821/4609 2038/1834/4609 2037/1835/4609
f 2030/1820/4610 2039/1836/4610 2038/1834/4610
f 2031/1823/4611 2040/1837/4611 2039/1836/4611
f 2032/1825/4612 2041/1838/4612 2040/1837/4613
f 2033/1827/4614 2042/1839/4615 2041/1838/4616
f 2034/1829/4617 2043/1840/4618 2042/1839/4619
f 2035/1831/4620 2044/1841/4621 2043/1840/4622
f 2037/1835/4623 2046/1842/4624 2045/1843/4625
f 2038/1834/4626 2047/1844/4627 2046/1842/4628
f 2039/1836/4629 2048/1845/4630 2047/1844/4631
f 2040/1837/4632 2049/1846/4633 2048/1845/4634
f 2041/1838/4635 2050/1847/4636 2049/1846/4637
f 2042/1839/4638 2051/1848/4639 2050/1847/4640
f 2043/1840/4641 2052/1849/4642 2051/1848/4643
f 2045/1843/4644 2054/1850/4644 2053/1851/4645
f 2046/1842/4646 2055/1852/4647 2054/1850/4648
f 2047/1844/4649 2056/1853/4650 2055/1852/4651
f 2048/1845/4652 2057/1854/4653 2056/1853/4654
f 2049/1846/4655 2058/1855/4656 2057/1854/4657
f 2050/1847/4658 2059/1856/4659 2058/1855/4660
f 2051/1848/4661 2060/1857/4662 2059/1856/4663
f 2053/1851/4664 2062/1858/4665 2061/1859/4666
f 2054/1850/4667 2063/1860/4668 2062/1858/4669
f 2055/1852/4670 2064/1861/4671 2063/1860/4672
f 2056/1853/4673 2065/1862/4674 2064/1861/4675
f 2057/1854/4676 2066/1863/4677 2065/1862/4678
f 2058/1855/4679 2067/1864/4680 2066/1863/4681
f 2059/1856/4682 2068/1865/4683 2067/1864/4684
f 2061/1859/4685 2070/1866/4686 2069/1867/4687
f 2062/1858/4688 2071/1868/4689 2070/1866/4690
f 2063/1860/4691 2072/1869/4692 2071/1868/4693
f 2064/1861/4694 2073/1870/4695 2072/1869/4696
f 2065/1862/4697 2074/1871/4698 2073/1870/4699
f 2066/1863/4700 2075/1872/4701 2074/1871/4702
f 2067/1864/4703 2076/1873/4703 2075/1872/4704
f 2078/1874/4705 2085/1875/4706 2077/1876/4707
f 2079/1877/4708 2086/1878/4709 2078/1874/4710
f 2080/1879/4711 2087/1880/4712 2079/1877/4713
f 2081/1881/4714 2088/1882/4714 2080/1879/4715
f 2082/1883/4716 2089/1884/4716 2081/1881/4716
f 2083/1885/4717 2090/1886/4717 2082/1883/4718
f 2084/1887/4719 2091/1888/4720 2083/1885/4721
f 2086/1878/4722 2093/1889/4723 2085/1875/4724
f 2087/1880/4725 2094/1890/4725 2086/1878/4726
f 2088/1882/4727 2095/1891/4727 2087/1880/4728
f 2089/1884/4729 2096/1892/4730 2088/1882/4731
f 2090/1886/4732 2097/1893/4732 2089/1884/4732
f 2091/1888/4733 2098/1894/4733 2090/1886/4734
f 2092/1895/4735 2099/1896/4736 2091/1888/4737
f 2094/1890/4738 2101/1897/4739 2093/1889/4740
f 2095/1891/4741 2102/1898/4741 2094/1890/4742
f 2096/1892/4743 2103/1899/4743 2095/1891/4744
f 2097/1893/4745 2104/1900/4745 2096/1892/4746
f 2098/1894/4747 2105/1901/4748 2097/1893/4749
f 2099/1896/4750 2106/1902/4750 2098/1894/4750
f 2100/1903/4751 2107/1904/4752 2099/1896/4753
f 2102/1898/4754 2109/1905/4755 2101/1897/4756
f 2103/1899/4757 2110/1906/4758 2102/1898/4759
f 2104/1900/4760 2111/1907/4760 2103/1899/4761
f 2105/1901/4762 2112/1908/4762 2104/1900/4763
f 2106/1902/4764 2113/1909/4764 2105/1901/4765
f 2107/1904/4766 2114/1910/4766 2106/1902/4767
f 2108/1911/4768 2115/1912/4769 2107/1904/4770
f 2110/1906/4771 2117/1913/4772 2109/1905/4773
f 2111/1907/4774 2118/1914/4775 2110/1906/4776
f 2112/1908/4777 2119/1915/4777 2111/1907/4778
f 2113/1909/4779 2120/1916/4779 2112/1908/4780
f 2114/1910/4781 2121/1917/4781 2113/1909/4782
f 2115/1912/4783 2122/1918/4783 2114/1910/4783
f 2116/1919/4784 2123/1920/4785 2115/1912/4786
f 2118/1914/4787 2125/1921/4788 2117/1913/4789
f 2119/1915/4790 2126/1922/4791 2118/1914/4792
f 2120/1916/4793 2127/1923/4794 2119/1915/4795
f 2121/1917/4796 2128/1924/4796 2120/1916/4797
f 2122/1918/4798 2129/1925/4798 2121/1917/4799
f 2123/1920/4800 2130/1926/4800 2122/1918/4801
f 2124/1927/4802 2131/1928/4802 2123/1920/4802
f 2133/1929/4803 2142/1930/4804 2141/1931/4805
f 2134/1932/4806 2143/1933/4807 2142/1930/4808
f 2136/1934/4809 2143/1933/4810 2135/1935/4811
f 2137/1936/4812 2144/1937/4813 2136/1934/4814
f 2138/1938/4815 2145/1939/4816 2137/1936/4817
f 2139/1940/4818 2146/1941/4819 2138/1938/4820
f 2140/1942/4821 2147/1943/4822 2139/1940/4823
f 2141/1931/4824 2150/1944/4825 2149/1945/4826
f 2142/1930/4827 2151/1946/4828 2150/1944/4829
f 2143/1933/4830 2152/1947/4831 2151/1946/4832
f 2144/1937/4833 2153/1948/4834 2152/1947/4835
f 2145/1939/4836 2154/1949/4837 2153/1948/4838
f 2146/1941/4839 2155/1950/4840 2154/1949/4841
f 2148/1951/4842 2155/1950/4843 2147/1943/4844
f 2149/1945/4845 2158/1952/4846 2157/1953/4847
f 2150/1944/4848 2159/1954/4849 2158/1952/4850
f 2151/1946/4851 2160/1955/4852 2159/1954/4853
f 2152/1947/4854 2161/1956/4855 2160/1955/4856
f 2153/1948/4857 2162/1957/4858 2161/1956/4859
f 2154/1949/4860 2163/1958/4861 2162/1957/4862
f 2156/1959/4863 2163/1958/4864 2155/1950/4865
f 2157/1953/4866 2166/1960/4867 2165/1961/4868
f 2158/1952/4869 2167/1962/4870 2166/1960/4871
f 2159/1954/4872 2168/1963/4873 2167/1962/4874
f 2160/1955/4875 2169/1964/4876 2168/1963/4877
f 2161/1956/4878 2170/1965/4879 2169/1964/4880
f 2162/1957/4881 2171/1966/4882 2170/1965/4883
f 2163/1958/4884 2172/1967/4885 2171/1966/4886
f 2165/1961/4887 2174/1968/4888 2173/1969/4889
f 2166/1960/4890 2175/1970/4891 2174/1968/4892
f 2167/1962/4893 2176/1971/4894 2175/1970/4895
f 2168/1963/4896 2177/1972/4897 2176/1971/4898
f 2169/1964/4899 2178/1973/4900 2177/1972/4901
f 2170/1965/4902 2179/1974/4903 2178/1973/4904
f 2171/1966/4905 2180/1975/4906 2179/1974/4907
f 2173/1969/4908 2182/1976/4909 2181/1977/4910
f 2174/1968/4911 2183/1978/4912 2182/1976/4913
f 2175/1970/4914 2184/1979/4915 2183/1978/4916
f 2176/1971/4917 2185/1980/4918 2184/1979/4919
f 2177/1972/4920 2186/1981/4921 2185/1980/4922
f 2178/1973/4923 2187/1982/4924 2186/1981/4925
f 2179/1974/4926 2188/1983/4927 2187/1982/4928
f 2126/1922/4929 2028/1984/4930 2125/1921/4931
f 2127/1923/4932 2036/1833/4933 2126/1922/4934
f 2128/1924/4935 2044/1841/4936 2127/1923/4937
f 2129/1925/4938 2052/1849/4939 2128/1924/4940
f 2130/1926/4941 2060/1857/4941 2129/1925/4942
f 2131/1928/4943 2068/1865/4943 2130/1926/4943
f 2181/1977/4944 2092/1895/4945 2084/1887/4946
f 2182/1976/4947 2100/1903/4948 2092/1895/4949
f 2183/1978/4950 2108/1911/4951 2100/1903/4952
f 2184/1979/4953 2116/1919/4954 2108/1911/4955
f 2185/1980/4956 2124/1927/4957 2116/1919/4958
f 2186/1981/4959 2132/1985/4960 2124/1927/4961
f 2069/1867/4962 2148/1951/4963 2140/1942/4964
f 2070/1866/4965 2156/1959/4966 2148/1951/4967
f 2071/1868/4968 2164/1986/4969 2156/1959/4970
f 2072/1869/4971 2172/1967/4972 2164/1986/4973
f 2073/1870/4974 2180/1975/4975 2172/1967/4976
f 2074/1871/4977 2188/1983/4978 2180/1975/4979
f 2075/1872/4980 2020/1987/4980 2188/1983/4981
f 2132/1985/4982 2076/1873/4983 2131/1928/4984
f 2187/1982/4985 2020/1987/4986 2132/1985/4987
f 259/1772/4988 304/1988/4989 10/1773/4990
f 259/1772/4991 2022/1822/4992 2021/1819/4993
f 260/1781/4994 2023/1824/4995 2022/1822/4996
f 261/1782/4997 2024/1826/4998 2023/1824/4999
f 262/1783/5000 2025/1828/5001 2024/1826/5002
f 263/1784/5003 2026/1830/5003 2025/1828/5003
f 264/1785/5004 2027/1832/5004 2026/1830/5005
f 265/1786/5006 2028/1984/5007 2027/1832/5008
f 2021/1819/5009 305/1989/5009 304/1988/5009
f 2029/1821/5010 306/1990/5010 305/1989/5011
f 306/1990/5012 2045/1843/5012 307/1991/5013
f 307/1991/5014 2053/1851/5015 308/1992/5016
f 308/1992/5017 2061/1859/5018 309/1993/5019
f 309/1993/5020 2069/1867/5021 310/1994/5022
f 310/1994/5023 2140/1942/5024 311/1995/5025
f 319/1996/5026 273/1803/5027 11/1805/5028
f 320/1997/5029 2077/1876/5030 319/1996/5031
f 321/1998/5032 2078/1874/5033 320/1997/5034
f 322/1999/5035 2079/1877/5035 321/1998/5036
f 323/2000/5037 2080/1879/5037 322/1999/5037
f 324/2001/5038 2081/1881/5038 323/2000/5038
f 325/2002/5039 2082/1883/5040 324/2001/5041
f 326/2003/5042 2083/1885/5043 325/2002/5044
f 2077/1876/5045 272/1806/5046 273/1803/5047
f 2085/1875/5048 271/1807/5049 272/1806/5050
f 2093/1889/5051 270/1808/5052 271/1807/5053
f 2101/1897/5054 269/1809/5055 270/1808/5056
f 2109/1905/5057 268/1810/5058 269/1809/5059
f 2117/1913/5060 267/1811/5061 268/1810/5062
f 2125/1921/5063 266/1787/5064 267/1811/5065
f 318/2004/5066 333/2005/5067 13/2006/5068
f 317/2007/5069 2133/1929/5070 318/2004/5071
f 316/2008/5072 2134/1932/5073 317/2007/5074
f 315/2009/5075 2135/1935/5076 316/2008/5077
f 314/2010/5078 2136/1934/5079 315/2009/5080
f 313/2011/5081 2137/1936/5082 314/2010/5083
f 312/2012/5084 2138/1938/5085 313/2011/5086
f 311/1995/5087 2139/1940/5088 312/2012/5089
f 333/2005/5090 2141/1931/5091 332/2013/5092
f 332/2013/5093 2149/1945/5094 331/2014/5095
f 331/2014/5096 2157/1953/5097 330/2015/5098
f 330/2015/5099 2165/1961/5100 329/2016/5101
f 329/2016/5102 2173/1969/5103 328/2017/5104
f 328/2017/5105 2181/1977/5106 327/2018/5107
f 327/2018/5108 2084/1887/5109 326/2003/5110
f 2191/2019/5111 2198/2020/5111 2190/2021/5111
f 2192/2022/5112 2199/2023/5112 2191/2019/5113
f 2193/2024/5114 2200/2025/5114 2192/2022/5115
f 2194/2026/5116 2201/2027/5116 2193/2024/5117
f 2195/2028/5118 2202/2029/5119 2194/2026/5120
f 2196/2030/5121 2203/2031/5122 2195/2028/5123
f 2197/2032/5124 2204/2033/5125 2196/2030/5126
f 2199/2023/5127 2206/2034/5127 2198/2020/5127
f 2200/2025/5128 2207/2035/5128 2199/2023/5128
f 2201/2027/5129 2208/2036/5129 2200/2025/5130
f 2202/2029/5131 2209/2037/5131 2201/2027/5132
f 2203/2031/5133 2210/2038/5133 2202/2029/5134
f 2204/2033/5135 2211/2039/5135 2203/2031/5136
f 2205/2040/5137 2212/2041/5137 2204/2033/5138
f 2207/2035/5139 2214/2042/5139 2206/2034/5139
f 2208/2036/5140 2215/2043/5140 2207/2035/5140
f 2209/2037/5141 2216/2044/5141 2208/2036/5142
f 2210/2038/5143 2217/2045/5143 2209/2037/5144
f 2211/2039/5145 2218/2046/5145 2210/2038/5146
f 2212/2041/5147 2219/2047/5147 2211/2039/5148
f 2213/2048/5149 2220/2049/5149 2212/2041/5150
f 2215/2043/5151 2222/2050/5151 2214/2042/5151
f 2216/2044/5152 2223/2051/5152 2215/2043/5152
f 2217/2045/5153 2224/2052/5153 2216/2044/5153
f 2218/2046/5154 2225/2053/5154 2217/2045/5154
f 2219/2047/5155 2226/2054/5155 2218/2046/5156
f 2220/2049/5157 2227/2055/5157 2219/2047/5158
f 2221/2056/5159 2228/2057/5160 2220/2049/5161
f 2223/2051/5162 2230/2058/5162 2222/2050/5163
f 2224/2052/5164 2231/2059/5164 2223/2051/5165
f 2225/2053/5166 2232/2060/5166 2224/2052/5167
f 2226/2054/5168 2233/2061/5168 2225/2053/5168
f 2227/2055/5169 2234/2062/5169 2226/2054/5170
f 2228/2057/5171 2235/2063/5171 2227/2055/5172
f 2229/2064/5173 2236/2065/5173 2228/2057/5174
f 2231/2059/5175 2238/2066/5175 2230/2058/5176
f 2232/2060/5177 2239/2067/5177 2231/2059/5178
f 2233/2061/5179 2240/2068/5179 2232/2060/5180
f 2234/2062/5181 2241/2069/5181 2233/2061/5182
f 2235/2063/5183 2242/2070/5183 2234/2062/5184
f 2236/2065/5185 2243/2071/5185 2235/2063/5185
f 2237/2072/5186 2244/2073/5186 2236/2065/5187
f 2247/2074/5188 2254/2075/5189 2246/2076/5190
f 2248/2077/5191 2255/2078/5192 2247/2074/5193
f 2248/2077/5194 2257/2079/5195 2256/2080/5196
f 2249/2081/5197 2258/2082/5198 2257/2079/5199
f 2250/2083/5200 2259/2084/5201 2258/2082/5202
f 2251/2085/5203 2260/2086/5204 2259/2084/5205
f 2253/2087/5206 2260/2086/5207 2252/2088/5208
f 2255/2078/5209 2262/2089/5210 2254/2075/5211
f 2256/2080/5212 2263/2090/5213 2255/2078/5214
f 2257/2079/5215 2264/2091/5216 2256/2080/5217
f 2257/2079/5218 2266/2092/5219 2265/2093/5220
f 2258/2082/5221 2267/2094/5222 2266/2092/5223
f 2259/2084/5224 2268/2095/5225 2267/2094/5226
f 2260/2086/5227 2269/2096/5228 2268/2095/5229
f 2263/2090/5230 2270/2097/5231 2262/2089/5232
f 2264/2091/5233 2271/2098/5234 2263/2090/5235
f 2264/2091/5236 2273/2099/5237 2272/2100/5238
f 2265/2093/5239 2274/2101/5240 2273/2099/5241
f 2266/2092/5242 2275/2102/5243 2274/2101/5244
f 2267/2094/5245 2276/2103/5246 2275/2102/5247
f 2268/2095/5248 2277/2104/5249 2276/2103/5250
f 2271/2098/5251 2278/2105/5252 2270/2097/5253
f 2271/2098/5254 2280/2106/5255 2279/2107/5256
f 2272/2100/5257 2281/2108/5258 2280/2106/5259
f 2273/2099/5260 2282/2109/5261 2281/2108/5262
f 2274/2101/5263 2283/2110/5264 2282/2109/5265
f 2275/2102/5266 2284/2111/5267 2283/2110/5268
f 2276/2103/5269 2285/2112/5270 2284/2111/5271
f 2278/2105/5272 2287/2113/5273 2286/2114/5274
f 2279/2107/5275 2288/2115/5276 2287/2113/5277
f 2280/2106/5278 2289/2116/5279 2288/2115/5280
f 2281/2108/5281 2290/2117/5282 2289/2116/5283
f 2282/2109/5284 2291/2118/5285 2290/2117/5286
f 2283/2110/5287 2292/2119/5288 2291/2118/5289
f 2284/2111/5290 2293/2120/5291 2292/2119/5292
f 2286/2114/5293 2295/2121/5294 2294/2122/5295
f 2287/2113/5296 2296/2123/5297 2295/2121/5298
f 2288/2115/5299 2297/2124/5300 2296/2123/5301
f 2289/2116/5302 2298/2125/5303 2297/2124/5304
f 2290/2117/5305 2299/2126/5306 2298/2125/5307
f 2291/2118/5308 2300/2127/5309 2299/2126/5310
f 2292/2119/5311 2301/2128/5312 2300/2127/5313
f 2302/2129/5314 2311/2130/5315 2310/2131/5316
f 2303/2132/5317 2312/2133/5318 2311/2130/5319
f 2304/2134/5320 2313/2135/5321 2312/2133/5322
f 2305/2136/5323 2314/2137/5324 2313/2135/5325
f 2306/2138/5326 2315/2139/5327 2314/2137/5328
f 2307/2140/5329 2316/2141/5330 2315/2139/5331
f 2308/2142/5332 2317/2143/5333 2316/2141/5334
f 2310/2131/5335 2319/2144/5336 2318/2145/5337
f 2311/2130/5338 2320/2146/5339 2319/2144/5340
f 2312/2133/5341 2321/2147/5342 2320/2146/5343
f 2313/2135/5344 2322/2148/5345 2321/2147/5346
f 2314/2137/5347 2323/2149/5348 2322/2148/5349
f 2315/2139/5350 2324/2150/5351 2323/2149/5352
f 2316/2141/5353 2325/2151/5354 2324/2150/5355
f 2318/2145/5356 2327/2152/5357 2326/2153/5358
f 2319/2144/5359 2328/2154/5360 2327/2152/5361
f 2320/2146/5362 2329/2155/5363 2328/2154/5364
f 2321/2147/5365 2330/2156/5366 2329/2155/5367
f 2322/2148/5368 2331/2157/5369 2330/2156/5370
f 2323/2149/5371 2332/2158/5372 2331/2157/5373
f 2324/2150/5374 2333/2159/5375 2332/2158/5376
f 2326/2153/5377 2335/2160/5378 2334/2161/5379
f 2327/2152/5380 2336/2162/5381 2335/2160/5382
f 2328/2154/5383 2337/2163/5384 2336/2162/5385
f 2329/2155/5386 2338/2164/5387 2337/2163/5388
f 2330/2156/5389 2339/2165/5390 2338/2164/5391
f 2331/2157/5392 2340/2166/5393 2339/2165/5394
f 2332/2158/5395 2341/2167/5396 2340/2166/5397
f 2334/2161/5398 2343/2168/5399 2342/2169/5400
f 2335/2160/5401 2344/2170/5402 2343/2168/5403
f 2336/2162/5404 2345/2171/5405 2344/2170/5406
f 2337/2163/5407 2346/2172/5408 2345/2171/5409
f 2338/2164/5410 2347/2173/5411 2346/2172/5412
f 2339/2165/5413 2348/2174/5414 2347/2173/5415
f 2340/2166/5416 2349/2175/5417 2348/2174/5418
f 2342/2169/5419 2351/2176/5420 2350/2177/5421
f 2343/2168/5422 2352/2178/5423 2351/2176/5424
f 2344/2170/5425 2353/2179/5426 2352/2178/5427
f 2345/2171/5428 2354/2180/5429 2353/2179/5430
f 2346/2172/5431 2355/2181/5432 2354/2180/5433
f 2347/2173/5434 2356/2182/5435 2355/2181/5436
f 2348/2174/5437 2357/2183/5438 2356/2182/5439
f 2294/2122/5440 2205/2040/5441 2197/2032/5442
f 2295/2121/5443 2213/2048/5444 2205/2040/5445
f 2296/2123/5446 2221/2056/5447 2213/2048/5448
f 2297/2124/5449 2229/2064/5450 2221/2056/5451
f 2298/2125/5452 2237/2072/5452 2229/2064/5453
f 2299/2126/5454 2245/2184/5454 2237/2072/5455
f 2350/2177/5456 2261/2185/5457 2253/2087/5458
f 2352/2178/5459 2261/2185/5460 2351/2176/5461
f 2353/2179/5462 2269/2096/5463 2352/2178/5464
f 2354/2180/5465 2277/2104/5466 2353/2179/5467
f 2355/2181/5468 2285/2112/5469 2354/2180/5470
f 2355/2181/5471 2301/2128/5472 2293/2120/5473
f 2239/2067/5474 2309/2186/5474 2238/2066/5475
f 2240/2068/5476 2317/2143/5477 2239/2067/5478
f 2241/2069/5479 2325/2151/5479 2240/2068/5480
f 2242/2070/5481 2333/2159/5482 2241/2069/5483
f 2243/2071/5484 2341/2167/5485 2242/2070/5486
f 2244/2073/5487 2349/2175/5487 2243/2071/5488
f 2245/2184/5489 2357/2183/5490 2244/2073/5491
f 2300/2127/5492 2189/2187/5493 2245/2184/5494
f 2356/2182/5495 2189/2187/5496 2301/2128/5497
f 363/2188/5498 348/2189/5498 14/2190/5498
f 362/2191/5499 2190/2021/5499 363/2188/5500
f 361/2192/5501 2191/2019/5501 362/2191/5502
f 360/2193/5503 2192/2022/5503 361/2192/5504
f 359/2194/5505 2193/2024/5505 360/2193/5506
f 358/2195/5507 2194/2026/5508 359/2194/5509
f 357/2196/5510 2195/2028/5510 358/2195/5511
f 356/2197/5512 2196/2030/5513 357/2196/5514
f 2190/2021/5515 347/2198/5515 348/2189/5515
f 2198/2020/5516 346/2199/5516 347/2198/5516
f 2206/2034/5517 345/2200/5517 346/2199/5517
f 2214/2042/5518 344/2201/5518 345/2200/5518
f 2222/2050/5519 343/2202/5519 344/2201/5519
f 2230/2058/5520 342/2203/5520 343/2202/5521
f 2238/2066/5522 341/2204/5523 342/2203/5524
f 304/1988/5525 349/2205/5526 10/1773/5527
f 305/1989/5528 2246/2076/5529 304/1988/5530
f 305/1989/5531 2248/2077/5532 2247/2074/5533
f 306/1990/5534 2249/2081/5535 2248/2077/5536
f 308/1992/5537 2249/2081/5538 307/1991/5539
f 309/1993/5540 2250/2083/5541 308/1992/5542
f 310/1994/5543 2251/2085/5544 309/1993/5545
f 311/1995/5546 2252/2088/5547 310/1994/5548
f 2246/2076/5549 350/2206/5550 349/2205/5551
f 2254/2075/5552 351/2207/5553 350/2206/5554
f 2262/2089/5555 352/2208/5556 351/2207/5557
f 2270/2097/5558 353/2209/5559 352/2208/5560
f 2278/2105/5561 354/2210/5562 353/2209/5563
f 354/2210/5564 2294/2122/5565 355/2211/5566
f 355/2211/5567 2197/2032/5568 356/2197/5569
f 13/2006/5570 2302/2129/5571 318/2004/5572
f 334/2212/5573 2303/2132/5574 2302/2129/5575
f 335/2213/5576 2304/2134/5577 2303/2132/5578
f 336/2214/5579 2305/2136/5580 2304/2134/5581
f 337/2215/5582 2306/2138/5583 2305/2136/5584
f 338/2216/5585 2307/2140/5586 2306/2138/5587
f 339/2217/5588 2308/2142/5589 2307/2140/5590
f 340/2218/5591 2309/2186/5592 2308/2142/5593
f 318/2004/5594 2310/2131/5595 317/2007/5596
f 317/2007/5597 2318/2145/5598 316/2008/5599
f 316/2008/5600 2326/2153/5601 315/2009/5602
f 315/2009/5603 2334/2161/5604 314/2010/5605
f 314/2010/5606 2342/2169/5607 313/2011/5608
f 313/2011/5609 2350/2177/5610 312/2012/5611
f 312/2012/5612 2253/2087/5613 311/1995/5614
f 2360/2219/5615 2367/2220/5616 2359/2221/5617
f 2361/2222/5618 2368/2223/5619 2360/2219/5620
f 2362/2224/5621 2369/2225/5622 2361/2222/5623
f 2363/2226/5624 2370/2227/5625 2362/2224/5626
f 2364/2228/5627 2371/2229/5628 2363/2226/5629
f 2365/2230/5630 2372/2231/5630 2364/2228/5630
f 2366/2232/5631 2373/2233/5631 2365/2230/5632
f 2368/2223/5633 2375/2234/5634 2367/2220/5635
f 2369/2225/5636 2376/2235/5637 2368/2223/5638
f 2370/2227/5639 2377/2236/5639 2369/2225/5640
f 2371/2229/5641 2378/2237/5642 2370/2227/5643
f 2372/2231/5644 2379/2238/5645 2371/2229/5646
f 2373/2233/5647 2380/2239/5647 2372/2231/5648
f 2374/2240/5649 2381/2241/5649 2373/2233/5649
f 2376/2235/5650 2383/2242/5651 2375/2234/5652
f 2377/2236/5653 2384/2243/5654 2376/2235/5655
f 2378/2237/5656 2385/2244/5657 2377/2236/5658
f 2379/2238/5659 2386/2245/5660 2378/2237/5661
f 2380/2239/5662 2387/2246/5663 2379/2238/5664
f 2381/2241/5665 2388/2247/5666 2380/2239/5667
f 2382/2248/5668 2389/2249/5669 2381/2241/5669
f 2384/2243/5670 2391/2250/5671 2383/2242/5672
f 2385/2244/5673 2392/2251/5674 2384/2243/5675
f 2386/2245/5676 2393/2252/5677 2385/2244/5678
f 2387/2246/5679 2394/2253/5679 2386/2245/5680
f 2388/2247/5681 2395/2254/5681 2387/2246/5682
f 2389/2249/5683 2396/2255/5684 2388/2247/5685
f 2390/2256/5686 2397/2257/5686 2389/2249/5686
f 2392/2251/5687 2399/2258/5688 2391/2250/5689
f 2393/2252/5690 2400/2259/5691 2392/2251/5692
f 2394/2253/5693 2401/2260/5694 2393/2252/5695
f 2395/2254/5696 2402/2261/5696 2394/2253/5697
f 2396/2255/5698 2403/2262/5698 2395/2254/5699
f 2397/2257/5700 2404/2263/5701 2396/2255/5702
f 2398/2264/5703 2405/2265/5703 2397/2257/5704
f 2400/2259/5705 2407/2266/5706 2399/2258/5707
f 2401/2260/5708 2408/2267/5709 2400/2259/5710
f 2402/2261/5711 2409/2268/5712 2401/2260/5713
f 2403/2262/5714 2410/2269/5715 2402/2261/5716
f 2404/2263/5717 2411/2270/5718 2403/2262/5719
f 2405/2265/5720 2412/2271/5720 2404/2263/5721
f 2406/2272/5722 2413/2273/5723 2405/2265/5724
f 2415/2274/5725 2424/2275/5726 2423/2276/5727
f 2416/2277/5728 2425/2278/5729 2424/2275/5730
f 2417/2279/5731 2426/2280/5732 2425/2278/5733
f 2418/2281/5734 2427/2282/5735 2426/2280/5736
f 2419/2283/5737 2428/2284/5738 2427/2282/5739
f 2421/2285/5740 2428/2284/5741 2420/2286/5742
f 2422/2287/5743 2429/2288/5744 2421/2285/5745
f 2423/2276/5746 2432/2289/5747 2431/2290/5748
f 2424/2275/5749 2433/2291/5750 2432/2289/5751
f 2425/2278/5752 2434/2292/5753 2433/2291/5754
f 2426/2280/5755 2435/2293/5756 2434/2292/5757
f 2427/2282/5758 2436/2294/5759 2435/2293/5760
f 2428/2284/5761 2437/2295/5762 2436/2294/5763
f 2430/2296/5764 2437/2295/5765 2429/2288/5766
f 2431/2290/5767 2440/2297/5768 2439/2298/5769
f 2432/2289/5770 2441/2299/5771 2440/2297/5772
f 2433/2291/5773 2442/2300/5774 2441/2299/5775
f 2434/2292/5776 2443/2301/5777 2442/2300/5778
f 2435/2293/5779 2444/2302/5780 2443/2301/5781
f 2436/2294/5782 2445/2303/5783 2444/2302/5784
f 2437/2295/5785 2446/2304/5786 2445/2303/5787
f 2439/2298/5788 2448/2305/5789 2447/2306/5790
f 2440/2297/5791 2449/2307/5792 2448/2305/5793
f 2441/2299/5794 2450/2308/5795 2449/2307/5796
f 2442/2300/5797 2451/2309/5798 2450/2308/5799
f 2443/2301/5800 2452/2310/5801 2451/2309/5802
f 2444/2302/5803 2453/2311/5804 2452/2310/5805
f 2445/2303/5806 2454/2312/5807 2453/2311/5808
f 2447/2306/5809 2456/2313/5810 2455/2314/5811
f 2448/2305/5812 2457/2315/5813 2456/2313/5814
f 2449/2307/5815 2458/2316/5816 2457/2315/5817
f 2450/2308/5818 2459/2317/5819 2458/2316/5820
f 2451/2309/5821 2460/2318/5822 2459/2317/5823
f 2452/2310/5824 2461/2319/5825 2460/2318/5826
f 2453/2311/5827 2462/2320/5828 2461/2319/5829
f 2455/2314/5830 2464/2321/5831 2463/2322/5832
f 2456/2313/5833 2465/2323/5834 2464/2321/5835
f 2457/2315/5836 2466/2324/5837 2465/2323/5838
f 2458/2316/5839 2467/2325/5840 2466/2324/5841
f 2459/2317/5842 2468/2326/5843 2467/2325/5844
f 2460/2318/5845 2469/2327/5846 2468/2326/5847
f 2461/2319/5848 2470/2328/5849 2469/2327/5850
f 2471/2329/5851 2480/2330/5851 2479/2331/5851
f 2472/2332/5852 2481/2333/5852 2480/2330/5852
f 2473/2334/5853 2482/2335/5854 2481/2333/5855
f 2474/2336/5856 2483/2337/5857 2482/2335/5858
f 2475/2338/5859 2484/2339/5860 2483/2337/5861
f 2476/2340/5862 2485/2341/5863 2484/2339/5864
f 2477/2342/5865 2486/2343/5866 2485/2341/5867
f 2479/2331/5868 2488/2344/5868 2487/2345/5868
f 2480/2330/5869 2489/2346/5869 2488/2344/5869
f 2481/2333/5870 2490/2347/5870 2489/2346/5871
f 2482/2335/5872 2491/2348/5872 2490/2347/5873
f 2483/2337/5874 2492/2349/5875 2491/2348/5876
f 2484/2339/5877 2493/2350/5878 2492/2349/5879
f 2485/2341/5880 2494/2351/5881 2493/2350/5882
f 2487/2345/5883 2496/2352/5883 2495/2353/5883
f 2488/2344/5884 2497/2354/5884 2496/2352/5884
f 2489/2346/5885 2498/2355/5885 2497/2354/5885
f 2490/2347/5886 2499/2356/5887 2498/2355/5888
f 2491/2348/5889 2500/2357/5890 2499/2356/5891
f 2492/2349/5892 2501/2358/5893 2500/2357/5894
f 2493/2350/5895 2502/2359/5896 2501/2358/5897
f 2495/2353/5898 2504/2360/5898 2503/2361/5898
f 2496/2352/5899 2505/2362/5899 2504/2360/5900
f 2497/2354/5901 2506/2363/5901 2505/2362/5902
f 2498/2355/5903 2507/2364/5903 2506/2363/5904
f 2499/2356/5905 2508/2365/5906 2507/2364/5907
f 2500/2357/5908 2509/2366/5909 2508/2365/5910
f 2501/2358/5911 2510/2367/5912 2509/2366/5913
f 2503/2361/5914 2512/2368/5914 2511/2369/5915
f 2504/2360/5916 2513/2370/5916 2512/2368/5917
f 2505/2362/5918 2514/2371/5918 2513/2370/5919
f 2506/2363/5920 2515/2372/5921 2514/2371/5922
f 2507/2364/5923 2516/2373/5924 2515/2372/5925
f 2508/2365/5926 2517/2374/5927 2516/2373/5928
f 2509/2366/5929 2518/2375/5930 2517/2374/5931
f 2511/2369/5932 2520/2376/5932 2519/2377/5933
f 2512/2368/5934 2521/2378/5935 2520/2376/5936
f 2513/2370/5937 2522/2379/5938 2521/2378/5939
f 2514/2371/5940 2523/2380/5941 2522/2379/5942
f 2515/2372/5943 2524/2381/5944 2523/2380/5945
f 2516/2373/5946 2525/2382/5947 2524/2381/5948
f 2517/2374/5949 2526/2383/5950 2525/2382/5951
f 2463/2322/5952 2374/2240/5953 2366/2232/5954
f 2464/2321/5955 2382/2248/5956 2374/2240/5957
f 2465/2323/5958 2390/2256/5959 2382/2248/5960
f 2466/2324/5961 2398/2264/5961 2390/2256/5962
f 2467/2325/5963 2406/2272/5963 2398/2264/5964
f 2468/2326/5965 2414/2384/5966 2406/2272/5967
f 2519/2377/5968 2430/2296/5969 2422/2287/5970
f 2520/2376/5971 2438/2385/5972 2430/2296/5973
f 2521/2378/5974 2446/2304/5975 2438/2385/5976
f 2522/2379/5977 2454/2312/5978 2446/2304/5979
f 2523/2380/5980 2462/2320/5981 2454/2312/5982
f 2524/2381/5983 2470/2328/5984 2462/2320/5985
f 2408/2267/5986 2478/2386/5987 2407/2266/5988
f 2409/2268/5989 2486/2343/5990 2408/2267/5991
f 2410/2269/5992 2494/2351/5993 2409/2268/5994
f 2411/2270/5995 2502/2359/5996 2410/2269/5997
f 2412/2271/5998 2510/2367/5999 2411/2270/6000
f 2413/2273/6001 2518/2375/6002 2412/2271/6003
f 2414/2384/6004 2526/2383/6005 2413/2273/6006
f 2469/2327/6007 2358/2387/6008 2414/2384/6009
f 2525/2382/6010 2358/2387/6010 2470/2328/6010
f 333/2005/6011 364/2388/6012 13/2006/6013
f 332/2013/6014 2359/2221/6015 333/2005/6016
f 331/2014/6017 2360/2219/6017 332/2013/6017
f 330/2015/6018 2361/2222/6018 331/2014/6019
f 329/2016/6020 2362/2224/6021 330/2015/6022
f 328/2017/6023 2363/2226/6024 329/2016/6025
f 327/2018/6026 2364/2228/6027 328/2017/6028
f 326/2003/6029 2365/2230/6030 327/2018/6031
f 2359/2221/6032 365/2389/6033 364/2388/6034
f 2367/2220/6035 366/2390/6036 365/2389/6037
f 2375/2234/6038 367/2391/6039 366/2390/6040
f 2383/2242/6041 368/2392/6042 367/2391/6043
f 2391/2250/6044 369/2393/6045 368/2392/6046
f 2399/2258/6047 370/2394/6048 369/2393/6049
f 2407/2266/6050 371/2395/6051 370/2394/6052
f 11/1805/6053 2415/2274/6054 319/1996/6055
f 379/2396/6056 2416/2277/6057 2415/2274/6058
f 380/2397/6059 2417/2279/6060 2416/2277/6061
f 381/2398/6062 2418/2281/6063 2417/2279/6064
f 383/2399/6065 2418/2281/6066 382/2400/6067
f 384/2401/6068 2419/2283/6069 383/2399/6070
f 385/2402/6071 2420/2286/6072 384/2401/6073
f 386/2403/6074 2421/2285/6075 385/2402/6076
f 319/1996/6077 2423/2276/6078 320/1997/6079
f 320/1997/6080 2431/2290/6081 321/1998/6082
f 321/1998/6083 2439/2298/6084 322/1999/6085
f 322/1999/6086 2447/2306/6087 323/2000/6088
f 323/2000/6089 2455/2314/6090 324/2001/6091
f 324/2001/6092 2463/2322/6093 325/2002/6094
f 325/2002/6095 2366/2232/6096 326/2003/6097
f 15/2404/6098 2471/2329/6098 393/2405/6098
f 378/2406/6099 2472/2332/6099 2471/2329/6099
f 377/2407/6100 2473/2334/6100 2472/2332/6100
f 376/2408/6101 2474/2336/6101 2473/2334/6101
f 375/2409/6102 2475/2338/6103 2474/2336/6104
f 374/2410/6105 2476/2340/6106 2475/2338/6107
f 373/2411/6108 2477/2342/6109 2476/2340/6110
f 372/2412/6111 2478/2386/6112 2477/2342/6113
f 393/2405/6114 2479/2331/6114 392/2413/6114
f 392/2413/6115 2487/2345/6115 391/2414/6115
f 391/2414/6116 2495/2353/6116 390/2415/6117
f 390/2415/6118 2503/2361/6118 389/2416/6118
f 389/2416/6119 2511/2369/6119 388/2417/6120
f 388/2417/6121 2519/2377/6122 387/2418/6123
f 387/2418/6124 2422/2287/6125 386/2403/6126
f 2528/2419/6127 2537/2420/6127 2536/2421/6127
f 2529/2422/6128 2538/2423/6128 2537/2420/6128
f 2530/2424/6129 2539/2425/6129 2538/2423/6129
f 2531/2426/6130 2540/2427/6130 2539/2425/6130
f 2532/2428/6131 2541/2429/6131 2540/2427/6131
f 2533/2430/6132 2542/2431/6132 2541/2429/6132
f 2534/2432/6133 2543/2433/6133 2542/2431/6133
f 2536/2421/6134 2545/2434/6134 2544/2435/6134
f 2537/2420/6135 2546/2436/6135 2545/2434/6136
f 2538/2423/6137 2547/2437/6137 2546/2436/6138
f 2539/2425/6139 2548/2438/6139 2547/2437/6139
f 2540/2427/6140 2549/2439/6140 2548/2438/6140
f 2541/2429/6141 2550/2440/6141 2549/2439/6142
f 2542/2431/6143 2551/2441/6143 2550/2440/6144
f 2544/2435/6145 2553/2442/6145 2552/2443/6146
f 2545/2434/6147 2554/2444/6147 2553/2442/6148
f 2546/2436/6149 2555/2445/6149 2554/2444/6150
f 2547/2437/6151 2556/2446/6151 2555/2445/6151
f 2548/2438/6152 2557/2447/6152 2556/2446/6152
f 2549/2439/6153 2558/2448/6153 2557/2447/6154
f 2550/2440/6155 2559/2449/6156 2558/2448/6157
f 2552/2443/6158 2561/2450/6158 2560/2451/6159
f 2553/2442/6160 2562/2452/6160 2561/2450/6161
f 2554/2444/6162 2563/2453/6162 2562/2452/6162
f 2555/2445/6163 2564/2454/6163 2563/2453/6163
f 2556/2446/6164 2565/2455/6164 2564/2454/6164
f 2557/2447/6165 2566/2456/6165 2565/2455/6165
f 2558/2448/6166 2567/2457/6167 2566/2456/6168
f 2560/2451/6169 2569/2458/6169 2568/2459/6170
f 2561/2450/6171 2570/2460/6172 2569/2458/6173
f 2562/2452/6174 2571/2461/6174 2570/2460/6175
f 2563/2453/6176 2572/2462/6176 2571/2461/6177
f 2564/2454/6178 2573/2463/6178 2572/2462/6178
f 2565/2455/6179 2574/2464/6179 2573/2463/6180
f 2566/2456/6181 2575/2465/6182 2574/2464/6183
f 2568/2459/6184 2577/2466/6184 2576/2467/6185
f 2569/2458/6186 2578/2468/6186 2577/2466/6187
f 2570/2460/6188 2579/2469/6188 2578/2468/6189
f 2571/2461/6190 2580/2470/6190 2579/2469/6191
f 2572/2462/6192 2581/2471/6192 2580/2470/6192
f 2573/2463/6193 2582/2472/6193 2581/2471/6194
f 2574/2464/6195 2583/2473/6196 2582/2472/6197
f 2585/2474/6198 2592/2475/6199 2584/2476/6200
f 2586/2477/6201 2593/2478/6202 2585/2474/6203
f 2587/2479/6204 2594/2480/6205 2586/2477/6206
f 2588/2481/6207 2595/2482/6208 2587/2479/6209
f 2589/2483/6210 2596/2484/6211 2588/2481/6212
f 2590/2485/6213 2597/2486/6214 2589/2483/6215
f 2591/2487/6216 2598/2488/6217 2590/2485/6218
f 2593/2478/6219 2600/2489/6220 2592/2475/6221
f 2594/2480/6222 2601/2490/6223 2593/2478/6224
f 2595/2482/6225 2602/2491/6226 2594/2480/6227
f 2596/2484/6228 2603/2492/6229 2595/2482/6230
f 2597/2486/6231 2604/2493/6232 2596/2484/6233
f 2598/2488/6234 2605/2494/6235 2597/2486/6236
f 2599/2495/6237 2606/2496/6238 2598/2488/6239
f 2601/2490/6240 2608/2497/6240 2600/2489/6241
f 2602/2491/6242 2609/2498/6243 2601/2490/6244
f 2603/2492/6245 2610/2499/6246 2602/2491/6247
f 2604/2493/6248 2611/2500/6249 2603/2492/6250
f 2605/2494/6251 2612/2501/6252 2604/2493/6253
f 2606/2496/6254 2613/2502/6255 2605/2494/6256
f 2607/2503/6257 2614/2504/6258 2606/2496/6259
f 2609/2498/6260 2616/2505/6261 2608/2497/6262
f 2610/2499/6263 2617/2506/6263 2609/2498/6264
f 2611/2500/6265 2618/2507/6266 2610/2499/6267
f 2612/2501/6268 2619/2508/6269 2611/2500/6270
f 2613/2502/6271 2620/2509/6272 2612/2501/6273
f 2614/2504/6274 2621/2510/6275 2613/2502/6276
f 2615/2511/6277 2622/2512/6278 2614/2504/6279
f 2617/2506/6280 2624/2513/6281 2616/2505/6282
f 2618/2507/6283 2625/2514/6283 2617/2506/6284
f 2619/2508/6285 2626/2515/6286 2618/2507/6287
f 2620/2509/6288 2627/2516/6288 2619/2508/6289
f 2621/2510/6290 2628/2517/6290 2620/2509/6291
f 2622/2512/6292 2629/2518/6293 2621/2510/6294
f 2623/2519/6295 2630/2520/6296 2622/2512/6297
f 2625/2514/6298 2632/2521/6298 2624/2513/6299
f 2626/2515/6300 2633/2522/6301 2625/2514/6302
f 2627/2516/6303 2634/2523/6304 2626/2515/6305
f 2628/2517/6306 2635/2524/6306 2627/2516/6307
f 2629/2518/6308 2636/2525/6309 2628/2517/6310
f 2630/2520/6311 2637/2526/6311 2629/2518/6312
f 2631/2527/6313 2638/2528/6313 2630/2520/6314
f 2641/2529/6315 2648/2530/6315 2640/2531/6316
f 2642/2532/6317 2649/2533/6317 2641/2529/6318
f 2643/2534/6319 2650/2535/6319 2642/2532/6320
f 2644/2536/6321 2651/2537/6322 2643/2534/6323
f 2645/2538/6324 2652/2539/6324 2644/2536/6325
f 2646/2540/6326 2653/2541/6326 2645/2538/6327
f 2647/2542/6328 2654/2543/6328 2646/2540/6329
f 2649/2533/6330 2656/2544/6331 2648/2530/6332
f 2649/2533/6333 2658/2545/6334 2657/2546/6335
f 2650/2535/6336 2659/2547/6337 2658/2545/6338
f 2651/2537/6339 2660/2548/6340 2659/2547/6341
f 2652/2539/6342 2661/2549/6343 2660/2548/6344
f 2653/2541/6345 2662/2550/6346 2661/2549/6347
f 2655/2551/6348 2662/2550/6348 2654/2543/6349
f 2656/2544/6350 2665/2552/6351 2664/2553/6352
f 2657/2546/6353 2666/2554/6354 2665/2552/6355
f 2658/2545/6356 2667/2555/6357 2666/2554/6358
f 2659/2547/6359 2668/2556/6360 2667/2555/6361
f 2660/2548/6362 2669/2557/6363 2668/2556/6364
f 2661/2549/6365 2670/2558/6366 2669/2557/6367
f 2663/2559/6368 2670/2558/6369 2662/2550/6370
f 2664/2553/6371 2673/2560/6372 2672/2561/6373
f 2665/2552/6374 2674/2562/6375 2673/2560/6376
f 2666/2554/6377 2675/2563/6378 2674/2562/6379
f 2667/2555/6380 2676/2564/6381 2675/2563/6382
f 2668/2556/6383 2677/2565/6384 2676/2564/6385
f 2669/2557/6386 2678/2566/6387 2677/2565/6388
f 2671/2567/6389 2678/2566/6390 2670/2558/6391
f 2672/2561/6392 2681/2568/6393 2680/2569/6394
f 2673/2560/6395 2682/2570/6396 2681/2568/6397
f 2674/2562/6398 2683/2571/6399 2682/2570/6400
f 2675/2563/6401 2684/2572/6402 2683/2571/6403
f 2676/2564/6404 2685/2573/6405 2684/2572/6406
f 2677/2565/6407 2686/2574/6408 2685/2573/6409
f 2678/2566/6410 2687/2575/6411 2686/2574/6412
f 2680/2569/6413 2689/2576/6414 2688/2577/6415
f 2681/2568/6416 2690/2578/6417 2689/2576/6418
f 2682/2570/6419 2691/2579/6420 2690/2578/6421
f 2683/2571/6422 2692/2580/6423 2691/2579/6424
f 2684/2572/6425 2693/2581/6426 2692/2580/6427
f 2685/2573/6428 2694/2582/6429 2693/2581/6430
f 2686/2574/6431 2695/2583/6432 2694/2582/6433
f 2633/2522/6434 2535/2584/6434 2632/2521/6435
f 2634/2523/6436 2543/2433/6437 2633/2522/6438
f 2635/2524/6439 2551/2441/6439 2634/2523/6440
f 2636/2525/6441 2559/2449/6442 2635/2524/6443
f 2637/2526/6444 2567/2457/6444 2636/2525/6445
f 2638/2528/6446 2575/2465/6446 2637/2526/6447
f 2688/2577/6448 2599/2495/6449 2591/2487/6450
f 2689/2576/6451 2607/2503/6452 2599/2495/6453
f 2690/2578/6454 2615/2511/6455 2607/2503/6456
f 2691/2579/6457 2623/2519/6458 2615/2511/6459
f 2692/2580/6460 2631/2527/6461 2623/2519/6462
f 2693/2581/6463 2639/2585/6464 2631/2527/6465
f 2576/2467/6466 2655/2551/6466 2647/2542/6467
f 2577/2466/6468 2663/2559/6468 2655/2551/6469
f 2578/2468/6470 2671/2567/6470 2663/2559/6471
f 2579/2469/6472 2679/2586/6472 2671/2567/6473
f 2580/2470/6474 2687/2575/6474 2679/2586/6475
f 2581/2471/6476 2695/2583/6476 2687/2575/6476
f 2582/2472/6477 2527/2587/6478 2695/2583/6479
f 2639/2585/6480 2583/2473/6480 2638/2528/6480
f 2694/2582/6481 2527/2587/6482 2639/2585/6483
f 14/2190/6484 2528/2419/6484 394/2588/6484
f 348/2189/6485 2529/2422/6485 2528/2419/6485
f 347/2198/6486 2530/2424/6486 2529/2422/6486
f 346/2199/6487 2531/2426/6487 2530/2424/6487
f 345/2200/6488 2532/2428/6488 2531/2426/6488
f 344/2201/6489 2533/2430/6489 2532/2428/6489
f 343/2202/6490 2534/2432/6490 2533/2430/6490
f 342/2203/6491 2535/2584/6491 2534/2432/6491
f 394/2588/6492 2536/2421/6492 395/2589/6492
f 395/2589/6493 2544/2435/6493 396/2590/6494
f 396/2590/6495 2552/2443/6495 397/2591/6496
f 397/2591/6497 2560/2451/6497 398/2592/6498
f 398/2592/6499 2568/2459/6499 399/2593/6500
f 399/2593/6501 2576/2467/6502 400/2594/6503
f 400/2594/6504 2647/2542/6504 401/2595/6505
f 409/2596/6506 334/2212/6507 13/2006/6508
f 410/2597/6509 2584/2476/6510 409/2596/6511
f 411/2598/6512 2585/2474/6513 410/2597/6514
f 412/2599/6515 2586/2477/6516 411/2598/6517
f 413/2600/6518 2587/2479/6519 412/2599/6520
f 414/2601/6521 2588/2481/6522 413/2600/6523
f 415/2602/6524 2589/2483/6525 414/2601/6526
f 415/2602/6527 2591/2487/6528 2590/2485/6529
f 2584/2476/6530 335/2213/6531 334/2212/6532
f 2592/2475/6533 336/2214/6533 335/2213/6534
f 2600/2489/6535 337/2215/6535 336/2214/6535
f 2608/2497/6536 338/2216/6536 337/2215/6536
f 2616/2505/6537 339/2217/6537 338/2216/6537
f 2624/2513/6538 340/2218/6538 339/2217/6539
f 2632/2521/6540 341/2204/6540 340/2218/6541
f 408/2603/6542 423/2604/6542 16/2605/6542
f 407/2606/6543 2640/2531/6544 408/2603/6545
f 406/2607/6546 2641/2529/6546 407/2606/6547
f 405/2608/6548 2642/2532/6548 406/2607/6549
f 404/2609/6550 2643/2534/6550 405/2608/6551
f 403/2610/6552 2644/2536/6553 404/2609/6554
f 402/2611/6555 2645/2538/6556 403/2610/6557
f 401/2595/6558 2646/2540/6558 402/2611/6559
f 2640/2531/6560 422/2612/6560 423/2604/6561
f 2648/2530/6562 421/2613/6562 422/2612/6563
f 2656/2544/6564 420/2614/6564 421/2613/6565
f 2664/2553/6566 419/2615/6567 420/2614/6568
f 2672/2561/6569 418/2616/6570 419/2615/6571
f 2680/2569/6572 417/2617/6573 418/2616/6574
f 2688/2577/6575 416/2618/6576 417/2617/6577
f 2698/2619/6578 2705/2620/6579 2697/2621/6580
f 2698/2619/6581 2707/2622/6582 2706/2623/6583
f 2699/2624/6584 2708/2625/6585 2707/2622/6586
f 2700/2626/6587 2709/2627/6588 2708/2625/6589
f 2701/2628/6590 2710/2629/6591 2709/2627/6592
f 2702/2630/6593 2711/2631/6594 2710/2629/6595
f 2703/2632/6596 2712/2633/6597 2711/2631/6598
f 2706/2623/6599 2713/2634/6600 2705/2620/6601
f 2707/2622/6602 2714/2635/6603 2706/2623/6604
f 2707/2622/6605 2716/2636/6606 2715/2637/6607
f 2708/2625/6608 2717/2638/6609 2716/2636/6610
f 2709/2627/6611 2718/2639/6612 2717/2638/6613
f 2710/2629/6614 2719/2640/6615 2718/2639/6616
f 2711/2631/6617 2720/2641/6618 2719/2640/6619
f 2714/2635/6620 2721/2642/6621 2713/2634/6622
f 2715/2637/6623 2722/2643/6624 2714/2635/6625
f 2715/2637/6626 2724/2644/6627 2723/2645/6628
f 2716/2636/6629 2725/2646/6630 2724/2644/6631
f 2717/2638/6632 2726/2647/6633 2725/2646/6634
f 2718/2639/6635 2727/2648/6636 2726/2647/6637
f 2719/2640/6638 2728/2649/6639 2727/2648/6640
f 2722/2643/6641 2729/2650/6642 2721/2642/6643
f 2723/2645/6644 2730/2651/6645 2722/2643/6646
f 2724/2644/6647 2731/2652/6648 2723/2645/6649
f 2724/2644/6650 2733/2653/6651 2732/2654/6652
f 2725/2646/6653 2734/2655/6654 2733/2653/6655
f 2726/2647/6656 2735/2656/6657 2734/2655/6658
f 2727/2648/6659 2736/2657/6660 2735/2656/6661
f 2730/2651/6662 2737/2658/6663 2729/2650/6664
f 2731/2652/6665 2738/2659/6666 2730/2651/6667
f 2732/2654/6668 2739/2660/6669 2731/2652/6670
f 2733/2653/6671 2740/2661/6672 2732/2654/6673
f 2733/2653/6674 2742/2662/6675 2741/2663/6676
f 2734/2655/6677 2743/2664/6678 2742/2662/6679
f 2735/2656/6680 2744/2665/6681 2743/2664/6682
f 2738/2659/6683 2745/2666/6684 2737/2658/6685
f 2739/2660/6686 2746/2667/6687 2738/2659/6688
f 2740/2661/6689 2747/2668/6690 2739/2660/6691
f 2741/2663/6692 2748/2669/6693 2740/2661/6694
f 2742/2662/6695 2749/2670/6696 2741/2663/6697
f 2742/2662/6698 2751/2671/6699 2750/2672/6700
f 2743/2664/6701 2752/2673/6702 2751/2671/6703
f 2754/2674/6704 2761/2675/6704 2753/2676/6704
f 2755/2677/6705 2762/2678/6705 2754/2674/6705
f 2756/2679/6706 2763/2680/6706 2755/2677/6706
f 2757/2681/6707 2764/2682/6707 2756/2679/6707
f 2758/2683/6708 2765/2684/6708 2757/2681/6708
f 2759/2685/6709 2766/2686/6709 2758/2683/6709
f 2760/2687/6710 2767/2688/6710 2759/2685/6711
f 2762/2678/6712 2769/2689/6712 2761/2675/6713
f 2763/2680/6714 2770/2690/6714 2762/2678/6714
f 2764/2682/6715 2771/2691/6715 2763/2680/6715
f 2765/2684/6716 2772/2692/6716 2764/2682/6716
f 2766/2686/6717 2773/2693/6717 2765/2684/6717
f 2767/2688/6718 2774/2694/6718 2766/2686/6718
f 2768/2695/6719 2775/2696/6719 2767/2688/6719
f 2770/2690/6720 2777/2697/6720 2769/2689/6721
f 2771/2691/6722 2778/2698/6722 2770/2690/6723
f 2772/2692/6724 2779/2699/6725 2771/2691/6726
f 2773/2693/6727 2780/2700/6727 2772/2692/6728
f 2774/2694/6729 2781/2701/6729 2773/2693/6730
f 2775/2696/6731 2782/2702/6731 2774/2694/6731
f 2776/2703/6732 2783/2704/6732 2775/2696/6732
f 2778/2698/6733 2785/2705/6734 2777/2697/6735
f 2779/2699/6736 2786/2706/6737 2778/2698/6738
f 2780/2700/6739 2787/2707/6739 2779/2699/6740
f 2781/2701/6741 2788/2708/6742 2780/2700/6743
f 2782/2702/6744 2789/2709/6744 2781/2701/6745
f 2783/2704/6746 2790/2710/6746 2782/2702/6747
f 2784/2711/6748 2791/2712/6748 2783/2704/6748
f 2786/2706/6749 2793/2713/6750 2785/2705/6751
f 2787/2707/6752 2794/2714/6753 2786/2706/6754
f 2788/2708/6755 2795/2715/6756 2787/2707/6757
f 2789/2709/6758 2796/2716/6759 2788/2708/6760
f 2790/2710/6761 2797/2717/6762 2789/2709/6763
f 2791/2712/6764 2798/2718/6764 2790/2710/6765
f 2792/2719/6766 2799/2720/6766 2791/2712/6767
f 2794/2714/6768 2801/2721/6769 2793/2713/6770
f 2795/2715/6771 2802/2722/6772 2794/2714/6773
f 2796/2716/6774 2803/2723/6775 2795/2715/6776
f 2797/2717/6777 2804/2724/6778 2796/2716/6779
f 2798/2718/6780 2805/2725/6781 2797/2717/6782
f 2799/2720/6783 2806/2726/6784 2798/2718/6785
f 2800/2727/6786 2807/2728/6787 2799/2720/6788
f 2809/2729/6789 2818/2730/6789 2817/2731/6789
f 2810/2732/6790 2819/2733/6790 2818/2730/6790
f 2811/2734/6791 2820/2735/6792 2819/2733/6793
f 2812/2736/6794 2821/2737/6795 2820/2735/6796
f 2813/2738/6797 2822/2739/6798 2821/2737/6799
f 2814/2740/6800 2823/2741/6801 2822/2739/6802
f 2815/2742/6803 2824/2743/6804 2823/2741/6805
f 2817/2731/6806 2826/2744/6806 2825/2745/6806
f 2818/2730/6807 2827/2746/6807 2826/2744/6807
f 2819/2733/6808 2828/2747/6808 2827/2746/6809
f 2820/2735/6810 2829/2748/6810 2828/2747/6811
f 2821/2737/6812 2830/2749/6813 2829/2748/6814
f 2822/2739/6815 2831/2750/6816 2830/2749/6817
f 2823/2741/6818 2832/2751/6819 2831/2750/6820
f 2825/2745/6821 2834/2752/6821 2833/2753/6821
f 2826/2744/6822 2835/2754/6822 2834/2752/6822
f 2827/2746/6823 2836/2755/6824 2835/2754/6825
f 2828/2747/6826 2837/2756/6827 2836/2755/6828
f 2829/2748/6829 2838/2757/6830 2837/2756/6831
f 2830/2749/6832 2839/2758/6833 2838/2757/6834
f 2831/2750/6835 2840/2759/6836 2839/2758/6837
f 2833/2753/6838 2842/2760/6838 2841/2761/6838
f 2834/2752/6839 2843/2762/6839 2842/2760/6839
f 2835/2754/6840 2844/2763/6840 2843/2762/6841
f 2836/2755/6842 2845/2764/6843 2844/2763/6844
f 2837/2756/6845 2846/2765/6846 2845/2764/6847
f 2838/2757/6848 2847/2766/6849 2846/2765/6850
f 2839/2758/6851 2848/2767/6852 2847/2766/6853
f 2841/2761/6854 2850/2768/6854 2849/2769/6854
f 2842/2760/6855 2851/2770/6855 2850/2768/6855
f 2843/2762/6856 2852/2771/6856 2851/2770/6856
f 2844/2763/6857 2853/2772/6858 2852/2771/6859
f 2845/2764/6860 2854/2773/6861 2853/2772/6862
f 2846/2765/6863 2855/2774/6864 2854/2773/6865
f 2847/2766/6866 2856/2775/6867 2855/2774/6868
f 2849/2769/6869 2858/2776/6869 2857/2777/6869
f 2850/2768/6870 2859/2778/6870 2858/2776/6870
f 2851/2770/6871 2860/2779/6871 2859/2778/6871
f 2852/2771/6872 2861/2780/6872 2860/2779/6872
f 2853/2772/6873 2862/2781/6873 2861/2780/6874
f 2854/2773/6875 2863/2782/6876 2862/2781/6877
f 2855/2774/6878 2864/2783/6879 2863/2782/6880
f 2802/2722/6881 2704/2784/6882 2801/2721/6883
f 2803/2723/6884 2712/2633/6885 2802/2722/6886
f 2804/2724/6887 2720/2641/6888 2803/2723/6889
f 2805/2725/6890 2728/2649/6891 2804/2724/6892
f 2806/2726/6893 2736/2657/6894 2805/2725/6895
f 2807/2728/6896 2744/2665/6897 2806/2726/6898
f 2857/2777/6899 2768/2695/6899 2760/2687/6899
f 2858/2776/6900 2776/2703/6900 2768/2695/6900
f 2859/2778/6901 2784/2711/6901 2776/2703/6901
f 2860/2779/6902 2792/2719/6902 2784/2711/6902
f 2861/2780/6903 2800/2727/6903 2792/2719/6903
f 2862/2781/6904 2808/2785/6905 2800/2727/6906
f 2746/2667/6907 2816/2786/6908 2745/2666/6909
f 2747/2668/6910 2824/2743/6911 2746/2667/6912
f 2748/2669/6913 2832/2751/6914 2747/2668/6915
f 2749/2670/6916 2840/2759/6917 2748/2669/6918
f 2750/2672/6919 2848/2767/6920 2749/2670/6921
f 2751/2671/6922 2856/2775/6923 2750/2672/6924
f 2751/2671/6925 2696/2787/6926 2864/2783/6927
f 2808/2785/6928 2752/2673/6929 2807/2728/6930
f 2863/2782/6931 2696/2787/6932 2808/2785/6933
f 364/2388/6934 424/2788/6935 13/2006/6936
f 364/2388/6937 2698/2619/6938 2697/2621/6939
f 365/2389/6940 2699/2624/6941 2698/2619/6942
f 366/2390/6943 2700/2626/6944 2699/2624/6945
f 367/2391/6946 2701/2628/6947 2700/2626/6948
f 368/2392/6949 2702/2630/6950 2701/2628/6951
f 369/2393/6952 2703/2632/6953 2702/2630/6954
f 370/2394/6955 2704/2784/6956 2703/2632/6957
f 2697/2621/6958 425/2789/6959 424/2788/6960
f 2705/2620/6961 426/2790/6962 425/2789/6963
f 2713/2634/6964 427/2791/6965 426/2790/6966
f 2721/2642/6967 428/2792/6968 427/2791/6969
f 2729/2650/6970 429/2793/6971 428/2792/6972
f 2737/2658/6973 430/2794/6974 429/2793/6975
f 2745/2666/6976 431/2795/6977 430/2794/6978
f 439/2796/6979 378/2406/6979 15/2404/6979
f 440/2797/6980 2753/2676/6980 439/2796/6980
f 441/2798/6981 2754/2674/6981 440/2797/6981
f 442/2799/6982 2755/2677/6982 441/2798/6982
f 443/2800/6983 2756/2679/6983 442/2799/6983
f 444/2801/6984 2757/2681/6984 443/2800/6984
f 445/2802/6985 2758/2683/6985 444/2801/6985
f 446/2803/6986 2759/2685/6986 445/2802/6986
f 2753/2676/6987 377/2407/6987 378/2406/6987
f 2761/2675/6988 376/2408/6988 377/2407/6988
f 2769/2689/6989 375/2409/6989 376/2408/6990
f 2777/2697/6991 374/2410/6992 375/2409/6993
f 2785/2705/6994 373/2411/6995 374/2410/6996
f 2793/2713/6997 372/2412/6998 373/2411/6999
f 2801/2721/7000 371/2395/7001 372/2412/7002
f 17/2804/7003 2809/2729/7003 453/2805/7003
f 438/2806/7004 2810/2732/7004 2809/2729/7004
f 437/2807/7005 2811/2734/7005 2810/2732/7005
f 436/2808/7006 2812/2736/7006 2811/2734/7006
f 435/2809/7007 2813/2738/7007 2812/2736/7008
f 434/2810/7009 2814/2740/7010 2813/2738/7011
f 433/2811/7012 2815/2742/7013 2814/2740/7014
f 432/2812/7015 2816/2786/7016 2815/2742/7017
f 453/2805/7018 2817/2731/7018 452/2813/7018
f 452/2813/7019 2825/2745/7019 451/2814/7019
f 451/2814/7020 2833/2753/7020 450/2815/7020
f 450/2815/7021 2841/2761/7021 449/2816/7021
f 449/2816/7022 2849/2769/7022 448/2817/7022
f 448/2817/7023 2857/2777/7023 447/2818/7023
f 447/2818/7024 2760/2687/7024 446/2803/7024
f 2866/2819/7025 2875/2820/7025 2874/2821/7026
f 2867/2822/7027 2876/2823/7027 2875/2820/7028
f 2868/2824/7029 2877/2825/7030 2876/2823/7031
f 2869/2826/7032 2878/2827/7032 2877/2825/7032
f 2870/2828/7033 2879/2829/7034 2878/2827/7035
f 2871/2830/7036 2880/2831/7037 2879/2829/7038
f 2872/2832/7039 2881/2833/7040 2880/2831/7041
f 2874/2821/7042 2883/2834/7042 2882/2835/7043
f 2875/2820/7044 2884/2836/7044 2883/2834/7045
f 2876/2823/7046 2885/2837/7047 2884/2836/7048
f 2877/2825/7049 2886/2838/7050 2885/2837/7051
f 2878/2827/7052 2887/2839/7052 2886/2838/7052
f 2879/2829/7053 2888/2840/7054 2887/2839/7055
f 2880/2831/7056 2889/2841/7057 2888/2840/7058
f 2882/2835/7059 2891/2842/7060 2890/2843/7061
f 2883/2834/7062 2892/2844/7063 2891/2842/7064
f 2884/2836/7065 2893/2845/7066 2892/2844/7067
f 2885/2837/7068 2894/2846/7069 2893/2845/7070
f 2886/2838/7071 2895/2847/7072 2894/2846/7073
f 2887/2839/7074 2896/2848/7075 2895/2847/7076
f 2888/2840/7077 2897/2849/7078 2896/2848/7079
f 2890/2843/7080 2899/2850/7081 2898/2851/7082
f 2891/2842/7083 2900/2852/7084 2899/2850/7085
f 2892/2844/7086 2901/2853/7087 2900/2852/7088
f 2893/2845/7089 2902/2854/7089 2901/2853/7090
f 2894/2846/7091 2903/2855/7091 2902/2854/7092
f 2895/2847/7093 2904/2856/7094 2903/2855/7093
f 2896/2848/7095 2905/2857/7096 2904/2856/7097
f 2898/2851/7098 2907/2858/7099 2906/2859/7100
f 2899/2850/7101 2908/2860/7101 2907/2858/7102
f 2900/2852/7103 2909/2861/7104 2908/2860/7105
f 2901/2853/7106 2910/2862/7107 2909/2861/7108
f 2902/2854/7109 2911/2863/7110 2910/2862/7111
f 2903/2855/7112 2912/2864/7112 2911/2863/7112
f 2904/2856/7113 2913/2865/7114 2912/2864/7115
f 2907/2858/7116 2914/2866/7117 2906/2859/7118
f 2908/2860/7119 2915/2867/7119 2907/2858/7120
f 2908/2860/7121 2917/2868/7122 2916/2869/7123
f 2909/2861/7124 2918/2870/7125 2917/2868/7126
f 2910/2862/7127 2919/2871/7128 2918/2870/7129
f 2911/2863/7130 2920/2872/7131 2919/2871/7132
f 2912/2864/7133 2921/2873/7133 2920/2872/7134
f 2923/2874/7135 2930/2875/7136 2922/2876/7137
f 2924/2877/7138 2931/2878/7139 2923/2874/7140
f 2925/2879/7141 2932/2880/7142 2924/2877/7143
f 2926/2881/7144 2933/2882/7145 2925/2879/7146
f 2927/2883/7147 2934/2884/7148 2926/2881/7149
f 2928/2885/7150 2935/2886/7151 2927/2883/7152
f 2929/2887/7153 2936/2888/7154 2928/2885/7155
f 2931/2878/7156 2938/2889/7157 2930/2875/7158
f 2932/2880/7159 2939/2890/7160 2931/2878/7161
f 2933/2882/7162 2940/2891/7163 2932/2880/7164
f 2934/2884/7165 2941/2892/7166 2933/2882/7167
f 2935/2886/7168 2942/2893/7169 2934/2884/7170
f 2936/2888/7171 2943/2894/7172 2935/2886/7173
f 2937/2895/7174 2944/2896/7175 2936/2888/7176
f 2939/2890/7177 2946/2897/7178 2938/2889/7179
f 2940/2891/7180 2947/2898/7181 2939/2890/7182
f 2941/2892/7183 2948/2899/7184 2940/2891/7185
f 2942/2893/7186 2949/2900/7187 2941/2892/7188
f 2943/2894/7189 2950/2901/7190 2942/2893/7191
f 2944/2896/7192 2951/2902/7193 2943/2894/7194
f 2945/2903/7195 2952/2904/7196 2944/2896/7197
f 2947/2898/7198 2954/2905/7199 2946/2897/7200
f 2948/2899/7201 2955/2906/7202 2947/2898/7203
f 2949/2900/7204 2956/2907/7205 2948/2899/7206
f 2950/2901/7207 2957/2908/7208 2949/2900/7209
f 2951/2902/7210 2958/2909/7211 2950/2901/7212
f 2952/2904/7213 2959/2910/7214 2951/2902/7215
f 2953/2911/7216 2960/2912/7217 2952/2904/7218
f 2955/2906/7219 2962/2913/7220 2954/2905/7221
f 2956/2907/7222 2963/2914/7223 2955/2906/7224
f 2957/2908/7225 2964/2915/7226 2956/2907/7227
f 2958/2909/7228 2965/2916/7229 2957/2908/7230
f 2959/2910/7231 2966/2917/7232 2958/2909/7233
f 2960/2912/7234 2967/2918/7235 2959/2910/7236
f 2961/2919/7237 2968/2920/7238 2960/2912/7239
f 2963/2914/7240 2970/2921/7241 2962/2913/7242
f 2964/2915/7243 2971/2922/7244 2963/2914/7245
f 2965/2916/7246 2972/2923/7247 2964/2915/7248
f 2966/2917/7249 2973/2924/7250 2965/2916/7251
f 2967/2918/7252 2974/2925/7253 2966/2917/7254
f 2968/2920/7255 2975/2926/7256 2967/2918/7257
f 2969/2927/7258 2976/2928/7259 2968/2920/7260
f 2978/2929/7261 2987/2930/7261 2986/2931/7262
f 2979/2932/7263 2988/2933/7263 2987/2930/7264
f 2980/2934/7265 2989/2935/7265 2988/2933/7266
f 2981/2936/7267 2990/2937/7268 2989/2935/7269
f 2982/2938/7270 2991/2939/7270 2990/2937/7271
f 2983/2940/7272 2992/2941/7272 2991/2939/7273
f 2984/2942/7274 2993/2943/7274 2992/2941/7274
f 2986/2931/7275 2995/2944/7275 2994/2945/7276
f 2987/2930/7277 2996/2946/7277 2995/2944/7278
f 2988/2933/7279 2997/2947/7279 2996/2946/7280
f 2989/2935/7281 2998/2948/7282 2997/2947/7283
f 2990/2937/7284 2999/2949/7284 2998/2948/7285
f 2991/2939/7286 3000/2950/7286 2999/2949/7286
f 2992/2941/7287 3001/2951/7287 3000/2950/7287
f 2994/2945/7288 3003/2952/7288 3002/2953/7288
f 2995/2944/7289 3004/2954/7290 3003/2952/7289
f 2996/2946/7291 3005/2955/7291 3004/2954/7292
f 2997/2947/7293 3006/2956/7293 3005/2955/7294
f 2998/2948/7295 3007/2957/7296 3006/2956/7297
f 2999/2949/7298 3008/2958/7298 3007/2957/7298
f 3000/2950/7299 3009/2959/7299 3008/2958/7299
f 3002/2953/7300 3011/2960/7300 3010/2961/7300
f 3003/2952/7301 3012/2962/7301 3011/2960/7301
f 3004/2954/7302 3013/2963/7302 3012/2962/7303
f 3005/2955/7304 3014/2964/7304 3013/2963/7304
f 3006/2956/7305 3015/2965/7305 3014/2964/7306
f 3007/2957/7307 3016/2966/7307 3015/2965/7308
f 3008/2958/7309 3017/2967/7309 3016/2966/7309
f 3010/2961/7310 3019/2968/7311 3018/2969/7312
f 3011/2960/7313 3020/2970/7313 3019/2968/7313
f 3012/2962/7314 3021/2971/7314 3020/2970/7314
f 3013/2963/7315 3022/2972/7315 3021/2971/7315
f 3014/2964/7316 3023/2973/7316 3022/2972/7316
f 3015/2965/7317 3024/2974/7317 3023/2973/7318
f 3016/2966/7319 3025/2975/7319 3024/2974/7319
f 3018/2969/7320 3027/2976/7320 3026/2977/7321
f 3019/2968/7322 3028/2978/7323 3027/2976/7324
f 3020/2970/7325 3029/2979/7326 3028/2978/7327
f 3021/2971/7328 3030/2980/7328 3029/2979/7329
f 3022/2972/7330 3031/2981/7331 3030/2980/7331
f 3023/2973/7332 3032/2982/7332 3031/2981/7332
f 3024/2974/7333 3033/2983/7333 3032/2982/7334
f 2971/2922/7335 2873/2984/7336 2970/2921/7337
f 2972/2923/7338 2881/2833/7339 2971/2922/7340
f 2973/2924/7341 2889/2841/7342 2972/2923/7343
f 2974/2925/7344 2897/2849/7345 2973/2924/7346
f 2975/2926/7347 2905/2857/7348 2974/2925/7349
f 2976/2928/7350 2913/2865/7351 2975/2926/7352
f 3026/2977/7353 2937/2895/7354 2929/2887/7355
f 3027/2976/7356 2945/2903/7357 2937/2895/7358
f 3028/2978/7359 2953/2911/7360 2945/2903/7361
f 3029/2979/7362 2961/2919/7363 2953/2911/7364
f 3030/2980/7365 2969/2927/7366 2961/2919/7367
f 3031/2981/7368 2977/2985/7368 2969/2927/7368
f 2915/2867/7369 2985/2986/7370 2914/2866/7371
f 2916/2869/7372 2993/2943/7373 2915/2867/7374
f 2917/2868/7375 3001/2951/7376 2916/2869/7377
f 2918/2870/7378 3009/2959/7378 2917/2868/7379
f 2919/2871/7380 3017/2967/7381 2918/2870/7382
f 2919/2871/7383 3033/2983/7384 3025/2975/7385
f 2920/2872/7386 2865/2987/7387 3033/2983/7388
f 2977/2985/7389 2921/2873/7390 2976/2928/7391
f 3032/2982/7392 2865/2987/7393 2977/2985/7394
f 16/2605/7395 2866/2819/7395 454/2988/7395
f 423/2604/7396 2867/2822/7396 2866/2819/7396
f 422/2612/7397 2868/2824/7397 2867/2822/7397
f 421/2613/7398 2869/2826/7398 2868/2824/7398
f 420/2614/7399 2870/2828/7399 2869/2826/7400
f 419/2615/7401 2871/2830/7402 2870/2828/7403
f 418/2616/7404 2872/2832/7405 2871/2830/7406
f 417/2617/7407 2873/2984/7408 2872/2832/7409
f 454/2988/7410 2874/2821/7410 455/2989/7411
f 455/2989/7412 2882/2835/7412 456/2990/7413
f 456/2990/7414 2890/2843/7415 457/2991/7416
f 457/2991/7417 2898/2851/7418 458/2992/7419
f 2898/2851/7420 459/2993/7421 458/2992/7422
f 2906/2859/7423 460/2994/7424 459/2993/7425
f 2914/2866/7426 461/2995/7426 460/2994/7427
f 469/2996/7428 409/2596/7429 13/2006/7430
f 470/2997/7431 2922/2876/7432 469/2996/7433
f 471/2998/7434 2923/2874/7435 470/2997/7436
f 472/2999/7437 2924/2877/7438 471/2998/7439
f 473/3000/7440 2925/2879/7441 472/2999/7442
f 474/3001/7443 2926/2881/7444 473/3000/7445
f 475/3002/7446 2927/2883/7447 474/3001/7448
f 476/3003/7449 2928/2885/7450 475/3002/7451
f 2922/2876/7452 410/2597/7453 409/2596/7454
f 2930/2875/7455 411/2598/7456 410/2597/7457
f 2938/2889/7458 412/2599/7459 411/2598/7460
f 2946/2897/7461 413/2600/7462 412/2599/7463
f 2954/2905/7464 414/2601/7465 413/2600/7466
f 2962/2913/7467 415/2602/7468 414/2601/7469
f 2970/2921/7470 416/2618/7471 415/2602/7472
f 18/3004/7473 2978/2929/7473 483/3005/7473
f 468/3006/7474 2979/2932/7474 2978/2929/7475
f 467/3007/7476 2980/2934/7476 2979/2932/7477
f 466/3008/7478 2981/2936/7479 2980/2934/7480
f 465/3009/7481 2982/2938/7481 2981/2936/7482
f 464/3010/7483 2983/2940/7483 2982/2938/7484
f 463/3011/7485 2984/2942/7485 2983/2940/7485
f 462/3012/7486 2985/2986/7486 2984/2942/7486
f 483/3005/7487 2986/2931/7487 482/3013/7487
f 482/3013/7488 2994/2945/7488 481/3014/7488
f 481/3014/7489 3002/2953/7489 480/3015/7489
f 480/3015/7490 3010/2961/7490 479/3016/7491
f 479/3016/7492 3018/2969/7493 478/3017/7494
f 478/3017/7495 3026/2977/7496 477/3018/7497
f 477/3018/7498 2929/2887/7499 476/3003/7500
f 3035/3019/7501 3044/3020/7502 3043/3021/7503
f 3036/3022/7504 3045/3023/7505 3044/3020/7506
f 3037/3024/7507 3046/3025/7508 3045/3023/7509
f 3038/3026/7510 3047/3027/7511 3046/3025/7512
f 3039/3028/7513 3048/3029/7514 3047/3027/7515
f 3040/3030/7516 3049/3031/7516 3048/3029/7516
f 3041/3032/7517 3050/3033/7517 3049/3031/7517
f 3043/3021/7518 3052/3034/7519 3051/3035/7520
f 3044/3020/7521 3053/3036/7522 3052/3034/7523
f 3045/3023/7524 3054/3037/7525 3053/3036/7526
f 3046/3025/7527 3055/3038/7528 3054/3037/7529
f 3047/3027/7530 3056/3039/7531 3055/3038/7532
f 3048/3029/7533 3057/3040/7534 3056/3039/7535
f 3049/3031/7536 3058/3041/7537 3057/3040/7538
f 3051/3035/7539 3060/3042/7540 3059/3043/7541
f 3052/3034/7542 3061/3044/7543 3060/3042/7544
f 3053/3036/7545 3062/3045/7546 3061/3044/7547
f 3054/3037/7548 3063/3046/7549 3062/3045/7550
f 3055/3038/7551 3064/3047/7552 3063/3046/7553
f 3056/3039/7554 3065/3048/7555 3064/3047/7556
f 3057/3040/7557 3066/3049/7558 3065/3048/7559
f 3059/3043/7560 3068/3050/7561 3067/3051/7562
f 3060/3042/7563 3069/3052/7564 3068/3050/7565
f 3061/3044/7566 3070/3053/7567 3069/3052/7568
f 3062/3045/7569 3071/3054/7570 3070/3053/7571
f 3063/3046/7572 3072/3055/7573 3071/3054/7574
f 3064/3047/7575 3073/3056/7575 3072/3055/7576
f 3065/3048/7577 3074/3057/7578 3073/3056/7579
f 3067/3051/7580 3076/3058/7581 3075/3059/7582
f 3068/3050/7583 3077/3060/7584 3076/3058/7585
f 3069/3052/7586 3078/3061/7587 3077/3060/7588
f 3070/3053/7589 3079/3062/7590 3078/3061/7591
f 3071/3054/7592 3080/3063/7592 3079/3062/7593
f 3072/3055/7594 3081/3064/7595 3080/3063/7596
f 3073/3056/7597 3082/3065/7598 3081/3064/7599
f 3075/3059/7600 3084/3066/7601 3083/3067/7602
f 3076/3058/7603 3085/3068/7604 3084/3066/7605
f 3077/3060/7606 3086/3069/7607 3085/3068/7608
f 3078/3061/7609 3087/3070/7610 3086/3069/7611
f 3079/3062/7612 3088/3071/7613 3087/3070/7614
f 3080/3063/7615 3089/3072/7615 3088/3071/7616
f 3081/3064/7617 3090/3073/7617 3089/3072/7618
f 3092/3074/7619 3099/3075/7619 3091/3076/7619
f 3093/3077/7620 3100/3078/7620 3092/3074/7620
f 3094/3079/7621 3101/3080/7621 3093/3077/7621
f 3095/3081/7622 3102/3082/7622 3094/3079/7622
f 3095/3081/7623 3104/3083/7623 3103/3084/7623
f 3096/3085/7624 3105/3086/7624 3104/3083/7624
f 3097/3087/7625 3106/3088/7625 3105/3086/7626
f 3100/3078/7627 3107/3089/7627 3099/3075/7627
f 3101/3080/7628 3108/3090/7628 3100/3078/7628
f 3102/3082/7629 3109/3091/7629 3101/3080/7629
f 3103/3084/7630 3110/3092/7630 3102/3082/7630
f 3103/3084/7631 3112/3093/7631 3111/3094/7631
f 3104/3083/7632 3113/3095/7632 3112/3093/7632
f 3105/3086/7633 3114/3096/7633 3113/3095/7633
f 3108/3090/7634 3115/3097/7634 3107/3089/7634
f 3109/3091/7635 3116/3098/7635 3108/3090/7636
f 3110/3092/7637 3117/3099/7637 3109/3091/7637
f 3111/3094/7638 3118/3100/7638 3110/3092/7638
f 3111/3094/7639 3120/3101/7639 3119/3102/7640
f 3112/3093/7641 3121/3103/7641 3120/3101/7641
f 3113/3095/7642 3122/3104/7642 3121/3103/7642
f 3116/3098/7643 3123/3105/7643 3115/3097/7644
f 3117/3099/7645 3124/3106/7645 3116/3098/7645
f 3118/3100/7646 3125/3107/7647 3117/3099/7648
f 3119/3102/7649 3126/3108/7649 3118/3100/7649
f 3119/3102/7650 3128/3109/7651 3127/3110/7652
f 3120/3101/7653 3129/3111/7653 3128/3109/7653
f 3121/3103/7654 3130/3112/7654 3129/3111/7654
f 3124/3106/7655 3131/3113/7655 3123/3105/7655
f 3125/3107/7656 3132/3114/7657 3124/3106/7656
f 3126/3108/7658 3133/3115/7658 3125/3107/7659
f 3127/3110/7660 3134/3116/7660 3126/3108/7661
f 3128/3109/7662 3135/3117/7662 3127/3110/7663
f 3128/3109/7664 3137/3118/7664 3136/3119/7665
f 3129/3111/7666 3138/3120/7666 3137/3118/7666
f 3132/3114/7667 3139/3121/7667 3131/3113/7667
f 3133/3115/7668 3140/3122/7669 3132/3114/7670
f 3134/3116/7671 3141/3123/7672 3133/3115/7673
f 3135/3117/7674 3142/3124/7675 3134/3116/7676
f 3136/3119/7677 3143/3125/7678 3135/3117/7679
f 3136/3119/7680 3145/3126/7681 3144/3127/7682
f 3137/3118/7683 3146/3128/7684 3145/3126/7685
f 3148/3129/7686 3155/3130/7686 3147/3131/7687
f 3149/3132/7688 3156/3133/7688 3148/3129/7689
f 3150/3134/7690 3157/3135/7690 3149/3132/7691
f 3151/3136/7692 3158/3137/7692 3150/3134/7693
f 3152/3138/7694 3159/3139/7694 3151/3136/7695
f 3153/3140/7696 3160/3141/7696 3152/3138/7697
f 3154/3142/7698 3161/3143/7698 3153/3140/7699
f 3156/3133/7700 3163/3144/7700 3155/3130/7701
f 3157/3135/7702 3164/3145/7702 3156/3133/7703
f 3158/3137/7704 3165/3146/7704 3157/3135/7705
f 3159/3139/7706 3166/3147/7706 3158/3137/7707
f 3160/3141/7708 3167/3148/7708 3159/3139/7709
f 3161/3143/7710 3168/3149/7710 3160/3141/7711
f 3162/3150/7712 3169/3151/7713 3161/3143/7714
f 3164/3145/7715 3171/3152/7715 3163/3144/7716
f 3165/3146/7717 3172/3153/7717 3164/3145/7718
f 3166/3147/7719 3173/3154/7719 3165/3146/7720
f 3167/3148/7721 3174/3155/7721 3166/3147/7722
f 3168/3149/7723 3175/3156/7723 3167/3148/7724
f 3169/3151/7725 3176/3157/7725 3168/3149/7726
f 3170/3158/7727 3177/3159/7728 3169/3151/7729
f 3172/3153/7730 3179/3160/7730 3171/3152/7731
f 3173/3154/7732 3180/3161/7733 3172/3153/7734
f 3174/3155/7735 3181/3162/7735 3173/3154/7736
f 3175/3156/7737 3182/3163/7738 3174/3155/7739
f 3176/3157/7740 3183/3164/7740 3175/3156/7741
f 3177/3159/7742 3184/3165/7742 3176/3157/7743
f 3178/3166/7744 3185/3167/7744 3177/3159/7745
f 3180/3161/7746 3187/3168/7747 3179/3160/7748
f 3181/3162/7749 3188/3169/7749 3180/3161/7750
f 3182/3163/7751 3189/3170/7751 3181/3162/7752
f 3183/3164/7753 3190/3171/7753 3182/3163/7754
f 3184/3165/7755 3191/3172/7756 3183/3164/7757
f 3185/3167/7758 3192/3173/7758 3184/3165/7759
f 3186/3174/7760 3193/3175/7760 3185/3167/7761
f 3188/3169/7762 3195/3176/7763 3187/3168/7764
f 3189/3170/7765 3196/3177/7766 3188/3169/7767
f 3190/3171/7768 3197/3178/7769 3189/3170/7770
f 3191/3172/7771 3198/3179/7772 3190/3171/7773
f 3192/3173/7774 3199/3180/7775 3191/3172/7776
f 3193/3175/7777 3200/3181/7777 3192/3173/7778
f 3194/3182/7779 3201/3183/7779 3193/3175/7780
f 3140/3122/7781 3042/3184/7781 3139/3121/7781
f 3141/3123/7782 3050/3033/7782 3140/3122/7783
f 3142/3124/7784 3058/3041/7784 3141/3123/7785
f 3143/3125/7786 3066/3049/7787 3142/3124/7788
f 3144/3127/7789 3074/3057/7790 3143/3125/7791
f 3145/3126/7792 3082/3065/7793 3144/3127/7794
f 3196/3177/7795 3098/3185/7796 3195/3176/7797
f 3197/3178/7798 3106/3088/7798 3196/3177/7799
f 3198/3179/7800 3114/3096/7800 3197/3178/7801
f 3199/3180/7802 3122/3104/7803 3198/3179/7804
f 3200/3181/7805 3130/3112/7806 3199/3180/7807
f 3201/3183/7808 3138/3120/7809 3200/3181/7810
f 3083/3067/7811 3162/3150/7812 3154/3142/7813
f 3084/3066/7814 3170/3158/7815 3162/3150/7816
f 3085/3068/7817 3178/3166/7818 3170/3158/7819
f 3086/3069/7820 3186/3174/7821 3178/3166/7822
f 3087/3070/7823 3194/3182/7823 3186/3174/7824
f 3088/3071/7825 3202/3186/7825 3194/3182/7826
f 3089/3072/7827 3034/3187/7827 3202/3186/7828
f 3145/3126/7829 3034/3187/7830 3090/3073/7831
f 3202/3186/7832 3146/3128/7833 3201/3183/7834
f 13/2006/7835 3035/3019/7836 469/2996/7837
f 424/2788/7838 3036/3022/7839 3035/3019/7840
f 425/2789/7841 3037/3024/7842 3036/3022/7843
f 426/2790/7844 3038/3026/7845 3037/3024/7846
f 427/2791/7847 3039/3028/7848 3038/3026/7849
f 428/2792/7850 3040/3030/7851 3039/3028/7514
f 429/2793/7852 3041/3032/7853 3040/3030/7854
f 430/2794/7855 3042/3184/7856 3041/3032/7857
f 469/2996/7858 3043/3021/7859 470/2997/7860
f 470/2997/7861 3051/3035/7862 471/2998/7863
f 471/2998/7864 3059/3043/7865 472/2999/7866
f 472/2999/7867 3067/3051/7868 473/3000/7869
f 473/3000/7870 3075/3059/7871 474/3001/7872
f 474/3001/7873 3083/3067/7874 475/3002/7875
f 475/3002/7876 3154/3142/7877 476/3003/7878
f 484/3188/7879 438/2806/7879 17/2804/7879
f 485/3189/7880 3091/3076/7880 484/3188/7880
f 486/3190/7881 3092/3074/7881 485/3189/7881
f 487/3191/7882 3093/3077/7882 486/3190/7882
f 488/3192/7883 3094/3079/7883 487/3191/7883
f 488/3192/7884 3096/3085/7884 3095/3081/7884
f 489/3193/7885 3097/3087/7885 3096/3085/7885
f 490/3194/7886 3098/3185/7887 3097/3087/7888
f 3091/3076/7889 437/2807/7889 438/2806/7889
f 3099/3075/7890 436/2808/7890 437/2807/7890
f 3107/3089/7891 435/2809/7891 436/2808/7891
f 3115/3097/7892 434/2810/7892 435/2809/7892
f 3123/3105/7893 433/2811/7893 434/2810/7893
f 3131/3113/7894 432/2812/7895 433/2811/7668
f 3139/3121/7896 431/2795/7896 432/2812/7897
f 483/3005/7898 498/3195/7898 18/3004/7898
f 482/3013/7899 3147/3131/7899 483/3005/7900
f 481/3014/7901 3148/3129/7901 482/3013/7902
f 480/3015/7903 3149/3132/7903 481/3014/7904
f 479/3016/7905 3150/3134/7905 480/3015/7906
f 478/3017/7907 3151/3136/7907 479/3016/7908
f 477/3018/7909 3152/3138/7909 478/3017/7910
f 476/3003/7911 3153/3140/7912 477/3018/7913
f 3147/3131/7914 497/3196/7914 498/3195/7914
f 3155/3130/7915 496/3197/7915 497/3196/7916
f 3163/3144/7917 495/3198/7917 496/3197/7918
f 3171/3152/7919 494/3199/7919 495/3198/7920
f 3179/3160/7921 493/3200/7922 494/3199/7923
f 3187/3168/7924 492/3201/7924 493/3200/7925
f 3195/3176/7926 491/3202/7926 492/3201/7927
f 501/1/7928 509/5/3 508/2/7929
f 502/4/7930 510/7/7931 509/5/7932
f 503/6/7933 511/9/9 510/7/7934
f 504/8/7935 512/11/11 511/9/7935
f 505/10/7936 513/13/7937 512/11/7936
f 506/12/7938 514/15/16 513/13/7939
f 507/14/7940 515/22/7941 514/15/7942
f 509/5/7943 517/17/7944 516/16/7943
f 510/7/7945 518/18/7946 517/17/7947
f 511/9/7948 519/19/7949 518/18/7948
f 512/11/7950 520/20/7951 519/19/7950
f 513/13/7952 521/21/7953 520/20/7954
f 514/15/7955 522/23/7956 521/21/7957
f 515/22/7958 523/30/37 522/23/7959
f 517/17/7960 525/25/7961 524/24/7960
f 518/18/7962 526/26/7963 525/25/7962
f 519/19/7964 527/27/7965 526/26/7964
f 520/20/7966 528/28/7966 527/27/7966
f 521/21/7967 529/29/7968 528/28/7967
f 522/23/7969 530/31/7970 529/29/7971
f 523/30/7972 531/38/7973 530/31/7974
f 525/25/7975 533/33/7976 532/32/7975
f 526/26/7977 534/34/57 533/33/7977
f 527/27/7978 535/35/59 534/34/7978
f 528/28/7979 536/36/7979 535/35/7979
f 529/29/7980 537/37/7981 536/36/7980
f 530/31/7982 538/39/7983 537/37/7984
f 531/38/7985 539/46/7986 538/39/7987
f 533/33/7988 541/41/7989 540/40/7990
f 534/34/7991 542/42/73 541/41/7991
f 535/35/7992 543/43/7993 542/42/7992
f 536/36/7994 544/44/7994 543/43/7994
f 537/37/7995 545/45/79 544/44/7996
f 538/39/7997 546/47/82 545/45/7998
f 539/46/7999 547/54/85 546/47/8000
f 541/41/8001 549/49/8002 548/48/8003
f 542/42/8004 550/50/91 549/49/8005
f 543/43/8006 551/51/8007 550/50/8006
f 544/44/8008 552/52/8008 551/51/8008
f 545/45/8009 553/53/8010 552/52/8009
f 546/47/8011 554/55/99 553/53/8012
f 547/54/8013 555/166/8014 554/55/8015
f 557/56/8016 565/60/8017 564/57/8018
f 558/59/8019 566/62/108 565/60/8020
f 559/61/8021 567/64/8022 566/62/8023
f 560/63/8024 568/66/114 567/64/8025
f 561/65/8026 569/68/117 568/66/8027
f 562/67/8028 570/70/120 569/68/8029
f 563/69/8030 571/77/8031 570/70/8032
f 565/60/8033 573/72/8034 572/71/8035
f 566/62/8036 574/73/129 573/72/8037
f 567/64/8038 575/74/132 574/73/8039
f 568/66/8040 576/75/135 575/74/8041
f 569/68/8042 577/76/8043 576/75/8044
f 570/70/8045 578/78/141 577/76/8046
f 571/77/8047 579/85/8048 578/78/8049
f 573/72/8050 581/80/147 580/79/8051
f 574/73/8052 582/81/150 581/80/8053
f 575/74/8054 583/82/8055 582/81/8056
f 576/75/8057 584/83/156 583/82/8058
f 577/76/8059 585/84/8060 584/83/8061
f 578/78/8062 586/86/162 585/84/8063
f 579/85/8064 587/93/165 586/86/8065
f 580/79/8066 581/80/168 589/87/8067
f 582/81/8068 590/89/171 589/87/8069
f 583/82/8070 591/90/174 590/89/8071
f 584/83/8072 592/91/8073 591/90/8074
f 585/84/8075 593/92/8076 592/91/8077
f 586/86/8078 594/94/183 593/92/8079
f 587/93/8080 595/101/8081 594/94/8082
f 588/88/8083 589/87/189 597/95/8084
f 589/87/8085 590/89/8086 598/97/8087
f 590/89/8088 591/90/8089 599/98/8090
f 592/91/8091 600/99/198 599/98/8092
f 593/92/8093 601/100/201 600/99/8094
f 594/94/8095 602/102/204 601/100/8096
f 595/101/8097 603/109/8098 602/102/8099
f 596/96/8100 597/95/210 605/103/8101
f 597/95/8102 598/97/213 606/105/8103
f 598/97/8104 599/98/216 607/106/8105
f 599/98/8106 600/99/8107 608/107/8108
f 600/99/8109 601/100/222 609/108/8110
f 602/102/8111 610/110/225 609/108/8112
f 603/109/8113 611/167/8114 610/110/8115
f 612/111/8116 613/114/8117 621/112/8116
f 613/114/8118 614/116/8119 622/115/8118
f 614/116/8120 615/118/8121 623/117/8120
f 615/118/8122 616/120/8123 624/119/8122
f 616/120/8124 617/122/8125 625/121/8124
f 617/122/8126 618/124/8127 626/123/8126
f 618/124/8128 619/168/8129 627/125/8130
f 620/113/8131 621/112/8132 629/126/8133
f 621/112/8134 622/115/8135 630/128/8136
f 622/115/8137 623/117/8138 631/129/8139
f 623/117/8140 624/119/8141 632/130/8140
f 624/119/8142 625/121/8143 633/131/8142
f 625/121/8144 626/123/8145 634/132/8144
f 626/123/8146 627/125/261 635/133/8147
f 628/127/8148 629/126/264 637/134/8149
f 629/126/8150 630/128/8151 638/136/8152
f 630/128/8153 631/129/8154 639/137/8155
f 631/129/8156 632/130/8157 640/138/8158
f 632/130/8159 633/131/276 641/139/8160
f 633/131/8161 634/132/8162 642/140/8161
f 634/132/8163 635/133/8164 643/141/8165
f 636/135/8166 637/134/284 645/142/8167
f 637/134/8168 638/136/287 646/144/8169
f 638/136/8170 639/137/290 647/145/8171
f 639/137/8172 640/138/293 648/146/8173
f 640/138/8174 641/139/8175 649/147/8174
f 641/139/8176 642/140/8177 650/148/8178
f 642/140/8179 643/141/301 651/149/8180
f 644/143/8181 645/142/304 653/150/8182
f 645/142/8183 646/144/8184 654/152/8185
f 646/144/8186 647/145/310 655/153/8187
f 647/145/8188 648/146/8189 656/154/8190
f 648/146/8191 649/147/316 657/155/8192
f 649/147/8193 650/148/319 658/156/8194
f 650/148/8195 651/149/8196 659/157/8195
f 652/151/8197 653/150/324 661/158/8198
f 653/150/8199 654/152/327 662/160/8200
f 654/152/8201 655/153/330 663/161/8202
f 655/153/8203 656/154/333 664/162/8204
f 656/154/8205 657/155/336 665/163/8206
f 657/155/8207 658/156/339 666/164/8208
f 658/156/8209 659/157/341 667/165/8209
f 604/104/8210 605/103/344 515/22/8211
f 605/103/8212 606/105/8213 523/30/8214
f 606/105/8215 607/106/350 531/38/8216
f 607/106/8217 608/107/8218 539/46/8219
f 608/107/8220 609/108/8221 547/54/8222
f 609/108/8223 610/110/359 555/166/8224
f 660/159/8225 661/158/8226 571/77/8227
f 661/158/8228 662/160/8229 579/85/8230
f 662/160/8231 663/161/368 587/93/8232
f 663/161/8233 664/162/371 595/101/8234
f 664/162/8235 665/163/374 603/109/8236
f 665/163/8237 666/164/8238 611/167/8239
f 549/49/8240 627/125/8241 619/168/8240
f 550/50/8242 635/133/381 627/125/8242
f 551/51/8243 643/141/383 635/133/8243
f 552/52/8244 651/149/8245 643/141/8244
f 553/53/8246 659/157/8246 651/149/8246
f 554/55/8247 667/165/8248 659/157/8247
f 555/166/8249 499/169/8250 667/165/8251
f 610/110/8252 611/167/394 499/169/8253
f 666/164/8254 667/165/8255 499/169/8256
f 34/170/8257 500/3/400 19/171/8258
f 35/173/8259 501/1/403 500/3/8260
f 36/174/8261 502/4/8262 501/1/8263
f 37/175/8264 503/6/409 502/4/8265
f 38/176/410 504/8/410 503/6/410
f 39/177/8266 505/10/8267 504/8/8268
f 40/178/8269 506/12/416 505/10/8270
f 41/179/8271 507/14/419 506/12/8272
f 500/3/8273 508/2/422 20/180/8274
f 508/2/8275 516/16/8276 21/181/8275
f 516/16/8277 524/24/426 22/182/8277
f 524/24/8278 532/32/429 23/183/8279
f 532/32/8280 540/40/432 24/184/8281
f 540/40/8282 548/48/8283 25/185/8282
f 548/48/8284 619/168/436 26/186/8284
f 63/187/8285 556/58/8286 48/188/8287
f 62/190/8288 557/56/442 556/58/8289
f 61/191/8290 558/59/445 557/56/8291
f 60/192/8292 559/61/448 558/59/8293
f 59/193/8294 560/63/451 559/61/8295
f 58/194/8296 561/65/454 560/63/8297
f 57/195/8298 562/67/457 561/65/8299
f 56/196/8300 563/69/460 562/67/8301
f 556/58/8302 564/57/463 47/197/8303
f 47/197/8304 564/57/8305 572/71/8306
f 46/198/8307 572/71/8308 580/79/8309
f 45/199/8310 580/79/8311 588/88/8312
f 44/200/8313 588/88/8314 596/96/8315
f 43/201/8316 596/96/478 604/104/8317
f 42/202/8318 604/104/8319 507/14/8320
f 2/203/8321 33/205/8321 612/111/8321
f 33/205/8322 32/206/8322 613/114/8322
f 32/206/8323 31/207/8323 614/116/8323
f 31/207/8324 30/208/8324 615/118/8324
f 30/208/8325 29/209/8325 616/120/8325
f 29/209/8326 28/210/8327 617/122/8326
f 28/210/8328 27/211/8329 618/124/8328
f 27/211/8330 26/186/8331 619/168/8330
f 49/204/8332 612/111/8333 620/113/8332
f 50/212/8334 620/113/497 628/127/8335
f 51/213/8336 628/127/8337 636/135/8338
f 52/214/8339 636/135/8340 644/143/8341
f 53/215/8342 644/143/8343 652/151/8344
f 54/216/8345 652/151/8346 660/159/8347
f 55/217/8348 660/159/8349 563/69/8350
f 670/218/8351 678/222/8352 677/219/8353
f 671/221/8354 679/224/517 678/222/8354
f 672/223/8355 680/226/8356 679/224/8355
f 673/225/8357 681/228/8358 680/226/8357
f 674/227/8359 682/230/523 681/228/8359
f 675/229/8360 683/232/8361 682/230/8360
f 676/231/8362 684/239/527 683/232/8362
f 678/222/8363 686/234/529 685/233/8363
f 679/224/8364 687/235/8365 686/234/8364
f 680/226/8366 688/236/8367 687/235/8366
f 681/228/8368 689/237/535 688/236/8368
f 682/230/8369 690/238/8370 689/237/8369
f 683/232/8371 691/240/539 690/238/8371
f 684/239/8372 692/247/541 691/240/8372
f 686/234/8373 694/242/8374 693/241/8375
f 687/235/8376 695/243/546 694/242/8376
f 688/236/8377 696/244/8378 695/243/8379
f 689/237/8380 697/245/551 696/244/8380
f 690/238/8381 698/246/553 697/245/8381
f 691/240/8382 699/248/8383 698/246/8384
f 692/247/8385 700/255/559 699/248/8386
f 693/241/8387 694/242/8388 702/249/8387
f 695/243/8389 703/251/8390 702/249/8391
f 696/244/8392 704/252/8393 703/251/8394
f 697/245/8395 705/253/8396 704/252/8397
f 698/246/8398 706/254/572 705/253/8398
f 699/248/8399 707/256/8400 706/254/8401
f 700/255/8402 708/263/578 707/256/8403
f 701/250/8404 702/249/581 710/257/8405
f 702/249/8406 703/251/584 711/259/8407
f 704/252/8408 712/260/8409 711/259/8410
f 705/253/8411 713/261/8412 712/260/8413
f 706/254/8414 714/262/593 713/261/8415
f 707/256/8416 715/264/8417 714/262/8418
f 708/263/8419 716/271/8420 715/264/8421
f 709/258/8422 710/257/602 718/265/8423
f 710/257/8424 711/259/8425 719/267/8426
f 711/259/8427 712/260/608 720/268/8428
f 712/260/8429 713/261/611 721/269/8430
f 714/262/8431 722/270/8432 721/269/8433
f 715/264/8434 723/272/617 722/270/8435
f 716/271/8436 724/383/620 723/272/8437
f 725/273/8438 726/276/623 734/274/8439
f 726/276/8440 727/278/626 735/277/8441
f 727/278/8442 728/280/8443 736/279/8444
f 728/280/8445 729/282/632 737/281/8446
f 729/282/8447 730/284/635 738/283/8448
f 730/284/8449 731/286/638 739/285/8450
f 731/286/8451 732/384/8452 740/287/8453
f 733/275/8454 734/274/8455 742/288/8456
f 734/274/8457 735/277/647 743/290/8458
f 735/277/8459 736/279/650 744/291/8460
f 736/279/8461 737/281/8462 745/292/8463
f 737/281/8464 738/283/656 746/293/8465
f 738/283/8466 739/285/659 747/294/8467
f 739/285/8468 740/287/662 748/295/8469
f 741/289/8470 742/288/8471 750/296/8472
f 742/288/8473 743/290/668 751/298/8474
f 743/290/8475 744/291/671 752/299/8476
f 744/291/8477 745/292/8478 753/300/8479
f 745/292/8480 746/293/677 754/301/8481
f 746/293/8482 747/294/680 755/302/8483
f 747/294/8484 748/295/683 756/303/8485
f 749/297/8486 750/296/686 758/304/8487
f 750/296/8488 751/298/689 759/306/8489
f 751/298/8490 752/299/8491 760/307/8492
f 752/299/8493 753/300/695 761/308/8494
f 753/300/8495 754/301/8496 762/309/8497
f 754/301/8498 755/302/701 763/310/8499
f 755/302/8500 756/303/704 764/311/8501
f 757/305/8502 758/304/707 766/312/8503
f 758/304/8504 759/306/8505 767/314/8506
f 759/306/8507 760/307/8508 768/315/8509
f 760/307/8510 761/308/8511 769/316/8512
f 761/308/8513 762/309/719 770/317/8514
f 762/309/8515 763/310/722 771/318/8516
f 763/310/8517 764/311/8518 772/319/8517
f 765/313/8519 766/312/727 774/320/8520
f 766/312/8521 767/314/8522 775/322/8521
f 767/314/8523 768/315/731 776/323/8523
f 768/315/8524 769/316/8525 777/324/8526
f 769/316/8527 770/317/737 778/325/8528
f 770/317/8529 771/318/8530 779/326/8531
f 771/318/8532 772/319/8533 780/327/8534
f 782/328/8535 790/332/746 789/329/8536
f 783/331/8537 791/334/8538 790/332/8539
f 784/333/8540 792/336/752 791/334/8541
f 785/335/8542 793/338/755 792/336/8543
f 786/337/8544 794/340/8545 793/338/8546
f 787/339/8547 795/342/761 794/340/8548
f 788/341/8549 796/349/764 795/342/8550
f 790/332/8551 798/344/8552 797/343/8551
f 791/334/8553 799/345/769 798/344/8554
f 792/336/8555 800/346/772 799/345/8556
f 793/338/8557 801/347/8558 800/346/8559
f 794/340/8560 802/348/778 801/347/8561
f 795/342/8562 803/350/781 802/348/8563
f 796/349/8564 804/357/8565 803/350/8566
f 798/344/8567 806/352/8568 805/351/8567
f 799/345/8569 807/353/8570 806/352/8569
f 800/346/8571 808/354/791 807/353/8572
f 801/347/8573 809/355/8574 808/354/8575
f 802/348/8576 810/356/797 809/355/8577
f 803/350/8578 811/358/8579 810/356/8580
f 804/357/8581 812/365/803 811/358/8582
f 806/352/8583 814/360/8584 813/359/8583
f 807/353/8585 815/361/8586 814/360/8585
f 808/354/8587 816/362/8588 815/361/8587
f 809/355/8589 817/363/8590 816/362/8591
f 810/356/8592 818/364/8593 817/363/8594
f 811/358/8595 819/366/818 818/364/8596
f 812/365/8597 820/373/821 819/366/8598
f 814/360/8599 822/368/8599 821/367/8599
f 815/361/8600 823/369/8601 822/368/8600
f 816/362/8602 824/370/8603 823/369/8602
f 817/363/8604 825/371/8605 824/370/8604
f 818/364/8606 826/372/830 825/371/8606
f 819/366/8607 827/374/8608 826/372/8609
f 820/373/8610 828/381/836 827/374/8611
f 822/368/8612 830/376/838 829/375/8612
f 823/369/8613 831/377/8613 830/376/8613
f 824/370/8614 832/378/8614 831/377/8614
f 825/371/8615 833/379/8616 832/378/8615
f 826/372/8617 834/380/844 833/379/8617
f 827/374/8618 835/382/8619 834/380/8618
f 828/381/8620 836/385/8621 835/382/8622
f 773/321/8623 774/320/851 684/239/8623
f 774/320/8624 775/322/8625 692/247/8624
f 775/322/8626 776/323/855 700/255/8626
f 776/323/8627 777/324/858 708/263/8628
f 777/324/8629 778/325/861 716/271/8630
f 778/325/8631 779/326/864 724/383/8632
f 830/376/8633 740/287/8634 732/384/8633
f 831/377/8635 748/295/8636 740/287/8635
f 832/378/8637 756/303/8638 748/295/8637
f 833/379/8639 764/311/8640 756/303/8639
f 834/380/8641 772/319/8642 764/311/8641
f 835/382/8643 780/327/8644 772/319/8643
f 717/266/8645 718/265/879 796/349/8646
f 718/265/8647 719/267/882 804/357/8648
f 719/267/8649 720/268/8650 812/365/8651
f 720/268/8652 721/269/888 820/373/8653
f 721/269/8654 722/270/8655 828/381/8656
f 722/270/8657 723/272/8658 836/385/8659
f 723/272/8660 724/383/8661 668/386/8660
f 779/326/8662 780/327/898 668/386/8663
f 836/385/8664 668/386/8665 780/327/8666
f 64/387/8667 669/220/8668 34/170/8667
f 65/388/8669 670/218/8670 669/220/8669
f 66/389/8671 671/221/8672 670/218/8671
f 67/390/8673 672/223/909 671/221/8674
f 68/391/8675 673/225/8676 672/223/8675
f 69/392/8677 674/227/913 673/225/8677
f 70/393/8678 675/229/8679 674/227/8678
f 71/394/8680 676/231/8681 675/229/8682
f 669/220/8683 677/219/8683 35/173/8683
f 35/173/8684 677/219/8684 685/233/8684
f 36/174/8685 685/233/8685 693/241/8685
f 37/175/8686 693/241/924 701/250/8687
f 38/176/8688 701/250/8689 709/258/8690
f 39/177/8691 709/258/930 717/266/8692
f 40/178/8693 717/266/933 788/341/8694
f 4/395/8695 93/397/936 725/273/8696
f 93/397/8697 92/398/939 726/276/8698
f 92/398/8699 91/399/942 727/278/8700
f 91/399/8701 90/400/945 728/280/8702
f 90/400/8703 89/401/948 729/282/8704
f 89/401/8705 88/402/951 730/284/8706
f 88/402/8707 87/403/8708 731/286/8709
f 87/403/8710 86/417/956 732/384/8710
f 78/396/8711 725/273/8712 733/275/8713
f 77/404/8714 733/275/8715 741/289/8716
f 76/405/8717 741/289/965 749/297/8718
f 75/406/8719 749/297/968 757/305/8720
f 74/407/8721 757/305/8722 765/313/8723
f 73/408/8724 765/313/8725 773/321/8724
f 72/409/8726 773/321/975 676/231/8726
f 48/188/8727 781/330/978 79/410/8728
f 47/197/8729 782/328/981 781/330/8730
f 46/198/8731 783/331/984 782/328/8732
f 45/199/8733 784/333/8734 783/331/8735
f 44/200/8736 785/335/990 784/333/8737
f 43/201/8738 786/337/8739 785/335/8740
f 42/202/8741 787/339/996 786/337/8742
f 41/179/8743 788/341/999 787/339/8744
f 781/330/8745 789/329/1002 80/411/8746
f 789/329/8747 797/343/8748 81/412/8747
f 797/343/8749 805/351/8750 82/413/8749
f 805/351/8751 813/359/8751 83/414/8751
f 813/359/8752 821/367/8753 84/415/8752
f 821/367/8754 829/375/1011 85/416/8754
f 829/375/8755 732/384/8756 86/417/8757
f 839/418/8758 847/422/8759 846/419/8758
f 840/421/8760 848/424/8761 847/422/8760
f 841/423/8762 849/426/8763 848/424/8762
f 842/425/8764 850/428/8765 849/426/8764
f 843/427/8766 851/430/8767 850/428/8766
f 844/429/8768 852/432/1026 851/430/8769
f 845/431/8770 853/439/1029 852/432/8771
f 847/422/8772 855/434/8772 854/433/8772
f 848/424/8773 856/435/8773 855/434/8773
f 849/426/8774 857/436/8775 856/435/8774
f 850/428/8776 858/437/1036 857/436/8777
f 851/430/8778 859/438/1039 858/437/8779
f 852/432/8780 860/440/8781 859/438/8782
f 853/439/8783 861/447/1045 860/440/8784
f 855/434/1046 863/442/1046 862/441/1046
f 856/435/8785 864/443/8785 863/442/8785
f 857/436/8786 865/444/8787 864/443/8786
f 858/437/8788 866/445/8789 865/444/8788
f 859/438/8790 867/446/8791 866/445/8792
f 860/440/8793 868/448/1058 867/446/8794
f 861/447/8795 869/455/8796 868/448/8797
f 863/442/8798 871/450/8798 870/449/8798
f 864/443/8799 872/451/8799 871/450/8799
f 865/444/8800 873/452/8801 872/451/8800
f 866/445/8802 874/453/8803 873/452/8802
f 867/446/8804 875/454/1069 874/453/8804
f 868/448/8805 876/456/1072 875/454/8806
f 869/455/8807 877/463/1075 876/456/8808
f 871/450/8809 879/458/1077 878/457/8809
f 872/451/8810 880/459/8810 879/458/8810
f 873/452/8811 881/460/8811 880/459/8811
f 874/453/8812 882/461/8813 881/460/8812
f 875/454/8814 883/462/1083 882/461/8814
f 876/456/8815 884/464/1085 883/462/8815
f 877/463/8816 885/471/1088 884/464/8817
f 879/458/8818 887/466/1090 886/465/8818
f 880/459/8819 888/467/8819 887/466/8819
f 881/460/8820 889/468/8820 888/467/8820
f 882/461/8821 890/469/1093 889/468/8821
f 883/462/8822 891/470/8823 890/469/8822
f 884/464/8824 892/472/8825 891/470/8824
f 885/471/8826 893/583/1100 892/472/8827
f 895/473/8828 903/477/1103 902/474/8829
f 896/476/8830 904/479/8831 903/477/8832
f 897/478/8833 905/481/8834 904/479/8835
f 898/480/8836 906/483/1112 905/481/8837
f 899/482/8838 907/485/8839 906/483/8840
f 900/484/8841 908/487/8842 907/485/8843
f 901/486/8844 909/494/1120 908/487/8844
f 902/474/8845 903/477/1123 911/488/8846
f 904/479/8847 912/490/8848 911/488/8849
f 905/481/8850 913/491/1129 912/490/8851
f 906/483/8852 914/492/8853 913/491/8854
f 907/485/8855 915/493/8856 914/492/8857
f 908/487/8858 916/495/8859 915/493/8858
f 909/494/8860 917/502/1139 916/495/8860
f 910/489/8861 911/488/1142 919/496/8862
f 911/488/8863 912/490/1145 920/498/8864
f 913/491/8865 921/499/1148 920/498/8866
f 914/492/8867 922/500/8868 921/499/8869
f 915/493/8870 923/501/8871 922/500/8872
f 916/495/8873 924/503/1157 923/501/8874
f 917/502/8875 925/510/8876 924/503/8875
f 918/497/8877 919/496/1162 927/504/8878
f 919/496/8879 920/498/8880 928/506/8881
f 920/498/8882 921/499/8883 929/507/8884
f 921/499/8885 922/500/1171 930/508/8886
f 923/501/8887 931/509/1174 930/508/8888
f 924/503/8889 932/511/1177 931/509/8890
f 925/510/8891 933/519/1180 932/511/8892
f 926/505/8893 927/504/1183 935/512/8894
f 927/504/8895 928/506/8896 936/514/8897
f 928/506/8898 929/507/1189 937/515/8899
f 929/507/8900 930/508/8901 938/516/8902
f 930/508/8903 931/509/1195 939/517/8904
f 931/509/8905 932/511/8906 940/518/8907
f 933/519/8908 941/584/1201 940/518/8909
f 934/513/8910 935/512/8911 943/520/8912
f 935/512/8913 936/514/1207 944/522/8914
f 936/514/8915 937/515/1210 945/523/8916
f 937/515/8917 938/516/8918 946/524/8919
f 938/516/8920 939/517/1216 947/525/8921
f 939/517/4693 940/518/1219 948/526/8922
f 940/518/8923 941/584/1222 949/527/8924
f 951/528/8925 959/532/8926 958/529/8927
f 952/531/8928 960/534/1228 959/532/8929
f 953/533/8930 961/536/1231 960/534/8931
f 954/535/8932 962/538/1234 961/536/8933
f 954/535/8934 955/539/1237 963/537/8935
f 955/539/8936 956/541/8937 964/540/8936
f 956/541/8938 957/585/1241 965/542/8938
f 959/532/8939 967/544/8940 966/543/8939
f 960/534/8941 968/545/1246 967/544/8942
f 961/536/8943 969/546/8944 968/545/8945
f 962/538/8946 970/548/8947 969/546/8948
f 962/538/8949 963/537/1255 971/547/8950
f 963/537/8951 964/540/1257 972/549/8951
f 964/540/8952 965/542/1260 973/550/8953
f 966/543/8954 967/544/1262 975/551/8954
f 968/545/8955 976/553/1264 975/551/8955
f 969/546/8956 977/555/1267 976/553/8957
f 969/546/8958 970/548/1270 978/554/8959
f 970/548/8960 971/547/1273 979/556/8961
f 971/547/8962 972/549/1276 980/557/8963
f 972/549/8964 973/550/8965 981/558/8966
f 974/552/1261 975/551/8967 983/559/1261
f 975/551/8968 976/553/8969 984/561/8970
f 976/553/8971 977/555/8972 985/562/1288
f 977/555/8973 978/554/8974 986/563/8975
f 978/554/8976 979/556/8977 987/564/8978
f 979/556/8979 980/557/1296 988/565/8980
f 980/557/8981 981/558/8982 989/566/8981
f 982/560/8983 983/559/1300 991/567/8983
f 983/559/8984 984/561/1302 992/569/8984
f 984/561/8985 985/562/1304 993/570/8985
f 985/562/8986 986/563/1306 994/571/8986
f 986/563/8987 987/564/8988 995/572/8989
f 987/564/8990 988/565/1312 996/573/8991
f 988/565/8992 989/566/8993 997/574/8992
f 990/568/8994 991/567/1316 999/575/8994
f 991/567/8995 992/569/1318 1000/577/8995
f 992/569/8996 993/570/1321 1001/578/8997
f 993/570/8998 994/571/8999 1002/579/8998
f 994/571/9000 995/572/1326 1003/580/9001
f 995/572/9002 996/573/1329 1004/581/9003
f 996/573/9004 997/574/1331 1005/582/9004
f 942/521/9005 943/520/1334 853/439/9006
f 943/520/9007 944/522/9008 861/447/9009
f 944/522/9010 945/523/1340 869/455/9011
f 945/523/9012 946/524/9013 877/463/9014
f 946/524/9015 947/525/1346 885/471/9016
f 947/525/9017 948/526/1349 893/583/9018
f 998/576/9019 999/575/1352 909/494/9020
f 999/575/9021 1000/577/9022 917/502/9021
f 1000/577/9023 1001/578/1356 925/510/9023
f 1001/578/9024 1002/579/1359 933/519/9025
f 1002/579/9026 1003/580/1362 941/584/9027
f 1003/580/9028 1004/581/9029 949/527/9028
f 887/466/9030 965/542/9031 957/585/9030
f 888/467/9032 973/550/9033 965/542/9032
f 889/468/9034 981/558/9035 973/550/9034
f 890/469/9036 989/566/9037 981/558/9036
f 891/470/9038 997/574/9038 989/566/9038
f 892/472/9039 1005/582/9040 997/574/9039
f 892/472/9041 893/583/9042 837/586/9041
f 948/526/9043 949/527/9044 837/586/9045
f 1004/581/9046 1005/582/1382 837/586/9046
f 123/587/1383 838/420/1383 108/588/1383
f 122/590/9047 839/418/9047 838/420/9047
f 121/591/9048 840/421/9048 839/418/9048
f 120/592/9049 841/423/9050 840/421/9049
f 119/593/9051 842/425/9052 841/423/9053
f 118/594/9054 843/427/9055 842/425/9056
f 117/595/9057 844/429/1396 843/427/9058
f 116/596/9059 845/431/1399 844/429/9060
f 838/420/9061 846/419/9061 107/597/9061
f 846/419/1401 854/433/1401 106/598/1401
f 854/433/9062 862/441/9062 105/599/9062
f 862/441/9063 870/449/9063 104/600/9063
f 870/449/9064 878/457/9065 103/601/9064
f 878/457/9066 886/465/9067 102/602/9066
f 886/465/9068 957/585/9069 101/603/9070
f 78/396/9071 894/475/9072 109/604/9073
f 77/404/9074 895/473/9075 894/475/9076
f 76/405/9077 896/476/1419 895/473/9078
f 75/406/9079 897/478/1422 896/476/9080
f 74/407/9081 898/480/1425 897/478/9082
f 73/408/9083 899/482/1428 898/480/9084
f 72/409/9085 900/484/1430 899/482/9085
f 71/394/9086 901/486/1432 900/484/9086
f 109/604/9087 894/475/1435 902/474/9088
f 110/605/9089 902/474/9090 910/489/9091
f 111/606/9092 910/489/1441 918/497/9093
f 112/607/9094 918/497/1444 926/505/9095
f 113/608/9096 926/505/1447 934/513/9097
f 114/609/9098 934/513/9099 942/521/9100
f 115/610/9101 942/521/1453 845/431/9102
f 94/611/9103 950/530/1456 64/387/9104
f 95/612/9105 951/528/9106 950/530/9107
f 96/613/9108 952/531/1462 951/528/9109
f 97/614/9110 953/533/9111 952/531/9112
f 98/615/9113 954/535/1468 953/533/9114
f 99/616/9115 955/539/1471 954/535/9116
f 99/616/9117 100/617/1474 956/541/9118
f 100/617/9119 101/603/1476 957/585/9119
f 950/530/9120 958/529/1478 65/388/9120
f 65/388/9121 958/529/9122 966/543/9121
f 66/389/9123 966/543/1482 974/552/9123
f 67/390/9124 974/552/9125 982/560/9124
f 68/391/9126 982/560/1486 990/568/9126
f 69/392/1315 990/568/1488 998/576/1315
f 70/393/9127 998/576/1490 901/486/9127
f 1008/618/9128 1016/622/1493 1015/619/9129
f 1009/621/9130 1017/624/9131 1016/622/9132
f 1010/623/9133 1018/626/9134 1017/624/9135
f 1011/625/9136 1019/628/1502 1018/626/9137
f 1012/627/9138 1020/630/1505 1019/628/9139
f 1013/629/9140 1021/632/1508 1020/630/9141
f 1014/631/9142 1022/639/9143 1021/632/9144
f 1016/622/9145 1024/634/1514 1023/633/9146
f 1017/624/9147 1025/635/1517 1024/634/9148
f 1018/626/9149 1026/636/1520 1025/635/9150
f 1019/628/9151 1027/637/9152 1026/636/9153
f 1020/630/9154 1028/638/9155 1027/637/9156
f 1021/632/9157 1029/640/9158 1028/638/9159
f 1022/639/9160 1030/647/1532 1029/640/9161
f 1024/634/9162 1032/642/9163 1031/641/9162
f 1025/635/9164 1033/643/1537 1032/642/9165
f 1026/636/9166 1034/644/9167 1033/643/9168
f 1027/637/9169 1035/645/9170 1034/644/9171
f 1028/638/9172 1036/646/1546 1035/645/9173
f 1029/640/9174 1037/648/1549 1036/646/9175
f 1030/647/9176 1038/655/9177 1037/648/9178
f 1032/642/9179 1040/650/9180 1039/649/9179
f 1033/643/9181 1041/651/1557 1040/650/9182
f 1034/644/9183 1042/652/9184 1041/651/9185
f 1035/645/9186 1043/653/1563 1042/652/9187
f 1036/646/9188 1044/654/1566 1043/653/9189
f 1037/648/9190 1045/656/1569 1044/654/9191
f 1038/655/9192 1046/663/1572 1045/656/9193
f 1040/650/9194 1048/658/9195 1047/657/9194
f 1041/651/9196 1049/659/9197 1048/658/9196
f 1042/652/9198 1050/660/1579 1049/659/9199
f 1043/653/9200 1051/661/9201 1050/660/9202
f 1044/654/9203 1052/662/9204 1051/661/9205
f 1045/656/9206 1053/664/1588 1052/662/9207
f 1046/663/9208 1054/671/9209 1053/664/9210
f 1048/658/9211 1056/666/9211 1055/665/9211
f 1049/659/9212 1057/667/9213 1056/666/9212
f 1050/660/9214 1058/668/9215 1057/667/9214
f 1051/661/9216 1059/669/9217 1058/668/9216
f 1052/662/9218 1060/670/9219 1059/669/9220
f 1053/664/9221 1061/672/9222 1060/670/9223
f 1054/671/9224 1062/785/9225 1061/672/9226
f 1064/673/9227 1072/677/9227 1071/674/9227
f 1065/676/9228 1073/679/9228 1072/677/9228
f 1066/678/9229 1074/681/9229 1073/679/9229
f 1067/680/9230 1075/683/9231 1074/681/9230
f 1068/682/9232 1076/685/1614 1075/683/9232
f 1069/684/9233 1077/687/9234 1076/685/9233
f 1070/686/9235 1078/694/1618 1077/687/9235
f 1072/677/1620 1080/689/1620 1079/688/1620
f 1073/679/9236 1081/690/9236 1080/689/9236
f 1074/681/9237 1082/691/9238 1081/690/9237
f 1075/683/9239 1083/692/9240 1082/691/9241
f 1076/685/9242 1084/693/9243 1083/692/9242
f 1077/687/9244 1085/695/1630 1084/693/9245
f 1078/694/9246 1086/702/1633 1085/695/9247
f 1080/689/9248 1088/697/9248 1087/696/9248
f 1081/690/9249 1089/698/9249 1088/697/9249
f 1082/691/9250 1090/699/9251 1089/698/9252
f 1083/692/9253 1091/700/9254 1090/699/9255
f 1084/693/9256 1092/701/9257 1091/700/9256
f 1085/695/9258 1093/703/1647 1092/701/9259
f 1086/702/9260 1094/710/9261 1093/703/9260
f 1088/697/9262 1096/705/9263 1095/704/9264
f 1089/698/9265 1097/706/9266 1096/705/9265
f 1090/699/9267 1098/707/9268 1097/706/9267
f 1091/700/9269 1099/708/1659 1098/707/9270
f 1092/701/9271 1100/709/9272 1099/708/9273
f 1093/703/9274 1101/711/9275 1100/709/9276
f 1094/710/9277 1102/718/1668 1101/711/9278
f 1096/705/9279 1104/713/9280 1103/712/9281
f 1097/706/9282 1105/714/9283 1104/713/9284
f 1098/707/9285 1106/715/9286 1105/714/9287
f 1099/708/9288 1107/716/9289 1106/715/9290
f 1100/709/9291 1108/717/9292 1107/716/9293
f 1101/711/9294 1109/719/9295 1108/717/9294
f 1102/718/9296 1110/726/1688 1109/719/9297
f 1104/713/9298 1112/721/9299 1111/720/9300
f 1105/714/9301 1113/722/1694 1112/721/9302
f 1106/715/9303 1114/723/9304 1113/722/9305
f 1107/716/9306 1115/724/9307 1114/723/9308
f 1108/717/9309 1116/725/9310 1115/724/9311
f 1109/719/9312 1117/727/9313 1116/725/9314
f 1110/726/9315 1118/783/9316 1117/727/9315
f 1119/728/9317 1120/731/1711 1128/729/9318
f 1120/731/9319 1121/733/9320 1129/732/9321
f 1121/733/9322 1122/735/1717 1130/734/9323
f 1122/735/9324 1123/737/9325 1131/736/9326
f 1123/737/9327 1124/739/1722 1132/738/9327
f 1124/739/9328 1125/741/9329 1133/740/9330
f 1125/741/9331 1126/784/9332 1134/742/9331
f 1127/730/9333 1128/729/1730 1136/743/9334
f 1128/729/9335 1129/732/1733 1137/745/9336
f 1129/732/9337 1130/734/1736 1138/746/9338
f 1130/734/9339 1131/736/1739 1139/747/9340
f 1131/736/9341 1132/738/9342 1140/748/9343
f 1132/738/9344 1133/740/1744 1141/749/9344
f 1133/740/9345 1134/742/9346 1142/750/9345
f 1135/744/9347 1136/743/1749 1144/751/9348
f 1136/743/9349 1137/745/1751 1145/753/9349
f 1137/745/9350 1138/746/9351 1146/754/9352
f 1138/746/9353 1139/747/9354 1147/755/9353
f 1139/747/9355 1140/748/9356 1148/756/9357
f 1140/748/9358 1141/749/9359 1149/757/9358
f 1141/749/9360 1142/750/1763 1150/758/9360
f 1143/752/9361 1144/751/9362 1152/759/9361
f 1144/751/9363 1145/753/1767 1153/761/9363
f 1145/753/9364 1146/754/1769 1154/762/9364
f 1146/754/9365 1147/755/9366 1155/763/9365
f 1147/755/9367 1148/756/1773 1156/764/9367
f 1148/756/9368 1149/757/1775 1157/765/9368
f 1149/757/9369 1150/758/9370 1158/766/9369
f 1151/760/9371 1152/759/9372 1160/767/9371
f 1152/759/9373 1153/761/9374 1161/769/9373
f 1153/761/9375 1154/762/9376 1162/770/9377
f 1154/762/9378 1155/763/1786 1163/771/9378
f 1155/763/9379 1156/764/9380 1164/772/9379
f 1156/764/9381 1157/765/9382 1165/773/9381
f 1157/765/9383 1158/766/9384 1166/774/9383
f 1159/768/9385 1160/767/1794 1168/775/9385
f 1160/767/9386 1161/769/1796 1169/777/9386
f 1161/769/9387 1162/770/1798 1170/778/9387
f 1162/770/9388 1163/771/1800 1171/779/9388
f 1163/771/9389 1164/772/9390 1172/780/9389
f 1164/772/9391 1165/773/9392 1173/781/9391
f 1165/773/9393 1166/774/9394 1174/782/9395
f 1111/720/9396 1112/721/9397 1022/639/9398
f 1112/721/9399 1113/722/9400 1030/647/9401
f 1114/723/9402 1038/655/1816 1030/647/9403
f 1115/724/9404 1046/663/1819 1038/655/9405
f 1116/725/9406 1054/671/9407 1046/663/9408
f 1117/727/9409 1062/785/1825 1054/671/9410
f 1167/776/9411 1168/775/9412 1078/694/9411
f 1168/775/9413 1169/777/1829 1086/702/9413
f 1169/777/9414 1170/778/9415 1094/710/9414
f 1170/778/9416 1171/779/9417 1102/718/9418
f 1171/779/9419 1172/780/1837 1110/726/9420
f 1172/780/9421 1173/781/9422 1118/783/9421
f 1056/666/9423 1134/742/9424 1126/784/9423
f 1057/667/9425 1142/750/9426 1134/742/9425
f 1058/668/9427 1150/758/9428 1142/750/9427
f 1059/669/9429 1158/766/9429 1150/758/9429
f 1060/670/9430 1166/774/9430 1158/766/9430
f 1061/672/9431 1174/782/1849 1166/774/9432
f 1062/785/9433 1006/786/9434 1174/782/9435
f 1118/783/9436 1006/786/9437 1062/785/9438
f 1173/781/9439 1174/782/9440 1006/786/9439
f 124/787/9441 1007/620/1860 93/397/9442
f 125/788/9443 1008/618/1863 1007/620/9444
f 126/789/9445 1009/621/1866 1008/618/9446
f 127/790/9447 1010/623/1869 1009/621/9448
f 128/791/9449 1011/625/1872 1010/623/9450
f 129/792/9451 1012/627/1875 1011/625/9452
f 130/793/9453 1013/629/1878 1012/627/9454
f 131/794/9455 1014/631/1881 1013/629/9456
f 1007/620/9457 1015/619/9458 92/398/9459
f 1015/619/9460 1023/633/9461 91/399/9460
f 1023/633/9462 1031/641/9462 90/400/9462
f 1031/641/9463 1039/649/9463 89/401/9463
f 1039/649/9464 1047/657/9465 88/402/9464
f 1047/657/9466 1055/665/9467 87/403/9466
f 1055/665/9468 1126/784/9469 86/417/9468
f 153/795/9470 1063/675/9470 138/796/9470
f 152/798/9471 1064/673/9471 1063/675/9471
f 151/799/9472 1065/676/9472 1064/673/9472
f 150/800/9473 1066/678/9473 1065/676/9473
f 149/801/9474 1067/680/9475 1066/678/9474
f 148/802/9476 1068/682/9477 1067/680/9476
f 147/803/9478 1069/684/9479 1068/682/9478
f 146/804/9480 1070/686/9481 1069/684/9480
f 1063/675/9482 1071/674/9482 137/805/9482
f 1071/674/9483 1079/688/9483 136/806/9483
f 1079/688/9484 1087/696/9485 135/807/9484
f 1087/696/9486 1095/704/1911 134/808/9487
f 1095/704/9488 1103/712/9489 133/809/9490
f 133/809/9491 1103/712/9492 1111/720/9493
f 132/810/9494 1111/720/9495 1014/631/9496
f 3/189/9497 79/410/1923 1119/728/9498
f 79/410/9499 80/411/1926 1120/731/9500
f 80/411/9501 81/412/1929 1121/733/9502
f 81/412/9503 82/413/1932 1122/735/9504
f 82/413/9505 83/414/9506 1123/737/9505
f 83/414/9507 84/415/1937 1124/739/9508
f 84/415/9509 85/416/1939 1125/741/9509
f 85/416/9510 86/417/1941 1126/784/9510
f 139/811/9511 1119/728/1944 1127/730/9512
f 140/812/9513 1127/730/9514 1135/744/9515
f 141/813/9516 1135/744/1949 1143/752/9516
f 142/814/9517 1143/752/1951 1151/760/9517
f 143/815/9518 1151/760/1953 1159/768/9518
f 144/816/9519 1159/768/1955 1167/776/9519
f 145/817/9520 1167/776/1957 1070/686/9520
f 1176/818/9521 1177/821/9521 1185/819/9521
f 1177/821/9522 1178/823/9523 1186/822/9522
f 1178/823/9524 1179/825/1962 1187/824/9524
f 1179/825/9525 1180/827/9526 1188/826/9525
f 1180/827/9527 1181/829/9528 1189/828/9529
f 1181/829/9530 1182/832/1970 1190/830/9531
f 1183/831/9532 1191/840/1973 1190/830/9533
f 1184/820/9534 1185/819/9534 1193/833/9534
f 1185/819/9535 1186/822/9536 1194/835/9535
f 1186/822/9537 1187/824/1979 1195/836/9538
f 1187/824/9539 1188/826/9540 1196/837/9539
f 1188/826/9541 1189/828/9542 1197/838/9543
f 1189/828/9544 1190/830/1987 1198/839/9545
f 1191/840/9546 1199/848/1990 1198/839/9547
f 1192/834/9548 1193/833/9548 1201/841/9548
f 1193/833/9549 1194/835/9550 1202/843/9549
f 1194/835/9551 1195/836/1995 1203/844/9552
f 1195/836/9553 1196/837/9554 1204/845/9555
f 1196/837/9556 1197/838/9557 1205/846/9558
f 1197/838/9559 1198/839/2004 1206/847/9560
f 1199/848/9561 1207/856/2007 1206/847/9562
f 1200/842/9563 1201/841/9564 1209/849/9565
f 1201/841/9566 1202/843/9567 1210/851/9566
f 1202/843/9568 1203/844/2014 1211/852/9568
f 1203/844/9569 1204/845/9570 1212/853/9571
f 1204/845/9572 1205/846/2020 1213/854/9573
f 1205/846/9574 1206/847/2023 1214/855/9575
f 1207/856/9576 1215/864/9577 1214/855/9578
f 1208/850/9579 1209/849/9580 1217/857/9581
f 1209/849/9582 1210/851/9583 1218/859/9582
f 1210/851/9584 1211/852/9585 1219/860/9586
f 1211/852/9587 1212/853/9588 1220/861/9589
f 1212/853/9590 1213/854/2040 1221/862/9591
f 1213/854/9592 1214/855/9593 1222/863/9594
f 1215/864/9595 1223/983/2046 1222/863/9596
f 1216/858/9597 1217/857/9598 1225/865/9599
f 1217/857/9600 1218/859/9601 1226/867/9602
f 1218/859/9603 1219/860/2055 1227/868/9604
f 1219/860/9605 1220/861/2058 1228/869/9606
f 1220/861/9607 1221/862/2061 1229/870/9608
f 1221/862/9609 1222/863/2064 1230/871/9610
f 1222/863/9611 1223/983/2067 1231/872/9612
f 1232/873/9613 1233/876/2070 1241/874/9614
f 1233/876/9615 1234/878/2073 1242/877/9616
f 1234/878/9617 1235/880/9618 1243/879/9619
f 1235/880/9620 1236/882/9621 1244/881/9622
f 1236/882/9623 1237/884/9624 1245/883/9625
f 1237/884/9626 1238/886/2085 1246/885/9627
f 1238/886/9628 1239/984/2088 1247/887/9629
f 1240/875/9630 1241/874/9631 1249/888/9632
f 1241/874/9633 1242/877/2094 1250/890/9634
f 1242/877/9635 1243/879/2097 1251/891/9636
f 1243/879/9637 1244/881/9638 1252/892/9639
f 1244/881/9640 1245/883/2103 1253/893/9641
f 1245/883/9642 1246/885/9643 1254/894/9644
f 1246/885/9645 1247/887/2109 1255/895/9646
f 1248/889/9647 1249/888/9648 1257/896/9649
f 1249/888/9650 1250/890/2115 1258/898/9651
f 1250/890/9652 1251/891/2118 1259/899/9653
f 1251/891/9654 1252/892/2121 1260/900/9655
f 1252/892/9656 1253/893/2124 1261/901/9657
f 1253/893/9658 1254/894/2127 1262/902/9659
f 1254/894/9660 1255/895/2130 1263/903/9661
f 1256/897/9662 1257/896/2133 1265/904/9663
f 1257/896/9664 1258/898/2136 1266/906/9665
f 1258/898/9666 1259/899/9667 1267/907/9668
f 1259/899/9669 1260/900/2142 1268/908/9670
f 1260/900/9671 1261/901/9672 1269/909/9673
f 1261/901/9674 1262/902/9675 1270/910/9676
f 1262/902/9677 1263/903/9678 1271/911/9679
f 1264/905/9680 1265/904/2154 1273/912/9681
f 1265/904/9682 1266/906/2157 1274/914/9683
f 1266/906/9684 1267/907/9685 1275/915/9686
f 1267/907/9687 1268/908/2163 1276/916/9688
f 1268/908/9689 1269/909/9690 1277/917/9691
f 1269/909/9692 1270/910/2169 1278/918/9693
f 1270/910/9694 1271/911/2172 1279/919/9695
f 1272/913/9696 1273/912/2175 1281/920/9697
f 1273/912/9698 1274/914/2178 1282/922/9699
f 1274/914/9700 1275/915/2181 1283/923/9701
f 1275/915/9702 1276/916/2184 1284/924/9703
f 1276/916/9704 1277/917/2187 1285/925/9705
f 1277/917/9706 1278/918/9707 1286/926/9708
f 1278/918/9709 1279/919/2193 1287/927/9710
f 1289/928/9711 1297/932/2196 1296/929/9712
f 1290/931/9713 1298/934/9714 1297/932/9715
f 1291/933/9716 1299/936/2202 1298/934/9717
f 1292/935/9718 1300/938/2205 1299/936/9719
f 1293/937/9720 1301/940/9721 1300/938/9722
f 1294/939/9723 1302/942/9724 1301/940/9725
f 1295/941/9726 1303/949/9727 1302/942/9728
f 1297/932/9729 1305/944/9730 1304/943/9729
f 1298/934/9731 1306/945/2219 1305/944/9732
f 1299/936/9733 1307/946/9734 1306/945/9735
f 1300/938/9736 1308/947/2225 1307/946/9737
f 1301/940/9738 1309/948/9739 1308/947/9740
f 1302/942/9741 1310/950/9742 1309/948/9743
f 1303/949/9744 1311/957/2234 1310/950/9745
f 1305/944/9746 1313/952/9747 1312/951/9746
f 1306/945/9748 1314/953/9749 1313/952/9748
f 1307/946/9750 1315/954/9751 1314/953/9752
f 1308/947/9753 1316/955/2244 1315/954/9754
f 1309/948/9755 1317/956/2247 1316/955/9756
f 1310/950/9757 1318/958/9758 1317/956/9759
f 1311/957/9760 1319/965/9761 1318/958/9762
f 1313/952/9763 1321/960/9764 1320/959/9763
f 1314/953/9765 1322/961/2257 1321/960/9765
f 1315/954/9766 1323/962/9767 1322/961/9766
f 1316/955/9768 1324/963/9769 1323/962/9770
f 1317/956/9771 1325/964/2265 1324/963/9772
f 1318/958/9773 1326/966/9774 1325/964/9775
f 1319/965/9776 1327/973/9777 1326/966/9778
f 1321/960/9779 1329/968/9779 1328/967/9779
f 1322/961/9780 1330/969/9781 1329/968/9780
f 1323/962/9782 1331/970/2277 1330/969/9782
f 1324/963/9783 1332/971/9784 1331/970/9783
f 1325/964/9785 1333/972/9786 1332/971/9787
f 1326/966/9788 1334/974/9789 1333/972/9788
f 1327/973/9790 1335/981/9791 1334/974/9792
f 1329/968/9793 1337/976/9794 1336/975/9793
f 1330/969/9795 1338/977/9795 1337/976/9795
f 1331/970/9796 1339/978/9796 1338/977/9796
f 1332/971/9797 1340/979/9797 1339/978/9797
f 1333/972/9798 1341/980/9799 1340/979/9798
f 1334/974/9800 1342/982/9801 1341/980/9800
f 1335/981/9802 1343/985/9803 1342/982/9804
f 1280/921/9805 1281/920/2302 1191/840/9806
f 1281/920/9807 1282/922/2305 1199/848/9808
f 1282/922/9809 1283/923/9810 1207/856/9811
f 1283/923/9812 1284/924/9813 1215/864/9814
f 1284/924/9815 1285/925/9816 1223/983/9817
f 1285/925/9818 1286/926/2317 1231/872/9819
f 1337/976/9820 1247/887/9821 1239/984/9822
f 1338/977/9823 1255/895/9824 1247/887/9823
f 1339/978/9825 1263/903/2324 1255/895/9825
f 1340/979/9826 1271/911/9827 1263/903/9828
f 1341/980/9829 1279/919/9830 1271/911/9829
f 1342/982/9831 1287/927/9832 1279/919/9831
f 1224/866/9833 1225/865/2334 1303/949/9834
f 1225/865/9835 1226/867/9836 1311/957/9837
f 1226/867/9838 1227/868/2340 1319/965/9839
f 1227/868/9840 1228/869/9841 1327/973/9842
f 1228/869/9843 1229/870/9844 1335/981/9845
f 1229/870/9846 1230/871/2348 1343/985/9846
f 1230/871/9847 1231/872/2351 1175/986/9848
f 1286/926/9849 1287/927/2354 1175/986/9850
f 1343/985/9851 1175/986/2357 1287/927/9852
f 5/589/9853 154/987/9853 1176/818/9853
f 154/987/9854 155/988/9854 1177/821/9854
f 155/988/9855 156/989/9856 1178/823/9855
f 156/989/9857 157/990/9858 1179/825/9859
f 157/990/9860 158/991/9861 1180/827/9862
f 158/991/9863 159/993/9864 1181/829/9865
f 160/992/9866 1182/832/9867 1181/829/9868
f 161/994/9869 1183/831/9870 1182/832/9871
f 123/587/9872 1176/818/9872 1184/820/9872
f 122/590/9873 1184/820/9873 1192/834/9873
f 121/591/9874 1192/834/9874 1200/842/9874
f 120/592/9875 1200/842/9876 1208/850/9875
f 119/593/9877 1208/850/9878 1216/858/9879
f 118/594/9880 1216/858/9881 1224/866/9882
f 117/595/9883 1224/866/9884 1295/941/9885
f 7/995/9886 183/997/2394 1232/873/9887
f 183/997/9888 182/998/2397 1233/876/9889
f 182/998/9890 181/999/2400 1234/878/9891
f 181/999/9892 180/1000/9893 1235/880/9894
f 180/1000/9895 179/1001/2406 1236/882/9896
f 179/1001/9897 178/1002/2409 1237/884/9898
f 178/1002/9899 177/1003/9900 1238/886/9901
f 177/1003/9902 176/1017/9903 1239/984/9904
f 168/996/9905 1232/873/2418 1240/875/9906
f 167/1004/9907 1240/875/9908 1248/889/9909
f 166/1005/9910 1248/889/9911 1256/897/9912
f 165/1006/9913 1256/897/2427 1264/905/9914
f 164/1007/9915 1264/905/2430 1272/913/9916
f 163/1008/9917 1272/913/2433 1280/921/9918
f 162/1009/9919 1280/921/2436 1183/831/9920
f 109/604/9921 1288/930/9922 169/1010/9923
f 110/605/9924 1289/928/9925 1288/930/9926
f 111/606/9927 1290/931/2445 1289/928/9928
f 112/607/9929 1291/933/9930 1290/931/9931
f 113/608/9932 1292/935/2451 1291/933/9933
f 114/609/9934 1293/937/2454 1292/935/9935
f 115/610/9936 1294/939/2457 1293/937/9937
f 116/596/9938 1295/941/2460 1294/939/9939
f 1288/930/9940 1296/929/9940 170/1011/9940
f 1296/929/9941 1304/943/9942 171/1012/9941
f 1304/943/9943 1312/951/9943 172/1013/9943
f 1312/951/9944 1320/959/2467 173/1014/9944
f 1320/959/9945 1328/967/2469 174/1015/9945
f 1328/967/9946 1336/975/9947 175/1016/9948
f 1336/975/9949 1239/984/9950 176/1017/9951
f 1346/1018/9952 1354/1022/9953 1353/1019/9954
f 1347/1021/9955 1355/1024/2481 1354/1022/9956
f 1348/1023/9957 1356/1026/9958 1355/1024/9959
f 1349/1025/9960 1357/1028/9961 1356/1026/9962
f 1350/1027/9963 1358/1030/2490 1357/1028/9964
f 1351/1029/9965 1359/1032/2493 1358/1030/9966
f 1352/1031/9967 1360/1039/2496 1359/1032/9968
f 1354/1022/9969 1362/1034/9970 1361/1033/9971
f 1355/1024/9972 1363/1035/2502 1362/1034/9973
f 1356/1026/9974 1364/1036/2505 1363/1035/9975
f 1357/1028/9976 1365/1037/2508 1364/1036/9977
f 1358/1030/9978 1366/1038/2511 1365/1037/9979
f 1359/1032/9980 1367/1040/9981 1366/1038/9982
f 1360/1039/9983 1368/1047/9984 1367/1040/9985
f 1362/1034/9986 1370/1042/9987 1369/1041/9988
f 1363/1035/9989 1371/1043/2523 1370/1042/9990
f 1364/1036/9991 1372/1044/2526 1371/1043/9992
f 1365/1037/9993 1373/1045/9994 1372/1044/9995
f 1366/1038/9996 1374/1046/2532 1373/1045/9997
f 1367/1040/9998 1375/1048/2535 1374/1046/9999
f 1368/1047/10000 1376/1055/2538 1375/1048/10001
f 1370/1042/10002 1378/1050/2541 1377/1049/10003
f 1371/1043/10004 1379/1051/10005 1378/1050/10006
f 1372/1044/10007 1380/1052/2547 1379/1051/10008
f 1373/1045/10009 1381/1053/2550 1380/1052/10010
f 1374/1046/10011 1382/1054/2553 1381/1053/10012
f 1375/1048/10013 1383/1056/2556 1382/1054/10014
f 1376/1055/10015 1384/1063/2559 1383/1056/10016
f 1378/1050/10017 1386/1058/2562 1385/1057/10018
f 1379/1051/10019 1387/1059/2565 1386/1058/10020
f 1380/1052/10021 1388/1060/10022 1387/1059/10023
f 1381/1053/10024 1389/1061/10025 1388/1060/10026
f 1382/1054/10027 1390/1062/2574 1389/1061/10028
f 1383/1056/10029 1391/1064/10030 1390/1062/10031
f 1384/1063/10032 1392/1071/2580 1391/1064/10033
f 1386/1058/10034 1394/1066/10035 1393/1065/10036
f 1387/1059/10037 1395/1067/2586 1394/1066/10038
f 1388/1060/10039 1396/1068/10040 1395/1067/10041
f 1389/1061/10042 1397/1069/10043 1396/1068/10044
f 1390/1062/10045 1398/1070/2595 1397/1069/10046
f 1391/1064/10047 1399/1072/10048 1398/1070/10049
f 1392/1071/10050 1400/1183/10051 1399/1072/10052
f 1401/1073/10053 1402/1076/10054 1410/1074/10055
f 1402/1076/10056 1403/1078/2607 1411/1077/10057
f 1403/1078/10058 1404/1080/10059 1412/1079/10060
f 1404/1080/10061 1405/1082/10062 1413/1081/10063
f 1405/1082/10064 1406/1084/2616 1414/1083/10065
f 1406/1084/10066 1407/1086/10067 1415/1085/10068
f 1407/1086/10069 1408/1184/10070 1416/1087/10069
f 1409/1075/10071 1410/1074/10072 1418/1088/10073
f 1410/1074/10074 1411/1077/10075 1419/1090/10076
f 1411/1077/10077 1412/1079/2630 1420/1091/10078
f 1412/1079/10079 1413/1081/2633 1421/1092/10080
f 1413/1081/10081 1414/1083/2636 1422/1093/10082
f 1414/1083/10083 1415/1085/10084 1423/1094/10085
f 1415/1085/10086 1416/1087/2641 1424/1095/10086
f 1417/1089/10087 1418/1088/2644 1426/1096/10088
f 1418/1088/10089 1419/1090/10090 1427/1098/10091
f 1419/1090/10092 1420/1091/2650 1428/1099/10093
f 1420/1091/10094 1421/1092/10095 1429/1100/10096
f 1421/1092/10097 1422/1093/2656 1430/1101/10098
f 1422/1093/10099 1423/1094/2658 1431/1102/10099
f 1423/1094/10100 1424/1095/2660 1432/1103/10100
f 1425/1097/10101 1426/1096/2663 1434/1104/10102
f 1426/1096/10103 1427/1098/10104 1435/1106/10105
f 1427/1098/10106 1428/1099/2669 1436/1107/10107
f 1428/1099/10108 1429/1100/10109 1437/1108/10110
f 1429/1100/10111 1430/1101/2675 1438/1109/10112
f 1430/1101/10113 1431/1102/10114 1439/1110/10113
f 1431/1102/10115 1432/1103/10116 1440/1111/10115
f 1433/1105/10117 1434/1104/2682 1442/1112/10118
f 1434/1104/10119 1435/1106/2685 1443/1114/10120
f 1435/1106/10121 1436/1107/10122 1444/1115/10123
f 1436/1107/10124 1437/1108/10125 1445/1116/10126
f 1437/1108/10127 1438/1109/2694 1446/1117/10128
f 1438/1109/10129 1439/1110/2696 1447/1118/10129
f 1439/1110/10130 1440/1111/10131 1448/1119/10132
f 1441/1113/10133 1442/1112/2702 1450/1120/10134
f 1442/1112/10135 1443/1114/2705 1451/1122/10136
f 1443/1114/10137 1444/1115/10138 1452/1123/10139
f 1444/1115/10140 1445/1116/2711 1453/1124/10141
f 1445/1116/10142 1446/1117/10143 1454/1125/10144
f 1446/1117/10145 1447/1118/2716 1455/1126/10145
f 1447/1118/10146 1448/1119/10147 1456/1127/10146
f 1458/1128/10148 1466/1132/10148 1465/1129/10148
f 1459/1131/10149 1467/1134/10149 1466/1132/10149
f 1460/1133/10150 1468/1136/10151 1467/1134/10150
f 1461/1135/10152 1469/1138/10153 1468/1136/10154
f 1462/1137/10155 1470/1140/2728 1469/1138/10156
f 1463/1139/10157 1471/1142/10158 1470/1140/10159
f 1464/1141/10160 1472/1149/2734 1471/1142/10161
f 1466/1132/10162 1474/1144/10162 1473/1143/10162
f 1467/1134/10163 1475/1145/10164 1474/1144/10165
f 1468/1136/10166 1476/1146/10167 1475/1145/10168
f 1469/1138/10169 1477/1147/2743 1476/1146/10170
f 1470/1140/10171 1478/1148/2746 1477/1147/10172
f 1471/1142/10173 1479/1150/2749 1478/1148/10174
f 1472/1149/10175 1480/1157/10176 1479/1150/10177
f 1474/1144/10178 1482/1152/10178 1481/1151/10178
f 1475/1145/10179 1483/1153/10179 1482/1152/10179
f 1476/1146/10180 1484/1154/10181 1483/1153/10182
f 1477/1147/10183 1485/1155/10184 1484/1154/10185
f 1478/1148/10186 1486/1156/10187 1485/1155/10188
f 1479/1150/10189 1487/1158/10190 1486/1156/10191
f 1480/1157/10192 1488/1165/10193 1487/1158/10194
f 1482/1152/10195 1490/1160/10195 1489/1159/10195
f 1483/1153/10196 1491/1161/10196 1490/1160/10196
f 1484/1154/10197 1492/1162/10197 1491/1161/10197
f 1485/1155/10198 1493/1163/10199 1492/1162/10200
f 1486/1156/10201 1494/1164/2779 1493/1163/10202
f 1487/1158/10203 1495/1166/10204 1494/1164/10205
f 1488/1165/10206 1496/1173/10207 1495/1166/10208
f 1490/1160/10209 1498/1168/10209 1497/1167/10209
f 1491/1161/10210 1499/1169/10210 1498/1168/10210
f 1492/1162/10211 1500/1170/10211 1499/1169/10211
f 1493/1163/10212 1501/1171/10212 1500/1170/10212
f 1494/1164/10213 1502/1172/10214 1501/1171/10213
f 1495/1166/10215 1503/1174/10216 1502/1172/10217
f 1496/1173/10218 1504/1181/2798 1503/1174/10219
f 1498/1168/10220 1506/1176/10221 1505/1175/10220
f 1499/1169/10222 1507/1177/10222 1506/1176/10222
f 1500/1170/10223 1508/1178/10223 1507/1177/10223
f 1501/1171/10224 1509/1179/10224 1508/1178/10224
f 1502/1172/10225 1510/1180/2805 1509/1179/10225
f 1503/1174/10226 1511/1182/10227 1510/1180/10228
f 1504/1181/10229 1512/1185/10230 1511/1182/10231
f 1449/1121/10232 1450/1120/10233 1360/1039/10234
f 1450/1120/10235 1451/1122/2817 1368/1047/10236
f 1451/1122/10237 1452/1123/10238 1376/1055/10239
f 1452/1123/10240 1453/1124/2823 1384/1063/10241
f 1453/1124/10242 1454/1125/10243 1392/1071/10244
f 1454/1125/10245 1455/1126/10246 1400/1183/10247
f 1506/1176/10248 1416/1087/10249 1408/1184/10248
f 1507/1177/10250 1424/1095/10251 1416/1087/10250
f 1508/1178/10252 1432/1103/10253 1424/1095/10252
f 1509/1179/10254 1440/1111/10255 1432/1103/10254
f 1510/1180/10256 1448/1119/10257 1440/1111/10256
f 1511/1182/10258 1456/1127/10258 1448/1119/10258
f 1393/1065/10259 1394/1066/2844 1472/1149/10260
f 1394/1066/10261 1395/1067/10262 1480/1157/10263
f 1395/1067/10264 1396/1068/10265 1488/1165/10266
f 1397/1069/10267 1496/1173/2853 1488/1165/10268
f 1398/1070/10269 1504/1181/10270 1496/1173/10271
f 1399/1072/10272 1512/1185/2859 1504/1181/10273
f 1400/1183/10274 1344/1186/10275 1512/1185/10276
f 1455/1126/10277 1456/1127/10278 1344/1186/10277
f 1512/1185/10279 1344/1186/10280 1456/1127/10281
f 184/1187/10282 1345/1020/2869 124/787/10283
f 185/1188/10284 1346/1018/10285 1345/1020/10286
f 186/1189/10287 1347/1021/2875 1346/1018/10288
f 187/1190/10289 1348/1023/10290 1347/1021/10291
f 188/1191/10292 1349/1025/10293 1348/1023/10294
f 189/1192/10295 1350/1027/10296 1349/1025/10297
f 190/1193/10298 1351/1029/10299 1350/1027/10300
f 191/1194/10301 1352/1031/10302 1351/1029/10303
f 1345/1020/10304 1353/1019/2893 125/788/10305
f 125/788/10306 1353/1019/10307 1361/1033/10308
f 126/789/10309 1361/1033/2899 1369/1041/10310
f 127/790/10311 1369/1041/2902 1377/1049/10312
f 128/791/10313 1377/1049/2905 1385/1057/10314
f 129/792/10315 1385/1057/2908 1393/1065/10316
f 130/793/10317 1393/1065/10318 1464/1141/10319
f 8/1195/10320 213/1197/10321 1401/1073/10322
f 213/1197/10323 212/1198/2917 1402/1076/10324
f 212/1198/10325 211/1199/2920 1403/1078/10326
f 211/1199/10327 210/1200/10328 1404/1080/10329
f 210/1200/10330 209/1201/2926 1405/1082/10331
f 209/1201/10332 208/1202/10333 1406/1084/10332
f 208/1202/10334 207/1203/2931 1407/1086/10335
f 207/1203/10336 206/1217/2934 1408/1184/10337
f 198/1196/10338 1401/1073/2937 1409/1075/10339
f 197/1204/10340 1409/1075/2940 1417/1089/10341
f 196/1205/10342 1417/1089/2943 1425/1097/10343
f 195/1206/10344 1425/1097/2946 1433/1105/10345
f 194/1207/10346 1433/1105/2949 1441/1113/10347
f 193/1208/10348 1441/1113/10349 1449/1121/10350
f 192/1209/10351 1449/1121/10352 1352/1031/10353
f 138/796/10354 1457/1130/10354 199/1210/10354
f 137/805/10355 1458/1128/10355 1457/1130/10355
f 136/806/10356 1459/1131/10356 1458/1128/10356
f 135/807/10357 1460/1133/10358 1459/1131/10359
f 134/808/10360 1461/1135/2964 1460/1133/10361
f 133/809/10362 1462/1137/10363 1461/1135/10364
f 132/810/10365 1463/1139/10366 1462/1137/10367
f 131/794/10368 1464/1141/10369 1463/1139/10370
f 1457/1130/10371 1465/1129/10371 200/1211/10371
f 1465/1129/10372 1473/1143/10372 201/1212/10372
f 1473/1143/10373 1481/1151/10373 202/1213/10373
f 1481/1151/10374 1489/1159/10374 203/1214/10374
f 1489/1159/10375 1497/1167/10376 204/1215/10375
f 1497/1167/10377 1505/1175/10378 205/1216/10377
f 1505/1175/10379 1408/1184/2983 206/1217/10379
f 1515/1218/10380 1523/1222/2986 1522/1219/10381
f 1516/1221/10382 1524/1224/10383 1523/1222/10384
f 1517/1223/10385 1525/1226/10386 1524/1224/10387
f 1518/1225/10388 1526/1228/2995 1525/1226/10389
f 1519/1227/10390 1527/1230/2998 1526/1228/10391
f 1520/1229/10392 1528/1232/10393 1527/1230/10394
f 1521/1231/10395 1529/1239/10396 1528/1232/10397
f 1523/1222/10398 1531/1234/10399 1530/1233/10398
f 1524/1224/10400 1532/1235/10401 1531/1234/10402
f 1525/1226/10403 1533/1236/10404 1532/1235/10405
f 1526/1228/10406 1534/1237/10407 1533/1236/10408
f 1527/1230/10409 1535/1238/3018 1534/1237/10410
f 1528/1232/10411 1536/1240/3021 1535/1238/10412
f 1529/1239/10413 1537/1247/10414 1536/1240/10415
f 1531/1234/10416 1539/1242/10417 1538/1241/10416
f 1532/1235/10418 1540/1243/10419 1539/1242/10418
f 1533/1236/10420 1541/1244/10421 1540/1243/10422
f 1534/1237/10423 1542/1245/10424 1541/1244/10425
f 1535/1238/10426 1543/1246/10427 1542/1245/10428
f 1536/1240/10429 1544/1248/3040 1543/1246/10430
f 1537/1247/10431 1545/1255/3043 1544/1248/10432
f 1539/1242/10433 1547/1250/10433 1546/1249/10433
f 1540/1243/10434 1548/1251/10435 1547/1250/10434
f 1541/1244/10436 1549/1252/10437 1548/1251/10436
f 1542/1245/10438 1550/1253/10439 1549/1252/10438
f 1543/1246/10440 1551/1254/10441 1550/1253/10442
f 1544/1248/10443 1552/1256/10444 1551/1254/10445
f 1545/1255/10446 1553/1263/10447 1552/1256/10446
f 1547/1250/10448 1555/1258/10449 1554/1257/10448
f 1548/1251/10450 1556/1259/10450 1555/1258/10450
f 1549/1252/10451 1557/1260/10452 1556/1259/10451
f 1550/1253/10453 1558/1261/3064 1557/1260/10453
f 1551/1254/10454 1559/1262/10455 1558/1261/10454
f 1552/1256/10456 1560/1264/10457 1559/1262/10458
f 1553/1263/10459 1561/1271/10460 1560/1264/10459
f 1555/1258/10461 1563/1266/10462 1562/1265/10461
f 1556/1259/10463 1564/1267/10464 1563/1266/10463
f 1557/1260/10465 1565/1268/10465 1564/1267/10465
f 1558/1261/10466 1566/1269/10466 1565/1268/10466
f 1559/1262/10467 1567/1270/10468 1566/1269/10467
f 1560/1264/10469 1568/1272/10470 1567/1270/10471
f 1561/1271/10472 1569/1383/3083 1568/1272/10473
f 1571/1273/10474 1579/1277/10475 1578/1274/10476
f 1572/1276/10477 1580/1279/10477 1579/1277/10477
f 1573/1278/10478 1581/1281/3089 1580/1279/10478
f 1574/1280/10479 1582/1283/3092 1581/1281/10480
f 1575/1282/10481 1583/1285/10482 1582/1283/10483
f 1576/1284/10484 1584/1287/10485 1583/1285/10486
f 1577/1286/10487 1585/1294/3101 1584/1287/10488
f 1579/1277/10489 1587/1289/10490 1586/1288/10491
f 1580/1279/10492 1588/1290/10493 1587/1289/10493
f 1581/1281/10494 1589/1291/10494 1588/1290/10494
f 1582/1283/10495 1590/1292/10495 1589/1291/10495
f 1583/1285/10496 1591/1293/3112 1590/1292/10497
f 1584/1287/10498 1592/1295/10499 1591/1293/10498
f 1585/1294/10500 1593/1302/10501 1592/1295/10502
f 1586/1288/10503 1587/1289/10504 1595/1296/10505
f 1588/1290/10506 1596/1298/10507 1595/1296/10506
f 1589/1291/10508 1597/1299/10508 1596/1298/10508
f 1590/1292/10509 1598/1300/10509 1597/1299/10509
f 1591/1293/10510 1599/1301/10511 1598/1300/10510
f 1592/1295/10512 1600/1303/10513 1599/1301/10514
f 1593/1302/10515 1601/1310/10516 1600/1303/10517
f 1594/1297/10518 1595/1296/10519 1603/1304/10520
f 1596/1298/3135 1604/1306/3135 1603/1304/3135
f 1597/1299/10521 1605/1307/10521 1604/1306/10521
f 1598/1300/10522 1606/1308/10523 1605/1307/10524
f 1599/1301/10525 1607/1309/10526 1606/1308/10525
f 1600/1303/10527 1608/1311/3144 1607/1309/10528
f 1601/1310/10529 1609/1318/3147 1608/1311/10530
f 1602/1305/10531 1603/1304/10532 1611/1312/10533
f 1603/1304/10534 1604/1306/10534 1612/1314/10534
f 1604/1306/10535 1605/1307/10536 1613/1315/10535
f 1606/1308/10537 1614/1316/10538 1613/1315/10537
f 1607/1309/10539 1615/1317/10539 1614/1316/10539
f 1608/1311/10540 1616/1319/10541 1615/1317/10542
f 1609/1318/10543 1617/1326/10544 1616/1319/10545
f 1610/1313/10546 1611/1312/10546 1619/1320/10546
f 1611/1312/10547 1612/1314/10547 1620/1322/10547
f 1612/1314/10548 1613/1315/10549 1621/1323/10548
f 1613/1315/10550 1614/1316/10551 1622/1324/10550
f 1614/1316/3173 1615/1317/10552 1623/1325/10553
f 1616/1319/10554 1624/1327/10554 1623/1325/10554
f 1617/1326/10555 1625/1384/10555 1624/1327/10555
f 1626/1328/10556 1627/1331/3178 1635/1329/10557
f 1627/1331/10558 1628/1333/10559 1636/1332/10560
f 1628/1333/10561 1629/1335/3184 1637/1334/10562
f 1629/1335/10563 1630/1337/10564 1638/1336/10565
f 1630/1337/10566 1631/1339/10567 1639/1338/10568
f 1631/1339/10569 1632/1341/3193 1640/1340/10570
f 1632/1341/10571 1633/1385/3195 1641/1342/10571
f 1634/1330/10572 1635/1329/3198 1643/1343/10573
f 1635/1329/10574 1636/1332/3201 1644/1345/10575
f 1636/1332/10576 1637/1334/10577 1645/1346/10578
f 1637/1334/10579 1638/1336/3207 1646/1347/10580
f 1638/1336/10581 1639/1338/3210 1647/1348/10582
f 1639/1338/10583 1640/1340/10584 1648/1349/10585
f 1640/1340/10586 1641/1342/10587 1649/1350/10588
f 1642/1344/10589 1643/1343/3219 1651/1351/10590
f 1643/1343/10591 1644/1345/10592 1652/1353/10593
f 1644/1345/10594 1645/1346/10595 1653/1354/10596
f 1645/1346/10597 1646/1347/3228 1654/1355/10598
f 1646/1347/10599 1647/1348/10600 1655/1356/10601
f 1647/1348/10602 1648/1349/10603 1656/1357/10604
f 1648/1349/10605 1649/1350/3237 1657/1358/10606
f 1650/1352/10607 1651/1351/3240 1659/1359/10608
f 1651/1351/10609 1652/1353/10610 1660/1361/10611
f 1652/1353/10612 1653/1354/3246 1661/1362/10613
f 1653/1354/10614 1654/1355/10615 1662/1363/10616
f 1654/1355/10617 1655/1356/3252 1663/1364/10618
f 1655/1356/10619 1656/1357/3255 1664/1365/10620
f 1656/1357/10621 1657/1358/10622 1665/1366/10621
f 1658/1360/10623 1659/1359/3260 1667/1367/10624
f 1659/1359/10625 1660/1361/10626 1668/1369/10627
f 1660/1361/10628 1661/1362/3266 1669/1370/10629
f 1661/1362/10630 1662/1363/3269 1670/1371/10631
f 1662/1363/10632 1663/1364/3272 1671/1372/10633
f 1663/1364/10634 1664/1365/3275 1672/1373/10635
f 1664/1365/10636 1665/1366/3277 1673/1374/10636
f 1666/1368/10637 1667/1367/3280 1675/1375/10638
f 1667/1367/10639 1668/1369/10640 1676/1377/10641
f 1668/1369/10642 1669/1370/3286 1677/1378/10643
f 1669/1370/10644 1670/1371/10645 1678/1379/10646
f 1670/1371/10647 1671/1372/3292 1679/1380/10648
f 1671/1372/10649 1672/1373/3295 1680/1381/10650
f 1672/1373/10651 1673/1374/3298 1681/1382/10652
f 1618/1321/10653 1619/1320/10654 1529/1239/10655
f 1619/1320/10656 1620/1322/10656 1537/1247/10657
f 1620/1322/10658 1621/1323/10659 1545/1255/10660
f 1621/1323/10661 1622/1324/10662 1553/1263/10661
f 1622/1324/10663 1623/1325/10664 1561/1271/10663
f 1623/1325/10665 1624/1327/10665 1569/1383/10665
f 1674/1376/10666 1675/1375/3315 1585/1294/10667
f 1675/1375/10668 1676/1377/3318 1593/1302/10669
f 1676/1377/10670 1677/1378/3321 1601/1310/10671
f 1677/1378/10672 1678/1379/3324 1609/1318/10673
f 1678/1379/10674 1679/1380/10675 1617/1326/10676
f 1679/1380/10677 1680/1381/3330 1625/1384/10678
f 1563/1266/10679 1641/1342/10680 1633/1385/10679
f 1564/1267/10681 1649/1350/3334 1641/1342/10681
f 1565/1268/10682 1657/1358/3336 1649/1350/10682
f 1566/1269/10683 1665/1366/3338 1657/1358/10683
f 1567/1270/10684 1673/1374/3340 1665/1366/10684
f 1568/1272/10685 1681/1382/3342 1673/1374/10685
f 1569/1383/10686 1513/1386/3345 1681/1382/10687
f 1624/1327/10688 1625/1384/10689 1513/1386/10690
f 1680/1381/10691 1681/1382/3351 1513/1386/10692
f 214/1387/10693 1514/1220/3354 183/997/10694
f 215/1388/10695 1515/1218/3357 1514/1220/10696
f 216/1389/10697 1516/1221/3360 1515/1218/10698
f 217/1390/10699 1517/1223/3363 1516/1221/10700
f 218/1391/10701 1518/1225/3366 1517/1223/10702
f 219/1392/10703 1519/1227/3369 1518/1225/10704
f 220/1393/10705 1520/1229/3372 1519/1227/10706
f 221/1394/10707 1521/1231/10708 1520/1229/10709
f 1514/1220/10710 1522/1219/10711 182/998/10710
f 1522/1219/10712 1530/1233/10713 181/999/10712
f 1530/1233/10714 1538/1241/10715 180/1000/10716
f 1538/1241/10717 1546/1249/3385 179/1001/10718
f 1546/1249/10719 1554/1257/10720 178/1002/10719
f 1554/1257/10721 1562/1265/10722 177/1003/10723
f 1562/1265/10724 1633/1385/10725 176/1017/10726
f 198/1196/10727 1570/1275/3396 228/1395/10728
f 197/1204/10729 1571/1273/10729 1570/1275/10729
f 196/1205/10730 1572/1276/10731 1571/1273/10732
f 195/1206/10733 1573/1278/10734 1572/1276/10735
f 194/1207/10736 1574/1280/10737 1573/1278/10738
f 193/1208/10739 1575/1282/10740 1574/1280/10741
f 192/1209/10742 1576/1284/10743 1575/1282/10744
f 191/1194/10745 1577/1286/3415 1576/1284/10746
f 1570/1275/10747 1578/1274/3418 227/1396/10748
f 227/1396/10749 1578/1274/3421 1586/1288/10750
f 226/1397/10751 1586/1288/10752 1594/1297/10753
f 225/1398/10754 1594/1297/10755 1602/1305/10756
f 224/1399/10757 1602/1305/10758 1610/1313/10759
f 223/1400/3433 1610/1313/3433 1618/1321/10760
f 222/1401/3436 1618/1321/10761 1521/1231/10762
f 4/395/10763 169/1010/3439 1626/1328/10764
f 169/1010/10765 170/1011/10766 1627/1331/10767
f 170/1011/10768 171/1012/10769 1628/1333/10770
f 171/1012/10771 172/1013/3448 1629/1335/10772
f 172/1013/10773 173/1014/3451 1630/1337/10774
f 173/1014/10775 174/1015/10776 1631/1339/10777
f 174/1015/10778 175/1016/3457 1632/1341/10779
f 175/1016/10780 176/1017/10781 1633/1385/10782
f 184/1187/10783 1626/1328/3463 1634/1330/10784
f 185/1188/10785 1634/1330/3466 1642/1344/10786
f 186/1189/10787 1642/1344/10788 1650/1352/10789
f 187/1190/10790 1650/1352/3472 1658/1360/10791
f 188/1191/10792 1658/1360/10793 1666/1368/10794
f 189/1192/10795 1666/1368/3478 1674/1376/10796
f 190/1193/10797 1674/1376/10798 1577/1286/10799
f 1684/1402/10800 1692/1406/3484 1691/1403/10801
f 1685/1405/10802 1693/1408/3487 1692/1406/10803
f 1686/1407/10804 1694/1410/3490 1693/1408/10805
f 1687/1409/10806 1695/1412/3493 1694/1410/10807
f 1688/1411/10808 1696/1414/3496 1695/1412/10809
f 1689/1413/10810 1697/1416/10811 1696/1414/10812
f 1690/1415/10813 1698/1423/10814 1697/1416/10815
f 1691/1403/10816 1692/1406/3505 1700/1417/10817
f 1693/1408/10818 1701/1419/10819 1700/1417/10820
f 1694/1410/10821 1702/1420/3511 1701/1419/10822
f 1695/1412/10823 1703/1421/3514 1702/1420/10824
f 1696/1414/10825 1704/1422/3517 1703/1421/10826
f 1697/1416/10827 1705/1424/3520 1704/1422/10828
f 1698/1423/10829 1706/1431/3523 1705/1424/10830
f 1699/1418/10831 1700/1417/3526 1708/1425/10832
f 1700/1417/10833 1701/1419/3529 1709/1427/10834
f 1702/1420/10835 1710/1428/10836 1709/1427/10837
f 1703/1421/10838 1711/1429/10839 1710/1428/10840
f 1704/1422/10841 1712/1430/3538 1711/1429/10842
f 1705/1424/10843 1713/1432/10844 1712/1430/10845
f 1706/1431/10846 1714/1439/10847 1713/1432/10848
f 1707/1426/10849 1708/1425/10850 1716/1433/10851
f 1708/1425/10852 1709/1427/3550 1717/1435/10853
f 1709/1427/10854 1710/1428/3553 1718/1436/10855
f 1711/1429/10856 1719/1437/10857 1718/1436/10858
f 1712/1430/10859 1720/1438/3559 1719/1437/10860
f 1713/1432/10861 1721/1440/10862 1720/1438/10863
f 1714/1439/10864 1722/1447/3565 1721/1440/10865
f 1715/1434/10866 1716/1433/10867 1724/1441/10868
f 1716/1433/10869 1717/1435/3571 1725/1443/10870
f 1717/1435/10871 1718/1436/10872 1726/1444/10873
f 1718/1436/10874 1719/1437/10875 1727/1445/10876
f 1719/1437/10877 1720/1438/3580 1728/1446/10878
f 1721/1440/10879 1729/1448/10880 1728/1446/10881
f 1722/1447/10882 1730/1456/3586 1729/1448/10883
f 1723/1442/10884 1724/1441/10885 1732/1449/10886
f 1724/1441/10887 1725/1443/3592 1733/1451/10888
f 1725/1443/10889 1726/1444/10890 1734/1452/10891
f 1726/1444/10892 1727/1445/10893 1735/1453/10894
f 1727/1445/10895 1728/1446/3601 1736/1454/10896
f 1728/1446/10897 1729/1448/10898 1737/1455/10899
f 1730/1456/10900 1738/1567/10901 1737/1455/10902
f 1739/1457/10903 1740/1460/10904 1748/1458/10905
f 1740/1460/10906 1741/1462/10907 1749/1461/10908
f 1741/1462/10909 1742/1464/3616 1750/1463/10910
f 1742/1464/10911 1743/1466/10912 1751/1465/10913
f 1743/1466/10914 1744/1468/3622 1752/1467/10915
f 1744/1468/10916 1745/1470/3625 1753/1469/10917
f 1745/1470/10918 1746/1568/10919 1754/1471/10920
f 1747/1459/10921 1748/1458/10922 1756/1472/10923
f 1748/1458/10924 1749/1461/3634 1757/1474/10925
f 1749/1461/10926 1750/1463/3637 1758/1475/10927
f 1750/1463/10928 1751/1465/10929 1759/1476/10930
f 1751/1465/10931 1752/1467/3643 1760/1477/10932
f 1752/1467/10933 1753/1469/3646 1761/1478/10934
f 1753/1469/10935 1754/1471/3649 1762/1479/10936
f 1755/1473/10937 1756/1472/10938 1764/1480/10939
f 1756/1472/10940 1757/1474/3655 1765/1482/10941
f 1757/1474/10942 1758/1475/10943 1766/1483/10944
f 1758/1475/10945 1759/1476/10946 1767/1484/10947
f 1759/1476/10948 1760/1477/10949 1768/1485/10950
f 1760/1477/10951 1761/1478/10952 1769/1486/10953
f 1761/1478/10954 1762/1479/10955 1770/1487/10956
f 1763/1481/10957 1764/1480/3673 1772/1488/10958
f 1764/1480/10959 1765/1482/3676 1773/1490/10960
f 1765/1482/10961 1766/1483/10962 1774/1491/10963
f 1766/1483/10964 1767/1484/3682 1775/1492/10965
f 1767/1484/10966 1768/1485/3685 1776/1493/10967
f 1768/1485/10968 1769/1486/10969 1777/1494/10970
f 1769/1486/10971 1770/1487/3691 1778/1495/10972
f 1771/1489/10973 1772/1488/10974 1780/1496/10975
f 1772/1488/10976 1773/1490/3697 1781/1498/10977
f 1773/1490/10978 1774/1491/3700 1782/1499/10979
f 1774/1491/10980 1775/1492/10981 1783/1500/10982
f 1775/1492/10983 1776/1493/3706 1784/1501/10984
f 1776/1493/10985 1777/1494/10986 1785/1502/10987
f 1777/1494/10988 1778/1495/10989 1786/1503/10990
f 1779/1497/10991 1780/1496/3715 1788/1504/10992
f 1780/1496/10993 1781/1498/10994 1789/1506/10995
f 1781/1498/10996 1782/1499/3721 1790/1507/10997
f 1782/1499/10998 1783/1500/10999 1791/1508/11000
f 1783/1500/11001 1784/1501/3727 1792/1509/11002
f 1784/1501/11003 1785/1502/3730 1793/1510/11004
f 1785/1502/11005 1786/1503/11006 1794/1511/11007
f 1796/1512/11008 1804/1516/3736 1803/1513/11009
f 1797/1515/11010 1805/1518/3739 1804/1516/11011
f 1798/1517/11012 1806/1520/3742 1805/1518/11013
f 1799/1519/11014 1807/1522/3745 1806/1520/11015
f 1800/1521/11016 1808/1524/3748 1807/1522/11017
f 1801/1523/11018 1809/1526/11019 1808/1524/11020
f 1802/1525/11021 1810/1533/3754 1809/1526/11022
f 1804/1516/11023 1812/1528/11024 1811/1527/11025
f 1805/1518/11026 1813/1529/3760 1812/1528/11027
f 1806/1520/11028 1814/1530/3763 1813/1529/11029
f 1807/1522/11030 1815/1531/3766 1814/1530/11031
f 1808/1524/11032 1816/1532/3769 1815/1531/11033
f 1809/1526/11034 1817/1534/11035 1816/1532/11036
f 1810/1533/11037 1818/1541/11038 1817/1534/11039
f 1812/1528/11040 1820/1536/3778 1819/1535/11041
f 1813/1529/11042 1821/1537/3781 1820/1536/11043
f 1814/1530/11044 1822/1538/11045 1821/1537/11046
f 1815/1531/11047 1823/1539/3787 1822/1538/11048
f 1816/1532/11049 1824/1540/3790 1823/1539/11050
f 1817/1534/11051 1825/1542/11052 1824/1540/11053
f 1818/1541/11054 1826/1549/11055 1825/1542/11056
f 1820/1536/11057 1828/1544/3799 1827/1543/11058
f 1821/1537/11059 1829/1545/3802 1828/1544/11060
f 1822/1538/11061 1830/1546/3805 1829/1545/11062
f 1823/1539/11063 1831/1547/3808 1830/1546/11064
f 1824/1540/11065 1832/1548/3811 1831/1547/11066
f 1825/1542/11067 1833/1550/11068 1832/1548/11069
f 1826/1549/11070 1834/1557/11071 1833/1550/11072
f 1828/1544/11073 1836/1552/3820 1835/1551/11074
f 1829/1545/11075 1837/1553/3823 1836/1552/11076
f 1830/1546/11077 1838/1554/11078 1837/1553/11079
f 1831/1547/11080 1839/1555/3829 1838/1554/11081
f 1832/1548/11082 1840/1556/11083 1839/1555/11084
f 1833/1550/11085 1841/1558/11086 1840/1556/11087
f 1834/1557/11088 1842/1565/11089 1841/1558/11090
f 1836/1552/11091 1844/1560/11092 1843/1559/11093
f 1837/1553/11094 1845/1561/11095 1844/1560/11096
f 1838/1554/11097 1846/1562/3847 1845/1561/11098
f 1839/1555/11099 1847/1563/3850 1846/1562/11100
f 1840/1556/11101 1848/1564/11102 1847/1563/11103
f 1841/1558/11104 1849/1566/11105 1848/1564/11106
f 1842/1565/11107 1850/1569/11107 1849/1566/11107
f 1787/1505/11108 1788/1504/11109 1698/1423/11110
f 1788/1504/11111 1789/1506/11112 1706/1431/11113
f 1789/1506/11114 1790/1507/3866 1714/1439/11115
f 1790/1507/11116 1791/1508/3869 1722/1447/11117
f 1791/1508/11118 1792/1509/3872 1730/1456/11119
f 1792/1509/11120 1793/1510/11121 1738/1567/11122
f 1844/1560/11123 1754/1471/11124 1746/1568/11125
f 1845/1561/11126 1762/1479/3881 1754/1471/11127
f 1846/1562/11128 1770/1487/3884 1762/1479/11129
f 1847/1563/11130 1778/1495/3887 1770/1487/11131
f 1848/1564/11132 1786/1503/3890 1778/1495/11133
f 1849/1566/11134 1794/1511/3893 1786/1503/11135
f 1731/1450/11136 1732/1449/3896 1810/1533/11137
f 1732/1449/11138 1733/1451/3899 1818/1541/11139
f 1733/1451/11140 1734/1452/3902 1826/1549/11141
f 1734/1452/11142 1735/1453/11143 1834/1557/11144
f 1735/1453/11145 1736/1454/3908 1842/1565/11146
f 1736/1454/11147 1737/1455/11148 1850/1569/11149
f 1737/1455/11150 1738/1567/3914 1682/1570/11151
f 1793/1510/11152 1794/1511/3917 1682/1570/11153
f 1850/1569/11154 1682/1570/11154 1794/1511/11154
f 229/1571/11155 1683/1404/11156 214/1387/11157
f 230/1572/11158 1684/1402/11159 1683/1404/11160
f 231/1573/11161 1685/1405/11162 1684/1402/11163
f 232/1574/11164 1686/1407/11165 1685/1405/11166
f 233/1575/11167 1687/1409/3933 1686/1407/11168
f 234/1576/11169 1688/1411/3936 1687/1409/11170
f 235/1577/11171 1689/1413/3939 1688/1411/11172
f 236/1578/11173 1690/1415/11174 1689/1413/11175
f 214/1387/11176 1683/1404/3945 1691/1403/11177
f 215/1388/11178 1691/1403/3948 1699/1418/11179
f 216/1389/11180 1699/1418/3951 1707/1426/11181
f 217/1390/11182 1707/1426/3954 1715/1434/11183
f 218/1391/11184 1715/1434/3957 1723/1442/11185
f 219/1392/11186 1723/1442/3960 1731/1450/11187
f 220/1393/11188 1731/1450/3963 1802/1525/11189
f 9/1579/11190 258/1581/11190 1739/1457/11190
f 258/1581/11191 257/1582/11191 1740/1460/11191
f 257/1582/11192 256/1583/11193 1741/1462/11194
f 256/1583/11195 255/1584/3971 1742/1464/11196
f 255/1584/11197 254/1585/11198 1743/1466/11199
f 254/1585/11200 253/1586/11201 1744/1468/11202
f 253/1586/11203 252/1587/3980 1745/1470/11204
f 252/1587/11205 251/1601/11206 1746/1568/11207
f 243/1580/11208 1739/1457/11209 1747/1459/11210
f 242/1588/11211 1747/1459/11212 1755/1473/11213
f 241/1589/11214 1755/1473/11215 1763/1481/11216
f 240/1590/11217 1763/1481/3995 1771/1489/11218
f 239/1591/11219 1771/1489/11220 1779/1497/11221
f 238/1592/11222 1779/1497/4001 1787/1505/11223
f 237/1593/11224 1787/1505/4004 1690/1415/11225
f 228/1395/11226 1795/1514/11227 244/1594/11228
f 227/1396/11229 1796/1512/4010 1795/1514/11230
f 226/1397/11231 1797/1515/4013 1796/1512/11232
f 225/1398/11233 1798/1517/4016 1797/1515/11234
f 224/1399/11235 1799/1519/4019 1798/1517/11236
f 223/1400/11237 1800/1521/11238 1799/1519/11239
f 222/1401/11240 1801/1523/11241 1800/1521/11242
f 221/1394/11243 1802/1525/4028 1801/1523/11244
f 1795/1514/11245 1803/1513/11246 245/1595/11247
f 1803/1513/11248 1811/1527/11249 246/1596/11250
f 1811/1527/11251 1819/1535/4037 247/1597/11252
f 1819/1535/11253 1827/1543/4040 248/1598/11254
f 1827/1543/11255 1835/1551/4043 249/1599/11256
f 1835/1551/11257 1843/1559/4046 250/1600/11258
f 1843/1559/11259 1746/1568/4049 251/1601/11260
f 1853/1602/11261 1861/1606/4052 1860/1603/11262
f 1854/1605/11263 1862/1608/4055 1861/1606/11264
f 1855/1607/11265 1863/1610/4058 1862/1608/11266
f 1856/1609/11267 1864/1612/11268 1863/1610/11269
f 1857/1611/11270 1865/1614/11271 1864/1612/11270
f 1858/1613/11272 1866/1616/4066 1865/1614/11273
f 1859/1615/11274 1867/1623/11275 1866/1616/11276
f 1861/1606/11277 1869/1618/4072 1868/1617/11278
f 1862/1608/11279 1870/1619/4075 1869/1618/11280
f 1863/1610/11281 1871/1620/4078 1870/1619/11282
f 1864/1612/11283 1872/1621/11284 1871/1620/11285
f 1865/1614/11286 1873/1622/11287 1872/1621/11286
f 1866/1616/11288 1874/1624/11289 1873/1622/11288
f 1867/1623/11290 1875/1631/4087 1874/1624/11290
f 1869/1618/11291 1877/1626/4090 1876/1625/11292
f 1870/1619/11293 1878/1627/11294 1877/1626/11295
f 1871/1620/11296 1879/1628/11297 1878/1627/11298
f 1872/1621/11299 1880/1629/4099 1879/1628/11300
f 1873/1622/11301 1881/1630/11302 1880/1629/11303
f 1874/1624/11304 1882/1632/4105 1881/1630/11305
f 1875/1631/11306 1883/1639/11307 1882/1632/11308
f 1877/1626/11309 1885/1634/11310 1884/1633/11311
f 1878/1627/11312 1886/1635/4114 1885/1634/11313
f 1879/1628/11314 1887/1636/4117 1886/1635/11315
f 1880/1629/11316 1888/1637/4120 1887/1636/11317
f 1881/1630/11318 1889/1638/4122 1888/1637/11318
f 1882/1632/11319 1890/1640/4124 1889/1638/11319
f 1883/1639/11320 1891/1647/4126 1890/1640/11320
f 1885/1634/11321 1893/1642/4129 1892/1641/11322
f 1886/1635/11323 1894/1643/11324 1893/1642/11325
f 1887/1636/11326 1895/1644/11327 1894/1643/11326
f 1888/1637/11328 1896/1645/11329 1895/1644/11330
f 1889/1638/11331 1897/1646/11332 1896/1645/11331
f 1890/1640/11333 1898/1648/11334 1897/1646/11333
f 1891/1647/11335 1899/1655/11336 1898/1648/11335
f 1893/1642/11337 1901/1650/11337 1900/1649/11337
f 1894/1643/11338 1902/1651/11338 1901/1650/11338
f 1895/1644/11339 1903/1652/11340 1902/1651/11341
f 1896/1645/11342 1904/1653/4151 1903/1652/11343
f 1897/1646/11344 1905/1654/11345 1904/1653/11344
f 1898/1648/11346 1906/1656/11346 1905/1654/11346
f 1899/1655/11347 1907/1767/11347 1906/1656/11347
f 1908/1657/11348 1909/1660/11349 1917/1658/11348
f 1909/1660/11350 1910/1662/11351 1918/1661/11352
f 1910/1662/11353 1911/1664/11354 1919/1663/11355
f 1911/1664/11356 1912/1666/11357 1920/1665/11358
f 1912/1666/11359 1913/1668/4168 1921/1667/11360
f 1913/1668/11361 1914/1670/11362 1922/1669/11363
f 1914/1670/11364 1915/1768/4174 1923/1671/11365
f 1916/1659/11366 1917/1658/11366 1925/1672/11366
f 1917/1658/11367 1918/1661/11368 1926/1674/11369
f 1918/1661/11370 1919/1663/11371 1927/1675/11372
f 1919/1663/11373 1920/1665/11374 1928/1676/11375
f 1920/1665/11376 1921/1667/11377 1929/1677/11378
f 1921/1667/11379 1922/1669/4191 1930/1678/11380
f 1922/1669/11381 1923/1671/11382 1931/1679/11383
f 1924/1673/11384 1925/1672/4197 1933/1680/11385
f 1925/1672/11386 1926/1674/11387 1934/1682/11388
f 1926/1674/11389 1927/1675/11390 1935/1683/11391
f 1927/1675/11392 1928/1676/11393 1936/1684/11394
f 1928/1676/11395 1929/1677/11396 1937/1685/11397
f 1929/1677/11398 1930/1678/4212 1938/1686/11399
f 1930/1678/11400 1931/1679/11401 1939/1687/11402
f 1932/1681/11403 1933/1680/4218 1941/1688/11404
f 1933/1680/11405 1934/1682/4221 1942/1690/11406
f 1934/1682/11407 1935/1683/11408 1943/1691/11409
f 1935/1683/11410 1936/1684/4226 1944/1692/11411
f 1936/1684/11412 1937/1685/4229 1945/1693/11413
f 1937/1685/11414 1938/1686/11415 1946/1694/11416
f 1938/1686/11417 1939/1687/4235 1947/1695/11418
f 1940/1689/11419 1941/1688/11420 1949/1696/11421
f 1941/1688/11422 1942/1690/11423 1950/1698/11424
f 1942/1690/11425 1943/1691/11426 1951/1699/11427
f 1943/1691/11428 1944/1692/11429 1952/1700/11430
f 1944/1692/11431 1945/1693/4250 1953/1701/11432
f 1945/1693/11433 1946/1694/11434 1954/1702/11435
f 1946/1694/11436 1947/1695/4256 1955/1703/11437
f 1948/1697/11438 1949/1696/4259 1957/1704/11439
f 1949/1696/11440 1950/1698/4262 1958/1706/11441
f 1950/1698/11442 1951/1699/11443 1959/1707/11444
f 1951/1699/11445 1952/1700/11446 1960/1708/11447
f 1952/1700/11448 1953/1701/11449 1961/1709/11450
f 1953/1701/11451 1954/1702/11452 1962/1710/11453
f 1954/1702/11454 1955/1703/11455 1963/1711/11456
f 1964/1712/11457 1965/1715/4280 1973/1713/11458
f 1965/1715/11459 1966/1717/11460 1974/1716/11461
f 1966/1717/11462 1967/1719/4286 1975/1718/11463
f 1967/1719/11464 1968/1721/4289 1976/1720/11465
f 1968/1721/11466 1969/1723/11467 1977/1722/11468
f 1969/1723/11469 1970/1725/4295 1978/1724/11470
f 1970/1725/11471 1971/1769/11472 1979/1726/11473
f 1973/1713/11474 1981/1729/4301 1980/1727/11475
f 1973/1713/11476 1974/1716/11477 1982/1728/11478
f 1974/1716/11479 1975/1718/4307 1983/1730/11480
f 1975/1718/11481 1976/1720/11482 1984/1731/11483
f 1976/1720/11484 1977/1722/4313 1985/1732/11485
f 1977/1722/11486 1978/1724/11487 1986/1733/11488
f 1978/1724/11489 1979/1726/11490 1987/1734/11491
f 1981/1729/11492 1989/1736/4322 1988/1735/11493
f 1982/1728/11494 1990/1738/4325 1989/1736/11495
f 1982/1728/11496 1983/1730/4328 1991/1737/11497
f 1983/1730/11498 1984/1731/11499 1992/1739/11500
f 1984/1731/11501 1985/1732/4334 1993/1740/11502
f 1985/1732/11503 1986/1733/11504 1994/1741/11505
f 1986/1733/11506 1987/1734/4340 1995/1742/11507
f 1989/1736/11508 1997/1744/4343 1996/1743/11509
f 1990/1738/11510 1998/1745/11511 1997/1744/11512
f 1991/1737/11513 1999/1747/4349 1998/1745/11514
f 1991/1737/11515 1992/1739/4352 2000/1746/11516
f 1992/1739/11517 1993/1740/4355 2001/1748/11518
f 1993/1740/11519 1994/1741/4358 2002/1749/11520
f 1994/1741/11521 1995/1742/11522 2003/1750/11523
f 1997/1744/11524 2005/1752/4364 2004/1751/11525
f 1998/1745/11526 2006/1753/11527 2005/1752/11528
f 1999/1747/11529 2007/1754/11530 2006/1753/11531
f 2000/1746/11532 2008/1756/11533 2007/1754/11534
f 2000/1746/11535 2001/1748/4376 2009/1755/11536
f 2001/1748/11537 2002/1749/4379 2010/1757/11538
f 2002/1749/11539 2003/1750/11540 2011/1758/11541
f 2005/1752/11542 2013/1760/4385 2012/1759/11543
f 2006/1753/11544 2014/1761/11545 2013/1760/11546
f 2007/1754/11547 2015/1762/4391 2014/1761/11548
f 2008/1756/11549 2016/1763/4394 2015/1762/11550
f 2009/1755/11551 2017/1765/11552 2016/1763/11553
f 2009/1755/11554 2010/1757/11555 2018/1764/11556
f 2010/1757/11557 2011/1758/11558 2019/1766/11559
f 1956/1705/11560 1957/1704/11561 1867/1623/11562
f 1957/1704/11563 1958/1706/11564 1875/1631/11565
f 1958/1706/11566 1959/1707/4412 1883/1639/11567
f 1959/1707/11568 1960/1708/11569 1891/1647/11570
f 1960/1708/11571 1961/1709/11572 1899/1655/11573
f 1961/1709/11574 1962/1710/4421 1907/1767/11575
f 2013/1760/11576 1923/1671/11577 1915/1768/11578
f 2014/1761/11579 1931/1679/4427 1923/1671/11580
f 2015/1762/11581 1939/1687/11582 1931/1679/11583
f 2016/1763/11584 1947/1695/4433 1939/1687/11585
f 2017/1765/11586 1955/1703/11587 1947/1695/11588
f 2018/1764/11589 1963/1711/4439 1955/1703/11590
f 1901/1650/11591 1979/1726/4442 1971/1769/11592
f 1902/1651/11593 1987/1734/4445 1979/1726/11594
f 1903/1652/11595 1995/1742/11596 1987/1734/11597
f 1904/1653/11598 2003/1750/4451 1995/1742/11599
f 1905/1654/11600 2011/1758/4454 2003/1750/11601
f 1906/1656/11602 2019/1766/11603 2011/1758/11604
f 1907/1767/11605 1851/1770/11606 2019/1766/11607
f 1962/1710/11608 1963/1711/4463 1851/1770/11609
f 2018/1764/11610 2019/1766/11611 1851/1770/11612
f 274/1771/11613 1852/1604/4469 259/1772/11614
f 275/1774/11615 1853/1602/4472 1852/1604/11616
f 276/1775/11617 1854/1605/4475 1853/1602/11618
f 277/1776/11619 1855/1607/4478 1854/1605/11620
f 278/1777/11621 1856/1609/11622 1855/1607/11621
f 279/1778/11623 1857/1611/11624 1856/1609/11625
f 280/1779/11626 1858/1613/11627 1857/1611/11628
f 281/1780/11629 1859/1615/4489 1858/1613/11630
f 1852/1604/11631 1860/1603/4492 260/1781/11632
f 1860/1603/11633 1868/1617/4495 261/1782/11634
f 1868/1617/11635 1876/1625/11636 262/1783/11637
f 1876/1625/11638 1884/1633/4501 263/1784/11639
f 1884/1633/11640 1892/1641/11641 264/1785/11640
f 1892/1641/11642 1900/1649/11643 265/1786/11644
f 1900/1649/11645 1971/1769/11646 266/1787/11647
f 12/1788/11648 303/1790/11648 1908/1657/11648
f 303/1790/11649 302/1791/11650 1909/1660/11649
f 302/1791/11651 301/1792/11652 1910/1662/11653
f 301/1792/11654 300/1793/11655 1911/1664/11656
f 300/1793/11657 299/1794/11658 1912/1666/11659
f 299/1794/11660 298/1795/11661 1913/1668/11662
f 298/1795/11663 297/1796/4527 1914/1670/11664
f 297/1796/11665 296/1818/4530 1915/1768/11666
f 288/1789/11667 1908/1657/11667 1916/1659/11667
f 287/1797/11668 1916/1659/11668 1924/1673/11669
f 286/1798/11670 1924/1673/4536 1932/1681/11671
f 285/1799/11672 1932/1681/4538 1940/1689/11672
f 284/1800/11673 1940/1689/11674 1948/1697/11673
f 283/1801/11675 1948/1697/4543 1956/1705/11676
f 282/1802/11677 1956/1705/4546 1859/1615/11678
f 273/1803/11679 1964/1712/11680 289/1804/11681
f 273/1803/11682 272/1806/4552 1965/1715/11683
f 272/1806/11684 271/1807/4555 1966/1717/11685
f 271/1807/11686 270/1808/4558 1967/1719/11687
f 270/1808/11688 269/1809/4561 1968/1721/11689
f 269/1809/11690 268/1810/4564 1969/1723/11691
f 268/1810/11692 267/1811/4567 1970/1725/11693
f 267/1811/11694 266/1787/4570 1971/1769/11695
f 1964/1712/11696 1972/1714/11697 290/1812/11698
f 1972/1714/11699 1980/1727/11700 291/1813/11701
f 1980/1727/11702 1988/1735/11703 292/1814/11704
f 1988/1735/11705 1996/1743/4582 293/1815/11706
f 1996/1743/11707 2004/1751/4585 294/1816/11708
f 2004/1751/11709 2012/1759/4588 295/1817/11710
f 2012/1759/11711 1915/1768/11712 296/1818/11713
f 2021/1819/11714 2022/1822/11715 2030/1820/11716
f 2022/1822/11717 2023/1824/11718 2031/1823/11717
f 2023/1824/11719 2024/1826/11720 2032/1825/11721
f 2024/1826/11722 2025/1828/11722 2033/1827/11722
f 2025/1828/11723 2026/1830/11724 2034/1829/11725
f 2026/1830/11726 2027/1832/11727 2035/1831/11726
f 2027/1832/11728 2028/1984/4608 2036/1833/11729
f 2029/1821/11730 2030/1820/11730 2038/1834/11730
f 2030/1820/11731 2031/1823/11731 2039/1836/11731
f 2031/1823/11732 2032/1825/11733 2040/1837/11732
f 2032/1825/11734 2033/1827/4613 2041/1838/11734
f 2033/1827/11735 2034/1829/11736 2042/1839/11737
f 2034/1829/11738 2035/1831/11739 2043/1840/11740
f 2035/1831/11741 2036/1833/11742 2044/1841/11743
f 2037/1835/11744 2038/1834/4625 2046/1842/11745
f 2038/1834/11746 2039/1836/4628 2047/1844/11747
f 2039/1836/11748 2040/1837/11749 2048/1845/11750
f 2040/1837/11751 2041/1838/11752 2049/1846/11753
f 2041/1838/11754 2042/1839/11755 2050/1847/11756
f 2042/1839/11757 2043/1840/4640 2051/1848/11758
f 2043/1840/11759 2044/1841/11760 2052/1849/11761
f 2045/1843/11762 2046/1842/11763 2054/1850/11762
f 2046/1842/11764 2047/1844/4648 2055/1852/11765
f 2047/1844/11766 2048/1845/11767 2056/1853/11768
f 2048/1845/11769 2049/1846/11770 2057/1854/11771
f 2049/1846/11772 2050/1847/4657 2058/1855/11773
f 2050/1847/11774 2051/1848/11775 2059/1856/11776
f 2051/1848/11777 2052/1849/11778 2060/1857/11779
f 2053/1851/11780 2054/1850/11781 2062/1858/11782
f 2054/1850/11783 2055/1852/4669 2063/1860/11784
f 2055/1852/11785 2056/1853/4672 2064/1861/11786
f 2056/1853/11787 2057/1854/11788 2065/1862/11789
f 2057/1854/11790 2058/1855/4678 2066/1863/11791
f 2058/1855/11792 2059/1856/11793 2067/1864/11794
f 2059/1856/11795 2060/1857/4684 2068/1865/11796
f 2061/1859/11797 2062/1858/4687 2070/1866/11798
f 2062/1858/11799 2063/1860/4690 2071/1868/11800
f 2063/1860/11801 2064/1861/4693 2072/1869/11802
f 2064/1861/11803 2065/1862/4696 2073/1870/11804
f 2065/1862/11805 2066/1863/4699 2074/1871/11806
f 2066/1863/11807 2067/1864/4702 2075/1872/11808
f 2067/1864/11809 2068/1865/11810 2076/1873/11809
f 2078/1874/11811 2086/1878/4707 2085/1875/11812
f 2079/1877/11813 2087/1880/11814 2086/1878/11815
f 2080/1879/11816 2088/1882/11817 2087/1880/11818
f 2081/1881/11819 2089/1884/11820 2088/1882/11819
f 2082/1883/11821 2090/1886/11821 2089/1884/11821
f 2083/1885/11822 2091/1888/11823 2090/1886/11822
f 2084/1887/11824 2092/1895/11825 2091/1888/11826
f 2086/1878/11827 2094/1890/11828 2093/1889/11829
f 2087/1880/11830 2095/1891/4726 2094/1890/11830
f 2088/1882/11831 2096/1892/11832 2095/1891/11831
f 2089/1884/11833 2097/1893/4731 2096/1892/11834
f 2090/1886/11835 2098/1894/11836 2097/1893/11835
f 2091/1888/11837 2099/1896/11838 2098/1894/11837
f 2092/1895/11839 2100/1903/4737 2099/1896/11840
f 2094/1890/11841 2102/1898/4740 2101/1897/11842
f 2095/1891/11843 2103/1899/11844 2102/1898/11843
f 2096/1892/11845 2104/1900/11846 2103/1899/11845
f 2097/1893/11847 2105/1901/11848 2104/1900/11847
f 2098/1894/11849 2106/1902/11850 2105/1901/11851
f 2099/1896/11852 2107/1904/11853 2106/1902/11852
f 2100/1903/11854 2108/1911/4753 2107/1904/11855
f 2102/1898/11856 2110/1906/11857 2109/1905/11858
f 2103/1899/11859 2111/1907/11860 2110/1906/11861
f 2104/1900/11862 2112/1908/11863 2111/1907/11862
f 2105/1901/11864 2113/1909/11865 2112/1908/11864
f 2106/1902/11866 2114/1910/4765 2113/1909/11866
f 2107/1904/11867 2115/1912/11868 2114/1910/11867
f 2108/1911/11869 2116/1919/4770 2115/1912/11870
f 2110/1906/11871 2118/1914/11872 2117/1913/11873
f 2111/1907/11874 2119/1915/11875 2118/1914/11876
f 2112/1908/11877 2120/1916/11878 2119/1915/11877
f 2113/1909/11879 2121/1917/11880 2120/1916/11879
f 2114/1910/11881 2122/1918/11882 2121/1917/11881
f 2115/1912/4783 2123/1920/4783 2122/1918/4783
f 2116/1919/11883 2124/1927/11884 2123/1920/11885
f 2118/1914/11886 2126/1922/11887 2125/1921/11888
f 2119/1915/11889 2127/1923/4792 2126/1922/11890
f 2120/1916/11891 2128/1924/4795 2127/1923/11892
f 2121/1917/11893 2129/1925/11894 2128/1924/11893
f 2122/1918/11895 2130/1926/11896 2129/1925/11895
f 2123/1920/11897 2131/1928/11898 2130/1926/11897
f 2124/1927/11899 2132/1985/11899 2131/1928/11899
f 2133/1929/11900 2134/1932/4805 2142/1930/11901
f 2134/1932/11902 2135/1935/4808 2143/1933/11903
f 2136/1934/11904 2144/1937/11905 2143/1933/11906
f 2137/1936/11907 2145/1939/4814 2144/1937/11908
f 2138/1938/11909 2146/1941/11910 2145/1939/11911
f 2139/1940/11912 2147/1943/11913 2146/1941/11914
f 2140/1942/11915 2148/1951/11916 2147/1943/11917
f 2141/1931/11918 2142/1930/4826 2150/1944/11919
f 2142/1930/11920 2143/1933/4829 2151/1946/11921
f 2143/1933/11922 2144/1937/4832 2152/1947/11923
f 2144/1937/11924 2145/1939/4835 2153/1948/11925
f 2145/1939/11926 2146/1941/4838 2154/1949/11927
f 2146/1941/11928 2147/1943/11929 2155/1950/11930
f 2148/1951/11931 2156/1959/4844 2155/1950/11932
f 2149/1945/11933 2150/1944/4847 2158/1952/11934
f 2150/1944/11935 2151/1946/4850 2159/1954/11936
f 2151/1946/11937 2152/1947/11938 2160/1955/11939
f 2152/1947/11940 2153/1948/4856 2161/1956/11941
f 2153/1948/11942 2154/1949/4859 2162/1957/11943
f 2154/1949/11944 2155/1950/11945 2163/1958/11946
f 2156/1959/11947 2164/1986/4865 2163/1958/11948
f 2157/1953/11949 2158/1952/4868 2166/1960/11950
f 2158/1952/11951 2159/1954/4871 2167/1962/11952
f 2159/1954/11953 2160/1955/4874 2168/1963/11954
f 2160/1955/11955 2161/1956/11956 2169/1964/11957
f 2161/1956/11958 2162/1957/11959 2170/1965/11960
f 2162/1957/11961 2163/1958/4883 2171/1966/11962
f 2163/1958/11963 2164/1986/4886 2172/1967/11964
f 2165/1961/11965 2166/1960/11966 2174/1968/11967
f 2166/1960/11968 2167/1962/4892 2175/1970/11969
f 2167/1962/11970 2168/1963/11971 2176/1971/11972
f 2168/1963/11973 2169/1964/11974 2177/1972/11975
f 2169/1964/11976 2170/1965/11977 2178/1973/11978
f 2170/1965/11979 2171/1966/4904 2179/1974/11980
f 2171/1966/11981 2172/1967/11982 2180/1975/11983
f 2173/1969/11984 2174/1968/11985 2182/1976/11986
f 2174/1968/11987 2175/1970/4913 2183/1978/11988
f 2175/1970/11989 2176/1971/11990 2184/1979/11991
f 2176/1971/11992 2177/1972/4919 2185/1980/11993
f 2177/1972/11994 2178/1973/4922 2186/1981/11995
f 2178/1973/11996 2179/1974/4925 2187/1982/11997
f 2179/1974/11998 2180/1975/4928 2188/1983/11999
f 2126/1922/12000 2036/1833/4931 2028/1984/12001
f 2127/1923/12002 2044/1841/12003 2036/1833/12004
f 2128/1924/12005 2052/1849/12006 2044/1841/12007
f 2129/1925/12008 2060/1857/12009 2052/1849/12010
f 2130/1926/12011 2068/1865/12012 2060/1857/12011
f 2131/1928/12013 2076/1873/12014 2068/1865/12013
f 2181/1977/12015 2182/1976/12016 2092/1895/12017
f 2182/1976/12018 2183/1978/4949 2100/1903/12019
f 2183/1978/12020 2184/1979/4952 2108/1911/12021
f 2184/1979/12022 2185/1980/12023 2116/1919/12024
f 2185/1980/12025 2186/1981/12026 2124/1927/12027
f 2186/1981/12028 2187/1982/4961 2132/1985/12029
f 2069/1867/12030 2070/1866/12031 2148/1951/12032
f 2070/1866/12033 2071/1868/12034 2156/1959/12035
f 2071/1868/12036 2072/1869/4970 2164/1986/12037
f 2072/1869/12038 2073/1870/4973 2172/1967/12039
f 2073/1870/12040 2074/1871/12041 2180/1975/12042
f 2074/1871/12043 2075/1872/4979 2188/1983/12044
f 2075/1872/12045 2076/1873/12045 2020/1987/12045
f 2132/1985/12046 2020/1987/12047 2076/1873/12048
f 2187/1982/12049 2188/1983/4987 2020/1987/12050
f 259/1772/12051 2021/1819/4990 304/1988/12052
f 259/1772/12053 260/1781/12054 2022/1822/12055
f 260/1781/12056 261/1782/4996 2023/1824/12057
f 261/1782/12058 262/1783/12059 2024/1826/12060
f 262/1783/12061 263/1784/12062 2025/1828/12063
f 263/1784/5003 264/1785/5003 2026/1830/5003
f 264/1785/12064 265/1786/12065 2027/1832/12064
f 265/1786/12066 266/1787/12067 2028/1984/12068
f 2021/1819/12069 2029/1821/12070 305/1989/12069
f 2029/1821/12071 2037/1835/12072 306/1990/12071
f 306/1990/12073 2037/1835/12074 2045/1843/12073
f 307/1991/12075 2045/1843/5016 2053/1851/12076
f 308/1992/12077 2053/1851/5019 2061/1859/12078
f 309/1993/12079 2061/1859/12080 2069/1867/12081
f 310/1994/12082 2069/1867/5025 2140/1942/12083
f 319/1996/12084 2077/1876/5028 273/1803/12085
f 320/1997/12086 2078/1874/5031 2077/1876/12087
f 321/1998/12088 2079/1877/5034 2078/1874/12089
f 322/1999/12090 2080/1879/5036 2079/1877/12090
f 323/2000/12091 2081/1881/12091 2080/1879/12091
f 324/2001/12092 2082/1883/12093 2081/1881/12092
f 325/2002/12094 2083/1885/12095 2082/1883/12096
f 326/2003/12097 2084/1887/5044 2083/1885/12098
f 2077/1876/12099 2085/1875/5047 272/1806/12100
f 2085/1875/12101 2093/1889/12102 271/1807/12103
f 2093/1889/12104 2101/1897/12105 270/1808/12106
f 2101/1897/12107 2109/1905/5056 269/1809/12108
f 2109/1905/12109 2117/1913/5059 268/1810/12110
f 2117/1913/12111 2125/1921/12112 267/1811/12113
f 2125/1921/12114 2028/1984/5065 266/1787/12115
f 318/2004/12116 2133/1929/5068 333/2005/12117
f 317/2007/12118 2134/1932/12119 2133/1929/12120
f 316/2008/12121 2135/1935/5074 2134/1932/12122
f 315/2009/12123 2136/1934/5077 2135/1935/12124
f 314/2010/12125 2137/1936/5080 2136/1934/12126
f 313/2011/12127 2138/1938/5083 2137/1936/12128
f 312/2012/12129 2139/1940/5086 2138/1938/12130
f 311/1995/12131 2140/1942/5089 2139/1940/12132
f 333/2005/12133 2133/1929/12134 2141/1931/12135
f 332/2013/12136 2141/1931/5095 2149/1945/12137
f 331/2014/12138 2149/1945/5098 2157/1953/12139
f 330/2015/12140 2157/1953/5101 2165/1961/12141
f 329/2016/12142 2165/1961/5104 2173/1969/12143
f 328/2017/12144 2173/1969/12145 2181/1977/12146
f 327/2018/12147 2181/1977/5110 2084/1887/12148
f 2191/2019/12149 2199/2023/12150 2198/2020/12149
f 2192/2022/12151 2200/2025/12152 2199/2023/12151
f 2193/2024/12153 2201/2027/12154 2200/2025/12153
f 2194/2026/12155 2202/2029/5117 2201/2027/12155
f 2195/2028/12156 2203/2031/5120 2202/2029/12157
f 2196/2030/12158 2204/2033/5123 2203/2031/12159
f 2197/2032/12160 2205/2040/12161 2204/2033/12162
f 2199/2023/12163 2207/2035/12163 2206/2034/12163
f 2200/2025/12164 2208/2036/12165 2207/2035/12164
f 2201/2027/12166 2209/2037/12167 2208/2036/12166
f 2202/2029/12168 2210/2038/12169 2209/2037/12168
f 2203/2031/12170 2211/2039/12171 2210/2038/12170
f 2204/2033/12172 2212/2041/5136 2211/2039/12172
f 2205/2040/12173 2213/2048/12174 2212/2041/12173
f 2207/2035/12175 2215/2043/12175 2214/2042/12175
f 2208/2036/12176 2216/2044/12176 2215/2043/12176
f 2209/2037/12177 2217/2045/12178 2216/2044/12177
f 2210/2038/12179 2218/2046/12180 2217/2045/12179
f 2211/2039/12181 2219/2047/12182 2218/2046/12181
f 2212/2041/12183 2220/2049/12184 2219/2047/12183
f 2213/2048/12185 2221/2056/12186 2220/2049/12185
f 2215/2043/12187 2223/2051/12187 2222/2050/12187
f 2216/2044/12188 2224/2052/12188 2223/2051/12188
f 2217/2045/12189 2225/2053/12189 2224/2052/12189
f 2218/2046/12190 2226/2054/12191 2225/2053/12190
f 2219/2047/12192 2227/2055/5156 2226/2054/12192
f 2220/2049/12193 2228/2057/12194 2227/2055/12193
f 2221/2056/12195 2229/2064/5161 2228/2057/12196
f 2223/2051/12197 2231/2059/12198 2230/2058/12197
f 2224/2052/12199 2232/2060/12200 2231/2059/12199
f 2225/2053/12201 2233/2061/12202 2232/2060/12201
f 2226/2054/12203 2234/2062/12203 2233/2061/12203
f 2227/2055/12204 2235/2063/12205 2234/2062/12204
f 2228/2057/12206 2236/2065/12207 2235/2063/12206
f 2229/2064/12208 2237/2072/5174 2236/2065/12208
f 2231/2059/12209 2239/2067/5176 2238/2066/12209
f 2232/2060/12210 2240/2068/5178 2239/2067/12210
f 2233/2061/12211 2241/2069/12212 2240/2068/12211
f 2234/2062/12213 2242/2070/12214 2241/2069/12213
f 2235/2063/12215 2243/2071/12216 2242/2070/12215
f 2236/2065/12217 2244/2073/12217 2243/2071/12217
f 2237/2072/12218 2245/2184/12219 2244/2073/12218
f 2247/2074/12220 2255/2078/12221 2254/2075/12222
f 2248/2077/12223 2256/2080/5193 2255/2078/12224
f 2248/2077/12225 2249/2081/12226 2257/2079/12227
f 2249/2081/12228 2250/2083/12229 2258/2082/12230
f 2250/2083/12231 2251/2085/12232 2259/2084/12233
f 2251/2085/12234 2252/2088/5205 2260/2086/12235
f 2253/2087/12236 2261/2185/12237 2260/2086/12238
f 2255/2078/12239 2263/2090/5211 2262/2089/12240
f 2256/2080/12241 2264/2091/5214 2263/2090/12242
f 2257/2079/12243 2265/2093/5217 2264/2091/12244
f 2257/2079/12245 2258/2082/5220 2266/2092/12246
f 2258/2082/12247 2259/2084/12248 2267/2094/12249
f 2259/2084/12250 2260/2086/12251 2268/2095/12252
f 2260/2086/12253 2261/2185/5229 2269/2096/12254
f 2263/2090/12255 2271/2098/5232 2270/2097/12256
f 2264/2091/12257 2272/2100/5235 2271/2098/12258
f 2264/2091/12259 2265/2093/5238 2273/2099/12260
f 2265/2093/12261 2266/2092/5241 2274/2101/12262
f 2266/2092/12263 2267/2094/5244 2275/2102/12264
f 2267/2094/12265 2268/2095/12266 2276/2103/12267
f 2268/2095/12268 2269/2096/12269 2277/2104/12270
f 2271/2098/12271 2279/2107/12272 2278/2105/12273
f 2271/2098/12274 2272/2100/5256 2280/2106/12275
f 2272/2100/12276 2273/2099/5259 2281/2108/12277
f 2273/2099/12278 2274/2101/5262 2282/2109/12279
f 2274/2101/12280 2275/2102/5265 2283/2110/12281
f 2275/2102/12282 2276/2103/12283 2284/2111/12284
f 2276/2103/12285 2277/2104/12286 2285/2112/12287
f 2278/2105/12288 2279/2107/5274 2287/2113/12289
f 2279/2107/12290 2280/2106/5277 2288/2115/12291
f 2280/2106/12292 2281/2108/5280 2289/2116/12293
f 2281/2108/12294 2282/2109/12295 2290/2117/12296
f 2282/2109/12297 2283/2110/5286 2291/2118/12298
f 2283/2110/12299 2284/2111/12300 2292/2119/12301
f 2284/2111/12302 2285/2112/12303 2293/2120/12304
f 2286/2114/12305 2287/2113/5295 2295/2121/12306
f 2287/2113/12307 2288/2115/12308 2296/2123/12309
f 2288/2115/12310 2289/2116/5301 2297/2124/12311
f 2289/2116/12312 2290/2117/12313 2298/2125/12314
f 2290/2117/12315 2291/2118/5307 2299/2126/12316
f 2291/2118/12317 2292/2119/5310 2300/2127/12318
f 2292/2119/12319 2293/2120/5313 2301/2128/12320
f 2302/2129/12321 2303/2132/5316 2311/2130/12322
f 2303/2132/12323 2304/2134/12324 2312/2133/12325
f 2304/2134/12326 2305/2136/12327 2313/2135/12328
f 2305/2136/12329 2306/2138/5325 2314/2137/12330
f 2306/2138/12331 2307/2140/12332 2315/2139/12333
f 2307/2140/12334 2308/2142/12335 2316/2141/12336
f 2308/2142/12337 2309/2186/12338 2317/2143/12339
f 2310/2131/12340 2311/2130/12341 2319/2144/12342
f 2311/2130/12343 2312/2133/5340 2320/2146/12344
f 2312/2133/12345 2313/2135/5343 2321/2147/12346
f 2313/2135/12347 2314/2137/12348 2322/2148/12349
f 2314/2137/12350 2315/2139/5349 2323/2149/12351
f 2315/2139/12352 2316/2141/5352 2324/2150/12353
f 2316/2141/12354 2317/2143/5355 2325/2151/12355
f 2318/2145/12356 2319/2144/5358 2327/2152/12357
f 2319/2144/12358 2320/2146/12359 2328/2154/12360
f 2320/2146/12361 2321/2147/5364 2329/2155/12362
f 2321/2147/12363 2322/2148/12364 2330/2156/12365
f 2322/2148/12366 2323/2149/12367 2331/2157/12368
f 2323/2149/12369 2324/2150/5373 2332/2158/12370
f 2324/2150/12371 2325/2151/12372 2333/2159/12373
f 2326/2153/12374 2327/2152/12375 2335/2160/12376
f 2327/2152/12377 2328/2154/5382 2336/2162/12378
f 2328/2154/12379 2329/2155/5385 2337/2163/12380
f 2329/2155/12381 2330/2156/5388 2338/2164/12382
f 2330/2156/12383 2331/2157/5391 2339/2165/12384
f 2331/2157/12385 2332/2158/5394 2340/2166/12386
f 2332/2158/12387 2333/2159/12388 2341/2167/12389
f 2334/2161/12390 2335/2160/12391 2343/2168/12392
f 2335/2160/12393 2336/2162/12394 2344/2170/12395
f 2336/2162/12396 2337/2163/5406 2345/2171/12397
f 2337/2163/12398 2338/2164/5409 2346/2172/12399
f 2338/2164/12400 2339/2165/12401 2347/2173/12402
f 2339/2165/12403 2340/2166/5415 2348/2174/12404
f 2340/2166/12405 2341/2167/5418 2349/2175/12406
f 2342/2169/12407 2343/2168/5421 2351/2176/12408
f 2343/2168/12409 2344/2170/5424 2352/2178/12410
f 2344/2170/12411 2345/2171/5427 2353/2179/12412
f 2345/2171/12413 2346/2172/12414 2354/2180/12415
f 2346/2172/12416 2347/2173/12417 2355/2181/12418
f 2347/2173/12419 2348/2174/12420 2356/2182/12421
f 2348/2174/12422 2349/2175/12423 2357/2183/12424
f 2294/2122/12425 2295/2121/5442 2205/2040/12426
f 2295/2121/12427 2296/2123/5445 2213/2048/12428
f 2296/2123/12429 2297/2124/5448 2221/2056/12430
f 2297/2124/12431 2298/2125/12432 2229/2064/12433
f 2298/2125/12434 2299/2126/12435 2237/2072/12434
f 2299/2126/12436 2300/2127/5455 2245/2184/12436
f 2350/2177/12437 2351/2176/5458 2261/2185/12438
f 2352/2178/12439 2269/2096/12440 2261/2185/12441
f 2353/2179/12442 2277/2104/12443 2269/2096/12444
f 2354/2180/12445 2285/2112/12446 2277/2104/12447
f 2355/2181/12448 2293/2120/12449 2285/2112/12450
f 2355/2181/12451 2356/2182/12452 2301/2128/12453
f 2239/2067/12454 2317/2143/12455 2309/2186/12454
f 2240/2068/12456 2325/2151/12457 2317/2143/12458
f 2241/2069/12459 2333/2159/12460 2325/2151/12459
f 2242/2070/12461 2341/2167/12462 2333/2159/12463
f 2243/2071/12464 2349/2175/12465 2341/2167/12466
f 2244/2073/5489 2357/2183/5488 2349/2175/5489
f 2245/2184/12467 2189/2187/12468 2357/2183/12469
f 2300/2127/12470 2301/2128/5494 2189/2187/12471
f 2356/2182/12472 2357/2183/5497 2189/2187/12473
f 363/2188/12474 2190/2021/12474 348/2189/12474
f 362/2191/12475 2191/2019/12476 2190/2021/12475
f 361/2192/12477 2192/2022/12478 2191/2019/12477
f 360/2193/12479 2193/2024/5504 2192/2022/12479
f 359/2194/12480 2194/2026/12481 2193/2024/12480
f 358/2195/12482 2195/2028/5509 2194/2026/12483
f 357/2196/12484 2196/2030/5511 2195/2028/12484
f 356/2197/12485 2197/2032/12486 2196/2030/12487
f 2190/2021/12488 2198/2020/12488 347/2198/12488
f 2198/2020/5516 2206/2034/5516 346/2199/5516
f 2206/2034/12489 2214/2042/12489 345/2200/12489
f 2214/2042/12490 2222/2050/12490 344/2201/12490
f 2222/2050/12491 2230/2058/12492 343/2202/12491
f 2230/2058/12493 2238/2066/12494 342/2203/12493
f 2238/2066/12495 2309/2186/5524 341/2204/12496
f 304/1988/12497 2246/2076/5527 349/2205/12498
f 305/1989/12499 2247/2074/5530 2246/2076/12500
f 305/1989/12501 306/1990/12502 2248/2077/12503
f 306/1990/12504 307/1991/12505 2249/2081/12506
f 308/1992/12507 2250/2083/12508 2249/2081/12509
f 309/1993/12510 2251/2085/12511 2250/2083/12512
f 310/1994/12513 2252/2088/12514 2251/2085/12515
f 311/1995/12516 2253/2087/12517 2252/2088/12518
f 2246/2076/12519 2254/2075/12520 350/2206/12521
f 2254/2075/12522 2262/2089/5554 351/2207/12523
f 2262/2089/12524 2270/2097/5557 352/2208/12525
f 2270/2097/12526 2278/2105/5560 353/2209/12527
f 2278/2105/12528 2286/2114/5563 354/2210/12529
f 354/2210/12530 2286/2114/12531 2294/2122/12532
f 355/2211/12533 2294/2122/5569 2197/2032/12534
f 13/2006/12535 334/2212/12536 2302/2129/12537
f 334/2212/12538 335/2213/5575 2303/2132/12539
f 335/2213/12540 336/2214/12541 2304/2134/12542
f 336/2214/12543 337/2215/12544 2305/2136/12545
f 337/2215/12546 338/2216/5584 2306/2138/12547
f 338/2216/12548 339/2217/12549 2307/2140/12550
f 339/2217/12551 340/2218/5590 2308/2142/12552
f 340/2218/12553 341/2204/5593 2309/2186/12554
f 318/2004/12555 2302/2129/5596 2310/2131/12556
f 317/2007/12557 2310/2131/12558 2318/2145/12559
f 316/2008/12560 2318/2145/5602 2326/2153/12561
f 315/2009/12562 2326/2153/5605 2334/2161/12563
f 314/2010/12564 2334/2161/5608 2342/2169/12565
f 313/2011/12566 2342/2169/5611 2350/2177/12567
f 312/2012/12568 2350/2177/5614 2253/2087/12569
f 2360/2219/12570 2368/2223/12571 2367/2220/12572
f 2361/2222/12573 2369/2225/12574 2368/2223/12575
f 2362/2224/12576 2370/2227/12577 2369/2225/12578
f 2363/2226/12579 2371/2229/12580 2370/2227/12581
f 2364/2228/12582 2372/2231/5629 2371/2229/12583
f 2365/2230/12584 2373/2233/12584 2372/2231/12584
f 2366/2232/12585 2374/2240/12586 2373/2233/12585
f 2368/2223/12587 2376/2235/5635 2375/2234/12588
f 2369/2225/12589 2377/2236/5638 2376/2235/12590
f 2370/2227/12591 2378/2237/12592 2377/2236/12591
f 2371/2229/12593 2379/2238/5643 2378/2237/12594
f 2372/2231/12595 2380/2239/5646 2379/2238/12596
f 2373/2233/12597 2381/2241/12598 2380/2239/12597
f 2374/2240/12599 2382/2248/12599 2381/2241/12599
f 2376/2235/12600 2384/2243/5652 2383/2242/12601
f 2377/2236/12602 2385/2244/12603 2384/2243/12604
f 2378/2237/12605 2386/2245/5658 2385/2244/12606
f 2379/2238/12607 2387/2246/12608 2386/2245/12609
f 2380/2239/12610 2388/2247/12611 2387/2246/12612
f 2381/2241/12613 2389/2249/12614 2388/2247/12615
f 2382/2248/12616 2390/2256/12617 2389/2249/12618
f 2384/2243/12619 2392/2251/5672 2391/2250/12620
f 2385/2244/12621 2393/2252/5675 2392/2251/12622
f 2386/2245/12623 2394/2253/5678 2393/2252/12624
f 2387/2246/12625 2395/2254/5680 2394/2253/12625
f 2388/2247/12626 2396/2255/12627 2395/2254/12626
f 2389/2249/12628 2397/2257/12629 2396/2255/12630
f 2390/2256/12631 2398/2264/12632 2397/2257/12631
f 2392/2251/12633 2400/2259/12634 2399/2258/12635
f 2393/2252/12636 2401/2260/5692 2400/2259/12637
f 2394/2253/12638 2402/2261/5695 2401/2260/12639
f 2395/2254/12640 2403/2262/5697 2402/2261/12640
f 2396/2255/12641 2404/2263/5699 2403/2262/12641
f 2397/2257/12642 2405/2265/12643 2404/2263/12644
f 2398/2264/12645 2406/2272/12646 2405/2265/12645
f 2400/2259/12647 2408/2267/5707 2407/2266/12648
f 2401/2260/12649 2409/2268/12650 2408/2267/12651
f 2402/2261/12652 2410/2269/12653 2409/2268/12654
f 2403/2262/12655 2411/2270/12656 2410/2269/12657
f 2404/2263/12658 2412/2271/12659 2411/2270/12660
f 2405/2265/12661 2413/2273/12662 2412/2271/12661
f 2406/2272/12663 2414/2384/12664 2413/2273/12665
f 2415/2274/12666 2416/2277/12667 2424/2275/12668
f 2416/2277/12669 2417/2279/5730 2425/2278/12670
f 2417/2279/12671 2418/2281/5733 2426/2280/12672
f 2418/2281/12673 2419/2283/5736 2427/2282/12674
f 2419/2283/12675 2420/2286/12676 2428/2284/12677
f 2421/2285/12678 2429/2288/12679 2428/2284/12680
f 2422/2287/12681 2430/2296/5745 2429/2288/12682
f 2423/2276/12683 2424/2275/5748 2432/2289/12684
f 2424/2275/12685 2425/2278/5751 2433/2291/12686
f 2425/2278/12687 2426/2280/12688 2434/2292/12689
f 2426/2280/12690 2427/2282/12691 2435/2293/12692
f 2427/2282/12693 2428/2284/12694 2436/2294/12695
f 2428/2284/12696 2429/2288/5763 2437/2295/12697
f 2430/2296/12698 2438/2385/5766 2437/2295/12699
f 2431/2290/12700 2432/2289/5769 2440/2297/12701
f 2432/2289/12702 2433/2291/12703 2441/2299/12704
f 2433/2291/12705 2434/2292/12706 2442/2300/12707
f 2434/2292/12708 2435/2293/12709 2443/2301/12710
f 2435/2293/12711 2436/2294/5781 2444/2302/12712
f 2436/2294/12713 2437/2295/12714 2445/2303/12715
f 2437/2295/12716 2438/2385/5787 2446/2304/12717
f 2439/2298/12718 2440/2297/12719 2448/2305/12720
f 2440/2297/12721 2441/2299/5793 2449/2307/12722
f 2441/2299/12723 2442/2300/5796 2450/2308/12724
f 2442/2300/12725 2443/2301/5799 2451/2309/12726
f 2443/2301/12727 2444/2302/5802 2452/2310/12728
f 2444/2302/12729 2445/2303/12730 2453/2311/12731
f 2445/2303/12732 2446/2304/5808 2454/2312/12733
f 2447/2306/12734 2448/2305/12735 2456/2313/12736
f 2448/2305/12737 2449/2307/12738 2457/2315/12739
f 2449/2307/12740 2450/2308/5817 2458/2316/12741
f 2450/2308/12742 2451/2309/12743 2459/2317/12744
f 2451/2309/12745 2452/2310/5823 2460/2318/12746
f 2452/2310/12747 2453/2311/12748 2461/2319/12749
f 2453/2311/12750 2454/2312/5829 2462/2320/12751
f 2455/2314/12752 2456/2313/12753 2464/2321/12754
f 2456/2313/12755 2457/2315/5835 2465/2323/12756
f 2457/2315/12757 2458/2316/12758 2466/2324/12759
f 2458/2316/12760 2459/2317/12761 2467/2325/12762
f 2459/2317/12763 2460/2318/12764 2468/2326/12765
f 2460/2318/12766 2461/2319/5847 2469/2327/12767
f 2461/2319/12768 2462/2320/5850 2470/2328/12769
f 2471/2329/5851 2472/2332/5851 2480/2330/5851
f 2472/2332/12770 2473/2334/12770 2481/2333/12770
f 2473/2334/12771 2474/2336/5853 2482/2335/12772
f 2474/2336/12773 2475/2338/5858 2483/2337/12774
f 2475/2338/12775 2476/2340/5861 2484/2339/12776
f 2476/2340/12777 2477/2342/12778 2485/2341/12779
f 2477/2342/12780 2478/2386/5867 2486/2343/12781
f 2479/2331/12782 2480/2330/12782 2488/2344/12782
f 2480/2330/12783 2481/2333/12783 2489/2346/12783
f 2481/2333/12784 2482/2335/12785 2490/2347/12784
f 2482/2335/12786 2483/2337/12786 2491/2348/12786
f 2483/2337/12787 2484/2339/12788 2492/2349/12789
f 2484/2339/12790 2485/2341/12791 2493/2350/12792
f 2485/2341/12793 2486/2343/12794 2494/2351/12795
f 2487/2345/12796 2488/2344/12796 2496/2352/12796
f 2488/2344/12797 2489/2346/12797 2497/2354/12797
f 2489/2346/12798 2490/2347/12799 2498/2355/12798
f 2490/2347/12800 2491/2348/5888 2499/2356/12801
f 2491/2348/12802 2492/2349/12803 2500/2357/12804
f 2492/2349/12805 2493/2350/5894 2501/2358/12806
f 2493/2350/12807 2494/2351/12808 2502/2359/12809
f 2495/2353/12810 2496/2352/12810 2504/2360/12810
f 2496/2352/12811 2497/2354/12812 2505/2362/12811
f 2497/2354/12813 2498/2355/12814 2506/2363/12813
f 2498/2355/12815 2499/2356/12816 2507/2364/12815
f 2499/2356/12817 2500/2357/12818 2508/2365/12819
f 2500/2357/12820 2501/2358/12821 2509/2366/12822
f 2501/2358/12823 2502/2359/5913 2510/2367/12824
f 2503/2361/12825 2504/2360/5915 2512/2368/12825
f 2504/2360/12826 2505/2362/5917 2513/2370/12826
f 2505/2362/12827 2506/2363/12828 2514/2371/12827
f 2506/2363/12829 2507/2364/5922 2515/2372/12830
f 2507/2364/12831 2508/2365/12832 2516/2373/12833
f 2508/2365/12834 2509/2366/12835 2517/2374/12836
f 2509/2366/12837 2510/2367/12838 2518/2375/12839
f 2511/2369/12840 2512/2368/12841 2520/2376/12840
f 2512/2368/12842 2513/2370/12843 2521/2378/12844
f 2513/2370/12845 2514/2371/12846 2522/2379/12847
f 2514/2371/12848 2515/2372/5942 2523/2380/12849
f 2515/2372/12850 2516/2373/12851 2524/2381/12852
f 2516/2373/12853 2517/2374/12854 2525/2382/12855
f 2517/2374/12856 2518/2375/5951 2526/2383/12857
f 2463/2322/12858 2464/2321/12859 2374/2240/12860
f 2464/2321/12861 2465/2323/12862 2382/2248/12863
f 2465/2323/12864 2466/2324/12865 2390/2256/12866
f 2466/2324/12867 2467/2325/12868 2398/2264/12867
f 2467/2325/12869 2468/2326/12870 2406/2272/12869
f 2468/2326/12871 2469/2327/12872 2414/2384/12873
f 2519/2377/12874 2520/2376/12875 2430/2296/12876
f 2520/2376/12877 2521/2378/5973 2438/2385/12878
f 2521/2378/12879 2522/2379/12880 2446/2304/12881
f 2522/2379/12882 2523/2380/12883 2454/2312/12884
f 2523/2380/12885 2524/2381/12886 2462/2320/12887
f 2524/2381/12888 2525/2382/12889 2470/2328/12890
f 2408/2267/12891 2486/2343/5988 2478/2386/12892
f 2409/2268/12893 2494/2351/12894 2486/2343/12895
f 2410/2269/12896 2502/2359/12897 2494/2351/12898
f 2411/2270/12899 2510/2367/12900 2502/2359/12901
f 2412/2271/12902 2518/2375/6000 2510/2367/12903
f 2413/2273/12904 2526/2383/12905 2518/2375/12906
f 2414/2384/12907 2358/2387/12908 2526/2383/12909
f 2469/2327/12910 2470/2328/6009 2358/2387/12911
f 2525/2382/12912 2526/2383/12912 2358/2387/12912
f 333/2005/12913 2359/2221/6013 364/2388/12914
f 332/2013/12915 2360/2219/6016 2359/2221/12916
f 331/2014/12917 2361/2222/12917 2360/2219/12917
f 330/2015/12918 2362/2224/12919 2361/2222/12918
f 329/2016/12920 2363/2226/12921 2362/2224/12922
f 328/2017/12923 2364/2228/6025 2363/2226/12924
f 327/2018/12925 2365/2230/12926 2364/2228/12927
f 326/2003/12928 2366/2232/12929 2365/2230/12930
f 2359/2221/12931 2367/2220/12932 365/2389/12933
f 2367/2220/12934 2375/2234/12935 366/2390/12936
f 2375/2234/12937 2383/2242/6040 367/2391/12938
f 2383/2242/12939 2391/2250/12940 368/2392/12941
f 2391/2250/12942 2399/2258/12943 369/2393/12944
f 2399/2258/12945 2407/2266/6049 370/2394/12946
f 2407/2266/12947 2478/2386/6052 371/2395/12948
f 11/1805/12949 379/2396/12950 2415/2274/12951
f 379/2396/12952 380/2397/6058 2416/2277/12953
f 380/2397/12954 381/2398/6061 2417/2279/12955
f 381/2398/12956 382/2400/12957 2418/2281/12958
f 383/2399/12959 2419/2283/12960 2418/2281/12961
f 384/2401/12962 2420/2286/12963 2419/2283/12964
f 385/2402/12965 2421/2285/6073 2420/2286/12966
f 386/2403/12967 2422/2287/12968 2421/2285/12969
f 319/1996/12970 2415/2274/12971 2423/2276/12972
f 320/1997/12973 2423/2276/12974 2431/2290/12975
f 321/1998/12976 2431/2290/12977 2439/2298/12978
f 322/1999/12979 2439/2298/12980 2447/2306/12981
f 323/2000/12982 2447/2306/6091 2455/2314/12983
f 324/2001/12984 2455/2314/6094 2463/2322/12985
f 325/2002/12986 2463/2322/12987 2366/2232/12988
f 15/2404/6098 378/2406/6098 2471/2329/6098
f 378/2406/12989 377/2407/12989 2472/2332/12989
f 377/2407/12990 376/2408/12990 2473/2334/12990
f 376/2408/12991 375/2409/12991 2474/2336/12991
f 375/2409/12992 374/2410/12993 2475/2338/12994
f 374/2410/12995 373/2411/12996 2476/2340/12997
f 373/2411/12998 372/2412/6110 2477/2342/12999
f 372/2412/13000 371/2395/13001 2478/2386/13002
f 393/2405/6114 2471/2329/6114 2479/2331/6114
f 392/2413/13003 2479/2331/13003 2487/2345/13003
f 391/2414/13004 2487/2345/13005 2495/2353/13004
f 390/2415/13006 2495/2353/13006 2503/2361/13006
f 389/2416/13007 2503/2361/13008 2511/2369/13007
f 388/2417/13009 2511/2369/6123 2519/2377/13010
f 387/2418/13011 2519/2377/6126 2422/2287/13012
f 2528/2419/13013 2529/2422/13013 2537/2420/13013
f 2529/2422/13014 2530/2424/13014 2538/2423/13014
f 2530/2424/13015 2531/2426/13015 2539/2425/13015
f 2531/2426/13016 2532/2428/13016 2540/2427/13016
f 2532/2428/13017 2533/2430/13017 2541/2429/13017
f 2533/2430/13018 2534/2432/13018 2542/2431/13018
f 2534/2432/13019 2535/2584/13019 2543/2433/13019
f 2536/2421/13020 2537/2420/13020 2545/2434/13020
f 2537/2420/13021 2538/2423/13022 2546/2436/13021
f 2538/2423/13023 2539/2425/6137 2547/2437/13023
f 2539/2425/13024 2540/2427/13024 2548/2438/13024
f 2540/2427/13025 2541/2429/13025 2549/2439/13025
f 2541/2429/13026 2542/2431/13027 2550/2440/13026
f 2542/2431/13028 2543/2433/13029 2551/2441/13028
f 2544/2435/13030 2545/2434/13031 2553/2442/13030
f 2545/2434/13032 2546/2436/13033 2554/2444/13032
f 2546/2436/13034 2547/2437/13034 2555/2445/13034
f 2547/2437/13035 2548/2438/13035 2556/2446/13035
f 2548/2438/13036 2549/2439/13036 2557/2447/13036
f 2549/2439/13037 2550/2440/6154 2558/2448/13037
f 2550/2440/13038 2551/2441/13039 2559/2449/13040
f 2552/2443/13041 2553/2442/13042 2561/2450/13041
f 2553/2442/13043 2554/2444/13044 2562/2452/13043
f 2554/2444/13045 2555/2445/13045 2563/2453/13045
f 2555/2445/13046 2556/2446/13046 2564/2454/13046
f 2556/2446/13047 2557/2447/13047 2565/2455/13047
f 2557/2447/13048 2558/2448/13048 2566/2456/13048
f 2558/2448/13049 2559/2449/13050 2567/2457/13051
f 2560/2451/13052 2561/2450/6170 2569/2458/13052
f 2561/2450/13053 2562/2452/13054 2570/2460/13055
f 2562/2452/13056 2563/2453/13057 2571/2461/13056
f 2563/2453/13058 2564/2454/13059 2572/2462/13058
f 2564/2454/13060 2565/2455/13060 2573/2463/13060
f 2565/2455/13061 2566/2456/13061 2574/2464/13061
f 2566/2456/13062 2567/2457/13063 2575/2465/13064
f 2568/2459/13065 2569/2458/13066 2577/2466/13065
f 2569/2458/13067 2570/2460/13068 2578/2468/13067
f 2570/2460/13069 2571/2461/13070 2579/2469/13069
f 2571/2461/13071 2572/2462/13072 2580/2470/13071
f 2572/2462/13073 2573/2463/13073 2581/2471/13073
f 2573/2463/13074 2574/2464/13074 2582/2472/13074
f 2574/2464/13075 2575/2465/13076 2583/2473/13077
f 2585/2474/13078 2593/2478/6200 2592/2475/13079
f 2586/2477/13080 2594/2480/13081 2593/2478/13082
f 2587/2479/13083 2595/2482/13084 2594/2480/13085
f 2588/2481/13086 2596/2484/6209 2595/2482/13087
f 2589/2483/13088 2597/2486/6212 2596/2484/13089
f 2590/2485/13090 2598/2488/6215 2597/2486/13091
f 2591/2487/13092 2599/2495/6218 2598/2488/13093
f 2593/2478/13094 2601/2490/6221 2600/2489/13095
f 2594/2480/13096 2602/2491/6224 2601/2490/13097
f 2595/2482/13098 2603/2492/6227 2602/2491/13099
f 2596/2484/13100 2604/2493/6230 2603/2492/13101
f 2597/2486/13102 2605/2494/6233 2604/2493/13103
f 2598/2488/13104 2606/2496/6236 2605/2494/13105
f 2599/2495/13106 2607/2503/6239 2606/2496/13107
f 2601/2490/13108 2609/2498/6241 2608/2497/13108
f 2602/2491/13109 2610/2499/6244 2609/2498/13110
f 2603/2492/13111 2611/2500/13112 2610/2499/13113
f 2604/2493/13114 2612/2501/13115 2611/2500/13116
f 2605/2494/13117 2613/2502/13118 2612/2501/13119
f 2606/2496/13120 2614/2504/6256 2613/2502/13121
f 2607/2503/13122 2615/2511/6259 2614/2504/13123
f 2609/2498/13124 2617/2506/6262 2616/2505/13125
f 2610/2499/13126 2618/2507/13127 2617/2506/13126
f 2611/2500/13128 2619/2508/6267 2618/2507/13129
f 2612/2501/13130 2620/2509/6270 2619/2508/13131
f 2613/2502/13132 2621/2510/13133 2620/2509/13134
f 2614/2504/13135 2622/2512/13136 2621/2510/13137
f 2615/2511/13138 2623/2519/13139 2622/2512/13140
f 2617/2506/13141 2625/2514/13142 2624/2513/13143
f 2618/2507/13144 2626/2515/6284 2625/2514/13144
f 2619/2508/13145 2627/2516/13146 2626/2515/13147
f 2620/2509/13148 2628/2517/13149 2627/2516/13148
f 2621/2510/13150 2629/2518/6291 2628/2517/13150
f 2622/2512/13151 2630/2520/6294 2629/2518/13152
f 2623/2519/13153 2631/2527/13154 2630/2520/13155
f 2625/2514/13156 2633/2522/6299 2632/2521/13156
f 2626/2515/13157 2634/2523/13158 2633/2522/13159
f 2627/2516/13160 2635/2524/13161 2634/2523/13162
f 2628/2517/13163 2636/2525/13164 2635/2524/13163
f 2629/2518/13165 2637/2526/6310 2636/2525/13166
f 2630/2520/13167 2638/2528/13168 2637/2526/13167
f 2631/2527/13169 2639/2585/13170 2638/2528/13169
f 2641/2529/13171 2649/2533/13172 2648/2530/13171
f 2642/2532/13173 2650/2535/13174 2649/2533/13173
f 2643/2534/13175 2651/2537/13176 2650/2535/13175
f 2644/2536/13177 2652/2539/13178 2651/2537/13179
f 2645/2538/13180 2653/2541/13181 2652/2539/13180
f 2646/2540/13182 2654/2543/13183 2653/2541/13182
f 2647/2542/13184 2655/2551/13185 2654/2543/13184
f 2649/2533/13186 2657/2546/13187 2656/2544/13188
f 2649/2533/13189 2650/2535/13190 2658/2545/13191
f 2650/2535/13192 2651/2537/6338 2659/2547/13193
f 2651/2537/13194 2652/2539/13195 2660/2548/13196
f 2652/2539/13197 2653/2541/13198 2661/2549/13199
f 2653/2541/13200 2654/2543/6347 2662/2550/13201
f 2655/2551/13202 2663/2559/13203 2662/2550/13202
f 2656/2544/13204 2657/2546/13205 2665/2552/13206
f 2657/2546/13207 2658/2545/13208 2666/2554/13209
f 2658/2545/13210 2659/2547/13211 2667/2555/13212
f 2659/2547/13213 2660/2548/13214 2668/2556/13215
f 2660/2548/13216 2661/2549/13217 2669/2557/13218
f 2661/2549/13219 2662/2550/13220 2670/2558/13221
f 2663/2559/13222 2671/2567/6370 2670/2558/13223
f 2664/2553/13224 2665/2552/6373 2673/2560/13225
f 2665/2552/13226 2666/2554/13227 2674/2562/13228
f 2666/2554/13229 2667/2555/13230 2675/2563/13231
f 2667/2555/13232 2668/2556/13233 2676/2564/13234
f 2668/2556/13235 2669/2557/13236 2677/2565/13237
f 2669/2557/13238 2670/2558/13239 2678/2566/13240
f 2671/2567/13241 2679/2586/13242 2678/2566/13243
f 2672/2561/13244 2673/2560/13245 2681/2568/13246
f 2673/2560/13247 2674/2562/13248 2682/2570/13249
f 2674/2562/13250 2675/2563/6400 2683/2571/13251
f 2675/2563/13252 2676/2564/6403 2684/2572/13253
f 2676/2564/13254 2677/2565/6406 2685/2573/13255
f 2677/2565/13256 2678/2566/13257 2686/2574/13258
f 2678/2566/13259 2679/2586/6412 2687/2575/13260
f 2680/2569/13261 2681/2568/6415 2689/2576/13262
f 2681/2568/13263 2682/2570/6418 2690/2578/13264
f 2682/2570/13265 2683/2571/6421 2691/2579/13266
f 2683/2571/13267 2684/2572/6424 2692/2580/13268
f 2684/2572/13269 2685/2573/13270 2693/2581/13271
f 2685/2573/13272 2686/2574/13273 2694/2582/13274
f 2686/2574/13275 2687/2575/6433 2695/2583/13276
f 2633/2522/13277 2543/2433/13278 2535/2584/13277
f 2634/2523/13279 2551/2441/6438 2543/2433/13280
f 2635/2524/13281 2559/2449/13282 2551/2441/13281
f 2636/2525/13283 2567/2457/6443 2559/2449/13284
f 2637/2526/13285 2575/2465/13286 2567/2457/13285
f 2638/2528/13287 2583/2473/13288 2575/2465/13287
f 2688/2577/13289 2689/2576/6450 2599/2495/13290
f 2689/2576/13291 2690/2578/13292 2607/2503/13293
f 2690/2578/13294 2691/2579/13295 2615/2511/13296
f 2691/2579/13297 2692/2580/6459 2623/2519/13298
f 2692/2580/13299 2693/2581/6462 2631/2527/13300
f 2693/2581/13301 2694/2582/6465 2639/2585/13302
f 2576/2467/13303 2577/2466/13304 2655/2551/13303
f 2577/2466/13305 2578/2468/13306 2663/2559/13305
f 2578/2468/13307 2579/2469/13308 2671/2567/13307
f 2579/2469/13309 2580/2470/13310 2679/2586/13309
f 2580/2470/13311 2581/2471/13312 2687/2575/13311
f 2581/2471/13313 2582/2472/13313 2695/2583/13313
f 2582/2472/13314 2583/2473/13315 2527/2587/13316
f 2639/2585/13317 2527/2587/13317 2583/2473/13317
f 2694/2582/13318 2695/2583/6483 2527/2587/13319
f 14/2190/13320 348/2189/13320 2528/2419/13320
f 348/2189/13321 347/2198/13321 2529/2422/13321
f 347/2198/13322 346/2199/13322 2530/2424/13322
f 346/2199/13323 345/2200/13323 2531/2426/13323
f 345/2200/13324 344/2201/13324 2532/2428/13324
f 344/2201/13325 343/2202/13325 2533/2430/13325
f 343/2202/13326 342/2203/13327 2534/2432/13326
f 342/2203/13328 341/2204/13328 2535/2584/13328
f 394/2588/13329 2528/2419/13329 2536/2421/13329
f 395/2589/13330 2536/2421/6494 2544/2435/13330
f 396/2590/13331 2544/2435/13332 2552/2443/13331
f 397/2591/13333 2552/2443/13334 2560/2451/13333
f 398/2592/13335 2560/2451/6500 2568/2459/13335
f 399/2593/13336 2568/2459/6503 2576/2467/13337
f 400/2594/13338 2576/2467/13339 2647/2542/13338
f 409/2596/13340 2584/2476/6508 334/2212/13341
f 410/2597/13342 2585/2474/6511 2584/2476/13343
f 411/2598/13344 2586/2477/6514 2585/2474/13345
f 412/2599/13346 2587/2479/6517 2586/2477/13347
f 413/2600/13348 2588/2481/6520 2587/2479/13349
f 414/2601/13350 2589/2483/6523 2588/2481/13351
f 415/2602/13352 2590/2485/13353 2589/2483/13354
f 415/2602/13355 416/2618/6529 2591/2487/13356
f 2584/2476/13357 2592/2475/6532 335/2213/13358
f 2592/2475/13359 2600/2489/13360 336/2214/13359
f 2600/2489/13361 2608/2497/13361 337/2215/13361
f 2608/2497/13362 2616/2505/13362 338/2216/13362
f 2616/2505/13363 2624/2513/13363 339/2217/13363
f 2624/2513/13364 2632/2521/13365 340/2218/13364
f 2632/2521/13366 2535/2584/13367 341/2204/13366
f 408/2603/13368 2640/2531/13368 423/2604/13368
f 407/2606/13369 2641/2529/13370 2640/2531/13371
f 406/2607/13372 2642/2532/13373 2641/2529/13372
f 405/2608/13374 2643/2534/13375 2642/2532/13374
f 404/2609/13376 2644/2536/13377 2643/2534/13376
f 403/2610/13378 2645/2538/13379 2644/2536/13380
f 402/2611/13381 2646/2540/13382 2645/2538/13383
f 401/2595/13384 2647/2542/13385 2646/2540/13384
f 2640/2531/13386 2648/2530/13387 422/2612/13386
f 2648/2530/13388 2656/2544/13389 421/2613/13388
f 2656/2544/13390 2664/2553/13391 420/2614/13390
f 2664/2553/13392 2672/2561/13393 419/2615/13394
f 2672/2561/13395 2680/2569/13396 418/2616/13397
f 2680/2569/13398 2688/2577/6574 417/2617/13399
f 2688/2577/13400 2591/2487/6577 416/2618/13401
f 2698/2619/13402 2706/2623/6580 2705/2620/13403
f 2698/2619/13404 2699/2624/6583 2707/2622/13405
f 2699/2624/13406 2700/2626/13407 2708/2625/13408
f 2700/2626/13409 2701/2628/6589 2709/2627/13410
f 2701/2628/13411 2702/2630/13412 2710/2629/13413
f 2702/2630/13414 2703/2632/13415 2711/2631/13416
f 2703/2632/13417 2704/2784/13418 2712/2633/13419
f 2706/2623/13420 2714/2635/6601 2713/2634/13421
f 2707/2622/13422 2715/2637/13423 2714/2635/13424
f 2707/2622/13425 2708/2625/6607 2716/2636/13426
f 2708/2625/13427 2709/2627/6610 2717/2638/13428
f 2709/2627/13429 2710/2629/13430 2718/2639/13431
f 2710/2629/13432 2711/2631/6684 2719/2640/13433
f 2711/2631/13434 2712/2633/13435 2720/2641/13436
f 2714/2635/13437 2722/2643/6622 2721/2642/13438
f 2715/2637/13439 2723/2645/13440 2722/2643/13441
f 2715/2637/13442 2716/2636/6628 2724/2644/13443
f 2716/2636/13444 2717/2638/6631 2725/2646/13445
f 2717/2638/13446 2718/2639/13447 2726/2647/13448
f 2718/2639/13449 2719/2640/6637 2727/2648/13450
f 2719/2640/13451 2720/2641/13452 2728/2649/13453
f 2722/2643/13454 2730/2651/13455 2729/2650/13456
f 2723/2645/13457 2731/2652/6646 2730/2651/13458
f 2724/2644/13459 2732/2654/6649 2731/2652/13460
f 2724/2644/13461 2725/2646/13462 2733/2653/13463
f 2725/2646/13464 2726/2647/13465 2734/2655/13466
f 2726/2647/13467 2727/2648/6658 2735/2656/13468
f 2727/2648/13469 2728/2649/13470 2736/2657/13471
f 2730/2651/13472 2738/2659/13473 2737/2658/13474
f 2731/2652/13475 2739/2660/6667 2738/2659/13476
f 2732/2654/13477 2740/2661/13478 2739/2660/13479
f 2733/2653/13480 2741/2663/6673 2740/2661/13481
f 2733/2653/13482 2734/2655/13483 2742/2662/13484
f 2734/2655/13485 2735/2656/13486 2743/2664/13487
f 2735/2656/13488 2736/2657/13489 2744/2665/13490
f 2738/2659/13491 2746/2667/13492 2745/2666/13493
f 2739/2660/13494 2747/2668/13495 2746/2667/13496
f 2740/2661/13497 2748/2669/6691 2747/2668/13498
f 2741/2663/13499 2749/2670/13500 2748/2669/13501
f 2742/2662/13502 2750/2672/6697 2749/2670/13503
f 2742/2662/13504 2743/2664/13505 2751/2671/13506
f 2743/2664/13507 2744/2665/6703 2752/2673/13508
f 2754/2674/13509 2762/2678/13509 2761/2675/13509
f 2755/2677/13510 2763/2680/13510 2762/2678/13510
f 2756/2679/13511 2764/2682/13512 2763/2680/13511
f 2757/2681/13513 2765/2684/13513 2764/2682/13513
f 2758/2683/13514 2766/2686/13514 2765/2684/13514
f 2759/2685/13515 2767/2688/13515 2766/2686/13515
f 2760/2687/13516 2768/2695/13516 2767/2688/13516
f 2762/2678/13517 2770/2690/13517 2769/2689/13517
f 2763/2680/13518 2771/2691/13518 2770/2690/13518
f 2764/2682/13519 2772/2692/13520 2771/2691/13519
f 2765/2684/13521 2773/2693/13522 2772/2692/13521
f 2766/2686/13523 2774/2694/13523 2773/2693/13523
f 2767/2688/13524 2775/2696/13524 2774/2694/13524
f 2768/2695/13525 2776/2703/13525 2775/2696/13525
f 2770/2690/13526 2778/2698/13527 2777/2697/13526
f 2771/2691/13528 2779/2699/13529 2778/2698/13528
f 2772/2692/13530 2780/2700/13531 2779/2699/13532
f 2773/2693/13533 2781/2701/13534 2780/2700/13533
f 2774/2694/13535 2782/2702/6730 2781/2701/13535
f 2775/2696/13536 2783/2704/13536 2782/2702/13536
f 2776/2703/13537 2784/2711/13537 2783/2704/13537
f 2778/2698/13538 2786/2706/6735 2785/2705/13539
f 2779/2699/13540 2787/2707/6738 2786/2706/13541
f 2780/2700/13542 2788/2708/13543 2787/2707/13542
f 2781/2701/13544 2789/2709/13545 2788/2708/13546
f 2782/2702/13547 2790/2710/13548 2789/2709/13547
f 2783/2704/13549 2791/2712/13550 2790/2710/13549
f 2784/2711/13551 2792/2719/6748 2791/2712/13551
f 2786/2706/13552 2794/2714/13553 2793/2713/13554
f 2787/2707/13555 2795/2715/13556 2794/2714/13557
f 2788/2708/13558 2796/2716/13559 2795/2715/13560
f 2789/2709/13561 2797/2717/13562 2796/2716/13563
f 2790/2710/13564 2798/2718/6763 2797/2717/13565
f 2791/2712/13566 2799/2720/13567 2798/2718/13566
f 2792/2719/13568 2800/2727/13569 2799/2720/13568
f 2794/2714/13570 2802/2722/6770 2801/2721/13571
f 2795/2715/13572 2803/2723/6773 2802/2722/13573
f 2796/2716/13574 2804/2724/13575 2803/2723/13576
f 2797/2717/13577 2805/2725/13578 2804/2724/13579
f 2798/2718/13580 2806/2726/13581 2805/2725/13582
f 2799/2720/13583 2807/2728/13584 2806/2726/13585
f 2800/2727/13586 2808/2785/13587 2807/2728/13588
f 2809/2729/13589 2810/2732/13589 2818/2730/13589
f 2810/2732/13590 2811/2734/13590 2819/2733/13590
f 2811/2734/13591 2812/2736/13592 2820/2735/13593
f 2812/2736/13594 2813/2738/13595 2821/2737/13596
f 2813/2738/13597 2814/2740/13598 2822/2739/13599
f 2814/2740/13600 2815/2742/13601 2823/2741/13602
f 2815/2742/13603 2816/2786/13604 2824/2743/13605
f 2817/2731/6789 2818/2730/6789 2826/2744/6789
f 2818/2730/13606 2819/2733/13606 2827/2746/13606
f 2819/2733/13607 2820/2735/6809 2828/2747/13607
f 2820/2735/13608 2821/2737/13609 2829/2748/13608
f 2821/2737/13610 2822/2739/6814 2830/2749/13611
f 2822/2739/13612 2823/2741/6817 2831/2750/13613
f 2823/2741/13614 2824/2743/13615 2832/2751/13616
f 2825/2745/13617 2826/2744/13617 2834/2752/13617
f 2826/2744/13618 2827/2746/13619 2835/2754/13618
f 2827/2746/13620 2828/2747/6825 2836/2755/13621
f 2828/2747/13622 2829/2748/13623 2837/2756/13624
f 2829/2748/13625 2830/2749/13626 2838/2757/13627
f 2830/2749/13628 2831/2750/13629 2839/2758/13630
f 2831/2750/13631 2832/2751/13632 2840/2759/13633
f 2833/2753/6838 2834/2752/6838 2842/2760/6838
f 2834/2752/13634 2835/2754/13634 2843/2762/13634
f 2835/2754/13635 2836/2755/6841 2844/2763/13635
f 2836/2755/13636 2837/2756/6844 2845/2764/13637
f 2837/2756/13638 2838/2757/13639 2846/2765/13640
f 2838/2757/13641 2839/2758/6850 2847/2766/13642
f 2839/2758/13643 2840/2759/13644 2848/2767/13645
f 2841/2761/13646 2842/2760/13646 2850/2768/13646
f 2842/2760/13647 2843/2762/13647 2851/2770/13647
f 2843/2762/13648 2844/2763/13648 2852/2771/13648
f 2844/2763/13649 2845/2764/13650 2853/2772/13651
f 2845/2764/13652 2846/2765/13653 2854/2773/13654
f 2846/2765/13655 2847/2766/7658 2855/2774/13656
f 2847/2766/13657 2848/2767/13658 2856/2775/13659
f 2849/2769/6869 2850/2768/6869 2858/2776/6869
f 2850/2768/13660 2851/2770/13660 2859/2778/13660
f 2851/2770/13661 2852/2771/13661 2860/2779/13661
f 2852/2771/13662 2853/2772/13663 2861/2780/13662
f 2853/2772/13664 2854/2773/13665 2862/2781/13664
f 2854/2773/13666 2855/2774/13667 2863/2782/13668
f 2855/2774/13669 2856/2775/13670 2864/2783/13671
f 2802/2722/13672 2712/2633/13673 2704/2784/13674
f 2803/2723/13675 2720/2641/13676 2712/2633/13677
f 2804/2724/13678 2728/2649/6889 2720/2641/13679
f 2805/2725/13680 2736/2657/13681 2728/2649/13682
f 2806/2726/13683 2744/2665/6895 2736/2657/13684
f 2807/2728/13685 2752/2673/13686 2744/2665/13687
f 2857/2777/13688 2858/2776/13688 2768/2695/13688
f 2858/2776/13689 2859/2778/13689 2776/2703/13689
f 2859/2778/13690 2860/2779/13690 2784/2711/13690
f 2860/2779/13691 2861/2780/13691 2792/2719/13691
f 2861/2780/13692 2862/2781/13693 2800/2727/13692
f 2862/2781/13694 2863/2782/13695 2808/2785/13696
f 2746/2667/13697 2824/2743/13698 2816/2786/13699
f 2747/2668/13700 2832/2751/6912 2824/2743/13701
f 2748/2669/13702 2840/2759/13703 2832/2751/13704
f 2749/2670/13705 2848/2767/6918 2840/2759/13706
f 2750/2672/13707 2856/2775/6921 2848/2767/13708
f 2751/2671/13709 2864/2783/6924 2856/2775/13710
f 2751/2671/13711 2752/2673/6927 2696/2787/13712
f 2808/2785/13713 2696/2787/6930 2752/2673/13714
f 2863/2782/13715 2864/2783/6933 2696/2787/13716
f 364/2388/13717 2697/2621/6936 424/2788/13718
f 364/2388/13719 365/2389/6939 2698/2619/13720
f 365/2389/13721 366/2390/6942 2699/2624/13722
f 366/2390/13723 367/2391/13724 2700/2626/13725
f 367/2391/13726 368/2392/6948 2701/2628/13727
f 368/2392/13728 369/2393/13729 2702/2630/13730
f 369/2393/13731 370/2394/6954 2703/2632/13732
f 370/2394/13733 371/2395/13734 2704/2784/13735
f 2697/2621/13736 2705/2620/13737 425/2789/13738
f 2705/2620/13739 2713/2634/13740 426/2790/13741
f 2713/2634/13742 2721/2642/13743 427/2791/13744
f 2721/2642/13745 2729/2650/13746 428/2792/13747
f 2729/2650/13748 2737/2658/13749 429/2793/13750
f 2737/2658/13751 2745/2666/13752 430/2794/13753
f 2745/2666/13754 2816/2786/6978 431/2795/13755
f 439/2796/13756 2753/2676/13756 378/2406/13756
f 440/2797/13757 2754/2674/13757 2753/2676/13757
f 441/2798/13758 2755/2677/13758 2754/2674/13758
f 442/2799/13759 2756/2679/13759 2755/2677/13759
f 443/2800/13760 2757/2681/13760 2756/2679/13760
f 444/2801/13761 2758/2683/13761 2757/2681/13761
f 445/2802/13762 2759/2685/13762 2758/2683/13762
f 446/2803/13763 2760/2687/13764 2759/2685/13763
f 2753/2676/13765 2761/2675/13765 377/2407/13765
f 2761/2675/13766 2769/2689/13766 376/2408/13766
f 2769/2689/13767 2777/2697/13768 375/2409/13767
f 2777/2697/13769 2785/2705/13770 374/2410/13771
f 2785/2705/13772 2793/2713/13773 373/2411/13774
f 2793/2713/13775 2801/2721/13776 372/2412/13777
f 2801/2721/13778 2704/2784/7002 371/2395/13779
f 17/2804/7003 438/2806/7003 2809/2729/7003
f 438/2806/13780 437/2807/13780 2810/2732/13780
f 437/2807/13781 436/2808/13781 2811/2734/13781
f 436/2808/13782 435/2809/13782 2812/2736/13782
f 435/2809/13783 434/2810/13783 2813/2738/13783
f 434/2810/13784 433/2811/7011 2814/2740/13785
f 433/2811/13786 432/2812/13787 2815/2742/13788
f 432/2812/13789 431/2795/7017 2816/2786/13790
f 453/2805/7018 2809/2729/7018 2817/2731/7018
f 452/2813/7018 2817/2731/7018 2825/2745/7018
f 451/2814/7020 2825/2745/7020 2833/2753/7020
f 450/2815/13791 2833/2753/13791 2841/2761/13791
f 449/2816/13792 2841/2761/13792 2849/2769/13792
f 448/2817/13793 2849/2769/13793 2857/2777/13793
f 447/2818/13794 2857/2777/13794 2760/2687/13794
f 2866/2819/13795 2867/2822/13796 2875/2820/13795
f 2867/2822/13797 2868/2824/13798 2876/2823/13797
f 2868/2824/13799 2869/2826/13800 2877/2825/13801
f 2869/2826/7032 2870/2828/7032 2878/2827/7032
f 2870/2828/13802 2871/2830/13803 2879/2829/13804
f 2871/2830/13805 2872/2832/13806 2880/2831/13807
f 2872/2832/13808 2873/2984/13809 2881/2833/13810
f 2874/2821/13811 2875/2820/13812 2883/2834/13811
f 2875/2820/13813 2876/2823/13814 2884/2836/13813
f 2876/2823/13815 2877/2825/7048 2885/2837/13816
f 2877/2825/13817 2878/2827/13818 2886/2838/13819
f 2878/2827/13820 2879/2829/13820 2887/2839/13820
f 2879/2829/13821 2880/2831/13822 2888/2840/13823
f 2880/2831/13824 2881/2833/13825 2889/2841/13826
f 2882/2835/13827 2883/2834/13828 2891/2842/13829
f 2883/2834/13830 2884/2836/7064 2892/2844/13831
f 2884/2836/13832 2885/2837/13833 2893/2845/13834
f 2885/2837/13835 2886/2838/7070 2894/2846/13836
f 2886/2838/13837 2887/2839/13838 2895/2847/13839
f 2887/2839/13840 2888/2840/13841 2896/2848/13841
f 2888/2840/13842 2889/2841/13843 2897/2849/13844
f 2890/2843/13845 2891/2842/13846 2899/2850/13847
f 2891/2842/13848 2892/2844/13849 2900/2852/13850
f 2892/2844/13851 2893/2845/7088 2901/2853/13852
f 2893/2845/13853 2894/2846/13854 2902/2854/13853
f 2894/2846/13855 2895/2847/13856 2903/2855/13855
f 2895/2847/13857 2896/2848/13857 2904/2856/13858
f 2896/2848/13859 2897/2849/7097 2905/2857/13860
f 2898/2851/13861 2899/2850/7100 2907/2858/13862
f 2899/2850/13863 2900/2852/7102 2908/2860/13863
f 2900/2852/13864 2901/2853/13865 2909/2861/13866
f 2901/2853/13867 2902/2854/13868 2910/2862/13869
f 2902/2854/13870 2903/2855/13871 2911/2863/13872
f 2903/2855/13873 2904/2856/13873 2912/2864/13873
f 2904/2856/13874 2905/2857/7115 2913/2865/13875
f 2907/2858/13876 2915/2867/13877 2914/2866/13878
f 2908/2860/13879 2916/2869/13880 2915/2867/13879
f 2908/2860/13881 2909/2861/13882 2917/2868/13883
f 2909/2861/13884 2910/2862/13885 2918/2870/13886
f 2910/2862/13887 2911/2863/13888 2919/2871/13889
f 2911/2863/13890 2912/2864/13891 2920/2872/13892
f 2912/2864/13893 2913/2865/13893 2921/2873/13893
f 2923/2874/13894 2931/2878/7137 2930/2875/13895
f 2924/2877/13896 2932/2880/7140 2931/2878/13897
f 2925/2879/13898 2933/2882/13899 2932/2880/13900
f 2926/2881/13901 2934/2884/13902 2933/2882/13903
f 2927/2883/13904 2935/2886/13905 2934/2884/13906
f 2928/2885/13907 2936/2888/7152 2935/2886/13908
f 2929/2887/13909 2937/2895/13910 2936/2888/13911
f 2931/2878/13912 2939/2890/7158 2938/2889/13913
f 2932/2880/13914 2940/2891/13915 2939/2890/13916
f 2933/2882/13917 2941/2892/7164 2940/2891/13918
f 2934/2884/13919 2942/2893/7167 2941/2892/13920
f 2935/2886/13921 2943/2894/13922 2942/2893/13923
f 2936/2888/13924 2944/2896/7173 2943/2894/13925
f 2937/2895/13926 2945/2903/13927 2944/2896/13928
f 2939/2890/13929 2947/2898/7179 2946/2897/13930
f 2940/2891/13931 2948/2899/7182 2947/2898/13932
f 2941/2892/13933 2949/2900/7185 2948/2899/13934
f 2942/2893/13935 2950/2901/13936 2949/2900/13937
f 2943/2894/13938 2951/2902/13939 2950/2901/13940
f 2944/2896/13941 2952/2904/13942 2951/2902/13943
f 2945/2903/13944 2953/2911/7197 2952/2904/13945
f 2947/2898/13946 2955/2906/7200 2954/2905/13947
f 2948/2899/13948 2956/2907/7203 2955/2906/13949
f 2949/2900/13950 2957/2908/7206 2956/2907/13951
f 2950/2901/13952 2958/2909/13953 2957/2908/13954
f 2951/2902/13955 2959/2910/13956 2958/2909/13957
f 2952/2904/13958 2960/2912/13959 2959/2910/13960
f 2953/2911/13961 2961/2919/13962 2960/2912/13963
f 2955/2906/13964 2963/2914/7221 2962/2913/13965
f 2956/2907/13966 2964/2915/13967 2963/2914/13968
f 2957/2908/13969 2965/2916/13970 2964/2915/13971
f 2958/2909/13972 2966/2917/7230 2965/2916/13973
f 2959/2910/13974 2967/2918/13975 2966/2917/13976
f 2960/2912/13977 2968/2920/7236 2967/2918/13978
f 2961/2919/13979 2969/2927/13980 2968/2920/13981
f 2963/2914/13982 2971/2922/13983 2970/2921/13984
f 2964/2915/13985 2972/2923/7245 2971/2922/13986
f 2965/2916/13987 2973/2924/13988 2972/2923/13989
f 2966/2917/13990 2974/2925/7251 2973/2924/13991
f 2967/2918/13992 2975/2926/13993 2974/2925/13994
f 2968/2920/13995 2976/2928/13996 2975/2926/13997
f 2969/2927/13998 2977/2985/7260 2976/2928/13999
f 2978/2929/14000 2979/2932/14001 2987/2930/14000
f 2979/2932/14002 2980/2934/14003 2988/2933/14002
f 2980/2934/14004 2981/2936/14005 2989/2935/14004
f 2981/2936/14006 2982/2938/14007 2990/2937/14008
f 2982/2938/14009 2983/2940/14010 2991/2939/14009
f 2983/2940/14011 2984/2942/14012 2992/2941/14011
f 2984/2942/7274 2985/2986/7274 2993/2943/7274
f 2986/2931/14013 2987/2930/14013 2995/2944/14013
f 2987/2930/14014 2988/2933/7278 2996/2946/14014
f 2988/2933/14015 2989/2935/14016 2997/2947/14015
f 2989/2935/14017 2990/2937/14018 2998/2948/14019
f 2990/2937/14020 2991/2939/14021 2999/2949/14020
f 2991/2939/14022 2992/2941/14023 3000/2950/14022
f 2992/2941/14024 2993/2943/14024 3001/2951/14024
f 2994/2945/14025 2995/2944/14026 3003/2952/14025
f 2995/2944/14027 2996/2946/14028 3004/2954/14029
f 2996/2946/14030 2997/2947/14031 3005/2955/14030
f 2997/2947/14032 2998/2948/7294 3006/2956/14032
f 2998/2948/14033 2999/2949/14034 3007/2957/14035
f 2999/2949/14036 3000/2950/14037 3008/2958/14036
f 3000/2950/14038 3001/2951/14038 3009/2959/14038
f 3002/2953/14039 3003/2952/14039 3011/2960/14039
f 3003/2952/14040 3004/2954/14040 3012/2962/14040
f 3004/2954/14041 3005/2955/14041 3013/2963/14041
f 3005/2955/14042 3006/2956/14042 3014/2964/14042
f 3006/2956/14043 3007/2957/14044 3015/2965/14043
f 3007/2957/14045 3008/2958/14045 3016/2966/14045
f 3008/2958/14046 3009/2959/14046 3017/2967/14046
f 3010/2961/14047 3011/2960/14048 3019/2968/14049
f 3011/2960/14050 3012/2962/14050 3020/2970/14050
f 3012/2962/14051 3013/2963/14051 3021/2971/14051
f 3013/2963/7315 3014/2964/7315 3022/2972/7315
f 3014/2964/14052 3015/2965/14052 3023/2973/14052
f 3015/2965/14053 3016/2966/14054 3024/2974/14053
f 3016/2966/14055 3017/2967/14055 3025/2975/14055
f 3018/2969/14056 3019/2968/14057 3027/2976/14056
f 3019/2968/14058 3020/2970/14059 3028/2978/14060
f 3020/2970/14061 3021/2971/14062 3029/2979/14063
f 3021/2971/14064 3022/2972/14065 3030/2980/14064
f 3022/2972/7331 3023/2973/7331 3031/2981/14066
f 3023/2973/14067 3024/2974/14067 3032/2982/14067
f 3024/2974/14068 3025/2975/14069 3033/2983/14068
f 2971/2922/14070 2881/2833/14071 2873/2984/14072
f 2972/2923/14073 2889/2841/14074 2881/2833/14075
f 2973/2924/14076 2897/2849/7343 2889/2841/14077
f 2974/2925/14078 2905/2857/14079 2897/2849/14080
f 2975/2926/14081 2913/2865/14082 2905/2857/14083
f 2976/2928/14084 2921/2873/7352 2913/2865/14085
f 3026/2977/14086 3027/2976/7355 2937/2895/14087
f 3027/2976/14088 3028/2978/14089 2945/2903/14090
f 3028/2978/14091 3029/2979/14092 2953/2911/14093
f 3029/2979/14094 3030/2980/7364 2961/2919/14095
f 3030/2980/14096 3031/2981/14097 2969/2927/14098
f 3031/2981/14099 3032/2982/14099 2977/2985/14099
f 2915/2867/14100 2993/2943/7371 2985/2986/14101
f 2916/2869/14102 3001/2951/14103 2993/2943/14104
f 2917/2868/14105 3009/2959/14106 3001/2951/14107
f 2918/2870/14108 3017/2967/14109 3009/2959/14108
f 2919/2871/7382 3025/2975/7382 3017/2967/14110
f 2919/2871/14111 2920/2872/14112 3033/2983/14113
f 2920/2872/14114 2921/2873/14115 2865/2987/14116
f 2977/2985/14117 2865/2987/7391 2921/2873/14118
f 3032/2982/14119 3033/2983/14120 2865/2987/14121
f 16/2605/14122 423/2604/14122 2866/2819/14122
f 423/2604/14123 422/2612/7396 2867/2822/14123
f 422/2612/7397 421/2613/7397 2868/2824/7397
f 421/2613/14124 420/2614/14124 2869/2826/14124
f 420/2614/14125 419/2615/14126 2870/2828/14125
f 419/2615/14127 418/2616/14128 2871/2830/14129
f 418/2616/14130 417/2617/7406 2872/2832/14131
f 417/2617/14132 416/2618/14133 2873/2984/14134
f 454/2988/14135 2866/2819/14136 2874/2821/14135
f 455/2989/14137 2874/2821/14138 2882/2835/14137
f 456/2990/14139 2882/2835/14140 2890/2843/14141
f 457/2991/14142 2890/2843/14143 2898/2851/14144
f 2898/2851/14145 2906/2859/14146 459/2993/14147
f 2906/2859/14148 2914/2866/14149 460/2994/14150
f 2914/2866/14151 2985/2986/14151 461/2995/14151
f 469/2996/14152 2922/2876/7430 409/2596/14153
f 470/2997/14154 2923/2874/7433 2922/2876/14155
f 471/2998/14156 2924/2877/7436 2923/2874/14157
f 472/2999/14158 2925/2879/14159 2924/2877/14160
f 473/3000/14161 2926/2881/7442 2925/2879/14162
f 474/3001/14163 2927/2883/7445 2926/2881/14164
f 475/3002/14165 2928/2885/7448 2927/2883/14166
f 476/3003/14167 2929/2887/14168 2928/2885/14169
f 2922/2876/14170 2930/2875/7454 410/2597/14171
f 2930/2875/14172 2938/2889/7457 411/2598/14173
f 2938/2889/14174 2946/2897/7460 412/2599/14175
f 2946/2897/14176 2954/2905/7463 413/2600/14177
f 2954/2905/14178 2962/2913/7466 414/2601/14179
f 2962/2913/14180 2970/2921/7469 415/2602/14181
f 2970/2921/14182 2873/2984/7472 416/2618/14183
f 18/3004/14184 468/3006/14184 2978/2929/14184
f 468/3006/14185 467/3007/14185 2979/2932/14185
f 467/3007/14186 466/3008/14187 2980/2934/14186
f 466/3008/14188 465/3009/14189 2981/2936/14190
f 465/3009/14191 464/3010/14192 2982/2938/14191
f 464/3010/14193 463/3011/14194 2983/2940/14193
f 463/3011/14195 462/3012/14196 2984/2942/14195
f 462/3012/14197 461/2995/14197 2985/2986/14197
f 483/3005/14198 2978/2929/14198 2986/2931/14198
f 482/3013/14199 2986/2931/14199 2994/2945/14199
f 481/3014/14200 2994/2945/14200 3002/2953/14200
f 480/3015/14201 3002/2953/7491 3010/2961/14201
f 479/3016/14202 3010/2961/14203 3018/2969/14204
f 478/3017/14205 3018/2969/14206 3026/2977/14207
f 477/3018/14208 3026/2977/14209 2929/2887/14210
f 3035/3019/14211 3036/3022/7503 3044/3020/14212
f 3036/3022/14213 3037/3024/14214 3045/3023/14215
f 3037/3024/14216 3038/3026/14217 3046/3025/14218
f 3038/3026/14219 3039/3028/14220 3047/3027/14221
f 3039/3028/14222 3040/3030/14223 3048/3029/14224
f 3040/3030/14225 3041/3032/7516 3049/3031/14225
f 3041/3032/14226 3042/3184/14226 3050/3033/14226
f 3043/3021/14227 3044/3020/7520 3052/3034/14228
f 3044/3020/14229 3045/3023/7523 3053/3036/14230
f 3045/3023/14231 3046/3025/14232 3054/3037/14233
f 3046/3025/14234 3047/3027/14235 3055/3038/14236
f 3047/3027/14237 3048/3029/7532 3056/3039/14238
f 3048/3029/14239 3049/3031/7535 3057/3040/14240
f 3049/3031/7538 3050/3033/14241 3058/3041/14241
f 3051/3035/14242 3052/3034/14243 3060/3042/14244
f 3052/3034/14245 3053/3036/7544 3061/3044/14246
f 3053/3036/14247 3054/3037/14248 3062/3045/14249
f 3054/3037/14250 3055/3038/14251 3063/3046/14252
f 3055/3038/14253 3056/3039/7553 3064/3047/14254
f 3056/3039/14255 3057/3040/7556 3065/3048/14256
f 3057/3040/14257 3058/3041/7559 3066/3049/14258
f 3059/3043/14259 3060/3042/7562 3068/3050/14260
f 3060/3042/14261 3061/3044/7565 3069/3052/14262
f 3061/3044/14263 3062/3045/14264 3070/3053/14265
f 3062/3045/14266 3063/3046/7571 3071/3054/14267
f 3063/3046/14268 3064/3047/14269 3072/3055/14270
f 3064/3047/14271 3065/3048/14272 3073/3056/14271
f 3065/3048/14273 3066/3049/14274 3074/3057/14275
f 3067/3051/14276 3068/3050/14277 3076/3058/14278
f 3068/3050/14279 3069/3052/14280 3077/3060/14281
f 3069/3052/14282 3070/3053/7588 3078/3061/14283
f 3070/3053/14284 3071/3054/14285 3079/3062/14286
f 3071/3054/14287 3072/3055/14288 3080/3063/14287
f 3072/3055/14289 3073/3056/7596 3081/3064/14290
f 3073/3056/14291 3074/3057/7599 3082/3065/14292
f 3075/3059/14293 3076/3058/14294 3084/3066/14295
f 3076/3058/14296 3077/3060/14297 3085/3068/14298
f 3077/3060/14299 3078/3061/14300 3086/3069/14301
f 3078/3061/14302 3079/3062/7611 3087/3070/14303
f 3079/3062/14304 3080/3063/14305 3088/3071/14306
f 3080/3063/14307 3081/3064/14308 3089/3072/14307
f 3081/3064/14309 3082/3065/14310 3090/3073/14309
f 3092/3074/14311 3100/3078/14311 3099/3075/14311
f 3093/3077/14312 3101/3080/14312 3100/3078/14312
f 3094/3079/14313 3102/3082/14313 3101/3080/14313
f 3095/3081/14314 3103/3084/14314 3102/3082/14314
f 3095/3081/14315 3096/3085/14315 3104/3083/14315
f 3096/3085/14316 3097/3087/14316 3105/3086/14316
f 3097/3087/14317 3098/3185/14318 3106/3088/14317
f 3100/3078/14319 3108/3090/14319 3107/3089/14319
f 3101/3080/14320 3109/3091/14320 3108/3090/14320
f 3102/3082/14321 3110/3092/14321 3109/3091/14321
f 3103/3084/14322 3111/3094/14322 3110/3092/14322
f 3103/3084/14323 3104/3083/14323 3112/3093/14323
f 3104/3083/14324 3105/3086/14324 3113/3095/14324
f 3105/3086/14325 3106/3088/14325 3114/3096/14325
f 3108/3090/14326 3116/3098/14326 3115/3097/14326
f 3109/3091/14327 3117/3099/7635 3116/3098/14327
f 3110/3092/14328 3118/3100/14328 3117/3099/14328
f 3111/3094/14329 3119/3102/14329 3118/3100/14329
f 3111/3094/14330 3112/3093/14330 3120/3101/14330
f 3112/3093/14331 3113/3095/14331 3121/3103/14331
f 3113/3095/14332 3114/3096/14332 3122/3104/14332
f 3116/3098/14333 3124/3106/14333 3123/3105/14333
f 3117/3099/14334 3125/3107/14335 3124/3106/14334
f 3118/3100/14336 3126/3108/14336 3125/3107/14337
f 3119/3102/14338 3127/3110/14339 3126/3108/14338
f 3119/3102/14340 3120/3101/14341 3128/3109/14342
f 3120/3101/14343 3121/3103/14343 3129/3111/14343
f 3121/3103/14344 3122/3104/14344 3130/3112/14344
f 3124/3106/14345 3132/3114/14345 3131/3113/14345
f 3125/3107/14346 3133/3115/14347 3132/3114/14348
f 3126/3108/14349 3134/3116/14350 3133/3115/14349
f 3127/3110/14351 3135/3117/14352 3134/3116/14351
f 3128/3109/14353 3136/3119/7663 3135/3117/14353
f 3128/3109/14354 3129/3111/14355 3137/3118/14354
f 3129/3111/7666 3130/3112/7666 3138/3120/7666
f 3132/3114/14356 3140/3122/14356 3139/3121/14356
f 3133/3115/14357 3141/3123/14358 3140/3122/14359
f 3134/3116/14360 3142/3124/7673 3141/3123/14361
f 3135/3117/14362 3143/3125/14363 3142/3124/14364
f 3136/3119/14365 3144/3127/7679 3143/3125/14366
f 3136/3119/14367 3137/3118/7682 3145/3126/14368
f 3137/3118/14369 3138/3120/14370 3146/3128/14371
f 3148/3129/14372 3156/3133/14372 3155/3130/14372
f 3149/3132/14373 3157/3135/14374 3156/3133/14373
f 3150/3134/14375 3158/3137/7691 3157/3135/14375
f 3151/3136/14376 3159/3139/14377 3158/3137/14376
f 3152/3138/14378 3160/3141/14379 3159/3139/14378
f 3153/3140/14380 3161/3143/14381 3160/3141/14380
f 3154/3142/14382 3162/3150/14383 3161/3143/14382
f 3156/3133/14384 3164/3145/7701 3163/3144/14384
f 3157/3135/14385 3165/3146/14386 3164/3145/14385
f 3158/3137/14387 3166/3147/7705 3165/3146/14387
f 3159/3139/14388 3167/3148/7707 3166/3147/14388
f 3160/3141/14389 3168/3149/14390 3167/3148/14389
f 3161/3143/14391 3169/3151/7711 3168/3149/14391
f 3162/3150/14392 3170/3158/14393 3169/3151/14394
f 3164/3145/14395 3172/3153/14396 3171/3152/14395
f 3165/3146/14397 3173/3154/14398 3172/3153/14397
f 3166/3147/14399 3174/3155/14400 3173/3154/14399
f 3167/3148/14401 3175/3156/14402 3174/3155/14401
f 3168/3149/14403 3176/3157/7724 3175/3156/14403
f 3169/3151/14404 3177/3159/14405 3176/3157/14404
f 3170/3158/14406 3178/3166/14407 3177/3159/14408
f 3172/3153/14409 3180/3161/14410 3179/3160/14409
f 3173/3154/14411 3181/3162/7734 3180/3161/14412
f 3174/3155/14413 3182/3163/14414 3181/3162/14413
f 3175/3156/14415 3183/3164/14416 3182/3163/14417
f 3176/3157/14418 3184/3165/7741 3183/3164/14418
f 3177/3159/14419 3185/3167/7743 3184/3165/14419
f 3178/3166/14420 3186/3174/7745 3185/3167/14420
f 3180/3161/14421 3188/3169/14422 3187/3168/14423
f 3181/3162/14424 3189/3170/7750 3188/3169/14424
f 3182/3163/14425 3190/3171/14426 3189/3170/14425
f 3183/3164/14427 3191/3172/14428 3190/3171/14427
f 3184/3165/14429 3192/3173/14430 3191/3172/14431
f 3185/3167/14432 3193/3175/14433 3192/3173/14432
f 3186/3174/14434 3194/3182/14435 3193/3175/14434
f 3188/3169/14436 3196/3177/14437 3195/3176/14438
f 3189/3170/14439 3197/3178/14440 3196/3177/14441
f 3190/3171/14442 3198/3179/14443 3197/3178/14444
f 3191/3172/14445 3199/3180/14446 3198/3179/14447
f 3192/3173/14448 3200/3181/14449 3199/3180/14450
f 3193/3175/14451 3201/3183/14452 3200/3181/14451
f 3194/3182/14453 3202/3186/14454 3201/3183/14453
f 3140/3122/14455 3050/3033/14455 3042/3184/14455
f 3141/3123/14456 3058/3041/7783 3050/3033/14456
f 3142/3124/14457 3066/3049/7785 3058/3041/14457
f 3143/3125/14458 3074/3057/14459 3066/3049/14460
f 3144/3127/14461 3082/3065/14462 3074/3057/14463
f 3145/3126/14464 3090/3073/7794 3082/3065/14465
f 3196/3177/14466 3106/3088/14467 3098/3185/14468
f 3197/3178/14469 3114/3096/14470 3106/3088/14469
f 3198/3179/14471 3122/3104/14472 3114/3096/14471
f 3199/3180/14473 3130/3112/7804 3122/3104/14474
f 3200/3181/14475 3138/3120/14476 3130/3112/14477
f 3201/3183/14478 3146/3128/7810 3138/3120/14479
f 3083/3067/14480 3084/3066/7813 3162/3150/14481
f 3084/3066/14482 3085/3068/14483 3170/3158/14484
f 3085/3068/14485 3086/3069/14486 3178/3166/14487
f 3086/3069/14488 3087/3070/7822 3186/3174/14489
f 3087/3070/14490 3088/3071/14491 3194/3182/14490
f 3088/3071/14492 3089/3072/14493 3202/3186/14492
f 3089/3072/14494 3090/3073/7828 3034/3187/14494
f 3145/3126/14495 3146/3128/14496 3034/3187/14497
f 3202/3186/14498 3034/3187/7834 3146/3128/14499
f 13/2006/14500 424/2788/7837 3035/3019/14501
f 424/2788/14502 425/2789/14503 3036/3022/14504
f 425/2789/14505 426/2790/14506 3037/3024/14507
f 426/2790/14508 427/2791/14509 3038/3026/14510
f 427/2791/14511 428/2792/7849 3039/3028/14512
f 428/2792/14513 429/2793/14514 3040/3030/14515
f 429/2793/14516 430/2794/7854 3041/3032/14517
f 430/2794/14518 431/2795/14519 3042/3184/14520
f 469/2996/14521 3035/3019/7860 3043/3021/14522
f 470/2997/14523 3043/3021/7863 3051/3035/14524
f 471/2998/14525 3051/3035/7866 3059/3043/14526
f 472/2999/14527 3059/3043/7869 3067/3051/14528
f 473/3000/14529 3067/3051/7872 3075/3059/14530
f 474/3001/14531 3075/3059/14532 3083/3067/14533
f 475/3002/14534 3083/3067/14535 3154/3142/14536
f 484/3188/7880 3091/3076/7880 438/2806/7880
f 485/3189/7880 3092/3074/7880 3091/3076/7880
f 486/3190/7881 3093/3077/7881 3092/3074/7881
f 487/3191/7882 3094/3079/7882 3093/3077/7882
f 488/3192/14537 3095/3081/14537 3094/3079/14537
f 488/3192/14538 489/3193/7884 3096/3085/14538
f 489/3193/14539 490/3194/14539 3097/3087/14539
f 490/3194/14540 491/3202/14541 3098/3185/7886
f 3091/3076/7889 3099/3075/7889 437/2807/7889
f 3099/3075/14542 3107/3089/14542 436/2808/14542
f 3107/3089/7634 3115/3097/7634 435/2809/7634
f 3115/3097/14543 3123/3105/14543 434/2810/14543
f 3123/3105/14544 3131/3113/14544 433/2811/14544
f 3131/3113/14545 3139/3121/14546 432/2812/14547
f 3139/3121/14548 3042/3184/14549 431/2795/14548
f 483/3005/14550 3147/3131/14550 498/3195/14550
f 482/3013/14551 3148/3129/14552 3147/3131/14551
f 481/3014/14553 3149/3132/14553 3148/3129/14553
f 480/3015/14554 3150/3134/14555 3149/3132/14554
f 479/3016/14556 3151/3136/14557 3150/3134/14556
f 478/3017/14558 3152/3138/14559 3151/3136/14558
f 477/3018/14560 3153/3140/14561 3152/3138/14560
f 476/3003/14562 3154/3142/14563 3153/3140/14564
f 3147/3131/14565 3155/3130/14565 497/3196/14565
f 3155/3130/14566 3163/3144/14567 496/3197/14566
f 3163/3144/14568 3171/3152/7918 495/3198/14568
f 3171/3152/14569 3179/3160/14570 494/3199/14569
f 3179/3160/14571 3187/3168/14572 493/3200/14573
f 3187/3168/14574 3195/3176/14575 492/3201/14574
f 3195/3176/14576 3098/3185/14576 491/3202/14576
